"../../../Engine/Content/EditorResources/S_Actor.ubulk" 0
"../../../Engine/Content/EditorResources/S_Actor.uasset" 1
"../../../Engine/Content/EditorResources/S_Actor.uexp" 2
"../../../Engine/Content/EditorResources/S_BoxReflectionCapture.uasset" 3
"../../../Engine/Content/EditorResources/S_BoxReflectionCapture.uexp" 4
"../../../Engine/Content/EngineResources/DefaultTexture.ubulk" 5
"../../../Engine/Content/EngineResources/DefaultTexture.uasset" 6
"../../../Engine/Content/EngineResources/DefaultTexture.uexp" 7
"../../../Engine/Content/EngineResources/DefaultTextureCube.uasset" 8
"../../../Engine/Content/EngineResources/DefaultTextureCube.uexp" 9
"../../../Engine/Content/EngineResources/DefaultVolumeTexture2D.uasset" 10
"../../../Engine/Content/EngineResources/DefaultVolumeTexture2D.uexp" 11
"../../../Engine/Content/EngineResources/DefaultVolumeTexture.uasset" 12
"../../../Engine/Content/EngineResources/DefaultVolumeTexture.uexp" 13
"../../../Engine/Content/EditorResources/S_Trigger.ubulk" 14
"../../../Engine/Content/EditorResources/S_Trigger.uasset" 15
"../../../Engine/Content/EditorResources/S_Trigger.uexp" 16
"../../../Engine/Content/EditorResources/S_TriggerBox.uasset" 17
"../../../Engine/Content/EditorResources/S_TriggerBox.uexp" 18
"../../../Engine/Content/EditorResources/S_TriggerCapsule.uasset" 19
"../../../Engine/Content/EditorResources/S_TriggerCapsule.uexp" 20
"../../../Engine/Content/EditorResources/S_TriggerSphere.uasset" 21
"../../../Engine/Content/EditorResources/S_TriggerSphere.uexp" 22
"../../../Engine/Content/EngineMeshes/Sphere.ubulk" 23
"../../../Engine/Content/EngineMeshes/Sphere.uasset" 24
"../../../Engine/Content/EngineMeshes/Sphere.uexp" 25
"../../../Engine/Content/EngineResources/GradientTexture0.uasset" 26
"../../../Engine/Content/EngineResources/GradientTexture0.uexp" 27
"../../../Engine/Content/VREditor/LaserPointer/VR_LaserPower_01.ubulk" 28
"../../../Engine/Content/VREditor/LaserPointer/VR_LaserPower_01.uasset" 29
"../../../Engine/Content/VREditor/LaserPointer/VR_LaserPower_01.uexp" 30
"../../../Engine/Content/VREditor/TransformGizmo/TransformGizmoMaterial.uasset" 31
"../../../Engine/Content/VREditor/TransformGizmo/TransformGizmoMaterial.uexp" 32
"../../../Engine/Content/VREditor/TransformGizmo/TranslucentTransformGizmoMaterial.uasset" 33
"../../../Engine/Content/VREditor/TransformGizmo/TranslucentTransformGizmoMaterial.uexp" 34
"../../../Engine/Content/VREditor/TransformGizmo/PlaneTranslationHandle.ubulk" 35
"../../../Engine/Content/VREditor/TransformGizmo/PlaneTranslationHandle.uasset" 36
"../../../Engine/Content/VREditor/TransformGizmo/PlaneTranslationHandle.uexp" 37
"../../../Engine/Content/VREditor/TransformGizmo/BoundingBoxCorner.ubulk" 38
"../../../Engine/Content/VREditor/TransformGizmo/BoundingBoxCorner.uasset" 39
"../../../Engine/Content/VREditor/TransformGizmo/BoundingBoxCorner.uexp" 40
"../../../Engine/Content/VREditor/TransformGizmo/BoundingBoxEdge.ubulk" 41
"../../../Engine/Content/VREditor/TransformGizmo/BoundingBoxEdge.uasset" 42
"../../../Engine/Content/VREditor/TransformGizmo/BoundingBoxEdge.uexp" 43
"../../../Engine/Content/VREditor/TransformGizmo/Main.uasset" 44
"../../../Engine/Content/VREditor/TransformGizmo/Main.uexp" 45
"../../../Engine/Content/VREditor/TransformGizmo/Xray.uasset" 46
"../../../Engine/Content/VREditor/TransformGizmo/Xray.uexp" 47
"../../../Engine/Content/VREditor/TransformGizmo/SM_Sequencer_Node.ubulk" 48
"../../../Engine/Content/VREditor/TransformGizmo/SM_Sequencer_Node.uasset" 49
"../../../Engine/Content/VREditor/TransformGizmo/SM_Sequencer_Node.uexp" 50
"../../../Engine/Content/EditorMaterials/Camera/CineMat.uasset" 51
"../../../Engine/Content/EditorMaterials/Camera/CineMat.uexp" 52
"../../../Engine/Content/EditorMaterials/Camera/MI_CineMat_Rig.uasset" 53
"../../../Engine/Content/EditorMaterials/Camera/MI_CineMat_Rig.uexp" 54
"../../../Engine/Content/EditorMeshes/Camera/SM_CraneRig_Base.ubulk" 55
"../../../Engine/Content/EditorMeshes/Camera/SM_CraneRig_Base.uasset" 56
"../../../Engine/Content/EditorMeshes/Camera/SM_CraneRig_Base.uexp" 57
"../../../Engine/Content/EditorMeshes/Camera/SM_CraneRig_Arm.ubulk" 58
"../../../Engine/Content/EditorMeshes/Camera/SM_CraneRig_Arm.uasset" 59
"../../../Engine/Content/EditorMeshes/Camera/SM_CraneRig_Arm.uexp" 60
"../../../Engine/Content/EditorMeshes/Camera/SM_CraneRig_Mount.ubulk" 61
"../../../Engine/Content/EditorMeshes/Camera/SM_CraneRig_Mount.uasset" 62
"../../../Engine/Content/EditorMeshes/Camera/SM_CraneRig_Mount.uexp" 63
"../../../Engine/Content/EditorMeshes/Camera/SM_CraneRig_Body.ubulk" 64
"../../../Engine/Content/EditorMeshes/Camera/SM_CraneRig_Body.uasset" 65
"../../../Engine/Content/EditorMeshes/Camera/SM_CraneRig_Body.uexp" 66
"../../../Engine/Content/EditorMeshes/Camera/SM_RailRig_Track.ubulk" 67
"../../../Engine/Content/EditorMeshes/Camera/SM_RailRig_Track.uasset" 68
"../../../Engine/Content/EditorMeshes/Camera/SM_RailRig_Track.uexp" 69
"../../../Engine/Content/EditorMeshes/Camera/SM_RailRig_Mount.ubulk" 70
"../../../Engine/Content/EditorMeshes/Camera/SM_RailRig_Mount.uasset" 71
"../../../Engine/Content/EditorMeshes/Camera/SM_RailRig_Mount.uexp" 72
"../../../Engine/Content/EngineMaterials/T_Default_Material_Grid_M.ubulk" 73
"../../../Engine/Content/EngineMaterials/T_Default_Material_Grid_M.uasset" 74
"../../../Engine/Content/EngineMaterials/T_Default_Material_Grid_M.uexp" 75
"../../../Engine/Content/EngineMaterials/T_Default_Material_Grid_N.ubulk" 76
"../../../Engine/Content/EngineMaterials/T_Default_Material_Grid_N.uasset" 77
"../../../Engine/Content/EngineMaterials/T_Default_Material_Grid_N.uexp" 78
"../../../Engine/Content/Functions/Engine_MaterialFunctions01/Opacity/CameraDepthFade.uasset" 79
"../../../Engine/Content/Functions/Engine_MaterialFunctions01/Opacity/CameraDepthFade.uexp" 80
"../../../Engine/Content/EngineMaterials/WorldGridMaterial.uasset" 81
"../../../Engine/Content/EngineMaterials/WorldGridMaterial.uexp" 82
"../../../Engine/Content/ArtTools/RenderToTexture/Meshes/S_1_Unit_Plane.ubulk" 83
"../../../Engine/Content/ArtTools/RenderToTexture/Meshes/S_1_Unit_Plane.uasset" 84
"../../../Engine/Content/ArtTools/RenderToTexture/Meshes/S_1_Unit_Plane.uexp" 85
"../../../Engine/Content/EditorMaterials/ParticleSystems/PSysThumbnail_NoImage.ubulk" 86
"../../../Engine/Content/EditorMaterials/ParticleSystems/PSysThumbnail_NoImage.uasset" 87
"../../../Engine/Content/EditorMaterials/ParticleSystems/PSysThumbnail_NoImage.uexp" 88
"../../../Engine/Content/EditorMaterials/ParticleSystems/PSysThumbnail_OOD.ubulk" 89
"../../../Engine/Content/EditorMaterials/ParticleSystems/PSysThumbnail_OOD.uasset" 90
"../../../Engine/Content/EditorMaterials/ParticleSystems/PSysThumbnail_OOD.uexp" 91
"../../../Engine/Content/EditorLandscapeResources/SplineEditorMeshMat.uasset" 92
"../../../Engine/Content/EditorLandscapeResources/SplineEditorMeshMat.uexp" 93
"../../../Engine/Content/EditorLandscapeResources/SplineEditorMesh.ubulk" 94
"../../../Engine/Content/EditorLandscapeResources/SplineEditorMesh.uasset" 95
"../../../Engine/Content/EditorLandscapeResources/SplineEditorMesh.uexp" 96
"../../../Engine/Content/EditorResources/S_Solver.ubulk" 97
"../../../Engine/Content/EditorResources/S_Solver.uasset" 98
"../../../Engine/Content/EditorResources/S_Solver.uexp" 99
"../../../Engine/Plugins/Media/MediaPlate/Content/SM_MediaPlateScreen.ubulk" 100
"../../../Engine/Plugins/Media/MediaPlate/Content/SM_MediaPlateScreen.uasset" 101
"../../../Engine/Plugins/Media/MediaPlate/Content/SM_MediaPlateScreen.uexp" 102
"../../../Engine/Content/EngineMaterials/Good64x64TilingNoiseHighFreq.uasset" 103
"../../../Engine/Content/EngineMaterials/Good64x64TilingNoiseHighFreq.uexp" 104
"../../../Engine/Content/EngineMaterials/DefaultBokeh.uasset" 105
"../../../Engine/Content/EngineMaterials/DefaultBokeh.uexp" 106
"../../../Engine/Content/EngineMaterials/PreintegratedSkinBRDF.uasset" 107
"../../../Engine/Content/EngineMaterials/PreintegratedSkinBRDF.uexp" 108
"../../../Engine/Content/EngineMaterials/MiniFont.uasset" 109
"../../../Engine/Content/EngineMaterials/MiniFont.uexp" 110
"../../../Engine/Content/EngineMaterials/WeightMapPlaceholderTexture.uasset" 111
"../../../Engine/Content/EngineMaterials/WeightMapPlaceholderTexture.uexp" 112
"../../../Engine/Content/EngineMaterials/DefaultMaterial.uasset" 113
"../../../Engine/Content/EngineMaterials/DefaultMaterial.uexp" 114
"../../../Engine/Content/BasicShapes/Cylinder.ubulk" 115
"../../../Engine/Content/BasicShapes/Cylinder.uasset" 116
"../../../Engine/Content/BasicShapes/Cylinder.uexp" 117
"../../../Engine/Content/BasicShapes/Cone.ubulk" 118
"../../../Engine/Content/BasicShapes/Cone.uasset" 119
"../../../Engine/Content/BasicShapes/Cone.uexp" 120
"../../../Engine/Content/EditorLandscapeResources/DefaultAlphaTexture.uasset" 121
"../../../Engine/Content/EditorLandscapeResources/DefaultAlphaTexture.uexp" 122
"../../../Engine/Content/EditorLandscapeResources/DataLayer.uasset" 123
"../../../Engine/Content/EditorLandscapeResources/DataLayer.uexp" 124
"../../../Engine/Content/EditorMaterials/PreviewShadowIndicator.ubulk" 125
"../../../Engine/Content/EditorMaterials/PreviewShadowIndicator.uasset" 126
"../../../Engine/Content/EditorMaterials/PreviewShadowIndicator.uexp" 127
"../../../Engine/Content/EditorMaterials/PreviewShadowIndicatorMaterial.uasset" 128
"../../../Engine/Content/EditorMaterials/PreviewShadowIndicatorMaterial.uexp" 129
"../../../Engine/Content/EditorMaterials/PhAT_UnselectedMaterial.uasset" 130
"../../../Engine/Content/EditorMaterials/PhAT_UnselectedMaterial.uexp" 131
"../../../Engine/Content/EditorMaterials/PhAT_NoCollisionMaterial.uasset" 132
"../../../Engine/Content/EditorMaterials/PhAT_NoCollisionMaterial.uexp" 133
"../../../Engine/Content/Functions/Engine_MaterialFunctions02/Utility/MakeFloat4.uasset" 134
"../../../Engine/Content/Functions/Engine_MaterialFunctions02/Utility/MakeFloat4.uexp" 135
"../../../Engine/Content/Functions/Engine_MaterialFunctions02/Utility/MakeFloat3.uasset" 136
"../../../Engine/Content/Functions/Engine_MaterialFunctions02/Utility/MakeFloat3.uexp" 137
"../../../Engine/Content/Functions/Engine_MaterialFunctions02/Utility/BreakOutFloat3Components.uasset" 138
"../../../Engine/Content/Functions/Engine_MaterialFunctions02/Utility/BreakOutFloat3Components.uexp" 139
"../../../Engine/Content/EditorMaterials/WorldPartition/WorldPartitionSpatialHashGridPreviewMaterial.uasset" 140
"../../../Engine/Content/EditorMaterials/WorldPartition/WorldPartitionSpatialHashGridPreviewMaterial.uexp" 141
"../../../Engine/Content/Functions/Engine_MaterialFunctions02/Utility/CameraDirectionVector.uasset" 142
"../../../Engine/Content/Functions/Engine_MaterialFunctions02/Utility/CameraDirectionVector.uexp" 143
"../../../Engine/Content/Functions/Engine_MaterialFunctions02/Texturing/CustomRotator.uasset" 144
"../../../Engine/Content/Functions/Engine_MaterialFunctions02/Texturing/CustomRotator.uexp" 145
"../../../Engine/Content/Functions/Engine_MaterialFunctions02/Texturing/ScreenAlignedPixelToPixelUVs.uasset" 146
"../../../Engine/Content/Functions/Engine_MaterialFunctions02/Texturing/ScreenAlignedPixelToPixelUVs.uexp" 147
"../../../Engine/Plugins/Interchange/Runtime/Content/Utilities/T_Bayer64_Grayscale_64px.uasset" 148
"../../../Engine/Plugins/Interchange/Runtime/Content/Utilities/T_Bayer64_Grayscale_64px.uexp" 149
"../../../Engine/Plugins/Interchange/Runtime/Content/gltf/MaterialFunctions/MF_Temporal_Blur.uasset" 150
"../../../Engine/Plugins/Interchange/Runtime/Content/gltf/MaterialFunctions/MF_Temporal_Blur.uexp" 151
"../../../Engine/Plugins/Interchange/Runtime/Content/gltf/MaterialFunctions/MF_Fresnel_DS.uasset" 152
"../../../Engine/Plugins/Interchange/Runtime/Content/gltf/MaterialFunctions/MF_Fresnel_DS.uexp" 153
"../../../Engine/Plugins/Interchange/Runtime/Content/Functions/MX_Transmission.uasset" 154
"../../../Engine/Plugins/Interchange/Runtime/Content/Functions/MX_Transmission.uexp" 155
"../../../Engine/Plugins/Interchange/Runtime/Content/Functions/MF_OrenNayerView.uasset" 156
"../../../Engine/Plugins/Interchange/Runtime/Content/Functions/MF_OrenNayerView.uexp" 157
"../../../Engine/Plugins/Interchange/Runtime/Content/Functions/MF_SchlickApprox.uasset" 158
"../../../Engine/Plugins/Interchange/Runtime/Content/Functions/MF_SchlickApprox.uexp" 159
"../../../Engine/Plugins/Interchange/Runtime/Content/Utilities/New_LUT.uasset" 160
"../../../Engine/Plugins/Interchange/Runtime/Content/Utilities/New_LUT.uexp" 161
"../../../Engine/Content/Functions/Engine_MaterialFunctions03/Math/RemapValueRange.uasset" 162
"../../../Engine/Content/Functions/Engine_MaterialFunctions03/Math/RemapValueRange.uexp" 163
"../../../Engine/Plugins/Interchange/Runtime/Content/Functions/MF_Iridescence.uasset" 164
"../../../Engine/Plugins/Interchange/Runtime/Content/Functions/MF_Iridescence.uexp" 165
"../../../Engine/Plugins/Interchange/Runtime/Content/Functions/MX_StandardSurface.uasset" 166
"../../../Engine/Plugins/Interchange/Runtime/Content/Functions/MX_StandardSurface.uexp" 167
"../../../Engine/Plugins/Interchange/Runtime/Content/Functions/MX_TransmissionSurface.uasset" 168
"../../../Engine/Plugins/Interchange/Runtime/Content/Functions/MX_TransmissionSurface.uexp" 169
"../../../Engine/Content/EditorResources/S_Terrain.ubulk" 170
"../../../Engine/Content/EditorResources/S_Terrain.uasset" 171
"../../../Engine/Content/EditorResources/S_Terrain.uexp" 172
"../../../Engine/Content/EditorResources/EmptyActor.uasset" 173
"../../../Engine/Content/EditorResources/EmptyActor.uexp" 174
"../../../Engine/Content/EditorResources/BSPVertex.uasset" 175
"../../../Engine/Content/EditorResources/BSPVertex.uexp" 176
"../../../Engine/Content/EditorResources/AudioIcons/S_AudioComponent_AutoActivate.uasset" 177
"../../../Engine/Content/EditorResources/AudioIcons/S_AudioComponent_AutoActivate.uexp" 178
"../../../Engine/Content/EditorResources/AudioIcons/S_AudioComponent.uasset" 179
"../../../Engine/Content/EditorResources/AudioIcons/S_AudioComponent.uexp" 180
"../../../Engine/Content/EditorResources/SequenceRecorder/RecordingIndicator.uasset" 181
"../../../Engine/Content/EditorResources/SequenceRecorder/RecordingIndicator.uexp" 182
"../../../Engine/Content/EditorResources/SequenceRecorder/Countdown.uasset" 183
"../../../Engine/Content/EditorResources/SequenceRecorder/Countdown.uexp" 184
"../../../Engine/Content/EditorResources/LightIcons/S_LightError.uasset" 185
"../../../Engine/Content/EditorResources/LightIcons/S_LightError.uexp" 186
"../../../Engine/Content/EngineDamageTypes/DmgTypeBP_Environmental.uasset" 187
"../../../Engine/Content/EngineDamageTypes/DmgTypeBP_Environmental.uexp" 188
"../../../Engine/Content/EngineResources/WhiteSquareTexture.uasset" 189
"../../../Engine/Content/EngineResources/WhiteSquareTexture.uexp" 190
"../../../Engine/Content/EngineMaterials/Widget3DPassThrough.uasset" 191
"../../../Engine/Content/EngineMaterials/Widget3DPassThrough.uexp" 192
"../../../Engine/Content/EngineMaterials/Widget3DPassThrough_Translucent.uasset" 193
"../../../Engine/Content/EngineMaterials/Widget3DPassThrough_Translucent.uexp" 194
"../../../Engine/Content/EngineMaterials/Widget3DPassThrough_Translucent_OneSided.uasset" 195
"../../../Engine/Content/EngineMaterials/Widget3DPassThrough_Translucent_OneSided.uexp" 196
"../../../Engine/Content/EngineMaterials/Widget3DPassThrough_Opaque.uasset" 197
"../../../Engine/Content/EngineMaterials/Widget3DPassThrough_Opaque.uexp" 198
"../../../Engine/Content/EngineMaterials/Widget3DPassThrough_Opaque_OneSided.uasset" 199
"../../../Engine/Content/EngineMaterials/Widget3DPassThrough_Opaque_OneSided.uexp" 200
"../../../Engine/Content/EngineMaterials/Widget3DPassThrough_Masked_OneSided.uasset" 201
"../../../Engine/Content/EngineMaterials/Widget3DPassThrough_Masked_OneSided.uexp" 202
"../../../Engine/Content/EngineMaterials/Widget3DPassThrough_Masked.uasset" 203
"../../../Engine/Content/EngineMaterials/Widget3DPassThrough_Masked.uexp" 204
"../../../Engine/Content/EngineMaterials/STBlueNoise_vec2_128x128x64.uasset" 205
"../../../Engine/Content/EngineMaterials/STBlueNoise_vec2_128x128x64.uexp" 206
"../../../Engine/Content/EngineMaterials/STBlueNoise_scalar_128x128x64.uasset" 207
"../../../Engine/Content/EngineMaterials/STBlueNoise_scalar_128x128x64.uexp" 208
"../../../Engine/Content/EngineMaterials/RemoveSurfaceMaterial.uasset" 209
"../../../Engine/Content/EngineMaterials/RemoveSurfaceMaterial.uexp" 210
"../../../Engine/Content/EngineMaterials/DefaultCalibrationGrayscale.uasset" 211
"../../../Engine/Content/EngineMaterials/DefaultCalibrationGrayscale.uexp" 212
"../../../Engine/Content/EngineMaterials/PPM_DefaultCalibrationGrayscale.uasset" 213
"../../../Engine/Content/EngineMaterials/PPM_DefaultCalibrationGrayscale.uexp" 214
"../../../Engine/Content/EngineMaterials/DefaultCalibrationColor.uasset" 215
"../../../Engine/Content/EngineMaterials/DefaultCalibrationColor.uexp" 216
"../../../Engine/Content/EngineMaterials/PPM_DefaultCalibrationColor.uasset" 217
"../../../Engine/Content/EngineMaterials/PPM_DefaultCalibrationColor.uexp" 218
"../../../Engine/Content/Functions/Engine_MaterialFunctions02/WorldPositionOffset/CameraOffset.uasset" 219
"../../../Engine/Content/Functions/Engine_MaterialFunctions02/WorldPositionOffset/CameraOffset.uexp" 220
"../../../Engine/Content/EngineMaterials/PhAT_JointLimitMaterial.uasset" 221
"../../../Engine/Content/EngineMaterials/PhAT_JointLimitMaterial.uexp" 222
"../../../Engine/Content/EngineMaterials/InvalidLightmapSettings.ubulk" 223
"../../../Engine/Content/EngineMaterials/InvalidLightmapSettings.uasset" 224
"../../../Engine/Content/EngineMaterials/InvalidLightmapSettings.uexp" 225
"../../../Engine/Content/EngineMaterials/M_InvalidLightmapSettings.uasset" 226
"../../../Engine/Content/EngineMaterials/M_InvalidLightmapSettings.uexp" 227
"../../../Engine/Plugins/Interchange/Runtime/Content/Materials/MapOrLinearColorFunction.uasset" 228
"../../../Engine/Plugins/Interchange/Runtime/Content/Materials/MapOrLinearColorFunction.uexp" 229
"../../../Engine/Content/EngineMaterials/DefaultNormal.ubulk" 230
"../../../Engine/Content/EngineMaterials/DefaultNormal.uasset" 231
"../../../Engine/Content/EngineMaterials/DefaultNormal.uexp" 232
"../../../Engine/Plugins/Interchange/Runtime/Content/Materials/MapOrScalarFunction.uasset" 233
"../../../Engine/Plugins/Interchange/Runtime/Content/Materials/MapOrScalarFunction.uexp" 234
"../../../Engine/Plugins/Interchange/Runtime/Content/Materials/MapOrColorFunction.uasset" 235
"../../../Engine/Plugins/Interchange/Runtime/Content/Materials/MapOrColorFunction.uexp" 236
"../../../Engine/Content/EngineMaterials/BaseFlattenLinearColor.uasset" 237
"../../../Engine/Content/EngineMaterials/BaseFlattenLinearColor.uexp" 238
"../../../Engine/Plugins/Interchange/Runtime/Content/Materials/CommonMaterial.uasset" 239
"../../../Engine/Plugins/Interchange/Runtime/Content/Materials/CommonMaterial.uexp" 240
"../../../Engine/Plugins/Interchange/Runtime/Content/Materials/PBRSurfaceFunction.uasset" 241
"../../../Engine/Plugins/Interchange/Runtime/Content/Materials/PBRSurfaceFunction.uexp" 242
"../../../Engine/Plugins/Interchange/Runtime/Content/Materials/ClearCoatMaterial.uasset" 243
"../../../Engine/Plugins/Interchange/Runtime/Content/Materials/ClearCoatMaterial.uexp" 244
"../../../Engine/Plugins/Interchange/Runtime/Content/gltf/MaterialFunctions/MF_RotateV2.uasset" 245
"../../../Engine/Plugins/Interchange/Runtime/Content/gltf/MaterialFunctions/MF_RotateV2.uexp" 246
"../../../Engine/Plugins/Interchange/Runtime/Content/gltf/MaterialFunctions/MF_TransformUVs.uasset" 247
"../../../Engine/Plugins/Interchange/Runtime/Content/gltf/MaterialFunctions/MF_TransformUVs.uexp" 248
"../../../Engine/Plugins/Interchange/Runtime/Content/gltf/Textures/T_White_srgb.uasset" 249
"../../../Engine/Plugins/Interchange/Runtime/Content/gltf/Textures/T_White_srgb.uexp" 250
"../../../Engine/Plugins/Interchange/Runtime/Content/gltf/MaterialFunctions/MF_BaseColor.uasset" 251
"../../../Engine/Plugins/Interchange/Runtime/Content/gltf/MaterialFunctions/MF_BaseColor.uexp" 252
"../../../Engine/Plugins/Interchange/Runtime/Content/gltf/MaterialFunctions/MF_DiffuseSpecGloss.uasset" 253
"../../../Engine/Plugins/Interchange/Runtime/Content/gltf/MaterialFunctions/MF_DiffuseSpecGloss.uexp" 254
"../../../Engine/Plugins/Interchange/Runtime/Content/gltf/Textures/T_White_Linear.uasset" 255
"../../../Engine/Plugins/Interchange/Runtime/Content/gltf/Textures/T_White_Linear.uexp" 256
"../../../Engine/Plugins/Interchange/Runtime/Content/gltf/MaterialFunctions/MF_MetallicRoughness.uasset" 257
"../../../Engine/Plugins/Interchange/Runtime/Content/gltf/MaterialFunctions/MF_MetallicRoughness.uexp" 258
"../../../Engine/Content/Functions/Engine_MaterialFunctions02/Math/Transform3x3Matrix.uasset" 259
"../../../Engine/Content/Functions/Engine_MaterialFunctions02/Math/Transform3x3Matrix.uexp" 260
"../../../Engine/Plugins/Interchange/Runtime/Content/gltf/MaterialFunctions/MF_RotateNormals_TS.uasset" 261
"../../../Engine/Plugins/Interchange/Runtime/Content/gltf/MaterialFunctions/MF_RotateNormals_TS.uexp" 262
"../../../Engine/Plugins/Interchange/Runtime/Content/gltf/Textures/T_Generic_N.uasset" 263
"../../../Engine/Plugins/Interchange/Runtime/Content/gltf/Textures/T_Generic_N.uexp" 264
"../../../Engine/Plugins/Interchange/Runtime/Content/gltf/MaterialFunctions/MF_Clearcoat.uasset" 265
"../../../Engine/Plugins/Interchange/Runtime/Content/gltf/MaterialFunctions/MF_Clearcoat.uexp" 266
"../../../Engine/Plugins/Interchange/Runtime/Content/gltf/MaterialFunctions/MF_Occlusion.uasset" 267
"../../../Engine/Plugins/Interchange/Runtime/Content/gltf/MaterialFunctions/MF_Occlusion.uexp" 268
"../../../Engine/Plugins/Interchange/Runtime/Content/gltf/MaterialFunctions/MF_Emissive.uasset" 269
"../../../Engine/Plugins/Interchange/Runtime/Content/gltf/MaterialFunctions/MF_Emissive.uexp" 270
"../../../Engine/Plugins/Interchange/Runtime/Content/gltf/MaterialFunctions/MF_Specular.uasset" 271
"../../../Engine/Plugins/Interchange/Runtime/Content/gltf/MaterialFunctions/MF_Specular.uexp" 272
"../../../Engine/Plugins/Interchange/Runtime/Content/gltf/MaterialFunctions/MF_IOR.uasset" 273
"../../../Engine/Plugins/Interchange/Runtime/Content/gltf/MaterialFunctions/MF_IOR.uexp" 274
"../../../Engine/Content/Functions/Engine_MaterialFunctions01/Texturing/FlattenNormal.uasset" 275
"../../../Engine/Content/Functions/Engine_MaterialFunctions01/Texturing/FlattenNormal.uexp" 276
"../../../Engine/Plugins/Interchange/Runtime/Content/gltf/MaterialFunctions/MF_Normals.uasset" 277
"../../../Engine/Plugins/Interchange/Runtime/Content/gltf/MaterialFunctions/MF_Normals.uexp" 278
"../../../Engine/Content/Functions/Engine_MaterialFunctions02/Math/AddComponents.uasset" 279
"../../../Engine/Content/Functions/Engine_MaterialFunctions02/Math/AddComponents.uexp" 280
"../../../Engine/Plugins/Interchange/Runtime/Content/gltf/MaterialFunctions/MF_PerceivedBrightness.uasset" 281
"../../../Engine/Plugins/Interchange/Runtime/Content/gltf/MaterialFunctions/MF_PerceivedBrightness.uexp" 282
"../../../Engine/Plugins/Interchange/Runtime/Content/gltf/MaterialFunctions/MF_SpecGlossToMetalRoughness.uasset" 283
"../../../Engine/Plugins/Interchange/Runtime/Content/gltf/MaterialFunctions/MF_SpecGlossToMetalRoughness.uexp" 284
"../../../Engine/Plugins/Interchange/Runtime/Content/gltf/M_Translucent.uasset" 285
"../../../Engine/Plugins/Interchange/Runtime/Content/gltf/M_Translucent.uexp" 286
"../../../Engine/Plugins/Interchange/Runtime/Content/gltf/MaterialInstances_SG/MI_Translucent.uasset" 287
"../../../Engine/Plugins/Interchange/Runtime/Content/gltf/MaterialInstances_SG/MI_Translucent.uexp" 288
"../../../Engine/Content/EngineMaterials/GizmoMaterial.uasset" 289
"../../../Engine/Content/EngineMaterials/GizmoMaterial.uexp" 290
"../../../Engine/Content/EngineMaterials/BaseFlattenEmissiveMap_VT.ubulk" 291
"../../../Engine/Content/EngineMaterials/BaseFlattenEmissiveMap_VT.uasset" 292
"../../../Engine/Content/EngineMaterials/BaseFlattenEmissiveMap_VT.uexp" 293
"../../../Engine/Content/EngineMaterials/BaseFlattenGrayscaleMap_VT.ubulk" 294
"../../../Engine/Content/EngineMaterials/BaseFlattenGrayscaleMap_VT.uasset" 295
"../../../Engine/Content/EngineMaterials/BaseFlattenGrayscaleMap_VT.uexp" 296
"../../../Engine/Content/EngineMaterials/BaseFlattenLinearColor_VT.ubulk" 297
"../../../Engine/Content/EngineMaterials/BaseFlattenLinearColor_VT.uasset" 298
"../../../Engine/Content/EngineMaterials/BaseFlattenLinearColor_VT.uexp" 299
"../../../Engine/Content/EngineMaterials/Black_1x1_EXR_Texture_VT.ubulk" 300
"../../../Engine/Content/EngineMaterials/Black_1x1_EXR_Texture_VT.uasset" 301
"../../../Engine/Content/EngineMaterials/Black_1x1_EXR_Texture_VT.uexp" 302
"../../../Engine/Content/EngineMaterials/BaseFlattenDiffuseMap_VT.ubulk" 303
"../../../Engine/Content/EngineMaterials/BaseFlattenDiffuseMap_VT.uasset" 304
"../../../Engine/Content/EngineMaterials/BaseFlattenDiffuseMap_VT.uexp" 305
"../../../Engine/Content/EngineMaterials/BaseFlattenNormalMap_VT.ubulk" 306
"../../../Engine/Content/EngineMaterials/BaseFlattenNormalMap_VT.uasset" 307
"../../../Engine/Content/EngineMaterials/BaseFlattenNormalMap_VT.uexp" 308
"../../../Engine/Content/EngineMaterials/FlattenMaterial_WS_Normal_VT.uasset" 309
"../../../Engine/Content/EngineMaterials/FlattenMaterial_WS_Normal_VT.uexp" 310
"../../../Engine/Content/EngineMaterials/FlattenMaterial_VT.uasset" 311
"../../../Engine/Content/EngineMaterials/FlattenMaterial_VT.uexp" 312
"../../../Engine/Content/EngineMaterials/BaseFlattenNormalMap.uasset" 313
"../../../Engine/Content/EngineMaterials/BaseFlattenNormalMap.uexp" 314
"../../../Engine/Content/EngineMaterials/BaseFlattenGrayscaleMap.uasset" 315
"../../../Engine/Content/EngineMaterials/BaseFlattenGrayscaleMap.uexp" 316
"../../../Engine/Content/EngineMaterials/BaseFlattenDiffuseMap.uasset" 317
"../../../Engine/Content/EngineMaterials/BaseFlattenDiffuseMap.uexp" 318
"../../../Engine/Content/Functions/Engine_MaterialFunctions02/PivotPainter2/Black_1x1_EXR_Texture.uasset" 319
"../../../Engine/Content/Functions/Engine_MaterialFunctions02/PivotPainter2/Black_1x1_EXR_Texture.uexp" 320
"../../../Engine/Content/EngineMaterials/BaseFlattenEmissiveMap.uasset" 321
"../../../Engine/Content/EngineMaterials/BaseFlattenEmissiveMap.uexp" 322
"../../../Engine/Content/EngineMaterials/FlattenMaterial.uasset" 323
"../../../Engine/Content/EngineMaterials/FlattenMaterial.uexp" 324
"../../../Engine/Content/EngineMaterials/DefaultWhiteGrid_Low.uasset" 325
"../../../Engine/Content/EngineMaterials/DefaultWhiteGrid_Low.uexp" 326
"../../../Engine/Content/EngineMaterials/EmissiveMeshMaterial.uasset" 327
"../../../Engine/Content/EngineMaterials/EmissiveMeshMaterial.uexp" 328
"../../../Engine/Plugins/Interchange/Runtime/Content/gltf/M_Opaque.uasset" 329
"../../../Engine/Plugins/Interchange/Runtime/Content/gltf/M_Opaque.uexp" 330
"../../../Engine/Plugins/Interchange/Runtime/Content/gltf/MaterialInstances_SG/MI_Opaque_TS.uasset" 331
"../../../Engine/Plugins/Interchange/Runtime/Content/gltf/MaterialInstances_SG/MI_Opaque_TS.uexp" 332
"../../../Engine/Plugins/Interchange/Runtime/Content/Materials/LambertSurfaceMaterial.uasset" 333
"../../../Engine/Plugins/Interchange/Runtime/Content/Materials/LambertSurfaceMaterial.uexp" 334
"../../../Engine/Content/EngineFonts/RobotoDistanceField.uasset" 335
"../../../Engine/Content/EngineFonts/RobotoDistanceField.uexp" 336
"../../../Engine/Content/EngineMaterials/DefaultTextMaterialOpaque.uasset" 337
"../../../Engine/Content/EngineMaterials/DefaultTextMaterialOpaque.uexp" 338
"../../../Engine/Content/EngineMaterials/DefaultDiffuse.ubulk" 339
"../../../Engine/Content/EngineMaterials/DefaultDiffuse.uasset" 340
"../../../Engine/Content/EngineMaterials/DefaultDiffuse.uexp" 341
"../../../Engine/Content/Functions/Engine_MaterialFunctions02/Utility/BreakOutFloat2Components.uasset" 342
"../../../Engine/Content/Functions/Engine_MaterialFunctions02/Utility/BreakOutFloat2Components.uexp" 343
"../../../Engine/Content/EngineMaterials/DefaultPostProcessMaterial.uasset" 344
"../../../Engine/Content/EngineMaterials/DefaultPostProcessMaterial.uexp" 345
"../../../Engine/Content/EngineMaterials/DefaultPhysicalMaterial.uasset" 346
"../../../Engine/Content/EngineMaterials/DefaultPhysicalMaterial.uexp" 347
"../../../Engine/Content/EngineMaterials/DefaultLightFunctionMaterial.uasset" 348
"../../../Engine/Content/EngineMaterials/DefaultLightFunctionMaterial.uexp" 349
"../../../Engine/Content/EngineMaterials/DefaultDestructiblePhysicalMaterial.uasset" 350
"../../../Engine/Content/EngineMaterials/DefaultDestructiblePhysicalMaterial.uexp" 351
"../../../Engine/Content/EngineMaterials/DefaultDeferredDecalMaterial.uasset" 352
"../../../Engine/Content/EngineMaterials/DefaultDeferredDecalMaterial.uexp" 353
"../../../Engine/Content/EngineMaterials/DefaultBloomKernel.uasset" 354
"../../../Engine/Content/EngineMaterials/DefaultBloomKernel.uexp" 355
"../../../Engine/Plugins/Interchange/Runtime/Content/gltf/MaterialFunctions/MF_Transmission.uasset" 356
"../../../Engine/Plugins/Interchange/Runtime/Content/gltf/MaterialFunctions/MF_Transmission.uexp" 357
"../../../Engine/Plugins/Interchange/Runtime/Content/gltf/M_Transmission.uasset" 358
"../../../Engine/Plugins/Interchange/Runtime/Content/gltf/M_Transmission.uexp" 359
"../../../Engine/Plugins/Interchange/Runtime/Content/gltf/MaterialInstances_SG/MI_Transmission_TS.uasset" 360
"../../../Engine/Plugins/Interchange/Runtime/Content/gltf/MaterialInstances_SG/MI_Transmission_TS.uexp" 361
"../../../Engine/Plugins/Interchange/Runtime/Content/gltf/MaterialInstances_SG/MI_Transmission.uasset" 362
"../../../Engine/Plugins/Interchange/Runtime/Content/gltf/MaterialInstances_SG/MI_Transmission.uexp" 363
"../../../Engine/Plugins/Interchange/Runtime/Content/gltf/MaterialInstances_SG/MI_Translucent_TS.uasset" 364
"../../../Engine/Plugins/Interchange/Runtime/Content/gltf/MaterialInstances_SG/MI_Translucent_TS.uexp" 365
"../../../Engine/Plugins/Interchange/Runtime/Content/gltf/Textures/T_Gray_Linear.uasset" 366
"../../../Engine/Plugins/Interchange/Runtime/Content/gltf/Textures/T_Gray_Linear.uexp" 367
"../../../Engine/Plugins/Interchange/Runtime/Content/gltf/MaterialInstances_SG/MI_Translucent_ClearCoat_TS.uasset" 368
"../../../Engine/Plugins/Interchange/Runtime/Content/gltf/MaterialInstances_SG/MI_Translucent_ClearCoat_TS.uexp" 369
"../../../Engine/Plugins/Interchange/Runtime/Content/gltf/MaterialInstances_SG/MI_Translucent_ClearCoat.uasset" 370
"../../../Engine/Plugins/Interchange/Runtime/Content/gltf/MaterialInstances_SG/MI_Translucent_ClearCoat.uexp" 371
"../../../Engine/Content/EngineFonts/Faces/RobotoLight.uexp" 372
"../../../Engine/Content/EngineFonts/Faces/RobotoLight.uasset" 373
"../../../Engine/Content/EngineFonts/Faces/RobotoLight.ufont" 374
"../../../Engine/Content/EngineFonts/Faces/RobotoBold.uexp" 375
"../../../Engine/Content/EngineFonts/Faces/RobotoBold.uasset" 376
"../../../Engine/Content/EngineFonts/Faces/RobotoBold.ufont" 377
"../../../Engine/Content/EngineFonts/Faces/RobotoRegular.uexp" 378
"../../../Engine/Content/EngineFonts/Faces/RobotoRegular.uasset" 379
"../../../Engine/Content/EngineFonts/Faces/RobotoRegular.ufont" 380
"../../../Engine/Content/EngineFonts/Faces/DroidSansFallback.uexp" 381
"../../../Engine/Content/EngineFonts/Faces/DroidSansFallback.uasset" 382
"../../../Engine/Content/EngineFonts/Faces/DroidSansFallback.ufont" 383
"../../../Engine/Content/EngineFonts/Faces/RobotoItalic.uexp" 384
"../../../Engine/Content/EngineFonts/Faces/RobotoItalic.uasset" 385
"../../../Engine/Content/EngineFonts/Faces/RobotoItalic.ufont" 386
"../../../Engine/Content/EngineFonts/Faces/RobotoBoldItalic.uexp" 387
"../../../Engine/Content/EngineFonts/Faces/RobotoBoldItalic.uasset" 388
"../../../Engine/Content/EngineFonts/Faces/RobotoBoldItalic.ufont" 389
"../../../Engine/Content/EngineFonts/Roboto.uasset" 390
"../../../Engine/Content/EngineFonts/Roboto.uexp" 391
"../../../Engine/Content/EngineDebugMaterials/VolumeToRender.uasset" 392
"../../../Engine/Content/EngineDebugMaterials/VolumeToRender.uexp" 393
"../../../Engine/Content/EngineDebugMaterials/M_VolumeRenderSphereTracePP.uasset" 394
"../../../Engine/Content/EngineDebugMaterials/M_VolumeRenderSphereTracePP.uexp" 395
"../../../Engine/Content/EngineDebugMaterials/M_SimpleUnlitTranslucent.uasset" 396
"../../../Engine/Content/EngineDebugMaterials/M_SimpleUnlitTranslucent.uexp" 397
"../../../Engine/Content/EngineResources/FilmGrains/Marcie_Grain_v3_128_M2_000.uasset" 398
"../../../Engine/Content/EngineResources/FilmGrains/Marcie_Grain_v3_128_M2_000.uexp" 399
"../../../Engine/Content/EngineDebugMaterials/DebugMeshMaterial.uasset" 400
"../../../Engine/Content/EngineDebugMaterials/DebugMeshMaterial.uexp" 401
"../../../Engine/Content/EngineDebugMaterials/DebugEditorMaterial.uasset" 402
"../../../Engine/Content/EngineDebugMaterials/DebugEditorMaterial.uexp" 403
"../../../Engine/Content/EngineSky/VolumetricClouds/CloudWeatherTexture.uasset" 404
"../../../Engine/Content/EngineSky/VolumetricClouds/CloudWeatherTexture.uexp" 405
"../../../Engine/Content/Functions/Engine_MaterialFunctions02/Utility/MakeFloat2.uasset" 406
"../../../Engine/Content/Functions/Engine_MaterialFunctions02/Utility/MakeFloat2.uexp" 407
"../../../Engine/Content/EngineSky/VolumetricClouds/CloudGradientTexture.uasset" 408
"../../../Engine/Content/EngineSky/VolumetricClouds/CloudGradientTexture.uexp" 409
"../../../Engine/Content/EngineSky/VolumetricClouds/T_NoiseShape64.ubulk" 410
"../../../Engine/Content/EngineSky/VolumetricClouds/T_NoiseShape64.uasset" 411
"../../../Engine/Content/EngineSky/VolumetricClouds/T_NoiseShape64.uexp" 412
"../../../Engine/Content/EngineSky/VolumetricClouds/T_VolumeNoiseShape64.uasset" 413
"../../../Engine/Content/EngineSky/VolumetricClouds/T_VolumeNoiseShape64.uexp" 414
"../../../Engine/Content/EngineSky/VolumetricClouds/T_NoiseErosion.ubulk" 415
"../../../Engine/Content/EngineSky/VolumetricClouds/T_NoiseErosion.uasset" 416
"../../../Engine/Content/EngineSky/VolumetricClouds/T_NoiseErosion.uexp" 417
"../../../Engine/Content/EngineSky/VolumetricClouds/T_VolumeNoiseErosion32.uasset" 418
"../../../Engine/Content/EngineSky/VolumetricClouds/T_VolumeNoiseErosion32.uexp" 419
"../../../Engine/Content/EngineSky/VolumetricClouds/m_SimpleVolumetricCloud.uasset" 420
"../../../Engine/Content/EngineSky/VolumetricClouds/m_SimpleVolumetricCloud.uexp" 421
"../../../Engine/Content/EngineSky/VolumetricClouds/m_SimpleVolumetricCloud_Inst.uasset" 422
"../../../Engine/Content/EngineSky/VolumetricClouds/m_SimpleVolumetricCloud_Inst.uexp" 423
"../../../Engine/Content/Functions/Engine_MaterialFunctions01/Shading/PowerToRoughness.uasset" 424
"../../../Engine/Content/Functions/Engine_MaterialFunctions01/Shading/PowerToRoughness.uexp" 425
"../../../Engine/Plugins/Interchange/Runtime/Content/gltf/Textures/T_Black_srgb.uasset" 426
"../../../Engine/Plugins/Interchange/Runtime/Content/gltf/Textures/T_Black_srgb.uexp" 427
"../../../Engine/Content/Maps/Templates/HLODs/HLODLayer_Merged.uasset" 428
"../../../Engine/Content/Maps/Templates/HLODs/HLODLayer_Merged.uexp" 429
"../../../Engine/Content/MobileResources/HUD/VirtualJoystick_Background.uasset" 430
"../../../Engine/Content/MobileResources/HUD/VirtualJoystick_Background.uexp" 431
"../../../Engine/Content/MobileResources/HUD/VirtualJoystick_Thumb.uasset" 432
"../../../Engine/Content/MobileResources/HUD/VirtualJoystick_Thumb.uexp" 433
"../../../Engine/Content/MobileResources/HUD/DefaultVirtualJoysticks.uasset" 434
"../../../Engine/Content/MobileResources/HUD/DefaultVirtualJoysticks.uexp" 435
"../../../Engine/Plugins/2D/Paper2D/Content/PlaceholderTextures/DummySpriteTexture.ubulk" 436
"../../../Engine/Plugins/2D/Paper2D/Content/PlaceholderTextures/DummySpriteTexture.uasset" 437
"../../../Engine/Plugins/2D/Paper2D/Content/PlaceholderTextures/DummySpriteTexture.uexp" 438
"../../../Engine/Plugins/2D/Paper2D/Content/DefaultSpriteMaterial.uasset" 439
"../../../Engine/Plugins/2D/Paper2D/Content/DefaultSpriteMaterial.uexp" 440
"../../../Engine/Plugins/2D/Paper2D/Content/OpaqueUnlitSpriteMaterial.uasset" 441
"../../../Engine/Plugins/2D/Paper2D/Content/OpaqueUnlitSpriteMaterial.uexp" 442
"../../../Engine/Plugins/2D/Paper2D/Content/MaskedUnlitSpriteMaterial.uasset" 443
"../../../Engine/Plugins/2D/Paper2D/Content/MaskedUnlitSpriteMaterial.uexp" 444
"../../../Engine/Plugins/2D/Paper2D/Content/DummySprite.uasset" 445
"../../../Engine/Plugins/2D/Paper2D/Content/DummySprite.uexp" 446
"../../../Engine/Plugins/2D/Paper2D/Content/DefaultPaperTerrainMaterial.uasset" 447
"../../../Engine/Plugins/2D/Paper2D/Content/DefaultPaperTerrainMaterial.uexp" 448
"../../../Engine/Plugins/Editor/SpeedTreeImporter/Content/SpeedTree9/game_wind_noise.ubulk" 449
"../../../Engine/Plugins/Editor/SpeedTreeImporter/Content/SpeedTree9/game_wind_noise.uasset" 450
"../../../Engine/Plugins/Editor/SpeedTreeImporter/Content/SpeedTree9/game_wind_noise.uexp" 451
"../../../Engine/Plugins/Editor/SpeedTreeImporter/Content/SpeedTree9/UnpackDirection.uasset" 452
"../../../Engine/Plugins/Editor/SpeedTreeImporter/Content/SpeedTree9/UnpackDirection.uexp" 453
"../../../Engine/Content/Functions/Engine_MaterialFunctions02/ObjectLocalBounds.uasset" 454
"../../../Engine/Content/Functions/Engine_MaterialFunctions02/ObjectLocalBounds.uexp" 455
"../../../Engine/Content/Functions/Engine_MaterialFunctions02/UVs/BoundingBoxBased_0-1_UVW.uasset" 456
"../../../Engine/Content/Functions/Engine_MaterialFunctions02/UVs/BoundingBoxBased_0-1_UVW.uexp" 457
"../../../Engine/Content/Functions/Engine_MaterialFunctions02/Utility/VectorLength.uasset" 458
"../../../Engine/Content/Functions/Engine_MaterialFunctions02/Utility/VectorLength.uexp" 459
"../../../Engine/Plugins/Editor/SpeedTreeImporter/Content/SpeedTree9/UnpackInteger3.uasset" 460
"../../../Engine/Plugins/Editor/SpeedTreeImporter/Content/SpeedTree9/UnpackInteger3.uexp" 461
"../../../Engine/Plugins/Editor/SpeedTreeImporter/Content/SpeedTree9/SpeedTreeCameraFacing.uasset" 462
"../../../Engine/Plugins/Editor/SpeedTreeImporter/Content/SpeedTree9/SpeedTreeCameraFacing.uexp" 463
"../../../Engine/Content/Functions/Engine_MaterialFunctions02/WorldPositionOffset/ObjectScale.uasset" 464
"../../../Engine/Content/Functions/Engine_MaterialFunctions02/WorldPositionOffset/ObjectScale.uexp" 465
"../../../Engine/Content/Functions/Engine_MaterialFunctions02/SafeNormalize.uasset" 466
"../../../Engine/Content/Functions/Engine_MaterialFunctions02/SafeNormalize.uexp" 467
"../../../Engine/Plugins/Editor/SpeedTreeImporter/Content/SpeedTree9/SpeedTreeWindMotion.uasset" 468
"../../../Engine/Plugins/Editor/SpeedTreeImporter/Content/SpeedTree9/SpeedTreeWindMotion.uexp" 469
"../../../Engine/Plugins/Editor/SpeedTreeImporter/Content/SpeedTree9/SpeedTreeBranchMotion.uasset" 470
"../../../Engine/Plugins/Editor/SpeedTreeImporter/Content/SpeedTree9/SpeedTreeBranchMotion.uexp" 471
"../../../Engine/Plugins/Editor/SpeedTreeImporter/Content/SpeedTree9/SpeedTreeWind.uasset" 472
"../../../Engine/Plugins/Editor/SpeedTreeImporter/Content/SpeedTree9/SpeedTreeWind.uexp" 473
"../../../Engine/Plugins/Editor/SpeedTreeImporter/Content/SpeedTree9/EmptyNormal.uasset" 474
"../../../Engine/Plugins/Editor/SpeedTreeImporter/Content/SpeedTree9/EmptyNormal.uexp" 475
"../../../Engine/Plugins/Editor/SpeedTreeImporter/Content/SpeedTree9/Empty.uasset" 476
"../../../Engine/Plugins/Editor/SpeedTreeImporter/Content/SpeedTree9/Empty.uexp" 477
"../../../Engine/Plugins/Editor/SpeedTreeImporter/Content/SpeedTree9/SpeedTreeMaster.uasset" 478
"../../../Engine/Plugins/Editor/SpeedTreeImporter/Content/SpeedTree9/SpeedTreeMaster.uexp" 479
"../../../Engine/Plugins/Editor/SpeedTreeImporter/Content/SpeedTree9/SpeedTreeBillboard.uasset" 480
"../../../Engine/Plugins/Editor/SpeedTreeImporter/Content/SpeedTree9/SpeedTreeBillboard.uexp" 481
"../../../Engine/Plugins/Editor/SpeedTreeImporter/Content/SpeedTree9/SpeedTreeBillboardMaster.uasset" 482
"../../../Engine/Plugins/Editor/SpeedTreeImporter/Content/SpeedTree9/SpeedTreeBillboardMaster.uexp" 483
"../../../Engine/Plugins/Interchange/Runtime/Content/gltf/MaterialInstances_SG/MI_Opaque_ClearCoat.uasset" 484
"../../../Engine/Plugins/Interchange/Runtime/Content/gltf/MaterialInstances_SG/MI_Opaque_ClearCoat.uexp" 485
"../../../Engine/Plugins/Interchange/Runtime/Content/gltf/MaterialFunctions/MF_Sheen.uasset" 486
"../../../Engine/Plugins/Interchange/Runtime/Content/gltf/MaterialFunctions/MF_Sheen.uexp" 487
"../../../Engine/Content/Functions/Engine_MaterialFunctions01/Shading/FuzzyShading.uasset" 488
"../../../Engine/Content/Functions/Engine_MaterialFunctions01/Shading/FuzzyShading.uexp" 489
"../../../Engine/Plugins/Interchange/Runtime/Content/gltf/M_Sheen.uasset" 490
"../../../Engine/Plugins/Interchange/Runtime/Content/gltf/M_Sheen.uexp" 491
"../../../Engine/Plugins/Interchange/Runtime/Content/gltf/MaterialInstances_SG/MI_Opaque_Sheen.uasset" 492
"../../../Engine/Plugins/Interchange/Runtime/Content/gltf/MaterialInstances_SG/MI_Opaque_Sheen.uexp" 493
"../../../Engine/Plugins/Interchange/Runtime/Content/gltf/MaterialInstances_SG/MI_Opaque_ClearCoat_TS.uasset" 494
"../../../Engine/Plugins/Interchange/Runtime/Content/gltf/MaterialInstances_SG/MI_Opaque_ClearCoat_TS.uexp" 495
"../../../Engine/Plugins/Animation/ControlRig/Content/M_Manip.uasset" 496
"../../../Engine/Plugins/Animation/ControlRig/Content/M_Manip.uexp" 497
"../../../Engine/Plugins/Animation/ControlRig/Content/Controls/ControlRig_Wedge_solid.ubulk" 498
"../../../Engine/Plugins/Animation/ControlRig/Content/Controls/ControlRig_Wedge_solid.uasset" 499
"../../../Engine/Plugins/Animation/ControlRig/Content/Controls/ControlRig_Wedge_solid.uexp" 500
"../../../Engine/Plugins/Animation/ControlRig/Content/Controls/ControlRig_Wedge_3mm.ubulk" 501
"../../../Engine/Plugins/Animation/ControlRig/Content/Controls/ControlRig_Wedge_3mm.uasset" 502
"../../../Engine/Plugins/Animation/ControlRig/Content/Controls/ControlRig_Wedge_3mm.uexp" 503
"../../../Engine/Plugins/Animation/ControlRig/Content/Controls/ControlRig_Wedge_1mm.ubulk" 504
"../../../Engine/Plugins/Animation/ControlRig/Content/Controls/ControlRig_Wedge_1mm.uasset" 505
"../../../Engine/Plugins/Animation/ControlRig/Content/Controls/ControlRig_Wedge_1mm.uexp" 506
"../../../Engine/Plugins/Animation/ControlRig/Content/Controls/ControlRig_Triangle_solid.ubulk" 507
"../../../Engine/Plugins/Animation/ControlRig/Content/Controls/ControlRig_Triangle_solid.uasset" 508
"../../../Engine/Plugins/Animation/ControlRig/Content/Controls/ControlRig_Triangle_solid.uexp" 509
"../../../Engine/Plugins/Animation/ControlRig/Content/Controls/ControlRig_Triangle_3mm.ubulk" 510
"../../../Engine/Plugins/Animation/ControlRig/Content/Controls/ControlRig_Triangle_3mm.uasset" 511
"../../../Engine/Plugins/Animation/ControlRig/Content/Controls/ControlRig_Triangle_3mm.uexp" 512
"../../../Engine/Plugins/Animation/ControlRig/Content/Controls/ControlRig_Triangle_1mm.ubulk" 513
"../../../Engine/Plugins/Animation/ControlRig/Content/Controls/ControlRig_Triangle_1mm.uasset" 514
"../../../Engine/Plugins/Animation/ControlRig/Content/Controls/ControlRig_Triangle_1mm.uexp" 515
"../../../Engine/Plugins/Animation/ControlRig/Content/Controls/ControlRig_Star4_solid.ubulk" 516
"../../../Engine/Plugins/Animation/ControlRig/Content/Controls/ControlRig_Star4_solid.uasset" 517
"../../../Engine/Plugins/Animation/ControlRig/Content/Controls/ControlRig_Star4_solid.uexp" 518
"../../../Engine/Plugins/Animation/ControlRig/Content/Controls/ControlRig_Star4_3mm.ubulk" 519
"../../../Engine/Plugins/Animation/ControlRig/Content/Controls/ControlRig_Star4_3mm.uasset" 520
"../../../Engine/Plugins/Animation/ControlRig/Content/Controls/ControlRig_Star4_3mm.uexp" 521
"../../../Engine/Plugins/Animation/ControlRig/Content/Controls/ControlRig_Star4_1mm.ubulk" 522
"../../../Engine/Plugins/Animation/ControlRig/Content/Controls/ControlRig_Star4_1mm.uasset" 523
"../../../Engine/Plugins/Animation/ControlRig/Content/Controls/ControlRig_Star4_1mm.uexp" 524
"../../../Engine/Plugins/Animation/ControlRig/Content/Controls/ControlRig_Square_solid.ubulk" 525
"../../../Engine/Plugins/Animation/ControlRig/Content/Controls/ControlRig_Square_solid.uasset" 526
"../../../Engine/Plugins/Animation/ControlRig/Content/Controls/ControlRig_Square_solid.uexp" 527
"../../../Engine/Plugins/Animation/ControlRig/Content/Controls/ControlRig_Square_3mm.ubulk" 528
"../../../Engine/Plugins/Animation/ControlRig/Content/Controls/ControlRig_Square_3mm.uasset" 529
"../../../Engine/Plugins/Animation/ControlRig/Content/Controls/ControlRig_Square_3mm.uexp" 530
"../../../Engine/Plugins/Animation/ControlRig/Content/Controls/ControlRig_Square_1mm.ubulk" 531
"../../../Engine/Plugins/Animation/ControlRig/Content/Controls/ControlRig_Square_1mm.uasset" 532
"../../../Engine/Plugins/Animation/ControlRig/Content/Controls/ControlRig_Square_1mm.uexp" 533
"../../../Engine/Plugins/Animation/ControlRig/Content/Controls/ControlRig_Sphere_solid.ubulk" 534
"../../../Engine/Plugins/Animation/ControlRig/Content/Controls/ControlRig_Sphere_solid.uasset" 535
"../../../Engine/Plugins/Animation/ControlRig/Content/Controls/ControlRig_Sphere_solid.uexp" 536
"../../../Engine/Plugins/Animation/ControlRig/Content/Controls/ControlRig_Sphere_3mm.ubulk" 537
"../../../Engine/Plugins/Animation/ControlRig/Content/Controls/ControlRig_Sphere_3mm.uasset" 538
"../../../Engine/Plugins/Animation/ControlRig/Content/Controls/ControlRig_Sphere_3mm.uexp" 539
"../../../Engine/Plugins/Animation/ControlRig/Content/Controls/ControlRig_Sphere_1mm.ubulk" 540
"../../../Engine/Plugins/Animation/ControlRig/Content/Controls/ControlRig_Sphere_1mm.uasset" 541
"../../../Engine/Plugins/Animation/ControlRig/Content/Controls/ControlRig_Sphere_1mm.uexp" 542
"../../../Engine/Plugins/Animation/ControlRig/Content/Controls/ControlRig_RoundedTriangle_solid.ubulk" 543
"../../../Engine/Plugins/Animation/ControlRig/Content/Controls/ControlRig_RoundedTriangle_solid.uasset" 544
"../../../Engine/Plugins/Animation/ControlRig/Content/Controls/ControlRig_RoundedTriangle_solid.uexp" 545
"../../../Engine/Plugins/Animation/ControlRig/Content/Controls/ControlRig_RoundedTriangle_3mm.ubulk" 546
"../../../Engine/Plugins/Animation/ControlRig/Content/Controls/ControlRig_RoundedTriangle_3mm.uasset" 547
"../../../Engine/Plugins/Animation/ControlRig/Content/Controls/ControlRig_RoundedTriangle_3mm.uexp" 548
"../../../Engine/Plugins/Animation/ControlRig/Content/Controls/ControlRig_RoundedTriangle_1mm.ubulk" 549
"../../../Engine/Plugins/Animation/ControlRig/Content/Controls/ControlRig_RoundedTriangle_1mm.uasset" 550
"../../../Engine/Plugins/Animation/ControlRig/Content/Controls/ControlRig_RoundedTriangle_1mm.uexp" 551
"../../../Engine/Plugins/Animation/ControlRig/Content/Controls/ControlRig_RoundedSquare_solid.ubulk" 552
"../../../Engine/Plugins/Animation/ControlRig/Content/Controls/ControlRig_RoundedSquare_solid.uasset" 553
"../../../Engine/Plugins/Animation/ControlRig/Content/Controls/ControlRig_RoundedSquare_solid.uexp" 554
"../../../Engine/Plugins/Animation/ControlRig/Content/Controls/ControlRig_RoundedSquare_3mm.ubulk" 555
"../../../Engine/Plugins/Animation/ControlRig/Content/Controls/ControlRig_RoundedSquare_3mm.uasset" 556
"../../../Engine/Plugins/Animation/ControlRig/Content/Controls/ControlRig_RoundedSquare_3mm.uexp" 557
"../../../Engine/Plugins/Animation/ControlRig/Content/Controls/ControlRig_RoundedSquare_1mm.ubulk" 558
"../../../Engine/Plugins/Animation/ControlRig/Content/Controls/ControlRig_RoundedSquare_1mm.uasset" 559
"../../../Engine/Plugins/Animation/ControlRig/Content/Controls/ControlRig_RoundedSquare_1mm.uexp" 560
"../../../Engine/Plugins/Animation/ControlRig/Content/Controls/ControlRig_QuarterCircle_solid.ubulk" 561
"../../../Engine/Plugins/Animation/ControlRig/Content/Controls/ControlRig_QuarterCircle_solid.uasset" 562
"../../../Engine/Plugins/Animation/ControlRig/Content/Controls/ControlRig_QuarterCircle_solid.uexp" 563
"../../../Engine/Plugins/Animation/ControlRig/Content/Controls/ControlRig_QuarterCircle_3mm.ubulk" 564
"../../../Engine/Plugins/Animation/ControlRig/Content/Controls/ControlRig_QuarterCircle_3mm.uasset" 565
"../../../Engine/Plugins/Animation/ControlRig/Content/Controls/ControlRig_QuarterCircle_3mm.uexp" 566
"../../../Engine/Plugins/Animation/ControlRig/Content/Controls/ControlRig_QuarterCircle_1mm.ubulk" 567
"../../../Engine/Plugins/Animation/ControlRig/Content/Controls/ControlRig_QuarterCircle_1mm.uasset" 568
"../../../Engine/Plugins/Animation/ControlRig/Content/Controls/ControlRig_QuarterCircle_1mm.uexp" 569
"../../../Engine/Plugins/Animation/ControlRig/Content/Controls/ControlRig_Pyramid_solid.ubulk" 570
"../../../Engine/Plugins/Animation/ControlRig/Content/Controls/ControlRig_Pyramid_solid.uasset" 571
"../../../Engine/Plugins/Animation/ControlRig/Content/Controls/ControlRig_Pyramid_solid.uexp" 572
"../../../Engine/Plugins/Animation/ControlRig/Content/Controls/ControlRig_Pyramid_3mm.ubulk" 573
"../../../Engine/Plugins/Animation/ControlRig/Content/Controls/ControlRig_Pyramid_3mm.uasset" 574
"../../../Engine/Plugins/Animation/ControlRig/Content/Controls/ControlRig_Pyramid_3mm.uexp" 575
"../../../Engine/Plugins/Animation/ControlRig/Content/Controls/ControlRig_Pyramid_1mm.ubulk" 576
"../../../Engine/Plugins/Animation/ControlRig/Content/Controls/ControlRig_Pyramid_1mm.uasset" 577
"../../../Engine/Plugins/Animation/ControlRig/Content/Controls/ControlRig_Pyramid_1mm.uexp" 578
"../../../Engine/Plugins/Animation/ControlRig/Content/Controls/ControlRig_Octagon_solid.ubulk" 579
"../../../Engine/Plugins/Animation/ControlRig/Content/Controls/ControlRig_Octagon_solid.uasset" 580
"../../../Engine/Plugins/Animation/ControlRig/Content/Controls/ControlRig_Octagon_solid.uexp" 581
"../../../Engine/Plugins/Animation/ControlRig/Content/Controls/ControlRig_Octagon_3mm.ubulk" 582
"../../../Engine/Plugins/Animation/ControlRig/Content/Controls/ControlRig_Octagon_3mm.uasset" 583
"../../../Engine/Plugins/Animation/ControlRig/Content/Controls/ControlRig_Octagon_3mm.uexp" 584
"../../../Engine/Plugins/Animation/ControlRig/Content/Controls/ControlRig_Octagon_1mm.ubulk" 585
"../../../Engine/Plugins/Animation/ControlRig/Content/Controls/ControlRig_Octagon_1mm.uasset" 586
"../../../Engine/Plugins/Animation/ControlRig/Content/Controls/ControlRig_Octagon_1mm.uexp" 587
"../../../Engine/Plugins/Animation/ControlRig/Content/Controls/ControlRig_Hexagon_solid.ubulk" 588
"../../../Engine/Plugins/Animation/ControlRig/Content/Controls/ControlRig_Hexagon_solid.uasset" 589
"../../../Engine/Plugins/Animation/ControlRig/Content/Controls/ControlRig_Hexagon_solid.uexp" 590
"../../../Engine/Plugins/Animation/ControlRig/Content/Controls/ControlRig_Hexagon_3mm.ubulk" 591
"../../../Engine/Plugins/Animation/ControlRig/Content/Controls/ControlRig_Hexagon_3mm.uasset" 592
"../../../Engine/Plugins/Animation/ControlRig/Content/Controls/ControlRig_Hexagon_3mm.uexp" 593
"../../../Engine/Plugins/Animation/ControlRig/Content/Controls/ControlRig_Hexagon_1mm.ubulk" 594
"../../../Engine/Plugins/Animation/ControlRig/Content/Controls/ControlRig_Hexagon_1mm.uasset" 595
"../../../Engine/Plugins/Animation/ControlRig/Content/Controls/ControlRig_Hexagon_1mm.uexp" 596
"../../../Engine/Plugins/Animation/ControlRig/Content/Controls/ControlRig_HalfCircle_solid.ubulk" 597
"../../../Engine/Plugins/Animation/ControlRig/Content/Controls/ControlRig_HalfCircle_solid.uasset" 598
"../../../Engine/Plugins/Animation/ControlRig/Content/Controls/ControlRig_HalfCircle_solid.uexp" 599
"../../../Engine/Plugins/Animation/ControlRig/Content/Controls/ControlRig_HalfCircle_3mm.ubulk" 600
"../../../Engine/Plugins/Animation/ControlRig/Content/Controls/ControlRig_HalfCircle_3mm.uasset" 601
"../../../Engine/Plugins/Animation/ControlRig/Content/Controls/ControlRig_HalfCircle_3mm.uexp" 602
"../../../Engine/Plugins/Animation/ControlRig/Content/Controls/ControlRig_HalfCircle_1mm.ubulk" 603
"../../../Engine/Plugins/Animation/ControlRig/Content/Controls/ControlRig_HalfCircle_1mm.uasset" 604
"../../../Engine/Plugins/Animation/ControlRig/Content/Controls/ControlRig_HalfCircle_1mm.uexp" 605
"../../../Engine/Plugins/Animation/ControlRig/Content/Controls/ControlRig_Diamond_solid.ubulk" 606
"../../../Engine/Plugins/Animation/ControlRig/Content/Controls/ControlRig_Diamond_solid.uasset" 607
"../../../Engine/Plugins/Animation/ControlRig/Content/Controls/ControlRig_Diamond_solid.uexp" 608
"../../../Engine/Plugins/Animation/ControlRig/Content/Controls/ControlRig_Diamond_3mm.ubulk" 609
"../../../Engine/Plugins/Animation/ControlRig/Content/Controls/ControlRig_Diamond_3mm.uasset" 610
"../../../Engine/Plugins/Animation/ControlRig/Content/Controls/ControlRig_Diamond_3mm.uexp" 611
"../../../Engine/Plugins/Animation/ControlRig/Content/Controls/ControlRig_Diamond_1mm.ubulk" 612
"../../../Engine/Plugins/Animation/ControlRig/Content/Controls/ControlRig_Diamond_1mm.uasset" 613
"../../../Engine/Plugins/Animation/ControlRig/Content/Controls/ControlRig_Diamond_1mm.uexp" 614
"../../../Engine/Plugins/Animation/ControlRig/Content/Controls/ControlRig_Circle_solid.ubulk" 615
"../../../Engine/Plugins/Animation/ControlRig/Content/Controls/ControlRig_Circle_solid.uasset" 616
"../../../Engine/Plugins/Animation/ControlRig/Content/Controls/ControlRig_Circle_solid.uexp" 617
"../../../Engine/Plugins/Animation/ControlRig/Content/Controls/ControlRig_Circle_3mm.ubulk" 618
"../../../Engine/Plugins/Animation/ControlRig/Content/Controls/ControlRig_Circle_3mm.uasset" 619
"../../../Engine/Plugins/Animation/ControlRig/Content/Controls/ControlRig_Circle_3mm.uexp" 620
"../../../Engine/Plugins/Animation/ControlRig/Content/Controls/ControlRig_Circle_1mm.ubulk" 621
"../../../Engine/Plugins/Animation/ControlRig/Content/Controls/ControlRig_Circle_1mm.uasset" 622
"../../../Engine/Plugins/Animation/ControlRig/Content/Controls/ControlRig_Circle_1mm.uexp" 623
"../../../Engine/Plugins/Animation/ControlRig/Content/Controls/ControlRig_Box_solid.ubulk" 624
"../../../Engine/Plugins/Animation/ControlRig/Content/Controls/ControlRig_Box_solid.uasset" 625
"../../../Engine/Plugins/Animation/ControlRig/Content/Controls/ControlRig_Box_solid.uexp" 626
"../../../Engine/Plugins/Animation/ControlRig/Content/Controls/ControlRig_Box_3mm.ubulk" 627
"../../../Engine/Plugins/Animation/ControlRig/Content/Controls/ControlRig_Box_3mm.uasset" 628
"../../../Engine/Plugins/Animation/ControlRig/Content/Controls/ControlRig_Box_3mm.uexp" 629
"../../../Engine/Plugins/Animation/ControlRig/Content/Controls/ControlRig_Box_1mm.ubulk" 630
"../../../Engine/Plugins/Animation/ControlRig/Content/Controls/ControlRig_Box_1mm.uasset" 631
"../../../Engine/Plugins/Animation/ControlRig/Content/Controls/ControlRig_Box_1mm.uexp" 632
"../../../Engine/Plugins/Animation/ControlRig/Content/Controls/ControlRig_Arrow_solid.ubulk" 633
"../../../Engine/Plugins/Animation/ControlRig/Content/Controls/ControlRig_Arrow_solid.uasset" 634
"../../../Engine/Plugins/Animation/ControlRig/Content/Controls/ControlRig_Arrow_solid.uexp" 635
"../../../Engine/Plugins/Animation/ControlRig/Content/Controls/ControlRig_Arrow_3mm.ubulk" 636
"../../../Engine/Plugins/Animation/ControlRig/Content/Controls/ControlRig_Arrow_3mm.uasset" 637
"../../../Engine/Plugins/Animation/ControlRig/Content/Controls/ControlRig_Arrow_3mm.uexp" 638
"../../../Engine/Plugins/Animation/ControlRig/Content/Controls/ControlRig_Arrow_1mm.ubulk" 639
"../../../Engine/Plugins/Animation/ControlRig/Content/Controls/ControlRig_Arrow_1mm.uasset" 640
"../../../Engine/Plugins/Animation/ControlRig/Content/Controls/ControlRig_Arrow_1mm.uexp" 641
"../../../Engine/Plugins/Animation/ControlRig/Content/Controls/ControlRig_Arrow4_solid.ubulk" 642
"../../../Engine/Plugins/Animation/ControlRig/Content/Controls/ControlRig_Arrow4_solid.uasset" 643
"../../../Engine/Plugins/Animation/ControlRig/Content/Controls/ControlRig_Arrow4_solid.uexp" 644
"../../../Engine/Plugins/Animation/ControlRig/Content/Controls/ControlRig_Arrow4_3mm.ubulk" 645
"../../../Engine/Plugins/Animation/ControlRig/Content/Controls/ControlRig_Arrow4_3mm.uasset" 646
"../../../Engine/Plugins/Animation/ControlRig/Content/Controls/ControlRig_Arrow4_3mm.uexp" 647
"../../../Engine/Plugins/Animation/ControlRig/Content/Controls/ControlRig_Arrow4_1mm.ubulk" 648
"../../../Engine/Plugins/Animation/ControlRig/Content/Controls/ControlRig_Arrow4_1mm.uasset" 649
"../../../Engine/Plugins/Animation/ControlRig/Content/Controls/ControlRig_Arrow4_1mm.uexp" 650
"../../../Engine/Plugins/Animation/ControlRig/Content/Controls/ControlRig_Arrow2_solid.ubulk" 651
"../../../Engine/Plugins/Animation/ControlRig/Content/Controls/ControlRig_Arrow2_solid.uasset" 652
"../../../Engine/Plugins/Animation/ControlRig/Content/Controls/ControlRig_Arrow2_solid.uexp" 653
"../../../Engine/Plugins/Animation/ControlRig/Content/Controls/ControlRig_Arrow2_3mm.ubulk" 654
"../../../Engine/Plugins/Animation/ControlRig/Content/Controls/ControlRig_Arrow2_3mm.uasset" 655
"../../../Engine/Plugins/Animation/ControlRig/Content/Controls/ControlRig_Arrow2_3mm.uexp" 656
"../../../Engine/Plugins/Animation/ControlRig/Content/Controls/ControlRig_Arrow2_1mm.ubulk" 657
"../../../Engine/Plugins/Animation/ControlRig/Content/Controls/ControlRig_Arrow2_1mm.uasset" 658
"../../../Engine/Plugins/Animation/ControlRig/Content/Controls/ControlRig_Arrow2_1mm.uexp" 659
"../../../Engine/Plugins/Animation/ControlRig/Content/Controls/ControlRigXRayMaterial.uasset" 660
"../../../Engine/Plugins/Animation/ControlRig/Content/Controls/ControlRigXRayMaterial.uexp" 661
"../../../Engine/Plugins/Animation/ControlRig/Content/Controls/ControlRigGizmoMaterial.uasset" 662
"../../../Engine/Plugins/Animation/ControlRig/Content/Controls/ControlRigGizmoMaterial.uexp" 663
"../../../Engine/Plugins/Interchange/Runtime/Content/gltf/MaterialInstances_SG/MI_Opaque_Sheen_TS.uasset" 664
"../../../Engine/Plugins/Interchange/Runtime/Content/gltf/MaterialInstances_SG/MI_Opaque_Sheen_TS.uexp" 665
"E:/Unreal Projects/LeagueJourney/Content/Characters/Player/Ch38_nonPBR_UE_Skeleton.uasset" 666
"E:/Unreal Projects/LeagueJourney/Content/Characters/Player/Ch38_nonPBR_UE_Skeleton.uexp" 667
"../../../Engine/Content/Animation/DefaultAnimCurveCompressionSettings.uasset" 668
"../../../Engine/Content/Animation/DefaultAnimCurveCompressionSettings.uexp" 669
"../../../Engine/Content/Animation/DefaultAnimBoneCompressionSettings.uasset" 670
"../../../Engine/Content/Animation/DefaultAnimBoneCompressionSettings.uexp" 671
"E:/Unreal Projects/LeagueJourney/Content/throwin_UE.uasset" 672
"E:/Unreal Projects/LeagueJourney/Content/throwin_UE.uexp" 673
"E:/Unreal Projects/LeagueJourney/Content/throwin_UE_Montage.uasset" 674
"E:/Unreal Projects/LeagueJourney/Content/throwin_UE_Montage.uexp" 675
"E:/Unreal Projects/LeagueJourney/Content/NewBlueprint.uasset" 676
"E:/Unreal Projects/LeagueJourney/Content/NewBlueprint.uexp" 677
"E:/Unreal Projects/LeagueJourney/Content/UserInteface/StadCam.uasset" 678
"E:/Unreal Projects/LeagueJourney/Content/UserInteface/StadCam.uexp" 679
"E:/Unreal Projects/LeagueJourney/Content/UserInteface/Menu/Miss_Alissa.ubulk" 680
"E:/Unreal Projects/LeagueJourney/Content/UserInteface/Menu/Miss_Alissa.uasset" 681
"E:/Unreal Projects/LeagueJourney/Content/UserInteface/Menu/Miss_Alissa.uexp" 682
"E:/Unreal Projects/LeagueJourney/Content/UserInteface/Menu/LeagueJoruneyTransperant.uasset" 683
"E:/Unreal Projects/LeagueJourney/Content/UserInteface/Menu/LeagueJoruneyTransperant.uexp" 684
"E:/Unreal Projects/LeagueJourney/Content/UserInteface/DuringMatch/Fonts/monofonto_rg.uexp" 685
"E:/Unreal Projects/LeagueJourney/Content/UserInteface/DuringMatch/Fonts/monofonto_rg.uasset" 686
"E:/Unreal Projects/LeagueJourney/Content/UserInteface/DuringMatch/Fonts/monofonto_rg.ufont" 687
"E:/Unreal Projects/LeagueJourney/Content/UserInteface/DuringMatch/Fonts/monofonto_rg_Font.uasset" 688
"E:/Unreal Projects/LeagueJourney/Content/UserInteface/DuringMatch/Fonts/monofonto_rg_Font.uexp" 689
"E:/Unreal Projects/LeagueJourney/Content/UserInteface/Menu/images/icon_quit.uasset" 690
"E:/Unreal Projects/LeagueJourney/Content/UserInteface/Menu/images/icon_quit.uexp" 691
"E:/Unreal Projects/LeagueJourney/Content/UserInteface/Menu/Window/UMGQuitScreen.uasset" 692
"E:/Unreal Projects/LeagueJourney/Content/UserInteface/Menu/Window/UMGQuitScreen.uexp" 693
"E:/Unreal Projects/LeagueJourney/Content/UserInteface/Error/UMGErrorScreen.uasset" 694
"E:/Unreal Projects/LeagueJourney/Content/UserInteface/Error/UMGErrorScreen.uexp" 695
"E:/Unreal Projects/LeagueJourney/Content/UserInteface/Menu/images/SaveUI.ubulk" 696
"E:/Unreal Projects/LeagueJourney/Content/UserInteface/Menu/images/SaveUI.uasset" 697
"E:/Unreal Projects/LeagueJourney/Content/UserInteface/Menu/images/SaveUI.uexp" 698
"E:/Unreal Projects/LeagueJourney/Content/UserInteface/Menu/images/FormationUI.ubulk" 699
"E:/Unreal Projects/LeagueJourney/Content/UserInteface/Menu/images/FormationUI.uasset" 700
"E:/Unreal Projects/LeagueJourney/Content/UserInteface/Menu/images/FormationUI.uexp" 701
"E:/Unreal Projects/LeagueJourney/Content/UserInteface/Fonts/Uni_Sans_Heavy.uexp" 702
"E:/Unreal Projects/LeagueJourney/Content/UserInteface/Fonts/Uni_Sans_Heavy.uasset" 703
"E:/Unreal Projects/LeagueJourney/Content/UserInteface/Fonts/Uni_Sans_Heavy.ufont" 704
"E:/Unreal Projects/LeagueJourney/Content/UserInteface/Fonts/Uni_Sans_Heavy_Font.uasset" 705
"E:/Unreal Projects/LeagueJourney/Content/UserInteface/Fonts/Uni_Sans_Heavy_Font.uexp" 706
"E:/Unreal Projects/LeagueJourney/Content/UserInteface/Menu/images/InfoUI.ubulk" 707
"E:/Unreal Projects/LeagueJourney/Content/UserInteface/Menu/images/InfoUI.uasset" 708
"E:/Unreal Projects/LeagueJourney/Content/UserInteface/Menu/images/InfoUI.uexp" 709
"E:/Unreal Projects/LeagueJourney/Content/UserInteface/Fonts/Uni_Sans_Heavy_Italic.uexp" 710
"E:/Unreal Projects/LeagueJourney/Content/UserInteface/Fonts/Uni_Sans_Heavy_Italic.uasset" 711
"E:/Unreal Projects/LeagueJourney/Content/UserInteface/Fonts/Uni_Sans_Heavy_Italic.ufont" 712
"E:/Unreal Projects/LeagueJourney/Content/UserInteface/Fonts/Uni_Sans_Heavy_Italic_Font.uasset" 713
"E:/Unreal Projects/LeagueJourney/Content/UserInteface/Fonts/Uni_Sans_Heavy_Italic_Font.uexp" 714
"E:/Unreal Projects/LeagueJourney/Content/UserInteface/Menu/PlayScreen/LineUp/UMGPlayerInfo.uasset" 715
"E:/Unreal Projects/LeagueJourney/Content/UserInteface/Menu/PlayScreen/LineUp/UMGPlayerInfo.uexp" 716
"E:/Unreal Projects/LeagueJourney/Content/MyFootballMatchInstance.uasset" 717
"E:/Unreal Projects/LeagueJourney/Content/MyFootballMatchInstance.uexp" 718
"../../../Engine/Content/EditorBlueprintResources/StandardMacros.uasset" 719
"../../../Engine/Content/EditorBlueprintResources/StandardMacros.uexp" 720
"E:/Unreal Projects/LeagueJourney/Content/UserInteface/Menu/images/icon_info.uasset" 721
"E:/Unreal Projects/LeagueJourney/Content/UserInteface/Menu/images/icon_info.uexp" 722
"../../../Engine/Content/VREditor/Sounds/UI/Click_on_Button.ubulk" 723
"../../../Engine/Content/VREditor/Sounds/UI/Click_on_Button.uasset" 724
"../../../Engine/Content/VREditor/Sounds/UI/Click_on_Button.uexp" 725
"E:/Unreal Projects/LeagueJourney/Content/UserInteface/Menu/PlayScreen/LineUp/UMGMovablePlayer.uasset" 726
"E:/Unreal Projects/LeagueJourney/Content/UserInteface/Menu/PlayScreen/LineUp/UMGMovablePlayer.uexp" 727
"E:/Unreal Projects/LeagueJourney/Content/UserInteface/Menu/PlayScreen/LineUp/UMGmovablePlayerIcon.uasset" 728
"E:/Unreal Projects/LeagueJourney/Content/UserInteface/Menu/PlayScreen/LineUp/UMGmovablePlayerIcon.uexp" 729
"E:/Unreal Projects/LeagueJourney/Content/UserInteface/Menu/PlayScreen/LineUp/UMGMovablePlayer_2.uasset" 730
"E:/Unreal Projects/LeagueJourney/Content/UserInteface/Menu/PlayScreen/LineUp/UMGMovablePlayer_2.uexp" 731
"E:/Unreal Projects/LeagueJourney/Content/UserInteface/Menu/PlayScreen/LineUp/DropOperation.uasset" 732
"E:/Unreal Projects/LeagueJourney/Content/UserInteface/Menu/PlayScreen/LineUp/DropOperation.uexp" 733
"E:/Unreal Projects/LeagueJourney/Content/UserInteface/Menu/PlayScreen/LineUp/UMGPlayerReceiver.uasset" 734
"E:/Unreal Projects/LeagueJourney/Content/UserInteface/Menu/PlayScreen/LineUp/UMGPlayerReceiver.uexp" 735
"E:/Unreal Projects/LeagueJourney/Content/UserInteface/Menu/images/SetaUI1.ubulk" 736
"E:/Unreal Projects/LeagueJourney/Content/UserInteface/Menu/images/SetaUI1.uasset" 737
"E:/Unreal Projects/LeagueJourney/Content/UserInteface/Menu/images/SetaUI1.uexp" 738
"E:/Unreal Projects/LeagueJourney/Content/UserInteface/Menu/PlayScreen/LineUp/UMGTacticScreen_2.uasset" 739
"E:/Unreal Projects/LeagueJourney/Content/UserInteface/Menu/PlayScreen/LineUp/UMGTacticScreen_2.uexp" 740
"E:/Unreal Projects/LeagueJourney/Content/MSPresets/MSTextures/White.ubulk" 741
"E:/Unreal Projects/LeagueJourney/Content/MSPresets/MSTextures/White.uasset" 742
"E:/Unreal Projects/LeagueJourney/Content/MSPresets/MSTextures/White.uexp" 743
"E:/Unreal Projects/LeagueJourney/Content/UserInteface/Menu/PlayScreen/SquareMask.uasset" 744
"E:/Unreal Projects/LeagueJourney/Content/UserInteface/Menu/PlayScreen/SquareMask.uexp" 745
"E:/Unreal Projects/LeagueJourney/Content/UserInteface/Menu/images/SettingsUI.ubulk" 746
"E:/Unreal Projects/LeagueJourney/Content/UserInteface/Menu/images/SettingsUI.uasset" 747
"E:/Unreal Projects/LeagueJourney/Content/UserInteface/Menu/images/SettingsUI.uexp" 748
"E:/Unreal Projects/LeagueJourney/Content/UserInteface/Menu/images/StadiumUI.ubulk" 749
"E:/Unreal Projects/LeagueJourney/Content/UserInteface/Menu/images/StadiumUI.uasset" 750
"E:/Unreal Projects/LeagueJourney/Content/UserInteface/Menu/images/StadiumUI.uexp" 751
"E:/Unreal Projects/LeagueJourney/Content/UserInteface/Menu/Window/UMGTeamSelectionScreen.uasset" 752
"E:/Unreal Projects/LeagueJourney/Content/UserInteface/Menu/Window/UMGTeamSelectionScreen.uexp" 753
"E:/Unreal Projects/LeagueJourney/Content/UserInteface/Menu/images/SetaUI.ubulk" 754
"E:/Unreal Projects/LeagueJourney/Content/UserInteface/Menu/images/SetaUI.uasset" 755
"E:/Unreal Projects/LeagueJourney/Content/UserInteface/Menu/images/SetaUI.uexp" 756
"E:/Unreal Projects/LeagueJourney/Content/UserInteface/Menu/PlayScreen/benficoptero.uasset" 757
"E:/Unreal Projects/LeagueJourney/Content/UserInteface/Menu/PlayScreen/benficoptero.uexp" 758
"E:/Unreal Projects/LeagueJourney/Content/UserInteface/MaterialStadCam.uasset" 759
"E:/Unreal Projects/LeagueJourney/Content/UserInteface/MaterialStadCam.uexp" 760
"E:/Unreal Projects/LeagueJourney/Content/UserInteface/Menu/PlayScreen/MiniMCB.uasset" 761
"E:/Unreal Projects/LeagueJourney/Content/UserInteface/Menu/PlayScreen/MiniMCB.uexp" 762
"E:/Unreal Projects/LeagueJourney/Content/UserInteface/Menu/PlayScreen/UMGTeamButton_4.uasset" 763
"E:/Unreal Projects/LeagueJourney/Content/UserInteface/Menu/PlayScreen/UMGTeamButton_4.uexp" 764
"E:/Unreal Projects/LeagueJourney/Content/UserInteface/Menu/Window/UMStadiumSelectionScreen.uasset" 765
"E:/Unreal Projects/LeagueJourney/Content/UserInteface/Menu/Window/UMStadiumSelectionScreen.uexp" 766
"E:/Unreal Projects/LeagueJourney/Content/UserInteface/Menu/images/TacticUI.ubulk" 767
"E:/Unreal Projects/LeagueJourney/Content/UserInteface/Menu/images/TacticUI.uasset" 768
"E:/Unreal Projects/LeagueJourney/Content/UserInteface/Menu/images/TacticUI.uexp" 769
"E:/Unreal Projects/LeagueJourney/Content/UserInteface/Menu/PlayScreen/UMGMatchSettingsScreen.uasset" 770
"E:/Unreal Projects/LeagueJourney/Content/UserInteface/Menu/PlayScreen/UMGMatchSettingsScreen.uexp" 771
"E:/Unreal Projects/LeagueJourney/Content/UserInteface/Menu/PlayScreen/UMGPlayScreen_2.uasset" 772
"E:/Unreal Projects/LeagueJourney/Content/UserInteface/Menu/PlayScreen/UMGPlayScreen_2.uexp" 773
"E:/Unreal Projects/LeagueJourney/Content/UserInteface/Menu/images/awdwad.ubulk" 774
"E:/Unreal Projects/LeagueJourney/Content/UserInteface/Menu/images/awdwad.uasset" 775
"E:/Unreal Projects/LeagueJourney/Content/UserInteface/Menu/images/awdwad.uexp" 776
"E:/Unreal Projects/LeagueJourney/Content/UserInteface/Menu/PlayScreen/UMGTeamButton_3.uasset" 777
"E:/Unreal Projects/LeagueJourney/Content/UserInteface/Menu/PlayScreen/UMGTeamButton_3.uexp" 778
"E:/Unreal Projects/LeagueJourney/Content/UserInteface/Menu/PlayScreen/portorrivel.ubulk" 779
"E:/Unreal Projects/LeagueJourney/Content/UserInteface/Menu/PlayScreen/portorrivel.uasset" 780
"E:/Unreal Projects/LeagueJourney/Content/UserInteface/Menu/PlayScreen/portorrivel.uexp" 781
"E:/Unreal Projects/LeagueJourney/Content/UserInteface/Menu/PlayScreen/maxresdefault.uasset" 782
"E:/Unreal Projects/LeagueJourney/Content/UserInteface/Menu/PlayScreen/maxresdefault.uexp" 783
"E:/Unreal Projects/LeagueJourney/Content/UserInteface/Menu/PlayScreen/Football_stadium_svg.uasset" 784
"E:/Unreal Projects/LeagueJourney/Content/UserInteface/Menu/PlayScreen/Football_stadium_svg.uexp" 785
"E:/Unreal Projects/LeagueJourney/Content/UserInteface/Menu/PlayScreen/LineUp/UMGTacticScreen.uasset" 786
"E:/Unreal Projects/LeagueJourney/Content/UserInteface/Menu/PlayScreen/LineUp/UMGTacticScreen.uexp" 787
"E:/Unreal Projects/LeagueJourney/Content/UserInteface/Menu/images/icon_set.uasset" 788
"E:/Unreal Projects/LeagueJourney/Content/UserInteface/Menu/images/icon_set.uexp" 789
"E:/Unreal Projects/LeagueJourney/Content/UserInteface/Menu/images/Icon_Pa.uasset" 790
"E:/Unreal Projects/LeagueJourney/Content/UserInteface/Menu/images/Icon_Pa.uexp" 791
"E:/Unreal Projects/LeagueJourney/Content/UserInteface/Menu/images/icon_lj.uasset" 792
"E:/Unreal Projects/LeagueJourney/Content/UserInteface/Menu/images/icon_lj.uexp" 793
"E:/Unreal Projects/LeagueJourney/Content/UserInteface/Menu/images/icon_ko.uasset" 794
"E:/Unreal Projects/LeagueJourney/Content/UserInteface/Menu/images/icon_ko.uexp" 795
"E:/Unreal Projects/LeagueJourney/Content/UserInteface/Menu/images/icon_flag.uasset" 796
"E:/Unreal Projects/LeagueJourney/Content/UserInteface/Menu/images/icon_flag.uexp" 797
"E:/Unreal Projects/LeagueJourney/Content/UserInteface/Menu/Debug/DebugMenu.uasset" 798
"E:/Unreal Projects/LeagueJourney/Content/UserInteface/Menu/Debug/DebugMenu.uexp" 799
"E:/Unreal Projects/LeagueJourney/Content/UserInteface/Fonts/Uni_Sans_Thin_Italic.uexp" 800
"E:/Unreal Projects/LeagueJourney/Content/UserInteface/Fonts/Uni_Sans_Thin_Italic.uasset" 801
"E:/Unreal Projects/LeagueJourney/Content/UserInteface/Fonts/Uni_Sans_Thin_Italic.ufont" 802
"E:/Unreal Projects/LeagueJourney/Content/UserInteface/Fonts/Uni_Sans_Thin_Italic_Font.uasset" 803
"E:/Unreal Projects/LeagueJourney/Content/UserInteface/Fonts/Uni_Sans_Thin_Italic_Font.uexp" 804
"E:/Unreal Projects/LeagueJourney/Content/UserInteface/Fonts/Uni_Sans_Thin.uexp" 805
"E:/Unreal Projects/LeagueJourney/Content/UserInteface/Fonts/Uni_Sans_Thin.uasset" 806
"E:/Unreal Projects/LeagueJourney/Content/UserInteface/Fonts/Uni_Sans_Thin.ufont" 807
"E:/Unreal Projects/LeagueJourney/Content/UserInteface/Fonts/Uni_Sans_Thin_Font.uasset" 808
"E:/Unreal Projects/LeagueJourney/Content/UserInteface/Fonts/Uni_Sans_Thin_Font.uexp" 809
"E:/Unreal Projects/LeagueJourney/Content/UserInteface/DuringMatch/rotatedLines_4x.uasset" 810
"E:/Unreal Projects/LeagueJourney/Content/UserInteface/DuringMatch/rotatedLines_4x.uexp" 811
"../../../Engine/Content/BasicShapes/Plane.ubulk" 812
"../../../Engine/Content/BasicShapes/Plane.uasset" 813
"../../../Engine/Content/BasicShapes/Plane.uexp" 814
"E:/Unreal Projects/LeagueJourney/Content/Props/Objetos/Bola/football.ubulk" 815
"E:/Unreal Projects/LeagueJourney/Content/Props/Objetos/Bola/football.uasset" 816
"E:/Unreal Projects/LeagueJourney/Content/Props/Objetos/Bola/football.uexp" 817
"E:/Unreal Projects/LeagueJourney/Content/Props/Objetos/Bola/Mat_Football.uasset" 818
"E:/Unreal Projects/LeagueJourney/Content/Props/Objetos/Bola/Mat_Football.uexp" 819
"E:/Unreal Projects/LeagueJourney/Content/PM_Football.uasset" 820
"E:/Unreal Projects/LeagueJourney/Content/PM_Football.uexp" 821
"E:/Unreal Projects/LeagueJourney/Content/Props/Objetos/Bola/BP_Football.uasset" 822
"E:/Unreal Projects/LeagueJourney/Content/Props/Objetos/Bola/BP_Football.uexp" 823
"E:/Unreal Projects/LeagueJourney/Content/Characters/Player/Animations/Goalkeeper/goalkeeperdivingsave_UE.uasset" 824
"E:/Unreal Projects/LeagueJourney/Content/Characters/Player/Animations/Goalkeeper/goalkeeperdivingsave_UE.uexp" 825
"E:/Unreal Projects/LeagueJourney/Content/Characters/Player/Animations/Goalkeeper/goalkeeperdivingsave_UE_Montage.uasset" 826
"E:/Unreal Projects/LeagueJourney/Content/Characters/Player/Animations/Goalkeeper/goalkeeperdivingsave_UE_Montage.uexp" 827
"E:/Unreal Projects/LeagueJourney/Content/Characters/Player/Animations/Goalkeeper/goalkeeperdivingsave_2__UE.uasset" 828
"E:/Unreal Projects/LeagueJourney/Content/Characters/Player/Animations/Goalkeeper/goalkeeperdivingsave_2__UE.uexp" 829
"E:/Unreal Projects/LeagueJourney/Content/Characters/Player/Animations/Goalkeeper/goalkeeperdivingsave_2__UE_Montage.uasset" 830
"E:/Unreal Projects/LeagueJourney/Content/Characters/Player/Animations/Goalkeeper/goalkeeperdivingsave_2__UE_Montage.uexp" 831
"E:/Unreal Projects/LeagueJourney/Content/Characters/Player/AI/Tasks/BTT_GoalkeeperDive.uasset" 832
"E:/Unreal Projects/LeagueJourney/Content/Characters/Player/AI/Tasks/BTT_GoalkeeperDive.uexp" 833
"E:/Unreal Projects/LeagueJourney/Content/Characters/Player/AI/Tasks/BTT_GoalkeeperMove.uasset" 834
"E:/Unreal Projects/LeagueJourney/Content/Characters/Player/AI/Tasks/BTT_GoalkeeperMove.uexp" 835
"E:/Unreal Projects/LeagueJourney/Content/Characters/Player/AI/PlayerBlackBoard.uasset" 836
"E:/Unreal Projects/LeagueJourney/Content/Characters/Player/AI/PlayerBlackBoard.uexp" 837
"E:/Unreal Projects/LeagueJourney/Content/Characters/Player/AI/Tasks/BTT_GetToActor.uasset" 838
"E:/Unreal Projects/LeagueJourney/Content/Characters/Player/AI/Tasks/BTT_GetToActor.uexp" 839
"E:/Unreal Projects/LeagueJourney/Content/Characters/Player/Animations/BlendSpaces/SoccerPass_UE.uasset" 840
"E:/Unreal Projects/LeagueJourney/Content/Characters/Player/Animations/BlendSpaces/SoccerPass_UE.uexp" 841
"E:/Unreal Projects/LeagueJourney/Content/Characters/Player/Animations/Montages/SoccerPass_UE_Montage.uasset" 842
"E:/Unreal Projects/LeagueJourney/Content/Characters/Player/Animations/Montages/SoccerPass_UE_Montage.uexp" 843
"E:/Unreal Projects/LeagueJourney/Content/Characters/Player/AI/Tasks/BTT_PassBall.uasset" 844
"E:/Unreal Projects/LeagueJourney/Content/Characters/Player/AI/Tasks/BTT_PassBall.uexp" 845
"E:/Unreal Projects/LeagueJourney/Content/Characters/Player/AI/BTS_GetPlayerServices.uasset" 846
"E:/Unreal Projects/LeagueJourney/Content/Characters/Player/AI/BTS_GetPlayerServices.uexp" 847
"E:/Unreal Projects/LeagueJourney/Content/Characters/Player/AI/Tasks/BTT_GetToCurrentPosition.uasset" 848
"E:/Unreal Projects/LeagueJourney/Content/Characters/Player/AI/Tasks/BTT_GetToCurrentPosition.uexp" 849
"E:/Unreal Projects/LeagueJourney/Content/Characters/Player/AI/Decorator/BTD_TeamPlayerHasBall.uasset" 850
"E:/Unreal Projects/LeagueJourney/Content/Characters/Player/AI/Decorator/BTD_TeamPlayerHasBall.uexp" 851
"E:/Unreal Projects/LeagueJourney/Content/Characters/Player/AI/Decorator/BTD_GoalkeeperBallComing.uasset" 852
"E:/Unreal Projects/LeagueJourney/Content/Characters/Player/AI/Decorator/BTD_GoalkeeperBallComing.uexp" 853
"E:/Unreal Projects/LeagueJourney/Content/Characters/Player/AI/Decorator/BTD_PlayerHasBall.uasset" 854
"E:/Unreal Projects/LeagueJourney/Content/Characters/Player/AI/Decorator/BTD_PlayerHasBall.uexp" 855
"E:/Unreal Projects/LeagueJourney/Content/Characters/Player/AI/Decorator/BTD_PlayerWantsBall.uasset" 856
"E:/Unreal Projects/LeagueJourney/Content/Characters/Player/AI/Decorator/BTD_PlayerWantsBall.uexp" 857
"E:/Unreal Projects/LeagueJourney/Content/Characters/Player/AI/Decorator/BTD_RandomChance.uasset" 858
"E:/Unreal Projects/LeagueJourney/Content/Characters/Player/AI/Decorator/BTD_RandomChance.uexp" 859
"E:/Unreal Projects/LeagueJourney/Content/Characters/Player/AI/Decorator/BTD_BallPossessed.uasset" 860
"E:/Unreal Projects/LeagueJourney/Content/Characters/Player/AI/Decorator/BTD_BallPossessed.uexp" 861
"E:/Unreal Projects/LeagueJourney/Content/Characters/Player/AI/BT_Goalkeep.uasset" 862
"E:/Unreal Projects/LeagueJourney/Content/Characters/Player/AI/BT_Goalkeep.uexp" 863
"E:/Unreal Projects/LeagueJourney/Content/Characters/Player/AI/AI_Goalkeeper.uasset" 864
"E:/Unreal Projects/LeagueJourney/Content/Characters/Player/AI/AI_Goalkeeper.uexp" 865
"E:/Unreal Projects/LeagueJourney/Content/Props/SFX/Portugues/pt_ann_welcome.ubulk" 866
"E:/Unreal Projects/LeagueJourney/Content/Props/SFX/Portugues/pt_ann_welcome.uasset" 867
"E:/Unreal Projects/LeagueJourney/Content/Props/SFX/Portugues/pt_ann_welcome.uexp" 868
"E:/Unreal Projects/LeagueJourney/Content/Camera/wfawf.uasset" 869
"E:/Unreal Projects/LeagueJourney/Content/Camera/wfawf.uexp" 870
"E:/Unreal Projects/LeagueJourney/Content/Camera/BP_Camera.uasset" 871
"E:/Unreal Projects/LeagueJourney/Content/Camera/BP_Camera.uexp" 872
"E:/Unreal Projects/LeagueJourney/Content/Characters/Player/SFX/NewSoundAttenuation.uasset" 873
"E:/Unreal Projects/LeagueJourney/Content/Characters/Player/SFX/NewSoundAttenuation.uexp" 874
"E:/Unreal Projects/LeagueJourney/Content/Characters/Player/Animations/Offensive/strikefowardjog_UE.uasset" 875
"E:/Unreal Projects/LeagueJourney/Content/Characters/Player/Animations/Offensive/strikefowardjog_UE.uexp" 876
"E:/Unreal Projects/LeagueJourney/Content/Characters/Player/Animations/Movement/jogforwarddiagonal_UE.uasset" 877
"E:/Unreal Projects/LeagueJourney/Content/Characters/Player/Animations/Movement/jogforwarddiagonal_UE.uexp" 878
"E:/Unreal Projects/LeagueJourney/Content/Characters/Player/Animations/Idle/offensiveidle_UE.uasset" 879
"E:/Unreal Projects/LeagueJourney/Content/Characters/Player/Animations/Idle/offensiveidle_UE.uexp" 880
"E:/Unreal Projects/LeagueJourney/Content/Characters/Player/Animations/Movement/jogbackward_UE.uasset" 881
"E:/Unreal Projects/LeagueJourney/Content/Characters/Player/Animations/Movement/jogbackward_UE.uexp" 882
"E:/Unreal Projects/LeagueJourney/Content/Characters/Player/Animations/Movement/jogforward_UE.uasset" 883
"E:/Unreal Projects/LeagueJourney/Content/Characters/Player/Animations/Movement/jogforward_UE.uexp" 884
"E:/Unreal Projects/LeagueJourney/Content/Characters/Player/Animations/BlendSpaces/FastRun_UE.uasset" 885
"E:/Unreal Projects/LeagueJourney/Content/Characters/Player/Animations/BlendSpaces/FastRun_UE.uexp" 886
"E:/Unreal Projects/LeagueJourney/Content/Characters/Player/Animations/Movement/jogstraferight_UE.uasset" 887
"E:/Unreal Projects/LeagueJourney/Content/Characters/Player/Animations/Movement/jogstraferight_UE.uexp" 888
"E:/Unreal Projects/LeagueJourney/Content/Characters/Player/Animations/Movement/jogforwarddiagonal_2__UE.uasset" 889
"E:/Unreal Projects/LeagueJourney/Content/Characters/Player/Animations/Movement/jogforwarddiagonal_2__UE.uexp" 890
"E:/Unreal Projects/LeagueJourney/Content/Characters/Player/Animations/Movement/jogstrafeleft_UE.uasset" 891
"E:/Unreal Projects/LeagueJourney/Content/Characters/Player/Animations/Movement/jogstrafeleft_UE.uexp" 892
"E:/Unreal Projects/LeagueJourney/Content/Characters/Player/Animations/BlendSpaces/MovementBlendSpace.uasset" 893
"E:/Unreal Projects/LeagueJourney/Content/Characters/Player/Animations/BlendSpaces/MovementBlendSpace.uexp" 894
"E:/Unreal Projects/LeagueJourney/Content/Characters/Player/SFX/555042__bittermelonheart__soccer-ball-kick.ubulk" 895
"E:/Unreal Projects/LeagueJourney/Content/Characters/Player/SFX/555042__bittermelonheart__soccer-ball-kick.uasset" 896
"E:/Unreal Projects/LeagueJourney/Content/Characters/Player/SFX/555042__bittermelonheart__soccer-ball-kick.uexp" 897
"E:/Unreal Projects/LeagueJourney/Content/Characters/Player/SFX/593848__igroglaz__slip-on-ice.ubulk" 898
"E:/Unreal Projects/LeagueJourney/Content/Characters/Player/SFX/593848__igroglaz__slip-on-ice.uasset" 899
"E:/Unreal Projects/LeagueJourney/Content/Characters/Player/SFX/593848__igroglaz__slip-on-ice.uexp" 900
"E:/Unreal Projects/LeagueJourney/Content/Characters/Player/CharacterAnimBlueprint.uasset" 901
"E:/Unreal Projects/LeagueJourney/Content/Characters/Player/CharacterAnimBlueprint.uexp" 902
"E:/Unreal Projects/LeagueJourney/Content/Characters/Player/Animations/Goalkeeper/goalkeeperidle_UE.uasset" 903
"E:/Unreal Projects/LeagueJourney/Content/Characters/Player/Animations/Goalkeeper/goalkeeperidle_UE.uexp" 904
"E:/Unreal Projects/LeagueJourney/Content/Characters/Player/GoalkeeperCharacterAnimBlueprint.uasset" 905
"E:/Unreal Projects/LeagueJourney/Content/Characters/Player/GoalkeeperCharacterAnimBlueprint.uexp" 906
"E:/Unreal Projects/LeagueJourney/Content/Props/SFX/NewSoundAttenuation.uasset" 907
"E:/Unreal Projects/LeagueJourney/Content/Props/SFX/NewSoundAttenuation.uexp" 908
"E:/Unreal Projects/LeagueJourney/Content/Props/SFX/BP_StadiumAnnouncer.uasset" 909
"E:/Unreal Projects/LeagueJourney/Content/Props/SFX/BP_StadiumAnnouncer.uexp" 910
"E:/Unreal Projects/LeagueJourney/Content/UserInteface/DuringMatch/UMGPauseMenu.uasset" 911
"E:/Unreal Projects/LeagueJourney/Content/UserInteface/DuringMatch/UMGPauseMenu.uexp" 912
"E:/Unreal Projects/LeagueJourney/Content/UserInteface/DuringMatch/UMGPlayerBar.uasset" 913
"E:/Unreal Projects/LeagueJourney/Content/UserInteface/DuringMatch/UMGPlayerBar.uexp" 914
"E:/Unreal Projects/LeagueJourney/Content/UserInteface/DuringMatch/logo_2x.uasset" 915
"E:/Unreal Projects/LeagueJourney/Content/UserInteface/DuringMatch/logo_2x.uexp" 916
"E:/Unreal Projects/LeagueJourney/Content/Props/SFX/Portugues/pt_ann_goloCasa.ubulk" 917
"E:/Unreal Projects/LeagueJourney/Content/Props/SFX/Portugues/pt_ann_goloCasa.uasset" 918
"E:/Unreal Projects/LeagueJourney/Content/Props/SFX/Portugues/pt_ann_goloCasa.uexp" 919
"E:/Unreal Projects/LeagueJourney/Content/Props/SFX/Portugues/pt_ann_goloFora.ubulk" 920
"E:/Unreal Projects/LeagueJourney/Content/Props/SFX/Portugues/pt_ann_goloFora.uasset" 921
"E:/Unreal Projects/LeagueJourney/Content/Props/SFX/Portugues/pt_ann_goloFora.uexp" 922
"E:/Unreal Projects/LeagueJourney/Content/UserInteface/DuringMatch/UMGScore.uasset" 923
"E:/Unreal Projects/LeagueJourney/Content/UserInteface/DuringMatch/UMGScore.uexp" 924
"E:/Unreal Projects/LeagueJourney/Content/UserInteface/DuringMatch/218318__splicesound__referee-whistle-blow-gymnasium.ubulk" 925
"E:/Unreal Projects/LeagueJourney/Content/UserInteface/DuringMatch/218318__splicesound__referee-whistle-blow-gymnasium.uasset" 926
"E:/Unreal Projects/LeagueJourney/Content/UserInteface/DuringMatch/218318__splicesound__referee-whistle-blow-gymnasium.uexp" 927
"E:/Unreal Projects/LeagueJourney/Content/UserInteface/DuringMatch/629028__imataco__race-countdown.ubulk" 928
"E:/Unreal Projects/LeagueJourney/Content/UserInteface/DuringMatch/629028__imataco__race-countdown.uasset" 929
"E:/Unreal Projects/LeagueJourney/Content/UserInteface/DuringMatch/629028__imataco__race-countdown.uexp" 930
"E:/Unreal Projects/LeagueJourney/Content/UserInteface/DuringMatch/UMGDefaultMatch.uasset" 931
"E:/Unreal Projects/LeagueJourney/Content/UserInteface/DuringMatch/UMGDefaultMatch.uexp" 932
"E:/Unreal Projects/LeagueJourney/Content/Characters/FootController.uasset" 933
"E:/Unreal Projects/LeagueJourney/Content/Characters/FootController.uexp" 934
"E:/Unreal Projects/LeagueJourney/Content/GameModes/MyFootballGameMode.uasset" 935
"E:/Unreal Projects/LeagueJourney/Content/GameModes/MyFootballGameMode.uexp" 936
"E:/Unreal Projects/LeagueJourney/Content/Characters/Player/AI/Decorator/BTD_MatchPaused.uasset" 937
"E:/Unreal Projects/LeagueJourney/Content/Characters/Player/AI/Decorator/BTD_MatchPaused.uexp" 938
"E:/Unreal Projects/LeagueJourney/Content/Characters/Player/AI/Decorator/BTD_Countdown.uasset" 939
"E:/Unreal Projects/LeagueJourney/Content/Characters/Player/AI/Decorator/BTD_Countdown.uexp" 940
"E:/Unreal Projects/LeagueJourney/Content/Characters/Player/AI/Decorator/BTD_CheckShotOpportunity.uasset" 941
"E:/Unreal Projects/LeagueJourney/Content/Characters/Player/AI/Decorator/BTD_CheckShotOpportunity.uexp" 942
"E:/Unreal Projects/LeagueJourney/Content/Characters/Player/AI/Decorator/BTD_KickOffEvent.uasset" 943
"E:/Unreal Projects/LeagueJourney/Content/Characters/Player/AI/Decorator/BTD_KickOffEvent.uexp" 944
"E:/Unreal Projects/LeagueJourney/Content/Characters/Player/Animations/Defensive/soccertackle_2__UE.uasset" 945
"E:/Unreal Projects/LeagueJourney/Content/Characters/Player/Animations/Defensive/soccertackle_2__UE.uexp" 946
"E:/Unreal Projects/LeagueJourney/Content/Characters/Player/Animations/Montages/soccertackle_2__UE_Montage.uasset" 947
"E:/Unreal Projects/LeagueJourney/Content/Characters/Player/Animations/Montages/soccertackle_2__UE_Montage.uexp" 948
"E:/Unreal Projects/LeagueJourney/Content/Characters/Player/AI/Tasks/BTT_Tackle.uasset" 949
"E:/Unreal Projects/LeagueJourney/Content/Characters/Player/AI/Tasks/BTT_Tackle.uexp" 950
"E:/Unreal Projects/LeagueJourney/Content/Characters/Player/Animations/Montages/Shoot_UE_Montage.uasset" 951
"E:/Unreal Projects/LeagueJourney/Content/Characters/Player/Animations/Montages/Shoot_UE_Montage.uexp" 952
"E:/Unreal Projects/LeagueJourney/Content/Characters/Player/AI/Tasks/BTT_Shoot.uasset" 953
"E:/Unreal Projects/LeagueJourney/Content/Characters/Player/AI/Tasks/BTT_Shoot.uexp" 954
"E:/Unreal Projects/LeagueJourney/Content/Characters/Player/AI/BT_Offense.uasset" 955
"E:/Unreal Projects/LeagueJourney/Content/Characters/Player/AI/BT_Offense.uexp" 956
"E:/Unreal Projects/LeagueJourney/Content/Characters/Player/AI/AI_Offense.uasset" 957
"E:/Unreal Projects/LeagueJourney/Content/Characters/Player/AI/AI_Offense.uexp" 958
"E:/Unreal Projects/LeagueJourney/Content/Props/Environment/Interactive/Pitch/white.uasset" 959
"E:/Unreal Projects/LeagueJourney/Content/Props/Environment/Interactive/Pitch/white.uexp" 960
"E:/Unreal Projects/LeagueJourney/Content/Characters/Player/Models/MixamoDefault/Ch38_1002_Normal.ubulk" 961
"E:/Unreal Projects/LeagueJourney/Content/Characters/Player/Models/MixamoDefault/Ch38_1002_Normal.uasset" 962
"E:/Unreal Projects/LeagueJourney/Content/Characters/Player/Models/MixamoDefault/Ch38_1002_Normal.uexp" 963
"E:/Unreal Projects/LeagueJourney/Content/Characters/Player/Models/MixamoDefault/Ch38_1002_Diffuse.ubulk" 964
"E:/Unreal Projects/LeagueJourney/Content/Characters/Player/Models/MixamoDefault/Ch38_1002_Diffuse.uasset" 965
"E:/Unreal Projects/LeagueJourney/Content/Characters/Player/Models/MixamoDefault/Ch38_1002_Diffuse.uexp" 966
"E:/Unreal Projects/LeagueJourney/Content/Characters/Player/Models/MixamoDefault/Ch38_hair.uasset" 967
"E:/Unreal Projects/LeagueJourney/Content/Characters/Player/Models/MixamoDefault/Ch38_hair.uexp" 968
"E:/Unreal Projects/LeagueJourney/Content/Characters/Player/Models/MixamoDefault/Ch38_1001_Diffuse.ubulk" 969
"E:/Unreal Projects/LeagueJourney/Content/Characters/Player/Models/MixamoDefault/Ch38_1001_Diffuse.uasset" 970
"E:/Unreal Projects/LeagueJourney/Content/Characters/Player/Models/MixamoDefault/Ch38_1001_Diffuse.uexp" 971
"E:/Unreal Projects/LeagueJourney/Content/Characters/Player/Models/MixamoDefault/Ch38_1001_Specular.ubulk" 972
"E:/Unreal Projects/LeagueJourney/Content/Characters/Player/Models/MixamoDefault/Ch38_1001_Specular.uasset" 973
"E:/Unreal Projects/LeagueJourney/Content/Characters/Player/Models/MixamoDefault/Ch38_1001_Specular.uexp" 974
"E:/Unreal Projects/LeagueJourney/Content/Characters/Player/Models/MixamoDefault/Ch38_1001_Glossiness.ubulk" 975
"E:/Unreal Projects/LeagueJourney/Content/Characters/Player/Models/MixamoDefault/Ch38_1001_Glossiness.uasset" 976
"E:/Unreal Projects/LeagueJourney/Content/Characters/Player/Models/MixamoDefault/Ch38_1001_Glossiness.uexp" 977
"E:/Unreal Projects/LeagueJourney/Content/Characters/Player/Models/MixamoDefault/Ch38_1001_Normal.ubulk" 978
"E:/Unreal Projects/LeagueJourney/Content/Characters/Player/Models/MixamoDefault/Ch38_1001_Normal.uasset" 979
"E:/Unreal Projects/LeagueJourney/Content/Characters/Player/Models/MixamoDefault/Ch38_1001_Normal.uexp" 980
"E:/Unreal Projects/LeagueJourney/Content/Characters/Player/Models/MixamoDefault/Ch38_body.uasset" 981
"E:/Unreal Projects/LeagueJourney/Content/Characters/Player/Models/MixamoDefault/Ch38_body.uexp" 982
"E:/Unreal Projects/LeagueJourney/Content/Characters/Player/Models/MixamoDefault/Ch38_nonPBR_UE_PhysicsAsset.uasset" 983
"E:/Unreal Projects/LeagueJourney/Content/Characters/Player/Models/MixamoDefault/Ch38_nonPBR_UE_PhysicsAsset.uexp" 984
"E:/Unreal Projects/LeagueJourney/Content/Characters/Player/Models/MixamoDefault/Ch38_nonPBR_UE.uasset" 985
"E:/Unreal Projects/LeagueJourney/Content/Characters/Player/Models/MixamoDefault/Ch38_nonPBR_UE.uexp" 986
"E:/Unreal Projects/LeagueJourney/Content/Characters/Player/PlayerInput/Actions/IA_Pass.uasset" 987
"E:/Unreal Projects/LeagueJourney/Content/Characters/Player/PlayerInput/Actions/IA_Pass.uexp" 988
"E:/Unreal Projects/LeagueJourney/Content/Characters/Player/PlayerInput/Actions/IA_Sprint.uasset" 989
"E:/Unreal Projects/LeagueJourney/Content/Characters/Player/PlayerInput/Actions/IA_Sprint.uexp" 990
"E:/Unreal Projects/LeagueJourney/Content/Characters/Player/PlayerInput/Actions/IA_Tackle.uasset" 991
"E:/Unreal Projects/LeagueJourney/Content/Characters/Player/PlayerInput/Actions/IA_Tackle.uexp" 992
"E:/Unreal Projects/LeagueJourney/Content/Characters/Player/PlayerInput/Actions/IA_Shoot.uasset" 993
"E:/Unreal Projects/LeagueJourney/Content/Characters/Player/PlayerInput/Actions/IA_Shoot.uexp" 994
"E:/Unreal Projects/LeagueJourney/Content/Characters/Player/PlayerInput/Actions/IA_ShootChip.uasset" 995
"E:/Unreal Projects/LeagueJourney/Content/Characters/Player/PlayerInput/Actions/IA_ShootChip.uexp" 996
"E:/Unreal Projects/LeagueJourney/Content/Characters/Player/PlayerInput/Actions/IA_Cross.uasset" 997
"E:/Unreal Projects/LeagueJourney/Content/Characters/Player/PlayerInput/Actions/IA_Cross.uexp" 998
"E:/Unreal Projects/LeagueJourney/Content/Characters/Player/PlayerInput/Actions/IA_Switch.uasset" 999
"E:/Unreal Projects/LeagueJourney/Content/Characters/Player/PlayerInput/Actions/IA_Switch.uexp" 1000
"E:/Unreal Projects/LeagueJourney/Content/Characters/Player/PlayerInput/Actions/IA_Move.uasset" 1001
"E:/Unreal Projects/LeagueJourney/Content/Characters/Player/PlayerInput/Actions/IA_Move.uexp" 1002
"E:/Unreal Projects/LeagueJourney/Content/Characters/Player/PlayerInput/NewInputMappingContext.uasset" 1003
"E:/Unreal Projects/LeagueJourney/Content/Characters/Player/PlayerInput/NewInputMappingContext.uexp" 1004
"E:/Unreal Projects/LeagueJourney/Content/Characters/Player/Animations/Retarded/soccertrip_UE.uasset" 1005
"E:/Unreal Projects/LeagueJourney/Content/Characters/Player/Animations/Retarded/soccertrip_UE.uexp" 1006
"E:/Unreal Projects/LeagueJourney/Content/Characters/Player/Animations/Montages/soccertrip_UE_Montage.uasset" 1007
"E:/Unreal Projects/LeagueJourney/Content/Characters/Player/Animations/Montages/soccertrip_UE_Montage.uexp" 1008
"E:/Unreal Projects/LeagueJourney/Content/Characters/Player/Animations/Possession/kicksoccerball_UE.uasset" 1009
"E:/Unreal Projects/LeagueJourney/Content/Characters/Player/Animations/Possession/kicksoccerball_UE.uexp" 1010
"E:/Unreal Projects/LeagueJourney/Content/Characters/Player/Animations/Montages/kicksoccerball_UE_Montage.uasset" 1011
"E:/Unreal Projects/LeagueJourney/Content/Characters/Player/Animations/Montages/kicksoccerball_UE_Montage.uexp" 1012
"../../../Engine/Plugins/2D/Paper2D/Content/TranslucentUnlitSpriteMaterial.uasset" 1013
"../../../Engine/Plugins/2D/Paper2D/Content/TranslucentUnlitSpriteMaterial.uexp" 1014
"E:/Unreal Projects/LeagueJourney/Content/Characters/Player/circle_4x.uasset" 1015
"E:/Unreal Projects/LeagueJourney/Content/Characters/Player/circle_4x.uexp" 1016
"E:/Unreal Projects/LeagueJourney/Content/Characters/Player/circle_4x_Sprite.uasset" 1017
"E:/Unreal Projects/LeagueJourney/Content/Characters/Player/circle_4x_Sprite.uexp" 1018
"E:/Unreal Projects/LeagueJourney/Content/Characters/Player/Footballer.uasset" 1019
"E:/Unreal Projects/LeagueJourney/Content/Characters/Player/Footballer.uexp" 1020
"E:/Unreal Projects/LeagueJourney/Content/UserInteface/DuringMatch/UMGMap.uasset" 1021
"E:/Unreal Projects/LeagueJourney/Content/UserInteface/DuringMatch/UMGMap.uexp" 1022
"E:/Unreal Projects/LeagueJourney/Content/UserInteface/DuringMatch/NewBlueprint.uasset" 1023
"E:/Unreal Projects/LeagueJourney/Content/UserInteface/DuringMatch/NewBlueprint.uexp" 1024
"E:/Unreal Projects/LeagueJourney/Content/UserInteface/DuringMatch/loadbar.uasset" 1025
"E:/Unreal Projects/LeagueJourney/Content/UserInteface/DuringMatch/loadbar.uexp" 1026
"E:/Unreal Projects/LeagueJourney/Content/UserInteface/DuringMatch/Xbox_Series/XboxSeriesX_A.uasset" 1027
"E:/Unreal Projects/LeagueJourney/Content/UserInteface/DuringMatch/Xbox_Series/XboxSeriesX_A.uexp" 1028
"E:/Unreal Projects/LeagueJourney/Content/UserInteface/DuringMatch/HalfTime.uasset" 1029
"E:/Unreal Projects/LeagueJourney/Content/UserInteface/DuringMatch/HalfTime.uexp" 1030
"E:/Unreal Projects/LeagueJourney/Content/UserInteface/DuringMatch/Xbox_Series/XboxSeriesX_Y.uasset" 1031
"E:/Unreal Projects/LeagueJourney/Content/UserInteface/DuringMatch/Xbox_Series/XboxSeriesX_Y.uexp" 1032
"E:/Unreal Projects/LeagueJourney/Content/UserInteface/DuringMatch/Xbox_Series/XboxSeriesX_X.uasset" 1033
"E:/Unreal Projects/LeagueJourney/Content/UserInteface/DuringMatch/Xbox_Series/XboxSeriesX_X.uexp" 1034
"E:/Unreal Projects/LeagueJourney/Content/UserInteface/DuringMatch/Xbox_Series/XboxSeriesX_View.uasset" 1035
"E:/Unreal Projects/LeagueJourney/Content/UserInteface/DuringMatch/Xbox_Series/XboxSeriesX_View.uexp" 1036
"E:/Unreal Projects/LeagueJourney/Content/UserInteface/DuringMatch/Xbox_Series/XboxSeriesX_Share.uasset" 1037
"E:/Unreal Projects/LeagueJourney/Content/UserInteface/DuringMatch/Xbox_Series/XboxSeriesX_Share.uexp" 1038
"E:/Unreal Projects/LeagueJourney/Content/UserInteface/DuringMatch/Xbox_Series/XboxSeriesX_RT.uasset" 1039
"E:/Unreal Projects/LeagueJourney/Content/UserInteface/DuringMatch/Xbox_Series/XboxSeriesX_RT.uexp" 1040
"E:/Unreal Projects/LeagueJourney/Content/UserInteface/DuringMatch/Xbox_Series/XboxSeriesX_Right_Stick_Click.uasset" 1041
"E:/Unreal Projects/LeagueJourney/Content/UserInteface/DuringMatch/Xbox_Series/XboxSeriesX_Right_Stick_Click.uexp" 1042
"E:/Unreal Projects/LeagueJourney/Content/UserInteface/DuringMatch/Xbox_Series/XboxSeriesX_Right_Stick.uasset" 1043
"E:/Unreal Projects/LeagueJourney/Content/UserInteface/DuringMatch/Xbox_Series/XboxSeriesX_Right_Stick.uexp" 1044
"E:/Unreal Projects/LeagueJourney/Content/UserInteface/DuringMatch/Xbox_Series/XboxSeriesX_RB.uasset" 1045
"E:/Unreal Projects/LeagueJourney/Content/UserInteface/DuringMatch/Xbox_Series/XboxSeriesX_RB.uexp" 1046
"E:/Unreal Projects/LeagueJourney/Content/UserInteface/DuringMatch/Xbox_Series/XboxSeriesX_Menu.uasset" 1047
"E:/Unreal Projects/LeagueJourney/Content/UserInteface/DuringMatch/Xbox_Series/XboxSeriesX_Menu.uexp" 1048
"E:/Unreal Projects/LeagueJourney/Content/UserInteface/DuringMatch/Xbox_Series/XboxSeriesX_LT.uasset" 1049
"E:/Unreal Projects/LeagueJourney/Content/UserInteface/DuringMatch/Xbox_Series/XboxSeriesX_LT.uexp" 1050
"E:/Unreal Projects/LeagueJourney/Content/UserInteface/DuringMatch/Xbox_Series/XboxSeriesX_Left_Stick_Click.uasset" 1051
"E:/Unreal Projects/LeagueJourney/Content/UserInteface/DuringMatch/Xbox_Series/XboxSeriesX_Left_Stick_Click.uexp" 1052
"E:/Unreal Projects/LeagueJourney/Content/UserInteface/DuringMatch/Xbox_Series/XboxSeriesX_Left_Stick.uasset" 1053
"E:/Unreal Projects/LeagueJourney/Content/UserInteface/DuringMatch/Xbox_Series/XboxSeriesX_Left_Stick.uexp" 1054
"E:/Unreal Projects/LeagueJourney/Content/UserInteface/DuringMatch/Xbox_Series/XboxSeriesX_LB.uasset" 1055
"E:/Unreal Projects/LeagueJourney/Content/UserInteface/DuringMatch/Xbox_Series/XboxSeriesX_LB.uexp" 1056
"E:/Unreal Projects/LeagueJourney/Content/UserInteface/DuringMatch/Xbox_Series/XboxSeriesX_Dpad_Up.uasset" 1057
"E:/Unreal Projects/LeagueJourney/Content/UserInteface/DuringMatch/Xbox_Series/XboxSeriesX_Dpad_Up.uexp" 1058
"E:/Unreal Projects/LeagueJourney/Content/UserInteface/DuringMatch/Xbox_Series/XboxSeriesX_Dpad_Right.uasset" 1059
"E:/Unreal Projects/LeagueJourney/Content/UserInteface/DuringMatch/Xbox_Series/XboxSeriesX_Dpad_Right.uexp" 1060
"E:/Unreal Projects/LeagueJourney/Content/UserInteface/DuringMatch/Xbox_Series/XboxSeriesX_Dpad_Left.uasset" 1061
"E:/Unreal Projects/LeagueJourney/Content/UserInteface/DuringMatch/Xbox_Series/XboxSeriesX_Dpad_Left.uexp" 1062
"E:/Unreal Projects/LeagueJourney/Content/UserInteface/DuringMatch/Xbox_Series/XboxSeriesX_Dpad_Down.uasset" 1063
"E:/Unreal Projects/LeagueJourney/Content/UserInteface/DuringMatch/Xbox_Series/XboxSeriesX_Dpad_Down.uexp" 1064
"E:/Unreal Projects/LeagueJourney/Content/UserInteface/DuringMatch/Xbox_Series/XboxSeriesX_Dpad.uasset" 1065
"E:/Unreal Projects/LeagueJourney/Content/UserInteface/DuringMatch/Xbox_Series/XboxSeriesX_Dpad.uexp" 1066
"E:/Unreal Projects/LeagueJourney/Content/UserInteface/DuringMatch/Xbox_Series/XboxSeriesX_Diagram_Simple.uasset" 1067
"E:/Unreal Projects/LeagueJourney/Content/UserInteface/DuringMatch/Xbox_Series/XboxSeriesX_Diagram_Simple.uexp" 1068
"E:/Unreal Projects/LeagueJourney/Content/UserInteface/DuringMatch/Xbox_Series/XboxSeriesX_Diagram.uasset" 1069
"E:/Unreal Projects/LeagueJourney/Content/UserInteface/DuringMatch/Xbox_Series/XboxSeriesX_Diagram.uexp" 1070
"E:/Unreal Projects/LeagueJourney/Content/UserInteface/DuringMatch/Xbox_Series/XboxSeriesX_B.uasset" 1071
"E:/Unreal Projects/LeagueJourney/Content/UserInteface/DuringMatch/Xbox_Series/XboxSeriesX_B.uexp" 1072
"E:/Unreal Projects/LeagueJourney/Content/ThirdPerson/Maps/ThirdPersonMap_BuiltData.ubulk" 1073
"E:/Unreal Projects/LeagueJourney/Content/ThirdPerson/Maps/ThirdPersonMap_BuiltData.uasset" 1074
"E:/Unreal Projects/LeagueJourney/Content/ThirdPerson/Maps/ThirdPersonMap_BuiltData.uexp" 1075
"E:/Unreal Projects/LeagueJourney/Content/StarterContent/Materials/M_Basic_Wall.uasset" 1076
"E:/Unreal Projects/LeagueJourney/Content/StarterContent/Materials/M_Basic_Wall.uexp" 1077
"E:/Unreal Projects/LeagueJourney/Content/StarterContent/Shapes/Shape_WideCapsule.ubulk" 1078
"E:/Unreal Projects/LeagueJourney/Content/StarterContent/Shapes/Shape_WideCapsule.uasset" 1079
"E:/Unreal Projects/LeagueJourney/Content/StarterContent/Shapes/Shape_WideCapsule.uexp" 1080
"E:/Unreal Projects/LeagueJourney/Content/StarterContent/Shapes/Shape_Wedge_B.ubulk" 1081
"E:/Unreal Projects/LeagueJourney/Content/StarterContent/Shapes/Shape_Wedge_B.uasset" 1082
"E:/Unreal Projects/LeagueJourney/Content/StarterContent/Shapes/Shape_Wedge_B.uexp" 1083
"E:/Unreal Projects/LeagueJourney/Content/StarterContent/Shapes/Shape_Wedge_A.ubulk" 1084
"E:/Unreal Projects/LeagueJourney/Content/StarterContent/Shapes/Shape_Wedge_A.uasset" 1085
"E:/Unreal Projects/LeagueJourney/Content/StarterContent/Shapes/Shape_Wedge_A.uexp" 1086
"E:/Unreal Projects/LeagueJourney/Content/StarterContent/Shapes/Shape_Tube.ubulk" 1087
"E:/Unreal Projects/LeagueJourney/Content/StarterContent/Shapes/Shape_Tube.uasset" 1088
"E:/Unreal Projects/LeagueJourney/Content/StarterContent/Shapes/Shape_Tube.uexp" 1089
"E:/Unreal Projects/LeagueJourney/Content/StarterContent/Shapes/Shape_TriPyramid.ubulk" 1090
"E:/Unreal Projects/LeagueJourney/Content/StarterContent/Shapes/Shape_TriPyramid.uasset" 1091
"E:/Unreal Projects/LeagueJourney/Content/StarterContent/Shapes/Shape_TriPyramid.uexp" 1092
"E:/Unreal Projects/LeagueJourney/Content/StarterContent/Shapes/Shape_Trim_90_Out.ubulk" 1093
"E:/Unreal Projects/LeagueJourney/Content/StarterContent/Shapes/Shape_Trim_90_Out.uasset" 1094
"E:/Unreal Projects/LeagueJourney/Content/StarterContent/Shapes/Shape_Trim_90_Out.uexp" 1095
"E:/Unreal Projects/LeagueJourney/Content/StarterContent/Shapes/Shape_Trim_90_In.ubulk" 1096
"E:/Unreal Projects/LeagueJourney/Content/StarterContent/Shapes/Shape_Trim_90_In.uasset" 1097
"E:/Unreal Projects/LeagueJourney/Content/StarterContent/Shapes/Shape_Trim_90_In.uexp" 1098
"E:/Unreal Projects/LeagueJourney/Content/StarterContent/Shapes/Shape_Trim.ubulk" 1099
"E:/Unreal Projects/LeagueJourney/Content/StarterContent/Shapes/Shape_Trim.uasset" 1100
"E:/Unreal Projects/LeagueJourney/Content/StarterContent/Shapes/Shape_Trim.uexp" 1101
"E:/Unreal Projects/LeagueJourney/Content/StarterContent/Shapes/Shape_Torus.ubulk" 1102
"E:/Unreal Projects/LeagueJourney/Content/StarterContent/Shapes/Shape_Torus.uasset" 1103
"E:/Unreal Projects/LeagueJourney/Content/StarterContent/Shapes/Shape_Torus.uexp" 1104
"E:/Unreal Projects/LeagueJourney/Content/StarterContent/Shapes/Shape_Plane.ubulk" 1105
"E:/Unreal Projects/LeagueJourney/Content/StarterContent/Shapes/Shape_Plane.uasset" 1106
"E:/Unreal Projects/LeagueJourney/Content/StarterContent/Shapes/Shape_Plane.uexp" 1107
"E:/Unreal Projects/LeagueJourney/Content/StarterContent/Shapes/Shape_Pipe_90.ubulk" 1108
"E:/Unreal Projects/LeagueJourney/Content/StarterContent/Shapes/Shape_Pipe_90.uasset" 1109
"E:/Unreal Projects/LeagueJourney/Content/StarterContent/Shapes/Shape_Pipe_90.uexp" 1110
"E:/Unreal Projects/LeagueJourney/Content/StarterContent/Shapes/Shape_Pipe_180.ubulk" 1111
"E:/Unreal Projects/LeagueJourney/Content/StarterContent/Shapes/Shape_Pipe_180.uasset" 1112
"E:/Unreal Projects/LeagueJourney/Content/StarterContent/Shapes/Shape_Pipe_180.uexp" 1113
"E:/Unreal Projects/LeagueJourney/Content/StarterContent/Shapes/Shape_Pipe.ubulk" 1114
"E:/Unreal Projects/LeagueJourney/Content/StarterContent/Shapes/Shape_Pipe.uasset" 1115
"E:/Unreal Projects/LeagueJourney/Content/StarterContent/Shapes/Shape_Pipe.uexp" 1116
"E:/Unreal Projects/LeagueJourney/Content/StarterContent/Shapes/Shape_NarrowCapsule.ubulk" 1117
"E:/Unreal Projects/LeagueJourney/Content/StarterContent/Shapes/Shape_NarrowCapsule.uasset" 1118
"E:/Unreal Projects/LeagueJourney/Content/StarterContent/Shapes/Shape_NarrowCapsule.uexp" 1119
"E:/Unreal Projects/LeagueJourney/Content/StarterContent/Shapes/Shape_Cylinder.ubulk" 1120
"E:/Unreal Projects/LeagueJourney/Content/StarterContent/Shapes/Shape_Cylinder.uasset" 1121
"E:/Unreal Projects/LeagueJourney/Content/StarterContent/Shapes/Shape_Cylinder.uexp" 1122
"E:/Unreal Projects/LeagueJourney/Content/StarterContent/Shapes/Shape_Cone.ubulk" 1123
"E:/Unreal Projects/LeagueJourney/Content/StarterContent/Shapes/Shape_Cone.uasset" 1124
"E:/Unreal Projects/LeagueJourney/Content/StarterContent/Shapes/Shape_Cone.uexp" 1125
"E:/Unreal Projects/LeagueJourney/Content/StarterContent/Materials/M_Basic_Floor.uasset" 1126
"E:/Unreal Projects/LeagueJourney/Content/StarterContent/Materials/M_Basic_Floor.uexp" 1127
"E:/Unreal Projects/LeagueJourney/Content/StarterContent/Props/SM_Stairs.ubulk" 1128
"E:/Unreal Projects/LeagueJourney/Content/StarterContent/Props/SM_Stairs.uasset" 1129
"E:/Unreal Projects/LeagueJourney/Content/StarterContent/Props/SM_Stairs.uexp" 1130
"E:/Unreal Projects/LeagueJourney/Content/StarterContent/Textures/T_Shelf_N.ubulk" 1131
"E:/Unreal Projects/LeagueJourney/Content/StarterContent/Textures/T_Shelf_N.uasset" 1132
"E:/Unreal Projects/LeagueJourney/Content/StarterContent/Textures/T_Shelf_N.uexp" 1133
"E:/Unreal Projects/LeagueJourney/Content/StarterContent/Textures/T_Shelf_M.ubulk" 1134
"E:/Unreal Projects/LeagueJourney/Content/StarterContent/Textures/T_Shelf_M.uasset" 1135
"E:/Unreal Projects/LeagueJourney/Content/StarterContent/Textures/T_Shelf_M.uexp" 1136
"E:/Unreal Projects/LeagueJourney/Content/StarterContent/Props/Materials/M_Shelf.uasset" 1137
"E:/Unreal Projects/LeagueJourney/Content/StarterContent/Props/Materials/M_Shelf.uexp" 1138
"E:/Unreal Projects/LeagueJourney/Content/StarterContent/Props/SM_Shelf.ubulk" 1139
"E:/Unreal Projects/LeagueJourney/Content/StarterContent/Props/SM_Shelf.uasset" 1140
"E:/Unreal Projects/LeagueJourney/Content/StarterContent/Props/SM_Shelf.uexp" 1141
"../../../Engine/Content/Functions/Engine_MaterialFunctions02/Utility/BlendAngleCorrectedNormals.uasset" 1142
"../../../Engine/Content/Functions/Engine_MaterialFunctions02/Utility/BlendAngleCorrectedNormals.uexp" 1143
"E:/Unreal Projects/LeagueJourney/Content/StarterContent/Textures/T_Detail_Rocky_N.ubulk" 1144
"E:/Unreal Projects/LeagueJourney/Content/StarterContent/Textures/T_Detail_Rocky_N.uasset" 1145
"E:/Unreal Projects/LeagueJourney/Content/StarterContent/Textures/T_Detail_Rocky_N.uexp" 1146
"E:/Unreal Projects/LeagueJourney/Content/StarterContent/Textures/T_Rock_Basalt_D.ubulk" 1147
"E:/Unreal Projects/LeagueJourney/Content/StarterContent/Textures/T_Rock_Basalt_D.uasset" 1148
"E:/Unreal Projects/LeagueJourney/Content/StarterContent/Textures/T_Rock_Basalt_D.uexp" 1149
"E:/Unreal Projects/LeagueJourney/Content/StarterContent/Textures/T_RockMesh_N.ubulk" 1150
"E:/Unreal Projects/LeagueJourney/Content/StarterContent/Textures/T_RockMesh_N.uasset" 1151
"E:/Unreal Projects/LeagueJourney/Content/StarterContent/Textures/T_RockMesh_N.uexp" 1152
"E:/Unreal Projects/LeagueJourney/Content/StarterContent/Textures/T_RockMesh_M.ubulk" 1153
"E:/Unreal Projects/LeagueJourney/Content/StarterContent/Textures/T_RockMesh_M.uasset" 1154
"E:/Unreal Projects/LeagueJourney/Content/StarterContent/Textures/T_RockMesh_M.uexp" 1155
"E:/Unreal Projects/LeagueJourney/Content/StarterContent/Props/Materials/M_Rock.uasset" 1156
"E:/Unreal Projects/LeagueJourney/Content/StarterContent/Props/Materials/M_Rock.uexp" 1157
"E:/Unreal Projects/LeagueJourney/Content/StarterContent/Props/SM_Rock.ubulk" 1158
"E:/Unreal Projects/LeagueJourney/Content/StarterContent/Props/SM_Rock.uasset" 1159
"E:/Unreal Projects/LeagueJourney/Content/StarterContent/Props/SM_Rock.uexp" 1160
"E:/Unreal Projects/LeagueJourney/Content/StarterContent/Materials/M_Glass.uasset" 1161
"E:/Unreal Projects/LeagueJourney/Content/StarterContent/Materials/M_Glass.uexp" 1162
"E:/Unreal Projects/LeagueJourney/Content/StarterContent/Textures/T_Door_N.ubulk" 1163
"E:/Unreal Projects/LeagueJourney/Content/StarterContent/Textures/T_Door_N.uasset" 1164
"E:/Unreal Projects/LeagueJourney/Content/StarterContent/Textures/T_Door_N.uexp" 1165
"E:/Unreal Projects/LeagueJourney/Content/StarterContent/Textures/T_Door_M.ubulk" 1166
"E:/Unreal Projects/LeagueJourney/Content/StarterContent/Textures/T_Door_M.uasset" 1167
"E:/Unreal Projects/LeagueJourney/Content/StarterContent/Textures/T_Door_M.uexp" 1168
"E:/Unreal Projects/LeagueJourney/Content/StarterContent/Props/Materials/M_Door.uasset" 1169
"E:/Unreal Projects/LeagueJourney/Content/StarterContent/Props/Materials/M_Door.uexp" 1170
"E:/Unreal Projects/LeagueJourney/Content/StarterContent/Props/SM_Door.ubulk" 1171
"E:/Unreal Projects/LeagueJourney/Content/StarterContent/Props/SM_Door.uasset" 1172
"E:/Unreal Projects/LeagueJourney/Content/StarterContent/Props/SM_Door.uexp" 1173
"E:/Unreal Projects/LeagueJourney/Content/StarterContent/Textures/T_Chair_N.ubulk" 1174
"E:/Unreal Projects/LeagueJourney/Content/StarterContent/Textures/T_Chair_N.uasset" 1175
"E:/Unreal Projects/LeagueJourney/Content/StarterContent/Textures/T_Chair_N.uexp" 1176
"E:/Unreal Projects/LeagueJourney/Content/StarterContent/Textures/T_Chair_M.ubulk" 1177
"E:/Unreal Projects/LeagueJourney/Content/StarterContent/Textures/T_Chair_M.uasset" 1178
"E:/Unreal Projects/LeagueJourney/Content/StarterContent/Textures/T_Chair_M.uexp" 1179
"E:/Unreal Projects/LeagueJourney/Content/StarterContent/Props/Materials/M_Chair.uasset" 1180
"E:/Unreal Projects/LeagueJourney/Content/StarterContent/Props/Materials/M_Chair.uexp" 1181
"E:/Unreal Projects/LeagueJourney/Content/StarterContent/Props/SM_Couch.ubulk" 1182
"E:/Unreal Projects/LeagueJourney/Content/StarterContent/Props/SM_Couch.uasset" 1183
"E:/Unreal Projects/LeagueJourney/Content/StarterContent/Props/SM_Couch.uexp" 1184
"E:/Unreal Projects/LeagueJourney/Content/StarterContent/Textures/T_Bush_N.ubulk" 1185
"E:/Unreal Projects/LeagueJourney/Content/StarterContent/Textures/T_Bush_N.uasset" 1186
"E:/Unreal Projects/LeagueJourney/Content/StarterContent/Textures/T_Bush_N.uexp" 1187
"E:/Unreal Projects/LeagueJourney/Content/StarterContent/Textures/T_Bush_D.ubulk" 1188
"E:/Unreal Projects/LeagueJourney/Content/StarterContent/Textures/T_Bush_D.uasset" 1189
"E:/Unreal Projects/LeagueJourney/Content/StarterContent/Textures/T_Bush_D.uexp" 1190
"E:/Unreal Projects/LeagueJourney/Content/StarterContent/Props/Materials/M_Bush.uasset" 1191
"E:/Unreal Projects/LeagueJourney/Content/StarterContent/Props/Materials/M_Bush.uexp" 1192
"E:/Unreal Projects/LeagueJourney/Content/StarterContent/Props/SM_Bush.ubulk" 1193
"E:/Unreal Projects/LeagueJourney/Content/StarterContent/Props/SM_Bush.uasset" 1194
"E:/Unreal Projects/LeagueJourney/Content/StarterContent/Props/SM_Bush.uexp" 1195
"../../../Engine/Content/EditorMeshes/ColorCalibrator/T_ColorGrid.ubulk" 1196
"../../../Engine/Content/EditorMeshes/ColorCalibrator/T_ColorGrid.uasset" 1197
"../../../Engine/Content/EditorMeshes/ColorCalibrator/T_ColorGrid.uexp" 1198
"E:/Unreal Projects/LeagueJourney/Content/StarterContent/Materials/M_ColorGrid_LowSpec.uasset" 1199
"E:/Unreal Projects/LeagueJourney/Content/StarterContent/Materials/M_ColorGrid_LowSpec.uexp" 1200
"E:/Unreal Projects/LeagueJourney/Content/StarterContent/Textures/T_Smoke_SubUV.ubulk" 1201
"E:/Unreal Projects/LeagueJourney/Content/StarterContent/Textures/T_Smoke_SubUV.uasset" 1202
"E:/Unreal Projects/LeagueJourney/Content/StarterContent/Textures/T_Smoke_SubUV.uexp" 1203
"E:/Unreal Projects/LeagueJourney/Content/StarterContent/Textures/T_Smoke_Tiled_D.ubulk" 1204
"E:/Unreal Projects/LeagueJourney/Content/StarterContent/Textures/T_Smoke_Tiled_D.uasset" 1205
"E:/Unreal Projects/LeagueJourney/Content/StarterContent/Textures/T_Smoke_Tiled_D.uexp" 1206
"E:/Unreal Projects/LeagueJourney/Content/StarterContent/Particles/Materials/M_smoke_subUV.uasset" 1207
"E:/Unreal Projects/LeagueJourney/Content/StarterContent/Particles/Materials/M_smoke_subUV.uexp" 1208
"E:/Unreal Projects/LeagueJourney/Content/StarterContent/Textures/T_Burst_M.ubulk" 1209
"E:/Unreal Projects/LeagueJourney/Content/StarterContent/Textures/T_Burst_M.uasset" 1210
"E:/Unreal Projects/LeagueJourney/Content/StarterContent/Textures/T_Burst_M.uexp" 1211
"E:/Unreal Projects/LeagueJourney/Content/StarterContent/Particles/Materials/M_Burst.uasset" 1212
"E:/Unreal Projects/LeagueJourney/Content/StarterContent/Particles/Materials/M_Burst.uexp" 1213
"E:/Unreal Projects/LeagueJourney/Content/StarterContent/Particles/Materials/m_flare_01.uasset" 1214
"E:/Unreal Projects/LeagueJourney/Content/StarterContent/Particles/Materials/m_flare_01.uexp" 1215
"E:/Unreal Projects/LeagueJourney/Content/StarterContent/Textures/T_Explosion_SubUV.ubulk" 1216
"E:/Unreal Projects/LeagueJourney/Content/StarterContent/Textures/T_Explosion_SubUV.uasset" 1217
"E:/Unreal Projects/LeagueJourney/Content/StarterContent/Textures/T_Explosion_SubUV.uexp" 1218
"E:/Unreal Projects/LeagueJourney/Content/StarterContent/Particles/Materials/M_explosion_subUV.uasset" 1219
"E:/Unreal Projects/LeagueJourney/Content/StarterContent/Particles/Materials/M_explosion_subUV.uexp" 1220
"../../../Engine/Content/Functions/Engine_MaterialFunctions01/Gradient/RadialGradient.uasset" 1221
"../../../Engine/Content/Functions/Engine_MaterialFunctions01/Gradient/RadialGradient.uexp" 1222
"E:/Unreal Projects/LeagueJourney/Content/StarterContent/Particles/Materials/M_radial_ramp.uasset" 1223
"E:/Unreal Projects/LeagueJourney/Content/StarterContent/Particles/Materials/M_radial_ramp.uexp" 1224
"E:/Unreal Projects/LeagueJourney/Content/StarterContent/Particles/P_Explosion.uasset" 1225
"E:/Unreal Projects/LeagueJourney/Content/StarterContent/Particles/P_Explosion.uexp" 1226
"E:/Unreal Projects/LeagueJourney/Content/StarterContent/Audio/Explosion_Cue.uasset" 1227
"E:/Unreal Projects/LeagueJourney/Content/StarterContent/Audio/Explosion_Cue.uexp" 1228
"E:/Unreal Projects/LeagueJourney/Content/StarterContent/Blueprints/Blueprint_Effect_Explosion.uasset" 1229
"E:/Unreal Projects/LeagueJourney/Content/StarterContent/Blueprints/Blueprint_Effect_Explosion.uexp" 1230
"E:/Unreal Projects/LeagueJourney/Content/StarterContent/Audio/Steam01.ubulk" 1231
"E:/Unreal Projects/LeagueJourney/Content/StarterContent/Audio/Steam01.uasset" 1232
"E:/Unreal Projects/LeagueJourney/Content/StarterContent/Audio/Steam01.uexp" 1233
"E:/Unreal Projects/LeagueJourney/Content/StarterContent/Audio/Starter_Wind06.ubulk" 1234
"E:/Unreal Projects/LeagueJourney/Content/StarterContent/Audio/Starter_Wind06.uasset" 1235
"E:/Unreal Projects/LeagueJourney/Content/StarterContent/Audio/Starter_Wind06.uexp" 1236
"E:/Unreal Projects/LeagueJourney/Content/StarterContent/Audio/Starter_Wind05.ubulk" 1237
"E:/Unreal Projects/LeagueJourney/Content/StarterContent/Audio/Starter_Wind05.uasset" 1238
"E:/Unreal Projects/LeagueJourney/Content/StarterContent/Audio/Starter_Wind05.uexp" 1239
"E:/Unreal Projects/LeagueJourney/Content/StarterContent/Audio/Starter_Music01.ubulk" 1240
"E:/Unreal Projects/LeagueJourney/Content/StarterContent/Audio/Starter_Music01.uasset" 1241
"E:/Unreal Projects/LeagueJourney/Content/StarterContent/Audio/Starter_Music01.uexp" 1242
"E:/Unreal Projects/LeagueJourney/Content/StarterContent/Audio/Starter_Birds01.ubulk" 1243
"E:/Unreal Projects/LeagueJourney/Content/StarterContent/Audio/Starter_Birds01.uasset" 1244
"E:/Unreal Projects/LeagueJourney/Content/StarterContent/Audio/Starter_Birds01.uexp" 1245
"E:/Unreal Projects/LeagueJourney/Content/StarterContent/Audio/Smoke01.ubulk" 1246
"E:/Unreal Projects/LeagueJourney/Content/StarterContent/Audio/Smoke01.uasset" 1247
"E:/Unreal Projects/LeagueJourney/Content/StarterContent/Audio/Smoke01.uexp" 1248
"E:/Unreal Projects/LeagueJourney/Content/StarterContent/Audio/Light02_Cue.uasset" 1249
"E:/Unreal Projects/LeagueJourney/Content/StarterContent/Audio/Light02_Cue.uexp" 1250
"E:/Unreal Projects/LeagueJourney/Content/StarterContent/Audio/Light02.ubulk" 1251
"E:/Unreal Projects/LeagueJourney/Content/StarterContent/Audio/Light02.uasset" 1252
"E:/Unreal Projects/LeagueJourney/Content/StarterContent/Audio/Light02.uexp" 1253
"E:/Unreal Projects/LeagueJourney/Content/StarterContent/Audio/Light01_Cue.uasset" 1254
"E:/Unreal Projects/LeagueJourney/Content/StarterContent/Audio/Light01_Cue.uexp" 1255
"E:/Unreal Projects/LeagueJourney/Content/StarterContent/Audio/Light01.ubulk" 1256
"E:/Unreal Projects/LeagueJourney/Content/StarterContent/Audio/Light01.uasset" 1257
"E:/Unreal Projects/LeagueJourney/Content/StarterContent/Audio/Light01.uexp" 1258
"E:/Unreal Projects/LeagueJourney/Content/StarterContent/Audio/Fire_Sparks01.ubulk" 1259
"E:/Unreal Projects/LeagueJourney/Content/StarterContent/Audio/Fire_Sparks01.uasset" 1260
"E:/Unreal Projects/LeagueJourney/Content/StarterContent/Audio/Fire_Sparks01.uexp" 1261
"E:/Unreal Projects/LeagueJourney/Content/StarterContent/Audio/Fire01.ubulk" 1262
"E:/Unreal Projects/LeagueJourney/Content/StarterContent/Audio/Fire01.uasset" 1263
"E:/Unreal Projects/LeagueJourney/Content/StarterContent/Audio/Fire01.uexp" 1264
"E:/Unreal Projects/LeagueJourney/Content/StarterContent/Audio/Explosion02.ubulk" 1265
"E:/Unreal Projects/LeagueJourney/Content/StarterContent/Audio/Explosion02.uasset" 1266
"E:/Unreal Projects/LeagueJourney/Content/StarterContent/Audio/Explosion02.uexp" 1267
"E:/Unreal Projects/LeagueJourney/Content/StarterContent/Audio/Explosion01.ubulk" 1268
"E:/Unreal Projects/LeagueJourney/Content/StarterContent/Audio/Explosion01.uasset" 1269
"E:/Unreal Projects/LeagueJourney/Content/StarterContent/Audio/Explosion01.uexp" 1270
"E:/Unreal Projects/LeagueJourney/Content/StarterContent/Audio/Collapse02.ubulk" 1271
"E:/Unreal Projects/LeagueJourney/Content/StarterContent/Audio/Collapse02.uasset" 1272
"E:/Unreal Projects/LeagueJourney/Content/StarterContent/Audio/Collapse02.uexp" 1273
"E:/Unreal Projects/LeagueJourney/Content/StarterContent/Audio/Collapse01.ubulk" 1274
"E:/Unreal Projects/LeagueJourney/Content/StarterContent/Audio/Collapse01.uasset" 1275
"E:/Unreal Projects/LeagueJourney/Content/StarterContent/Audio/Collapse01.uexp" 1276
"E:/Unreal Projects/LeagueJourney/Content/StarterContent/Architecture/Wall_Window_400x400.ubulk" 1277
"E:/Unreal Projects/LeagueJourney/Content/StarterContent/Architecture/Wall_Window_400x400.uasset" 1278
"E:/Unreal Projects/LeagueJourney/Content/StarterContent/Architecture/Wall_Window_400x400.uexp" 1279
"E:/Unreal Projects/LeagueJourney/Content/StarterContent/Architecture/Wall_Door_400x400.ubulk" 1280
"E:/Unreal Projects/LeagueJourney/Content/StarterContent/Architecture/Wall_Door_400x400.uasset" 1281
"E:/Unreal Projects/LeagueJourney/Content/StarterContent/Architecture/Wall_Door_400x400.uexp" 1282
"E:/Unreal Projects/LeagueJourney/Content/StarterContent/Architecture/Wall_500x500.ubulk" 1283
"E:/Unreal Projects/LeagueJourney/Content/StarterContent/Architecture/Wall_500x500.uasset" 1284
"E:/Unreal Projects/LeagueJourney/Content/StarterContent/Architecture/Wall_500x500.uexp" 1285
"E:/Unreal Projects/LeagueJourney/Content/StarterContent/Architecture/Wall_400x400.ubulk" 1286
"E:/Unreal Projects/LeagueJourney/Content/StarterContent/Architecture/Wall_400x400.uasset" 1287
"E:/Unreal Projects/LeagueJourney/Content/StarterContent/Architecture/Wall_400x400.uexp" 1288
"E:/Unreal Projects/LeagueJourney/Content/StarterContent/Architecture/Wall_400x300.ubulk" 1289
"E:/Unreal Projects/LeagueJourney/Content/StarterContent/Architecture/Wall_400x300.uasset" 1290
"E:/Unreal Projects/LeagueJourney/Content/StarterContent/Architecture/Wall_400x300.uexp" 1291
"E:/Unreal Projects/LeagueJourney/Content/StarterContent/Architecture/Pillar_50x500.ubulk" 1292
"E:/Unreal Projects/LeagueJourney/Content/StarterContent/Architecture/Pillar_50x500.uasset" 1293
"E:/Unreal Projects/LeagueJourney/Content/StarterContent/Architecture/Pillar_50x500.uexp" 1294
"../../../Engine/Plugins/FX/Niagara/Content/Enums/SpriteRenderer/ENiagara_ScaleSpriteSize.uasset" 1295
"../../../Engine/Plugins/FX/Niagara/Content/Enums/SpriteRenderer/ENiagara_ScaleSpriteSize.uexp" 1296
"../../../Engine/Plugins/FX/Niagara/Content/Enums/ENiagaraSphereDistributionMode.uasset" 1297
"../../../Engine/Plugins/FX/Niagara/Content/Enums/ENiagaraSphereDistributionMode.uexp" 1298
"../../../Engine/Plugins/FX/Niagara/Content/Enums/ENiagaraRandomnessMode.uasset" 1299
"../../../Engine/Plugins/FX/Niagara/Content/Enums/ENiagaraRandomnessMode.uexp" 1300
"../../../Engine/Plugins/FX/Niagara/Content/Enums/ENiagaraTorusDistributionMode.uasset" 1301
"../../../Engine/Plugins/FX/Niagara/Content/Enums/ENiagaraTorusDistributionMode.uexp" 1302
"../../../Engine/Plugins/FX/Niagara/Content/Enums/ENiagaraRandomnessEvaluation.uasset" 1303
"../../../Engine/Plugins/FX/Niagara/Content/Enums/ENiagaraRandomnessEvaluation.uexp" 1304
"../../../Engine/Plugins/FX/Niagara/Content/Enums/Location/ENiagara_LocationShapes.uasset" 1305
"../../../Engine/Plugins/FX/Niagara/Content/Enums/Location/ENiagara_LocationShapes.uexp" 1306
"../../../Engine/Plugins/FX/Niagara/Content/Enums/ENiagara_MassInitializationMode.uasset" 1307
"../../../Engine/Plugins/FX/Niagara/Content/Enums/ENiagara_MassInitializationMode.uexp" 1308
"../../../Engine/Plugins/FX/Niagara/Content/Enums/Location/ENiagara_CylinderMode.uasset" 1309
"../../../Engine/Plugins/FX/Niagara/Content/Enums/Location/ENiagara_CylinderMode.uexp" 1310
"../../../Engine/Plugins/FX/Niagara/Content/Enums/ENiagaraCollisionRadiusOptions.uasset" 1311
"../../../Engine/Plugins/FX/Niagara/Content/Enums/ENiagaraCollisionRadiusOptions.uexp" 1312
"../../../Engine/Plugins/FX/Niagara/Content/Enums/ENiagaraFrictionMergeType.uasset" 1313
"../../../Engine/Plugins/FX/Niagara/Content/Enums/ENiagaraFrictionMergeType.uexp" 1314
"../../../Engine/Plugins/FX/Niagara/Content/Enums/ENiagara_PositionInitializationMode.uasset" 1315
"../../../Engine/Plugins/FX/Niagara/Content/Enums/ENiagara_PositionInitializationMode.uexp" 1316
"../../../Engine/Plugins/FX/Niagara/Content/Icons/Modules/T_Icon_Solver_LimitSpeed.uasset" 1317
"../../../Engine/Plugins/FX/Niagara/Content/Icons/Modules/T_Icon_Solver_LimitSpeed.uexp" 1318
"../../../Engine/Plugins/FX/Niagara/Content/Icons/Modules/T_Icon_Solver_RotationalSolve.uasset" 1319
"../../../Engine/Plugins/FX/Niagara/Content/Icons/Modules/T_Icon_Solver_RotationalSolve.uexp" 1320
"../../../Engine/Plugins/FX/Niagara/Content/Icons/Modules/T_Icon_Solver_LimitAccel.uasset" 1321
"../../../Engine/Plugins/FX/Niagara/Content/Icons/Modules/T_Icon_Solver_LimitAccel.uexp" 1322
"E:/Unreal Projects/LeagueJourney/Content/StarterContent/Particles/Materials/M_flare_subUV.uasset" 1323
"E:/Unreal Projects/LeagueJourney/Content/StarterContent/Particles/Materials/M_flare_subUV.uexp" 1324
"../../../Engine/Plugins/FX/Niagara/Content/Enums/ENiagaraScaleColorMode.uasset" 1325
"../../../Engine/Plugins/FX/Niagara/Content/Enums/ENiagaraScaleColorMode.uexp" 1326
"../../../Engine/Plugins/FX/Niagara/Content/Enums/ENiagara_SizeScaleMode.uasset" 1327
"../../../Engine/Plugins/FX/Niagara/Content/Enums/ENiagara_SizeScaleMode.uexp" 1328
"../../../Engine/Plugins/FX/Niagara/Content/Enums/ENiagara_UVFlippingMode.uasset" 1329
"../../../Engine/Plugins/FX/Niagara/Content/Enums/ENiagara_UVFlippingMode.uexp" 1330
"../../../Engine/Plugins/FX/Niagara/Content/Enums/ENiagara_GPUCollisionType.uasset" 1331
"../../../Engine/Plugins/FX/Niagara/Content/Enums/ENiagara_GPUCollisionType.uexp" 1332
"../../../Engine/Plugins/FX/Niagara/Content/Enums/Ribbons/ENiagara_UnsetDirectSetRandom.uasset" 1333
"../../../Engine/Plugins/FX/Niagara/Content/Enums/Ribbons/ENiagara_UnsetDirectSetRandom.uexp" 1334
"../../../Engine/Plugins/FX/Niagara/Content/Enums/ENiagara_LifetimeMode.uasset" 1335
"../../../Engine/Plugins/FX/Niagara/Content/Enums/ENiagara_LifetimeMode.uexp" 1336
"../../../Engine/Plugins/FX/Niagara/Content/Enums/Ribbons/ENiagara_UnsetDirectSet.uasset" 1337
"../../../Engine/Plugins/FX/Niagara/Content/Enums/Ribbons/ENiagara_UnsetDirectSet.uexp" 1338
"../../../Engine/Plugins/FX/Niagara/Content/Enums/ENiagara_SpriteRotationMode.uasset" 1339
"../../../Engine/Plugins/FX/Niagara/Content/Enums/ENiagara_SpriteRotationMode.uexp" 1340
"../../../Engine/Plugins/FX/Niagara/Content/Enums/ENiagara_ColorInitializationMode.uasset" 1341
"../../../Engine/Plugins/FX/Niagara/Content/Enums/ENiagara_ColorInitializationMode.uexp" 1342
"../../../Engine/Plugins/FX/Niagara/Content/Enums/ENiagaraChannelCorrelation.uasset" 1343
"../../../Engine/Plugins/FX/Niagara/Content/Enums/ENiagaraChannelCorrelation.uexp" 1344
"../../../Engine/Plugins/FX/Niagara/Content/Enums/Transforms/ENiagara_ScaleMode.uasset" 1345
"../../../Engine/Plugins/FX/Niagara/Content/Enums/Transforms/ENiagara_ScaleMode.uexp" 1346
"../../../Engine/Plugins/FX/Niagara/Content/Enums/Angles/ENiagara_AngleInput.uasset" 1347
"../../../Engine/Plugins/FX/Niagara/Content/Enums/Angles/ENiagara_AngleInput.uexp" 1348
"../../../Engine/Plugins/FX/Niagara/Content/Enums/Utility/ENiagara_VelocityMode.uasset" 1349
"../../../Engine/Plugins/FX/Niagara/Content/Enums/Utility/ENiagara_VelocityMode.uexp" 1350
"../../../Engine/Plugins/FX/Niagara/Content/Enums/Transforms/ENiagara_RotationMode.uasset" 1351
"../../../Engine/Plugins/FX/Niagara/Content/Enums/Transforms/ENiagara_RotationMode.uexp" 1352
"../../../Engine/Plugins/FX/Niagara/Content/Enums/ENiagaraEmitterLifeCycleMode.uasset" 1353
"../../../Engine/Plugins/FX/Niagara/Content/Enums/ENiagaraEmitterLifeCycleMode.uexp" 1354
"../../../Engine/Plugins/FX/Niagara/Content/Enums/ENiagara_InfiniteLoopDuration.uasset" 1355
"../../../Engine/Plugins/FX/Niagara/Content/Enums/ENiagara_InfiniteLoopDuration.uexp" 1356
"../../../Engine/Plugins/FX/Niagara/Content/Enums/ENiagara_EmitterStateOptions.uasset" 1357
"../../../Engine/Plugins/FX/Niagara/Content/Enums/ENiagara_EmitterStateOptions.uexp" 1358
"../../../Engine/Plugins/FX/Niagara/Content/Enums/ENiagaraInactiveMode.uasset" 1359
"../../../Engine/Plugins/FX/Niagara/Content/Enums/ENiagaraInactiveMode.uexp" 1360
"../../../Engine/Plugins/FX/Niagara/Content/Enums/ENiagaraExecutionStateManagement.uasset" 1361
"../../../Engine/Plugins/FX/Niagara/Content/Enums/ENiagaraExecutionStateManagement.uexp" 1362
"../../../Engine/Plugins/FX/Niagara/Content/Enums/ENiagaraEmitterScalabilityMode_Limited.uasset" 1363
"../../../Engine/Plugins/FX/Niagara/Content/Enums/ENiagaraEmitterScalabilityMode_Limited.uexp" 1364
"../../../Engine/Plugins/FX/Niagara/Content/Enums/Location/ENiagara_ConeMode.uasset" 1365
"../../../Engine/Plugins/FX/Niagara/Content/Enums/Location/ENiagara_ConeMode.uexp" 1366
"../../../Engine/Plugins/FX/Niagara/Content/Enums/ENiagaraCalculateRadiusOptions.uasset" 1367
"../../../Engine/Plugins/FX/Niagara/Content/Enums/ENiagaraCalculateRadiusOptions.uexp" 1368
"../../../Engine/Plugins/FX/Niagara/Content/Enums/ENiagaraSystemInactiveMode.uasset" 1369
"../../../Engine/Plugins/FX/Niagara/Content/Enums/ENiagaraSystemInactiveMode.uexp" 1370
"../../../Engine/Plugins/FX/Niagara/Content/Enums/ENiagara_AttributeSamplingApplyOutput.uasset" 1371
"../../../Engine/Plugins/FX/Niagara/Content/Enums/ENiagara_AttributeSamplingApplyOutput.uexp" 1372
"../../../Engine/Plugins/FX/Niagara/Content/Enums/ENiagara_CPUCollisionType.uasset" 1373
"../../../Engine/Plugins/FX/Niagara/Content/Enums/ENiagara_CPUCollisionType.uexp" 1374
"../../../Engine/Plugins/FX/Niagara/Content/Enums/ENiagaraRestitutionMergeType.uasset" 1375
"../../../Engine/Plugins/FX/Niagara/Content/Enums/ENiagaraRestitutionMergeType.uexp" 1376
"../../../Engine/Plugins/FX/Niagara/Content/Enums/Transforms/ENiagara_OffsetMode.uasset" 1377
"../../../Engine/Plugins/FX/Niagara/Content/Enums/Transforms/ENiagara_OffsetMode.uexp" 1378
"../../../Engine/Plugins/FX/Niagara/Content/Enums/Location/ENiagara_BoxPlaneMode.uasset" 1379
"../../../Engine/Plugins/FX/Niagara/Content/Enums/Location/ENiagara_BoxPlaneMode.uexp" 1380
"../../../Engine/Plugins/FX/Niagara/Content/Enums/Transforms/ENiagara_TransformOrder.uasset" 1381
"../../../Engine/Plugins/FX/Niagara/Content/Enums/Transforms/ENiagara_TransformOrder.uexp" 1382
"../../../Engine/Plugins/FX/Niagara/Content/Enums/Location/ENiagaraRingDiscMode.uasset" 1383
"../../../Engine/Plugins/FX/Niagara/Content/Enums/Location/ENiagaraRingDiscMode.uexp" 1384
"../../../Engine/Plugins/FX/Niagara/Content/Enums/ENiagaraShapeTorusMode.uasset" 1385
"../../../Engine/Plugins/FX/Niagara/Content/Enums/ENiagaraShapeTorusMode.uexp" 1386
"../../../Engine/Plugins/FX/Niagara/Content/Enums/ENiagaraExpansionMode.uasset" 1387
"../../../Engine/Plugins/FX/Niagara/Content/Enums/ENiagaraExpansionMode.uexp" 1388
"../../../Engine/Plugins/FX/Niagara/Content/Enums/Transforms/ENiagara_TransformType.uasset" 1389
"../../../Engine/Plugins/FX/Niagara/Content/Enums/Transforms/ENiagara_TransformType.uexp" 1390
"../../../Engine/Plugins/FX/Niagara/Content/Icons/Modules/T_Icon_Particle_InfiniteLife.uasset" 1391
"../../../Engine/Plugins/FX/Niagara/Content/Icons/Modules/T_Icon_Particle_InfiniteLife.uexp" 1392
"../../../Engine/Plugins/FX/Niagara/Content/Enums/ENiagara_Float4Channel.uasset" 1393
"../../../Engine/Plugins/FX/Niagara/Content/Enums/ENiagara_Float4Channel.uexp" 1394
"E:/Unreal Projects/LeagueJourney/Content/Props/Stadiums/MCB/flare.uasset" 1395
"E:/Unreal Projects/LeagueJourney/Content/Props/Stadiums/MCB/flare.uexp" 1396
"E:/Unreal Projects/LeagueJourney/Content/Visual/Textures/T_Turf_Normal.ubulk" 1397
"E:/Unreal Projects/LeagueJourney/Content/Visual/Textures/T_Turf_Normal.uasset" 1398
"E:/Unreal Projects/LeagueJourney/Content/Visual/Textures/T_Turf_Normal.uexp" 1399
"E:/Unreal Projects/LeagueJourney/Content/Visual/Textures/T_Turf_Roughness.ubulk" 1400
"E:/Unreal Projects/LeagueJourney/Content/Visual/Textures/T_Turf_Roughness.uasset" 1401
"E:/Unreal Projects/LeagueJourney/Content/Visual/Textures/T_Turf_Roughness.uexp" 1402
"E:/Unreal Projects/LeagueJourney/Content/Visual/Textures/T_Turf_AO.ubulk" 1403
"E:/Unreal Projects/LeagueJourney/Content/Visual/Textures/T_Turf_AO.uasset" 1404
"E:/Unreal Projects/LeagueJourney/Content/Visual/Textures/T_Turf_AO.uexp" 1405
"E:/Unreal Projects/LeagueJourney/Content/Visual/Textures/T_Turf_Albedo.ubulk" 1406
"E:/Unreal Projects/LeagueJourney/Content/Visual/Textures/T_Turf_Albedo.uasset" 1407
"E:/Unreal Projects/LeagueJourney/Content/Visual/Textures/T_Turf_Albedo.uexp" 1408
"E:/Unreal Projects/LeagueJourney/Content/Visual/Textures/T_Turf_Lines.uasset" 1409
"E:/Unreal Projects/LeagueJourney/Content/Visual/Textures/T_Turf_Lines.uexp" 1410
"E:/Unreal Projects/LeagueJourney/Content/Visual/Materials/M_Pitch.uasset" 1411
"E:/Unreal Projects/LeagueJourney/Content/Visual/Materials/M_Pitch.uexp" 1412
"E:/Unreal Projects/LeagueJourney/Content/Props/Stadiums/MCB/mcb_str2_muro.ubulk" 1413
"E:/Unreal Projects/LeagueJourney/Content/Props/Stadiums/MCB/mcb_str2_muro.uasset" 1414
"E:/Unreal Projects/LeagueJourney/Content/Props/Stadiums/MCB/mcb_str2_muro.uexp" 1415
"E:/Unreal Projects/LeagueJourney/Content/Props/Stadiums/MCB/mcb_str2_floor1.ubulk" 1416
"E:/Unreal Projects/LeagueJourney/Content/Props/Stadiums/MCB/mcb_str2_floor1.uasset" 1417
"E:/Unreal Projects/LeagueJourney/Content/Props/Stadiums/MCB/mcb_str2_floor1.uexp" 1418
"E:/Unreal Projects/LeagueJourney/Content/Props/Stadiums/MCB/mcb_str2_floor0.ubulk" 1419
"E:/Unreal Projects/LeagueJourney/Content/Props/Stadiums/MCB/mcb_str2_floor0.uasset" 1420
"E:/Unreal Projects/LeagueJourney/Content/Props/Stadiums/MCB/mcb_str2_floor0.uexp" 1421
"E:/Unreal Projects/LeagueJourney/Content/Props/Stadiums/MCB/mcb_str1_muro.ubulk" 1422
"E:/Unreal Projects/LeagueJourney/Content/Props/Stadiums/MCB/mcb_str1_muro.uasset" 1423
"E:/Unreal Projects/LeagueJourney/Content/Props/Stadiums/MCB/mcb_str1_muro.uexp" 1424
"E:/Unreal Projects/LeagueJourney/Content/Props/Stadiums/MCB/mcb_str1_garden.ubulk" 1425
"E:/Unreal Projects/LeagueJourney/Content/Props/Stadiums/MCB/mcb_str1_garden.uasset" 1426
"E:/Unreal Projects/LeagueJourney/Content/Props/Stadiums/MCB/mcb_str1_garden.uexp" 1427
"E:/Unreal Projects/LeagueJourney/Content/Props/Stadiums/MCB/mcb_str1_floor.ubulk" 1428
"E:/Unreal Projects/LeagueJourney/Content/Props/Stadiums/MCB/mcb_str1_floor.uasset" 1429
"E:/Unreal Projects/LeagueJourney/Content/Props/Stadiums/MCB/mcb_str1_floor.uexp" 1430
"E:/Unreal Projects/LeagueJourney/Content/Props/Stadiums/MCB/mcb_str0_tunnel.ubulk" 1431
"E:/Unreal Projects/LeagueJourney/Content/Props/Stadiums/MCB/mcb_str0_tunnel.uasset" 1432
"E:/Unreal Projects/LeagueJourney/Content/Props/Stadiums/MCB/mcb_str0_tunnel.uexp" 1433
"E:/Unreal Projects/LeagueJourney/Content/Props/Stadiums/MCB/mcb_str0_seat.ubulk" 1434
"E:/Unreal Projects/LeagueJourney/Content/Props/Stadiums/MCB/mcb_str0_seat.uasset" 1435
"E:/Unreal Projects/LeagueJourney/Content/Props/Stadiums/MCB/mcb_str0_seat.uexp" 1436
"E:/Unreal Projects/LeagueJourney/Content/Props/Stadiums/MCB/mcb_str0_muro.ubulk" 1437
"E:/Unreal Projects/LeagueJourney/Content/Props/Stadiums/MCB/mcb_str0_muro.uasset" 1438
"E:/Unreal Projects/LeagueJourney/Content/Props/Stadiums/MCB/mcb_str0_muro.uexp" 1439
"E:/Unreal Projects/LeagueJourney/Content/Props/Stadiums/MCB/mcb_str0_house_walls.ubulk" 1440
"E:/Unreal Projects/LeagueJourney/Content/Props/Stadiums/MCB/mcb_str0_house_walls.uasset" 1441
"E:/Unreal Projects/LeagueJourney/Content/Props/Stadiums/MCB/mcb_str0_house_walls.uexp" 1442
"E:/Unreal Projects/LeagueJourney/Content/Props/Stadiums/MCB/mcb_str0_house.ubulk" 1443
"E:/Unreal Projects/LeagueJourney/Content/Props/Stadiums/MCB/mcb_str0_house.uasset" 1444
"E:/Unreal Projects/LeagueJourney/Content/Props/Stadiums/MCB/mcb_str0_house.uexp" 1445
"E:/Unreal Projects/LeagueJourney/Content/Props/Stadiums/MCB/mcb_str0_floor2.ubulk" 1446
"E:/Unreal Projects/LeagueJourney/Content/Props/Stadiums/MCB/mcb_str0_floor2.uasset" 1447
"E:/Unreal Projects/LeagueJourney/Content/Props/Stadiums/MCB/mcb_str0_floor2.uexp" 1448
"E:/Unreal Projects/LeagueJourney/Content/Props/Stadiums/MCB/mcb_str0_floor1.ubulk" 1449
"E:/Unreal Projects/LeagueJourney/Content/Props/Stadiums/MCB/mcb_str0_floor1.uasset" 1450
"E:/Unreal Projects/LeagueJourney/Content/Props/Stadiums/MCB/mcb_str0_floor1.uexp" 1451
"E:/Unreal Projects/LeagueJourney/Content/Props/Stadiums/MCB/mcb_str0_floor0.ubulk" 1452
"E:/Unreal Projects/LeagueJourney/Content/Props/Stadiums/MCB/mcb_str0_floor0.uasset" 1453
"E:/Unreal Projects/LeagueJourney/Content/Props/Stadiums/MCB/mcb_str0_floor0.uexp" 1454
"E:/Unreal Projects/LeagueJourney/Content/Props/Stadiums/MCB/mcb_str0_ceil.ubulk" 1455
"E:/Unreal Projects/LeagueJourney/Content/Props/Stadiums/MCB/mcb_str0_ceil.uasset" 1456
"E:/Unreal Projects/LeagueJourney/Content/Props/Stadiums/MCB/mcb_str0_ceil.uexp" 1457
"E:/Unreal Projects/LeagueJourney/Content/Props/Stadiums/MCB/mcb_pitch_pitch_001.ubulk" 1458
"E:/Unreal Projects/LeagueJourney/Content/Props/Stadiums/MCB/mcb_pitch_pitch_001.uasset" 1459
"E:/Unreal Projects/LeagueJourney/Content/Props/Stadiums/MCB/mcb_pitch_pitch_001.uexp" 1460
"E:/Unreal Projects/LeagueJourney/Content/Props/Stadiums/MCB/mcb_pitch_pitch.ubulk" 1461
"E:/Unreal Projects/LeagueJourney/Content/Props/Stadiums/MCB/mcb_pitch_pitch.uasset" 1462
"E:/Unreal Projects/LeagueJourney/Content/Props/Stadiums/MCB/mcb_pitch_pitch.uexp" 1463
"E:/Unreal Projects/LeagueJourney/Content/Visual/Textures/T_RoundStone_Albedo.ubulk" 1464
"E:/Unreal Projects/LeagueJourney/Content/Visual/Textures/T_RoundStone_Albedo.uasset" 1465
"E:/Unreal Projects/LeagueJourney/Content/Visual/Textures/T_RoundStone_Albedo.uexp" 1466
"E:/Unreal Projects/LeagueJourney/Content/Visual/Textures/T_RoundStone_AO.ubulk" 1467
"E:/Unreal Projects/LeagueJourney/Content/Visual/Textures/T_RoundStone_AO.uasset" 1468
"E:/Unreal Projects/LeagueJourney/Content/Visual/Textures/T_RoundStone_AO.uexp" 1469
"E:/Unreal Projects/LeagueJourney/Content/Visual/Textures/T_RoundStone_Roughness.ubulk" 1470
"E:/Unreal Projects/LeagueJourney/Content/Visual/Textures/T_RoundStone_Roughness.uasset" 1471
"E:/Unreal Projects/LeagueJourney/Content/Visual/Textures/T_RoundStone_Roughness.uexp" 1472
"E:/Unreal Projects/LeagueJourney/Content/Visual/Textures/T_RoundStone_Normal.ubulk" 1473
"E:/Unreal Projects/LeagueJourney/Content/Visual/Textures/T_RoundStone_Normal.uasset" 1474
"E:/Unreal Projects/LeagueJourney/Content/Visual/Textures/T_RoundStone_Normal.uexp" 1475
"E:/Unreal Projects/LeagueJourney/Content/Visual/Materials/M_RoundStone.uasset" 1476
"E:/Unreal Projects/LeagueJourney/Content/Visual/Materials/M_RoundStone.uexp" 1477
"E:/Unreal Projects/LeagueJourney/Content/Props/Stadiums/MCB/Materials/M_MCB_OldWall.uasset" 1478
"E:/Unreal Projects/LeagueJourney/Content/Props/Stadiums/MCB/Materials/M_MCB_OldWall.uexp" 1479
"E:/Unreal Projects/LeagueJourney/Content/Visual/Materials/M_Plastic.uasset" 1480
"E:/Unreal Projects/LeagueJourney/Content/Visual/Materials/M_Plastic.uexp" 1481
"E:/Unreal Projects/LeagueJourney/Content/Props/Stadiums/MCB/Materials/M_MCB_Seats.uasset" 1482
"E:/Unreal Projects/LeagueJourney/Content/Props/Stadiums/MCB/Materials/M_MCB_Seats.uexp" 1483
"E:/Unreal Projects/LeagueJourney/Content/StarterContent/Textures/T_Ground_Grass_D.ubulk" 1484
"E:/Unreal Projects/LeagueJourney/Content/StarterContent/Textures/T_Ground_Grass_D.uasset" 1485
"E:/Unreal Projects/LeagueJourney/Content/StarterContent/Textures/T_Ground_Grass_D.uexp" 1486
"E:/Unreal Projects/LeagueJourney/Content/StarterContent/Textures/T_MacroVariation.uasset" 1487
"E:/Unreal Projects/LeagueJourney/Content/StarterContent/Textures/T_MacroVariation.uexp" 1488
"E:/Unreal Projects/LeagueJourney/Content/Visual/Materials/M_Grass.uasset" 1489
"E:/Unreal Projects/LeagueJourney/Content/Visual/Materials/M_Grass.uexp" 1490
"E:/Unreal Projects/LeagueJourney/Content/Props/Stadiums/MCB/Materials/M_MCB_OutterGrass.uasset" 1491
"E:/Unreal Projects/LeagueJourney/Content/Props/Stadiums/MCB/Materials/M_MCB_OutterGrass.uexp" 1492
"E:/Unreal Projects/LeagueJourney/Content/Visual/Textures/T_BadConcrete_Normal.ubulk" 1493
"E:/Unreal Projects/LeagueJourney/Content/Visual/Textures/T_BadConcrete_Normal.uasset" 1494
"E:/Unreal Projects/LeagueJourney/Content/Visual/Textures/T_BadConcrete_Normal.uexp" 1495
"E:/Unreal Projects/LeagueJourney/Content/Visual/Textures/T_BadConcrete_AO.ubulk" 1496
"E:/Unreal Projects/LeagueJourney/Content/Visual/Textures/T_BadConcrete_AO.uasset" 1497
"E:/Unreal Projects/LeagueJourney/Content/Visual/Textures/T_BadConcrete_AO.uexp" 1498
"E:/Unreal Projects/LeagueJourney/Content/Visual/Textures/T_BadConcrete_Albedo.ubulk" 1499
"E:/Unreal Projects/LeagueJourney/Content/Visual/Textures/T_BadConcrete_Albedo.uasset" 1500
"E:/Unreal Projects/LeagueJourney/Content/Visual/Textures/T_BadConcrete_Albedo.uexp" 1501
"E:/Unreal Projects/LeagueJourney/Content/Visual/Textures/T_BadConcrete_Roughness.ubulk" 1502
"E:/Unreal Projects/LeagueJourney/Content/Visual/Textures/T_BadConcrete_Roughness.uasset" 1503
"E:/Unreal Projects/LeagueJourney/Content/Visual/Textures/T_BadConcrete_Roughness.uexp" 1504
"E:/Unreal Projects/LeagueJourney/Content/Visual/Materials/M_BadConcrete.uasset" 1505
"E:/Unreal Projects/LeagueJourney/Content/Visual/Materials/M_BadConcrete.uexp" 1506
"E:/Unreal Projects/LeagueJourney/Content/Props/Stadiums/MCB/Materials/M_MCB_NewWall.uasset" 1507
"E:/Unreal Projects/LeagueJourney/Content/Props/Stadiums/MCB/Materials/M_MCB_NewWall.uexp" 1508
"E:/Unreal Projects/LeagueJourney/Content/Visual/Materials/M_Glass.uasset" 1509
"E:/Unreal Projects/LeagueJourney/Content/Visual/Materials/M_Glass.uexp" 1510
"E:/Unreal Projects/LeagueJourney/Content/Props/Stadiums/MCB/Materials/M_MCB_House_Glass.uasset" 1511
"E:/Unreal Projects/LeagueJourney/Content/Props/Stadiums/MCB/Materials/M_MCB_House_Glass.uexp" 1512
"E:/Unreal Projects/LeagueJourney/Content/Props/Stadiums/MCB/Materials/M_MCB_Grass.uasset" 1513
"E:/Unreal Projects/LeagueJourney/Content/Props/Stadiums/MCB/Materials/M_MCB_Grass.uexp" 1514
"E:/Unreal Projects/LeagueJourney/Content/Props/Stadiums/MCB/Materials/M_MCB_Garden_Grass.uasset" 1515
"E:/Unreal Projects/LeagueJourney/Content/Props/Stadiums/MCB/Materials/M_MCB_Garden_Grass.uexp" 1516
"E:/Unreal Projects/LeagueJourney/Content/Props/Stadiums/MCB/Materials/M_MCB_Ceiling.uasset" 1517
"E:/Unreal Projects/LeagueJourney/Content/Props/Stadiums/MCB/Materials/M_MCB_Ceiling.uexp" 1518
"E:/Unreal Projects/LeagueJourney/Content/Props/Ads/Material/MaterialEletronics.uasset" 1519
"E:/Unreal Projects/LeagueJourney/Content/Props/Ads/Material/MaterialEletronics.uexp" 1520
"E:/Unreal Projects/LeagueJourney/Content/Props/Ads/Models/otherstuff_Plane.ubulk" 1521
"E:/Unreal Projects/LeagueJourney/Content/Props/Ads/Models/otherstuff_Plane.uasset" 1522
"E:/Unreal Projects/LeagueJourney/Content/Props/Ads/Models/otherstuff_Plane.uexp" 1523
"E:/Unreal Projects/LeagueJourney/Content/Props/Ads/Models/otherstuff_Cube_004.ubulk" 1524
"E:/Unreal Projects/LeagueJourney/Content/Props/Ads/Models/otherstuff_Cube_004.uasset" 1525
"E:/Unreal Projects/LeagueJourney/Content/Props/Ads/Models/otherstuff_Cube_004.uexp" 1526
"E:/Unreal Projects/LeagueJourney/Content/Props/otherstuff_Cube_003.ubulk" 1527
"E:/Unreal Projects/LeagueJourney/Content/Props/otherstuff_Cube_003.uasset" 1528
"E:/Unreal Projects/LeagueJourney/Content/Props/otherstuff_Cube_003.uexp" 1529
"E:/Unreal Projects/LeagueJourney/Content/Props/otherstuff_Cube_002.ubulk" 1530
"E:/Unreal Projects/LeagueJourney/Content/Props/otherstuff_Cube_002.uasset" 1531
"E:/Unreal Projects/LeagueJourney/Content/Props/otherstuff_Cube_002.uexp" 1532
"E:/Unreal Projects/LeagueJourney/Content/Props/otherstuff_Cube_001.ubulk" 1533
"E:/Unreal Projects/LeagueJourney/Content/Props/otherstuff_Cube_001.uasset" 1534
"E:/Unreal Projects/LeagueJourney/Content/Props/otherstuff_Cube_001.uexp" 1535
"E:/Unreal Projects/LeagueJourney/Content/Props/otherstuff_Cube.ubulk" 1536
"E:/Unreal Projects/LeagueJourney/Content/Props/otherstuff_Cube.uasset" 1537
"E:/Unreal Projects/LeagueJourney/Content/Props/otherstuff_Cube.uexp" 1538
"E:/Unreal Projects/LeagueJourney/Content/Props/NewPaperSprite.uasset" 1539
"E:/Unreal Projects/LeagueJourney/Content/Props/NewPaperSprite.uexp" 1540
"E:/Unreal Projects/LeagueJourney/Content/Props/NewBlueprint.uasset" 1541
"E:/Unreal Projects/LeagueJourney/Content/Props/NewBlueprint.uexp" 1542
"E:/Unreal Projects/LeagueJourney/Content/Props/Ads/Material/rgb.ubulk" 1543
"E:/Unreal Projects/LeagueJourney/Content/Props/Ads/Material/rgb.uasset" 1544
"E:/Unreal Projects/LeagueJourney/Content/Props/Ads/Material/rgb.uexp" 1545
"E:/Unreal Projects/LeagueJourney/Content/Props/Ads/Instances/mcd.uasset" 1546
"E:/Unreal Projects/LeagueJourney/Content/Props/Ads/Instances/mcd.uexp" 1547
"../../../Engine/Content/Functions/Engine_MaterialFunctions01/Gradient/LinearGradient.uasset" 1548
"../../../Engine/Content/Functions/Engine_MaterialFunctions01/Gradient/LinearGradient.uexp" 1549
"../../../Engine/Content/Functions/Engine_MaterialFunctions01/ImageAdjustment/CheapContrast.uasset" 1550
"../../../Engine/Content/Functions/Engine_MaterialFunctions01/ImageAdjustment/CheapContrast.uexp" 1551
"E:/Unreal Projects/LeagueJourney/Content/Props/Ads/Material/MaterialImage.uasset" 1552
"E:/Unreal Projects/LeagueJourney/Content/Props/Ads/Material/MaterialImage.uexp" 1553
"E:/Unreal Projects/LeagueJourney/Content/Props/Sprites/esfesf.uasset" 1554
"E:/Unreal Projects/LeagueJourney/Content/Props/Sprites/esfesf.uexp" 1555
"E:/Unreal Projects/LeagueJourney/Content/Props/Sprites/esfesf_Sprite.uasset" 1556
"E:/Unreal Projects/LeagueJourney/Content/Props/Sprites/esfesf_Sprite.uexp" 1557
"E:/Unreal Projects/LeagueJourney/Content/Props/Sprites/wfa.uasset" 1558
"E:/Unreal Projects/LeagueJourney/Content/Props/Sprites/wfa.uexp" 1559
"E:/Unreal Projects/LeagueJourney/Content/Props/Sprites/wfa_Sprite.uasset" 1560
"E:/Unreal Projects/LeagueJourney/Content/Props/Sprites/wfa_Sprite.uexp" 1561
"E:/Unreal Projects/LeagueJourney/Content/Props/Sprites/esfesf_Flipbook.uasset" 1562
"E:/Unreal Projects/LeagueJourney/Content/Props/Sprites/esfesf_Flipbook.uexp" 1563
"E:/Unreal Projects/LeagueJourney/Content/Props/Stadiums/MCB/Materials/M_MCB_Tunnel.uasset" 1564
"E:/Unreal Projects/LeagueJourney/Content/Props/Stadiums/MCB/Materials/M_MCB_Tunnel.uexp" 1565
"E:/Unreal Projects/LeagueJourney/Content/Visual/Textures/T_OldBrick_Roughness.ubulk" 1566
"E:/Unreal Projects/LeagueJourney/Content/Visual/Textures/T_OldBrick_Roughness.uasset" 1567
"E:/Unreal Projects/LeagueJourney/Content/Visual/Textures/T_OldBrick_Roughness.uexp" 1568
"E:/Unreal Projects/LeagueJourney/Content/Visual/Textures/T_OldBrick_Normal.ubulk" 1569
"E:/Unreal Projects/LeagueJourney/Content/Visual/Textures/T_OldBrick_Normal.uasset" 1570
"E:/Unreal Projects/LeagueJourney/Content/Visual/Textures/T_OldBrick_Normal.uexp" 1571
"E:/Unreal Projects/LeagueJourney/Content/Visual/Textures/T_OldBrick_Albedo.ubulk" 1572
"E:/Unreal Projects/LeagueJourney/Content/Visual/Textures/T_OldBrick_Albedo.uasset" 1573
"E:/Unreal Projects/LeagueJourney/Content/Visual/Textures/T_OldBrick_Albedo.uexp" 1574
"E:/Unreal Projects/LeagueJourney/Content/Visual/Textures/T_OldBrick_AO.ubulk" 1575
"E:/Unreal Projects/LeagueJourney/Content/Visual/Textures/T_OldBrick_AO.uasset" 1576
"E:/Unreal Projects/LeagueJourney/Content/Visual/Textures/T_OldBrick_AO.uexp" 1577
"E:/Unreal Projects/LeagueJourney/Content/Visual/Materials/M_OldBrick.uasset" 1578
"E:/Unreal Projects/LeagueJourney/Content/Visual/Materials/M_OldBrick.uexp" 1579
"E:/Unreal Projects/LeagueJourney/Content/Props/Stadiums/MCB/Materials/M_MCB_House_Wall.uasset" 1580
"E:/Unreal Projects/LeagueJourney/Content/Props/Stadiums/MCB/Materials/M_MCB_House_Wall.uexp" 1581
"E:/Unreal Projects/LeagueJourney/Content/Props/Stadiums/MCB/Materials/M_MCB_Tunnel_Floor.uasset" 1582
"E:/Unreal Projects/LeagueJourney/Content/Props/Stadiums/MCB/Materials/M_MCB_Tunnel_Floor.uexp" 1583
"E:/Unreal Projects/LeagueJourney/Content/Props/Stadiums/MCB/Materials/M_MCB_House.uasset" 1584
"E:/Unreal Projects/LeagueJourney/Content/Props/Stadiums/MCB/Materials/M_MCB_House.uexp" 1585
"E:/Unreal Projects/LeagueJourney/Content/Props/Objetos/Bola/PM_Football.uasset" 1586
"E:/Unreal Projects/LeagueJourney/Content/Props/Objetos/Bola/PM_Football.uexp" 1587
"E:/Unreal Projects/LeagueJourney/Content/Props/Environment/Interactive/Pitch/Grey.uasset" 1588
"E:/Unreal Projects/LeagueJourney/Content/Props/Environment/Interactive/Pitch/Grey.uexp" 1589
"E:/Unreal Projects/LeagueJourney/Content/Props/Environment/Interactive/Pitch/test_Gutter_001.ubulk" 1590
"E:/Unreal Projects/LeagueJourney/Content/Props/Environment/Interactive/Pitch/test_Gutter_001.uasset" 1591
"E:/Unreal Projects/LeagueJourney/Content/Props/Environment/Interactive/Pitch/test_Gutter_001.uexp" 1592
"../../../Engine/Plugins/Bridge/Content/MSPresets/MSTextures/Placeholder_Normal.uasset" 1593
"../../../Engine/Plugins/Bridge/Content/MSPresets/MSTextures/Placeholder_Normal.uexp" 1594
"../../../Engine/Plugins/Bridge/Content/MSPresets/MSTextures/WhitePlaceholder.uasset" 1595
"../../../Engine/Plugins/Bridge/Content/MSPresets/MSTextures/WhitePlaceholder.uexp" 1596
"../../../Engine/Content/EngineResources/Black.uasset" 1597
"../../../Engine/Content/EngineResources/Black.uexp" 1598
"../../../Engine/Plugins/Bridge/Content/MSPresets/M_MS_Default_Material/Functions/MF_Transmission.uasset" 1599
"../../../Engine/Plugins/Bridge/Content/MSPresets/M_MS_Default_Material/Functions/MF_Transmission.uexp" 1600
"../../../Engine/Plugins/Bridge/Content/MSPresets/M_MS_Default_Material/Functions/MF_MapAdjustments.uasset" 1601
"../../../Engine/Plugins/Bridge/Content/MSPresets/M_MS_Default_Material/Functions/MF_MapAdjustments.uexp" 1602
"../../../Engine/Plugins/Bridge/Content/MSPresets/M_MS_Default_Material/Functions/MF_Tiling.uasset" 1603
"../../../Engine/Plugins/Bridge/Content/MSPresets/M_MS_Default_Material/Functions/MF_Tiling.uexp" 1604
"../../../Engine/Plugins/Bridge/Content/MSPresets/MSTextures/BlackPlaceholder.uasset" 1605
"../../../Engine/Plugins/Bridge/Content/MSPresets/MSTextures/BlackPlaceholder.uexp" 1606
"E:/Unreal Projects/LeagueJourney/Content/MSPresets/M_MS_Surface_Material/M_MS_Surface_Material.uasset" 1607
"E:/Unreal Projects/LeagueJourney/Content/MSPresets/M_MS_Surface_Material/M_MS_Surface_Material.uexp" 1608
"E:/Unreal Projects/LeagueJourney/Content/Megascans/Surfaces/Artificial_Turf_pgbf21s0/T_ArtificialTurf_pgbf21s0_4K_ORDp.ubulk" 1609
"E:/Unreal Projects/LeagueJourney/Content/Megascans/Surfaces/Artificial_Turf_pgbf21s0/T_ArtificialTurf_pgbf21s0_4K_ORDp.uasset" 1610
"E:/Unreal Projects/LeagueJourney/Content/Megascans/Surfaces/Artificial_Turf_pgbf21s0/T_ArtificialTurf_pgbf21s0_4K_ORDp.uexp" 1611
"E:/Unreal Projects/LeagueJourney/Content/Megascans/Surfaces/Artificial_Turf_pgbf21s0/T_Artificial_Turf_pgbf21s0_4K_N.ubulk" 1612
"E:/Unreal Projects/LeagueJourney/Content/Megascans/Surfaces/Artificial_Turf_pgbf21s0/T_Artificial_Turf_pgbf21s0_4K_N.uasset" 1613
"E:/Unreal Projects/LeagueJourney/Content/Megascans/Surfaces/Artificial_Turf_pgbf21s0/T_Artificial_Turf_pgbf21s0_4K_N.uexp" 1614
"E:/Unreal Projects/LeagueJourney/Content/Megascans/Surfaces/Artificial_Turf_pgbf21s0/T_Artificial_Turf_pgbf21s0_4K_D.ubulk" 1615
"E:/Unreal Projects/LeagueJourney/Content/Megascans/Surfaces/Artificial_Turf_pgbf21s0/T_Artificial_Turf_pgbf21s0_4K_D.uasset" 1616
"E:/Unreal Projects/LeagueJourney/Content/Megascans/Surfaces/Artificial_Turf_pgbf21s0/T_Artificial_Turf_pgbf21s0_4K_D.uexp" 1617
"E:/Unreal Projects/LeagueJourney/Content/Megascans/Surfaces/Artificial_Turf_pgbf21s0/grass0.uasset" 1618
"E:/Unreal Projects/LeagueJourney/Content/Megascans/Surfaces/Artificial_Turf_pgbf21s0/grass0.uexp" 1619
"E:/Unreal Projects/LeagueJourney/Content/Megascans/Surfaces/Artificial_Turf_pgbf21s0/lines.uasset" 1620
"E:/Unreal Projects/LeagueJourney/Content/Megascans/Surfaces/Artificial_Turf_pgbf21s0/lines.uexp" 1621
"E:/Unreal Projects/LeagueJourney/Content/Props/Environment/Interactive/Pitch/Green_002.uasset" 1622
"E:/Unreal Projects/LeagueJourney/Content/Props/Environment/Interactive/Pitch/Green_002.uexp" 1623
"E:/Unreal Projects/LeagueJourney/Content/Props/Environment/Interactive/Pitch/test_Field_01_001.ubulk" 1624
"E:/Unreal Projects/LeagueJourney/Content/Props/Environment/Interactive/Pitch/test_Field_01_001.uasset" 1625
"E:/Unreal Projects/LeagueJourney/Content/Props/Environment/Interactive/Pitch/test_Field_01_001.uexp" 1626
"E:/Unreal Projects/LeagueJourney/Content/Megascans/Surfaces/Artificial_Turf_pgbf21s0/grass1.uasset" 1627
"E:/Unreal Projects/LeagueJourney/Content/Megascans/Surfaces/Artificial_Turf_pgbf21s0/grass1.uexp" 1628
"E:/Unreal Projects/LeagueJourney/Content/Props/Environment/Interactive/Pitch/Green_001.uasset" 1629
"E:/Unreal Projects/LeagueJourney/Content/Props/Environment/Interactive/Pitch/Green_001.uexp" 1630
"E:/Unreal Projects/LeagueJourney/Content/Props/Environment/Interactive/Pitch/test_Field_02_001.ubulk" 1631
"E:/Unreal Projects/LeagueJourney/Content/Props/Environment/Interactive/Pitch/test_Field_02_001.uasset" 1632
"E:/Unreal Projects/LeagueJourney/Content/Props/Environment/Interactive/Pitch/test_Field_02_001.uexp" 1633
"E:/Unreal Projects/LeagueJourney/Content/Props/Environment/Interactive/Pitch/test_Field_Outside_001.ubulk" 1634
"E:/Unreal Projects/LeagueJourney/Content/Props/Environment/Interactive/Pitch/test_Field_Outside_001.uasset" 1635
"E:/Unreal Projects/LeagueJourney/Content/Props/Environment/Interactive/Pitch/test_Field_Outside_001.uexp" 1636
"E:/Unreal Projects/LeagueJourney/Content/Props/Environment/Interactive/Pitch/white_Chalk.uasset" 1637
"E:/Unreal Projects/LeagueJourney/Content/Props/Environment/Interactive/Pitch/white_Chalk.uexp" 1638
"E:/Unreal Projects/LeagueJourney/Content/Props/Environment/Interactive/Pitch/test_Field_Lines_001.ubulk" 1639
"E:/Unreal Projects/LeagueJourney/Content/Props/Environment/Interactive/Pitch/test_Field_Lines_001.uasset" 1640
"E:/Unreal Projects/LeagueJourney/Content/Props/Environment/Interactive/Pitch/test_Field_Lines_001.uexp" 1641
"E:/Unreal Projects/LeagueJourney/Content/Props/Environment/Interactive/Pitch/test_Boundry_001.ubulk" 1642
"E:/Unreal Projects/LeagueJourney/Content/Props/Environment/Interactive/Pitch/test_Boundry_001.uasset" 1643
"E:/Unreal Projects/LeagueJourney/Content/Props/Environment/Interactive/Pitch/test_Boundry_001.uexp" 1644
"E:/Unreal Projects/LeagueJourney/Content/Props/Environment/Interactive/Pitch/Pitch.uasset" 1645
"E:/Unreal Projects/LeagueJourney/Content/Props/Environment/Interactive/Pitch/Pitch.uexp" 1646
"../../../Engine/Plugins/Enterprise/DatasmithContent/Content/Materials/FBXImporter/VRED/ProcessNormal.uasset" 1647
"../../../Engine/Plugins/Enterprise/DatasmithContent/Content/Materials/FBXImporter/VRED/ProcessNormal.uexp" 1648
"../../../Engine/Content/Functions/Engine_MaterialFunctions02/ExampleContent/DebugNumberStrip.uasset" 1649
"../../../Engine/Content/Functions/Engine_MaterialFunctions02/ExampleContent/DebugNumberStrip.uexp" 1650
"../../../Engine/Content/Functions/Engine_MaterialFunctions01/Texturing/ComputeMipLevel.uasset" 1651
"../../../Engine/Content/Functions/Engine_MaterialFunctions01/Texturing/ComputeMipLevel.uexp" 1652
"../../../Engine/Content/Functions/Engine_MaterialFunctions01/Texturing/TextureCropping.uasset" 1653
"../../../Engine/Content/Functions/Engine_MaterialFunctions01/Texturing/TextureCropping.uexp" 1654
"../../../Engine/Content/Functions/Engine_MaterialFunctions02/ExampleContent/Textures/DebugNumberPeriod.uasset" 1655
"../../../Engine/Content/Functions/Engine_MaterialFunctions02/ExampleContent/Textures/DebugNumberPeriod.uexp" 1656
"../../../Engine/Content/Functions/Engine_MaterialFunctions02/Utility/DebugScalarValues.uasset" 1657
"../../../Engine/Content/Functions/Engine_MaterialFunctions02/Utility/DebugScalarValues.uexp" 1658
"../../../Engine/Content/Functions/Engine_MaterialFunctions02/Utility/DebugFloat3Values.uasset" 1659
"../../../Engine/Content/Functions/Engine_MaterialFunctions02/Utility/DebugFloat3Values.uexp" 1660
"../../../Engine/Content/Functions/Engine_MaterialFunctions02/Math/RGBtoHSV.uasset" 1661
"../../../Engine/Content/Functions/Engine_MaterialFunctions02/Math/RGBtoHSV.uexp" 1662
"../../../Engine/Content/Functions/Engine_MaterialFunctions02/WorldPositionOffset/LocalPosition.uasset" 1663
"../../../Engine/Content/Functions/Engine_MaterialFunctions02/WorldPositionOffset/LocalPosition.uexp" 1664
"../../../Engine/Plugins/Enterprise/DatasmithContent/Content/Materials/FBXImporter/VRED/VREDRepeatMode.uasset" 1665
"../../../Engine/Plugins/Enterprise/DatasmithContent/Content/Materials/FBXImporter/VRED/VREDRepeatMode.uexp" 1666
"../../../Engine/Plugins/Enterprise/DatasmithContent/Content/Materials/FBXImporter/VRED/PlanarMapping.uasset" 1667
"../../../Engine/Plugins/Enterprise/DatasmithContent/Content/Materials/FBXImporter/VRED/PlanarMapping.uexp" 1668
"../../../Engine/Plugins/Enterprise/DatasmithContent/Content/Materials/FBXImporter/VRED/UVMapping.uasset" 1669
"../../../Engine/Plugins/Enterprise/DatasmithContent/Content/Materials/FBXImporter/VRED/UVMapping.uexp" 1670
"../../../Engine/Plugins/Enterprise/DatasmithContent/Content/Materials/FBXImporter/VRED/TriplanarMapping.uasset" 1671
"../../../Engine/Plugins/Enterprise/DatasmithContent/Content/Materials/FBXImporter/VRED/TriplanarMapping.uexp" 1672
"../../../Engine/Plugins/Enterprise/DatasmithContent/Content/Materials/FBXImporter/VRED/VREDTextureRead.uasset" 1673
"../../../Engine/Plugins/Enterprise/DatasmithContent/Content/Materials/FBXImporter/VRED/VREDTextureRead.uexp" 1674
"../../../Engine/Content/Functions/Engine_MaterialFunctions02/Fresnel_Function.uasset" 1675
"../../../Engine/Content/Functions/Engine_MaterialFunctions02/Fresnel_Function.uexp" 1676
"../../../Engine/Content/Functions/Engine_MaterialFunctions01/Texturing/BakedDisplacement.uasset" 1677
"../../../Engine/Content/Functions/Engine_MaterialFunctions01/Texturing/BakedDisplacement.uexp" 1678
"../../../Engine/Plugins/Enterprise/DatasmithContent/Content/Materials/FBXImporter/VRED/Glass.uasset" 1679
"../../../Engine/Plugins/Enterprise/DatasmithContent/Content/Materials/FBXImporter/VRED/Glass.uexp" 1680
"E:/Unreal Projects/LeagueJourney/Content/Props/Environment/Barrier/Glass.uasset" 1681
"E:/Unreal Projects/LeagueJourney/Content/Props/Environment/Barrier/Glass.uexp" 1682
"E:/Unreal Projects/LeagueJourney/Content/Props/Environment/Barrier/security.ubulk" 1683
"E:/Unreal Projects/LeagueJourney/Content/Props/Environment/Barrier/security.uasset" 1684
"E:/Unreal Projects/LeagueJourney/Content/Props/Environment/Barrier/security.uexp" 1685
"E:/Unreal Projects/LeagueJourney/Content/Props/Ads/Instances/sike.uasset" 1686
"E:/Unreal Projects/LeagueJourney/Content/Props/Ads/Instances/sike.uexp" 1687
"E:/Unreal Projects/LeagueJourney/Content/Props/Ads/Instances/sike_Mat.uasset" 1688
"E:/Unreal Projects/LeagueJourney/Content/Props/Ads/Instances/sike_Mat.uexp" 1689
"../../../Engine/Plugins/Bridge/Content/MSPresets/MSVTTextures/BlackPlaceholder.ubulk" 1690
"../../../Engine/Plugins/Bridge/Content/MSPresets/MSVTTextures/BlackPlaceholder.uasset" 1691
"../../../Engine/Plugins/Bridge/Content/MSPresets/MSVTTextures/BlackPlaceholder.uexp" 1692
"../../../Engine/Plugins/Bridge/Content/MSPresets/MSVTTextures/DefaultDiffuse.ubulk" 1693
"../../../Engine/Plugins/Bridge/Content/MSPresets/MSVTTextures/DefaultDiffuse.uasset" 1694
"../../../Engine/Plugins/Bridge/Content/MSPresets/MSVTTextures/DefaultDiffuse.uexp" 1695
"../../../Engine/Plugins/Bridge/Content/MSPresets/MSVTTextures/Placeholder_Normal.ubulk" 1696
"../../../Engine/Plugins/Bridge/Content/MSPresets/MSVTTextures/Placeholder_Normal.uasset" 1697
"../../../Engine/Plugins/Bridge/Content/MSPresets/MSVTTextures/Placeholder_Normal.uexp" 1698
"../../../Engine/Plugins/Bridge/Content/MSPresets/MSVTTextures/WhitePlaceholder.ubulk" 1699
"../../../Engine/Plugins/Bridge/Content/MSPresets/MSVTTextures/WhitePlaceholder.uasset" 1700
"../../../Engine/Plugins/Bridge/Content/MSPresets/MSVTTextures/WhitePlaceholder.uexp" 1701
"E:/Unreal Projects/LeagueJourney/Content/MSPresets/M_MS_Surface_Material_VT/M_MS_Surface_Material_VT.uasset" 1702
"E:/Unreal Projects/LeagueJourney/Content/MSPresets/M_MS_Surface_Material_VT/M_MS_Surface_Material_VT.uexp" 1703
"E:/Unreal Projects/LeagueJourney/Content/MSPresets/M_MS_Surface_Material_VT/Functions/MF_Transmission.uasset" 1704
"E:/Unreal Projects/LeagueJourney/Content/MSPresets/M_MS_Surface_Material_VT/Functions/MF_Transmission.uexp" 1705
"E:/Unreal Projects/LeagueJourney/Content/MSPresets/M_MS_Surface_Material_VT/Functions/MF_Tiling.uasset" 1706
"E:/Unreal Projects/LeagueJourney/Content/MSPresets/M_MS_Surface_Material_VT/Functions/MF_Tiling.uexp" 1707
"../../../Engine/Plugins/Bridge/Content/MSPresets/M_MS_Surface_Material/Functions/MF_Transmission.uasset" 1708
"../../../Engine/Plugins/Bridge/Content/MSPresets/M_MS_Surface_Material/Functions/MF_Transmission.uexp" 1709
"E:/Unreal Projects/LeagueJourney/Content/MSPresets/M_MS_Surface_Material_VT/Functions/MF_ObjAdjustments.uasset" 1710
"E:/Unreal Projects/LeagueJourney/Content/MSPresets/M_MS_Surface_Material_VT/Functions/MF_ObjAdjustments.uexp" 1711
"E:/Unreal Projects/LeagueJourney/Content/MSPresets/M_MS_Surface_Material_VT/Functions/MF_MapAdjustments.uasset" 1712
"E:/Unreal Projects/LeagueJourney/Content/MSPresets/M_MS_Surface_Material_VT/Functions/MF_MapAdjustments.uexp" 1713
"E:/Unreal Projects/LeagueJourney/Content/MSPresets/M_MS_Surface_Material_VT/Functions/MF_Displacement.uasset" 1714
"E:/Unreal Projects/LeagueJourney/Content/MSPresets/M_MS_Surface_Material_VT/Functions/MF_Displacement.uexp" 1715
"E:/Unreal Projects/LeagueJourney/Content/MSPresets/M_MS_Surface_Material/Functions/MF_Transmission.uasset" 1716
"E:/Unreal Projects/LeagueJourney/Content/MSPresets/M_MS_Surface_Material/Functions/MF_Transmission.uexp" 1717
"E:/Unreal Projects/LeagueJourney/Content/MSPresets/M_MS_Surface_Material/Functions/MF_Tiling.uasset" 1718
"E:/Unreal Projects/LeagueJourney/Content/MSPresets/M_MS_Surface_Material/Functions/MF_Tiling.uexp" 1719
"E:/Unreal Projects/LeagueJourney/Content/MSPresets/M_MS_Surface_Material/Functions/MF_ObjAdjustments.uasset" 1720
"E:/Unreal Projects/LeagueJourney/Content/MSPresets/M_MS_Surface_Material/Functions/MF_ObjAdjustments.uexp" 1721
"E:/Unreal Projects/LeagueJourney/Content/MSPresets/M_MS_Surface_Material/Functions/MF_MapAdjustments.uasset" 1722
"E:/Unreal Projects/LeagueJourney/Content/MSPresets/M_MS_Surface_Material/Functions/MF_MapAdjustments.uexp" 1723
"E:/Unreal Projects/LeagueJourney/Content/MSPresets/M_MS_Surface_Material/Functions/MF_Displacement.uasset" 1724
"E:/Unreal Projects/LeagueJourney/Content/MSPresets/M_MS_Surface_Material/Functions/MF_Displacement.uexp" 1725
"../../../Engine/Plugins/Bridge/Content/MSPresets/M_MS_SurfaceBlend_Material/LayerFunctions/Middle/MF_MiddleLayerAdjustments.uasset" 1726
"../../../Engine/Plugins/Bridge/Content/MSPresets/M_MS_SurfaceBlend_Material/LayerFunctions/Middle/MF_MiddleLayerAdjustments.uexp" 1727
"../../../Engine/Plugins/Bridge/Content/MSPresets/M_MS_SurfaceBlend_Material/LayerFunctions/MF_NormalCorrection.uasset" 1728
"../../../Engine/Plugins/Bridge/Content/MSPresets/M_MS_SurfaceBlend_Material/LayerFunctions/MF_NormalCorrection.uexp" 1729
"../../../Engine/Plugins/Bridge/Content/MSPresets/M_MS_SurfaceBlend_Material/LayerFunctions/Top/MF_TopLayerTextures.uasset" 1730
"../../../Engine/Plugins/Bridge/Content/MSPresets/M_MS_SurfaceBlend_Material/LayerFunctions/Top/MF_TopLayerTextures.uexp" 1731
"../../../Engine/Content/Engine_MI_Shaders/T_Base_Tile_Normal.ubulk" 1732
"../../../Engine/Content/Engine_MI_Shaders/T_Base_Tile_Normal.uasset" 1733
"../../../Engine/Content/Engine_MI_Shaders/T_Base_Tile_Normal.uexp" 1734
"../../../Engine/Content/Functions/Engine_MaterialFunctions03/ComplexMotion/Motion_4WayChaos_Normal.uasset" 1735
"../../../Engine/Content/Functions/Engine_MaterialFunctions03/ComplexMotion/Motion_4WayChaos_Normal.uexp" 1736
"../../../Engine/Plugins/Bridge/Content/MSPresets/M_MS_SurfaceBlend_Material/LayerFunctions/Puddle/MF_PuddleLayer.uasset" 1737
"../../../Engine/Plugins/Bridge/Content/MSPresets/M_MS_SurfaceBlend_Material/LayerFunctions/Puddle/MF_PuddleLayer.uexp" 1738
"../../../Engine/Plugins/Bridge/Content/MSPresets/M_MS_SurfaceBlend_Material/LayerFunctions/Base/MF_BaseLayerAdjustments.uasset" 1739
"../../../Engine/Plugins/Bridge/Content/MSPresets/M_MS_SurfaceBlend_Material/LayerFunctions/Base/MF_BaseLayerAdjustments.uexp" 1740
"../../../Engine/Plugins/Bridge/Content/MSPresets/M_MS_SurfaceBlend_Material/LayerFunctions/Middle/MF_MiddleLayerTextures.uasset" 1741
"../../../Engine/Plugins/Bridge/Content/MSPresets/M_MS_SurfaceBlend_Material/LayerFunctions/Middle/MF_MiddleLayerTextures.uexp" 1742
"../../../Engine/Plugins/Bridge/Content/MSPresets/M_MS_SurfaceBlend_Material/LayerFunctions/MF_MaterialBlend.uasset" 1743
"../../../Engine/Plugins/Bridge/Content/MSPresets/M_MS_SurfaceBlend_Material/LayerFunctions/MF_MaterialBlend.uexp" 1744
"../../../Engine/Plugins/Bridge/Content/MSPresets/M_MS_SurfaceBlend_Material/LayerFunctions/MF_ScatterLayer.uasset" 1745
"../../../Engine/Plugins/Bridge/Content/MSPresets/M_MS_SurfaceBlend_Material/LayerFunctions/MF_ScatterLayer.uexp" 1746
"../../../Engine/Plugins/Bridge/Content/MSPresets/M_MS_SurfaceBlend_Material/LayerFunctions/Base/MF_BaseLayerTextures.uasset" 1747
"../../../Engine/Plugins/Bridge/Content/MSPresets/M_MS_SurfaceBlend_Material/LayerFunctions/Base/MF_BaseLayerTextures.uexp" 1748
"../../../Engine/Plugins/Bridge/Content/MSPresets/M_MS_SurfaceBlend_Material/LayerFunctions/MF_BlendScatter.uasset" 1749
"../../../Engine/Plugins/Bridge/Content/MSPresets/M_MS_SurfaceBlend_Material/LayerFunctions/MF_BlendScatter.uexp" 1750
"../../../Engine/Plugins/Bridge/Content/MSPresets/M_MS_SurfaceBlend_Material/LayerFunctions/Top/MF_TopLayerAdjustments.uasset" 1751
"../../../Engine/Plugins/Bridge/Content/MSPresets/M_MS_SurfaceBlend_Material/LayerFunctions/Top/MF_TopLayerAdjustments.uexp" 1752
"E:/Unreal Projects/LeagueJourney/Content/MSPresets/M_MS_SurfaceBlend_Material/M_MS_SurfaceBlend_Material.uasset" 1753
"E:/Unreal Projects/LeagueJourney/Content/MSPresets/M_MS_SurfaceBlend_Material/M_MS_SurfaceBlend_Material.uexp" 1754
"E:/Unreal Projects/LeagueJourney/Content/MSPresets/M_MS_SurfaceBlend_Material/LayerFunctions/MF_ScatterLayer.uasset" 1755
"E:/Unreal Projects/LeagueJourney/Content/MSPresets/M_MS_SurfaceBlend_Material/LayerFunctions/MF_ScatterLayer.uexp" 1756
"E:/Unreal Projects/LeagueJourney/Content/MSPresets/M_MS_SurfaceBlend_Material/LayerFunctions/MF_NormalCorrection.uasset" 1757
"E:/Unreal Projects/LeagueJourney/Content/MSPresets/M_MS_SurfaceBlend_Material/LayerFunctions/MF_NormalCorrection.uexp" 1758
"E:/Unreal Projects/LeagueJourney/Content/MSPresets/M_MS_SurfaceBlend_Material/LayerFunctions/MF_MaterialBlend.uasset" 1759
"E:/Unreal Projects/LeagueJourney/Content/MSPresets/M_MS_SurfaceBlend_Material/LayerFunctions/MF_MaterialBlend.uexp" 1760
"../../../Engine/Plugins/Bridge/Content/MSPresets/M_MS_SurfaceBlend_Material/LayerFunctions/MF_Displacement.uasset" 1761
"../../../Engine/Plugins/Bridge/Content/MSPresets/M_MS_SurfaceBlend_Material/LayerFunctions/MF_Displacement.uexp" 1762
"E:/Unreal Projects/LeagueJourney/Content/MSPresets/M_MS_SurfaceBlend_Material/LayerFunctions/MF_DisplacementBlend.uasset" 1763
"E:/Unreal Projects/LeagueJourney/Content/MSPresets/M_MS_SurfaceBlend_Material/LayerFunctions/MF_DisplacementBlend.uexp" 1764
"E:/Unreal Projects/LeagueJourney/Content/MSPresets/M_MS_SurfaceBlend_Material/LayerFunctions/MF_Displacement.uasset" 1765
"E:/Unreal Projects/LeagueJourney/Content/MSPresets/M_MS_SurfaceBlend_Material/LayerFunctions/MF_Displacement.uexp" 1766
"E:/Unreal Projects/LeagueJourney/Content/MSPresets/M_MS_SurfaceBlend_Material/LayerFunctions/MF_BlendScatter.uasset" 1767
"E:/Unreal Projects/LeagueJourney/Content/MSPresets/M_MS_SurfaceBlend_Material/LayerFunctions/MF_BlendScatter.uexp" 1768
"E:/Unreal Projects/LeagueJourney/Content/MSPresets/M_MS_SurfaceBlend_Material/LayerFunctions/Top/MF_TopLayerTextures.uasset" 1769
"E:/Unreal Projects/LeagueJourney/Content/MSPresets/M_MS_SurfaceBlend_Material/LayerFunctions/Top/MF_TopLayerTextures.uexp" 1770
"E:/Unreal Projects/LeagueJourney/Content/MSPresets/M_MS_SurfaceBlend_Material/LayerFunctions/Top/MF_TopLayerTessellation.uasset" 1771
"E:/Unreal Projects/LeagueJourney/Content/MSPresets/M_MS_SurfaceBlend_Material/LayerFunctions/Top/MF_TopLayerTessellation.uexp" 1772
"E:/Unreal Projects/LeagueJourney/Content/MSPresets/M_MS_SurfaceBlend_Material/LayerFunctions/Top/MF_TopLayerAdjustments.uasset" 1773
"E:/Unreal Projects/LeagueJourney/Content/MSPresets/M_MS_SurfaceBlend_Material/LayerFunctions/Top/MF_TopLayerAdjustments.uexp" 1774
"E:/Unreal Projects/LeagueJourney/Content/MSPresets/M_MS_SurfaceBlend_Material/LayerFunctions/Puddle/MF_PuddleLayer.uasset" 1775
"E:/Unreal Projects/LeagueJourney/Content/MSPresets/M_MS_SurfaceBlend_Material/LayerFunctions/Puddle/MF_PuddleLayer.uexp" 1776
"E:/Unreal Projects/LeagueJourney/Content/MSPresets/M_MS_SurfaceBlend_Material/LayerFunctions/Middle/MF_MiddleLayerTextures.uasset" 1777
"E:/Unreal Projects/LeagueJourney/Content/MSPresets/M_MS_SurfaceBlend_Material/LayerFunctions/Middle/MF_MiddleLayerTextures.uexp" 1778
"E:/Unreal Projects/LeagueJourney/Content/MSPresets/M_MS_SurfaceBlend_Material/LayerFunctions/Middle/MF_MiddleLayerTessellation.uasset" 1779
"E:/Unreal Projects/LeagueJourney/Content/MSPresets/M_MS_SurfaceBlend_Material/LayerFunctions/Middle/MF_MiddleLayerTessellation.uexp" 1780
"E:/Unreal Projects/LeagueJourney/Content/MSPresets/M_MS_SurfaceBlend_Material/LayerFunctions/Middle/MF_MiddleLayerAdjustments.uasset" 1781
"E:/Unreal Projects/LeagueJourney/Content/MSPresets/M_MS_SurfaceBlend_Material/LayerFunctions/Middle/MF_MiddleLayerAdjustments.uexp" 1782
"E:/Unreal Projects/LeagueJourney/Content/MSPresets/M_MS_SurfaceBlend_Material/LayerFunctions/Base/MF_BaseLayerTextures.uasset" 1783
"E:/Unreal Projects/LeagueJourney/Content/MSPresets/M_MS_SurfaceBlend_Material/LayerFunctions/Base/MF_BaseLayerTextures.uexp" 1784
"E:/Unreal Projects/LeagueJourney/Content/MSPresets/M_MS_SurfaceBlend_Material/LayerFunctions/Base/MF_BaseLayerTessellation.uasset" 1785
"E:/Unreal Projects/LeagueJourney/Content/MSPresets/M_MS_SurfaceBlend_Material/LayerFunctions/Base/MF_BaseLayerTessellation.uexp" 1786
"E:/Unreal Projects/LeagueJourney/Content/MSPresets/M_MS_SurfaceBlend_Material/LayerFunctions/Base/MF_BaseLayerAdjustments.uasset" 1787
"E:/Unreal Projects/LeagueJourney/Content/MSPresets/M_MS_SurfaceBlend_Material/LayerFunctions/Base/MF_BaseLayerAdjustments.uexp" 1788
"E:/Unreal Projects/LeagueJourney/Content/MSPresets/M_MS_Imperfection_Material_VT/M_MS_Imperfection_Material_VT.uasset" 1789
"E:/Unreal Projects/LeagueJourney/Content/MSPresets/M_MS_Imperfection_Material_VT/M_MS_Imperfection_Material_VT.uexp" 1790
"../../../Engine/Content/Functions/Engine_MaterialFunctions01/SpeedTree/SpeedTreeColorVariation.uasset" 1791
"../../../Engine/Content/Functions/Engine_MaterialFunctions01/SpeedTree/SpeedTreeColorVariation.uexp" 1792
"E:/Unreal Projects/LeagueJourney/Content/MSPresets/M_MS_Imperfection_Material_VT/M_MS_Imperfection_Material_Var_VT.uasset" 1793
"E:/Unreal Projects/LeagueJourney/Content/MSPresets/M_MS_Imperfection_Material_VT/M_MS_Imperfection_Material_Var_VT.uexp" 1794
"E:/Unreal Projects/LeagueJourney/Content/MSPresets/M_MS_Imperfection_Material_Var/M_MS_Imperfection_Material_Var.uasset" 1795
"E:/Unreal Projects/LeagueJourney/Content/MSPresets/M_MS_Imperfection_Material_Var/M_MS_Imperfection_Material_Var.uexp" 1796
"E:/Unreal Projects/LeagueJourney/Content/MSPresets/M_MS_Imperfection_Material/M_MS_Imperfection_Material_Var.uasset" 1797
"E:/Unreal Projects/LeagueJourney/Content/MSPresets/M_MS_Imperfection_Material/M_MS_Imperfection_Material_Var.uexp" 1798
"E:/Unreal Projects/LeagueJourney/Content/MSPresets/M_MS_Imperfection_Material/M_MS_Imperfection_Material.uasset" 1799
"E:/Unreal Projects/LeagueJourney/Content/MSPresets/M_MS_Imperfection_Material/M_MS_Imperfection_Material.uexp" 1800
"../../../Engine/Content/Functions/Engine_MaterialFunctions02/Math/CreateThirdOrthogonalVector.uasset" 1801
"../../../Engine/Content/Functions/Engine_MaterialFunctions02/Math/CreateThirdOrthogonalVector.uexp" 1802
"../../../Engine/Content/Functions/Engine_MaterialFunctions02/Math/InverseTransformMatrix.uasset" 1803
"../../../Engine/Content/Functions/Engine_MaterialFunctions02/Math/InverseTransformMatrix.uexp" 1804
"../../../Engine/Content/Functions/Engine_MaterialFunctions02/Math/TransformToZVector.uasset" 1805
"../../../Engine/Content/Functions/Engine_MaterialFunctions02/Math/TransformToZVector.uexp" 1806
"../../../Engine/Content/EngineVolumetrics/Fogsheet/Materials/T_EV_BlankWhite_01.uasset" 1807
"../../../Engine/Content/EngineVolumetrics/Fogsheet/Materials/T_EV_BlankWhite_01.uexp" 1808
"../../../Engine/Content/Functions/Engine_MaterialFunctions01/Texturing/ParallaxOcclusionMapping.uasset" 1809
"../../../Engine/Content/Functions/Engine_MaterialFunctions01/Texturing/ParallaxOcclusionMapping.uexp" 1810
"E:/Unreal Projects/LeagueJourney/Content/MSPresets/M_MS_ImperfectionDecal_Material_VT/M_MS_ImperfectionDecal_Material_VT.uasset" 1811
"E:/Unreal Projects/LeagueJourney/Content/MSPresets/M_MS_ImperfectionDecal_Material_VT/M_MS_ImperfectionDecal_Material_VT.uexp" 1812
"../../../Engine/Content/EngineMaterials/DefaultWhiteGrid.ubulk" 1813
"../../../Engine/Content/EngineMaterials/DefaultWhiteGrid.uasset" 1814
"../../../Engine/Content/EngineMaterials/DefaultWhiteGrid.uexp" 1815
"E:/Unreal Projects/LeagueJourney/Content/MSPresets/M_MS_ImperfectionDecal_Material/M_MS_ImperfectionDecal_Material.uasset" 1816
"E:/Unreal Projects/LeagueJourney/Content/MSPresets/M_MS_ImperfectionDecal_Material/M_MS_ImperfectionDecal_Material.uexp" 1817
"../../../Engine/Plugins/Bridge/Content/MSPresets/M_MS_Glass_Material/Functions/MF_Refraction.uasset" 1818
"../../../Engine/Plugins/Bridge/Content/MSPresets/M_MS_Glass_Material/Functions/MF_Refraction.uexp" 1819
"../../../Engine/Plugins/Bridge/Content/MSPresets/M_MS_Glass_Material/Functions/MF_TranslucencyEmission.uasset" 1820
"../../../Engine/Plugins/Bridge/Content/MSPresets/M_MS_Glass_Material/Functions/MF_TranslucencyEmission.uexp" 1821
"../../../Engine/Plugins/Bridge/Content/MSPresets/MSTextures/Black.ubulk" 1822
"../../../Engine/Plugins/Bridge/Content/MSPresets/MSTextures/Black.uasset" 1823
"../../../Engine/Plugins/Bridge/Content/MSPresets/MSTextures/Black.uexp" 1824
"../../../Engine/Plugins/Bridge/Content/MSPresets/M_MS_Glass_Material/Functions/MF_WindowImperfection.uasset" 1825
"../../../Engine/Plugins/Bridge/Content/MSPresets/M_MS_Glass_Material/Functions/MF_WindowImperfection.uexp" 1826
"../../../Engine/Plugins/Bridge/Content/MSPresets/MSTextures/FlatNormal.uasset" 1827
"../../../Engine/Plugins/Bridge/Content/MSPresets/MSTextures/FlatNormal.uexp" 1828
"../../../Engine/Plugins/Bridge/Content/MSPresets/M_MS_Glass_Material/Functions/MF_TranslucencyMetallic.uasset" 1829
"../../../Engine/Plugins/Bridge/Content/MSPresets/M_MS_Glass_Material/Functions/MF_TranslucencyMetallic.uexp" 1830
"../../../Engine/Plugins/Bridge/Content/MSPresets/MSTextures/White.ubulk" 1831
"../../../Engine/Plugins/Bridge/Content/MSPresets/MSTextures/White.uasset" 1832
"../../../Engine/Plugins/Bridge/Content/MSPresets/MSTextures/White.uexp" 1833
"../../../Engine/Plugins/Bridge/Content/MSPresets/M_MS_Glass_Material/Functions/MF_WindowNormalStrength.uasset" 1834
"../../../Engine/Plugins/Bridge/Content/MSPresets/M_MS_Glass_Material/Functions/MF_WindowNormalStrength.uexp" 1835
"../../../Engine/Plugins/Bridge/Content/MSPresets/M_MS_Glass_Material/Functions/MF_FrameBlend.uasset" 1836
"../../../Engine/Plugins/Bridge/Content/MSPresets/M_MS_Glass_Material/Functions/MF_FrameBlend.uexp" 1837
"E:/Unreal Projects/LeagueJourney/Content/MSPresets/M_MS_Glass_Material/M_MS_Glass_Material.uasset" 1838
"E:/Unreal Projects/LeagueJourney/Content/MSPresets/M_MS_Glass_Material/M_MS_Glass_Material.uexp" 1839
"../../../Engine/Plugins/Bridge/Content/MSPresets/M_MS_Glass_Material/M_MS_Glass_Material.uasset" 1840
"../../../Engine/Plugins/Bridge/Content/MSPresets/M_MS_Glass_Material/M_MS_Glass_Material.uexp" 1841
"E:/Unreal Projects/LeagueJourney/Content/MSPresets/M_MS_Glass_Material/MI_MS_Glass_Material_Inst.uasset" 1842
"E:/Unreal Projects/LeagueJourney/Content/MSPresets/M_MS_Glass_Material/MI_MS_Glass_Material_Inst.uexp" 1843
"E:/Unreal Projects/LeagueJourney/Content/MSPresets/M_MS_Glass_Material/Textures/White.ubulk" 1844
"E:/Unreal Projects/LeagueJourney/Content/MSPresets/M_MS_Glass_Material/Textures/White.uasset" 1845
"E:/Unreal Projects/LeagueJourney/Content/MSPresets/M_MS_Glass_Material/Textures/White.uexp" 1846
"E:/Unreal Projects/LeagueJourney/Content/MSPresets/M_MS_Glass_Material/Textures/FlatNormal.uasset" 1847
"E:/Unreal Projects/LeagueJourney/Content/MSPresets/M_MS_Glass_Material/Textures/FlatNormal.uexp" 1848
"E:/Unreal Projects/LeagueJourney/Content/MSPresets/M_MS_Glass_Material/Textures/Black.ubulk" 1849
"E:/Unreal Projects/LeagueJourney/Content/MSPresets/M_MS_Glass_Material/Textures/Black.uasset" 1850
"E:/Unreal Projects/LeagueJourney/Content/MSPresets/M_MS_Glass_Material/Textures/Black.uexp" 1851
"E:/Unreal Projects/LeagueJourney/Content/MSPresets/M_MS_Glass_Material/Functions/MF_WindowNormalStrength.uasset" 1852
"E:/Unreal Projects/LeagueJourney/Content/MSPresets/M_MS_Glass_Material/Functions/MF_WindowNormalStrength.uexp" 1853
"E:/Unreal Projects/LeagueJourney/Content/MSPresets/M_MS_Glass_Material/Functions/MF_WindowImperfection.uasset" 1854
"E:/Unreal Projects/LeagueJourney/Content/MSPresets/M_MS_Glass_Material/Functions/MF_WindowImperfection.uexp" 1855
"E:/Unreal Projects/LeagueJourney/Content/MSPresets/M_MS_Glass_Material/Functions/MF_TranslucencyMetallic.uasset" 1856
"E:/Unreal Projects/LeagueJourney/Content/MSPresets/M_MS_Glass_Material/Functions/MF_TranslucencyMetallic.uexp" 1857
"E:/Unreal Projects/LeagueJourney/Content/MSPresets/M_MS_Glass_Material/Functions/MF_TranslucencyEmission.uasset" 1858
"E:/Unreal Projects/LeagueJourney/Content/MSPresets/M_MS_Glass_Material/Functions/MF_TranslucencyEmission.uexp" 1859
"E:/Unreal Projects/LeagueJourney/Content/MSPresets/M_MS_Glass_Material/Functions/MF_Refraction.uasset" 1860
"E:/Unreal Projects/LeagueJourney/Content/MSPresets/M_MS_Glass_Material/Functions/MF_Refraction.uexp" 1861
"../../../Engine/Plugins/Bridge/Content/MSPresets/M_MS_Glass_Material/Textures/Black.ubulk" 1862
"../../../Engine/Plugins/Bridge/Content/MSPresets/M_MS_Glass_Material/Textures/Black.uasset" 1863
"../../../Engine/Plugins/Bridge/Content/MSPresets/M_MS_Glass_Material/Textures/Black.uexp" 1864
"E:/Unreal Projects/LeagueJourney/Content/MSPresets/M_MS_Glass_Material/Functions/MF_Imperfection.uasset" 1865
"E:/Unreal Projects/LeagueJourney/Content/MSPresets/M_MS_Glass_Material/Functions/MF_Imperfection.uexp" 1866
"../../../Engine/Plugins/Bridge/Content/MSPresets/M_MS_Glass_Material/Textures/White.ubulk" 1867
"../../../Engine/Plugins/Bridge/Content/MSPresets/M_MS_Glass_Material/Textures/White.uasset" 1868
"../../../Engine/Plugins/Bridge/Content/MSPresets/M_MS_Glass_Material/Textures/White.uexp" 1869
"E:/Unreal Projects/LeagueJourney/Content/MSPresets/M_MS_Glass_Material/Functions/MF_FrameTextures.uasset" 1870
"E:/Unreal Projects/LeagueJourney/Content/MSPresets/M_MS_Glass_Material/Functions/MF_FrameTextures.uexp" 1871
"E:/Unreal Projects/LeagueJourney/Content/MSPresets/M_MS_Glass_Material/Functions/MF_FrameBlend.uasset" 1872
"E:/Unreal Projects/LeagueJourney/Content/MSPresets/M_MS_Glass_Material/Functions/MF_FrameBlend.uexp" 1873
"E:/Unreal Projects/LeagueJourney/Content/MSPresets/M_MS_Foliage_Material/MF_Translucency.uasset" 1874
"E:/Unreal Projects/LeagueJourney/Content/MSPresets/M_MS_Foliage_Material/MF_Translucency.uexp" 1875
"E:/Unreal Projects/LeagueJourney/Content/MSPresets/M_MS_Foliage_Material/Functions/MF_Translucency.uasset" 1876
"E:/Unreal Projects/LeagueJourney/Content/MSPresets/M_MS_Foliage_Material/Functions/MF_Translucency.uexp" 1877
"../../../Engine/Plugins/Bridge/Content/MSPresets/M_MS_Default_Transmission_Material/Functions/MF_SSSObjAdjustments.uasset" 1878
"../../../Engine/Plugins/Bridge/Content/MSPresets/M_MS_Default_Transmission_Material/Functions/MF_SSSObjAdjustments.uexp" 1879
"E:/Unreal Projects/LeagueJourney/Content/MSPresets/M_MS_Default_Transmission_Material_VT/M_MS_Default_Transmission_Material_VT.uasset" 1880
"E:/Unreal Projects/LeagueJourney/Content/MSPresets/M_MS_Default_Transmission_Material_VT/M_MS_Default_Transmission_Material_VT.uexp" 1881
"E:/Unreal Projects/LeagueJourney/Content/MSPresets/M_MS_Default_Transmission_Material_VT/Functions/MF_SSSObjAdjustments.uasset" 1882
"E:/Unreal Projects/LeagueJourney/Content/MSPresets/M_MS_Default_Transmission_Material_VT/Functions/MF_SSSObjAdjustments.uexp" 1883
"E:/Unreal Projects/LeagueJourney/Content/MSPresets/M_MS_Default_Transmission_Material/M_MS_Default_Transmission_Material.uasset" 1884
"E:/Unreal Projects/LeagueJourney/Content/MSPresets/M_MS_Default_Transmission_Material/M_MS_Default_Transmission_Material.uexp" 1885
"E:/Unreal Projects/LeagueJourney/Content/MSPresets/M_MS_Default_Transmission_Material/Functions/MF_SSSObjAdjustments.uasset" 1886
"E:/Unreal Projects/LeagueJourney/Content/MSPresets/M_MS_Default_Transmission_Material/Functions/MF_SSSObjAdjustments.uexp" 1887
"../../../Engine/Plugins/Bridge/Content/MSPresets/M_MS_Default_Material/Functions/MF_ObjAdjustments.uasset" 1888
"../../../Engine/Plugins/Bridge/Content/MSPresets/M_MS_Default_Material/Functions/MF_ObjAdjustments.uexp" 1889
"E:/Unreal Projects/LeagueJourney/Content/MSPresets/M_MS_Default_Material_VT/M_MS_Default_Material_VT.uasset" 1890
"E:/Unreal Projects/LeagueJourney/Content/MSPresets/M_MS_Default_Material_VT/M_MS_Default_Material_VT.uexp" 1891
"E:/Unreal Projects/LeagueJourney/Content/MSPresets/M_MS_Default_Material_VT/Functions/MF_Transmission.uasset" 1892
"E:/Unreal Projects/LeagueJourney/Content/MSPresets/M_MS_Default_Material_VT/Functions/MF_Transmission.uexp" 1893
"E:/Unreal Projects/LeagueJourney/Content/MSPresets/M_MS_Default_Material_VT/Functions/MF_Tiling.uasset" 1894
"E:/Unreal Projects/LeagueJourney/Content/MSPresets/M_MS_Default_Material_VT/Functions/MF_Tiling.uexp" 1895
"E:/Unreal Projects/LeagueJourney/Content/MSPresets/M_MS_Default_Material_VT/Functions/MF_ObjAdjustments.uasset" 1896
"E:/Unreal Projects/LeagueJourney/Content/MSPresets/M_MS_Default_Material_VT/Functions/MF_ObjAdjustments.uexp" 1897
"E:/Unreal Projects/LeagueJourney/Content/MSPresets/M_MS_Default_Material_VT/Functions/MF_MapAdjustments.uasset" 1898
"E:/Unreal Projects/LeagueJourney/Content/MSPresets/M_MS_Default_Material_VT/Functions/MF_MapAdjustments.uexp" 1899
"E:/Unreal Projects/LeagueJourney/Content/MSPresets/M_MS_Default_Material_VT/Functions/MF_Fuzz.uasset" 1900
"E:/Unreal Projects/LeagueJourney/Content/MSPresets/M_MS_Default_Material_VT/Functions/MF_Fuzz.uexp" 1901
"E:/Unreal Projects/LeagueJourney/Content/MSPresets/M_MS_Default_Material_VT/Functions/MF_Displacement.uasset" 1902
"E:/Unreal Projects/LeagueJourney/Content/MSPresets/M_MS_Default_Material_VT/Functions/MF_Displacement.uexp" 1903
"E:/Unreal Projects/LeagueJourney/Content/MSPresets/M_MS_Default_Material_VT/Functions/MF_DetailNormalTiling.uasset" 1904
"E:/Unreal Projects/LeagueJourney/Content/MSPresets/M_MS_Default_Material_VT/Functions/MF_DetailNormalTiling.uexp" 1905
"E:/Unreal Projects/LeagueJourney/Content/MSPresets/M_MS_Default_Material/M_MS_Default_Material.uasset" 1906
"E:/Unreal Projects/LeagueJourney/Content/MSPresets/M_MS_Default_Material/M_MS_Default_Material.uexp" 1907
"E:/Unreal Projects/LeagueJourney/Content/MSPresets/M_MS_Default_Material/Functions/MF_Transmission.uasset" 1908
"E:/Unreal Projects/LeagueJourney/Content/MSPresets/M_MS_Default_Material/Functions/MF_Transmission.uexp" 1909
"E:/Unreal Projects/LeagueJourney/Content/MSPresets/M_MS_Default_Material/Functions/MF_Tiling.uasset" 1910
"E:/Unreal Projects/LeagueJourney/Content/MSPresets/M_MS_Default_Material/Functions/MF_Tiling.uexp" 1911
"E:/Unreal Projects/LeagueJourney/Content/MSPresets/M_MS_Default_Material/Functions/MF_ObjAdjustments.uasset" 1912
"E:/Unreal Projects/LeagueJourney/Content/MSPresets/M_MS_Default_Material/Functions/MF_ObjAdjustments.uexp" 1913
"E:/Unreal Projects/LeagueJourney/Content/MSPresets/M_MS_Default_Material/Functions/MF_MapAdjustments.uasset" 1914
"E:/Unreal Projects/LeagueJourney/Content/MSPresets/M_MS_Default_Material/Functions/MF_MapAdjustments.uexp" 1915
"E:/Unreal Projects/LeagueJourney/Content/MSPresets/M_MS_Default_Material/Functions/MF_Fuzz.uasset" 1916
"E:/Unreal Projects/LeagueJourney/Content/MSPresets/M_MS_Default_Material/Functions/MF_Fuzz.uexp" 1917
"E:/Unreal Projects/LeagueJourney/Content/MSPresets/M_MS_Default_Material/Functions/MF_Displacement.uasset" 1918
"E:/Unreal Projects/LeagueJourney/Content/MSPresets/M_MS_Default_Material/Functions/MF_Displacement.uexp" 1919
"E:/Unreal Projects/LeagueJourney/Content/MSPresets/M_MS_Default_Material/Functions/MF_DetailNormalTiling.uasset" 1920
"E:/Unreal Projects/LeagueJourney/Content/MSPresets/M_MS_Default_Material/Functions/MF_DetailNormalTiling.uexp" 1921
"../../../Engine/Plugins/Bridge/Content/MSPresets/M_MS_Default_Fuzz_Material/Functions/MF_Tiling.uasset" 1922
"../../../Engine/Plugins/Bridge/Content/MSPresets/M_MS_Default_Fuzz_Material/Functions/MF_Tiling.uexp" 1923
"../../../Engine/Plugins/Bridge/Content/MSPresets/M_MS_Default_Fuzz_Material/Functions/MF_Fuzz.uasset" 1924
"../../../Engine/Plugins/Bridge/Content/MSPresets/M_MS_Default_Fuzz_Material/Functions/MF_Fuzz.uexp" 1925
"E:/Unreal Projects/LeagueJourney/Content/MSPresets/M_MS_Default_Fuzz_Material_VT/M_MS_Default_Fuzz_Material_VT.uasset" 1926
"E:/Unreal Projects/LeagueJourney/Content/MSPresets/M_MS_Default_Fuzz_Material_VT/M_MS_Default_Fuzz_Material_VT.uexp" 1927
"E:/Unreal Projects/LeagueJourney/Content/MSPresets/M_MS_Default_Fuzz_Material_VT/Functions/MF_Tiling.uasset" 1928
"E:/Unreal Projects/LeagueJourney/Content/MSPresets/M_MS_Default_Fuzz_Material_VT/Functions/MF_Tiling.uexp" 1929
"E:/Unreal Projects/LeagueJourney/Content/MSPresets/M_MS_Default_Fuzz_Material_VT/Functions/MF_Fuzz.uasset" 1930
"E:/Unreal Projects/LeagueJourney/Content/MSPresets/M_MS_Default_Fuzz_Material_VT/Functions/MF_Fuzz.uexp" 1931
"E:/Unreal Projects/LeagueJourney/Content/MSPresets/M_MS_Default_Fuzz_Material/M_MS_Default_Fuzz_Material.uasset" 1932
"E:/Unreal Projects/LeagueJourney/Content/MSPresets/M_MS_Default_Fuzz_Material/M_MS_Default_Fuzz_Material.uexp" 1933
"E:/Unreal Projects/LeagueJourney/Content/MSPresets/M_MS_Default_Fuzz_Material/Functions/MF_Tiling.uasset" 1934
"E:/Unreal Projects/LeagueJourney/Content/MSPresets/M_MS_Default_Fuzz_Material/Functions/MF_Tiling.uexp" 1935
"E:/Unreal Projects/LeagueJourney/Content/MSPresets/M_MS_Default_Fuzz_Material/Functions/MF_Fuzz.uasset" 1936
"E:/Unreal Projects/LeagueJourney/Content/MSPresets/M_MS_Default_Fuzz_Material/Functions/MF_Fuzz.uexp" 1937
"../../../Engine/Content/EngineMaterials/BlendFunc_DefBlend.uasset" 1938
"../../../Engine/Content/EngineMaterials/BlendFunc_DefBlend.uexp" 1939
"../../../Engine/Content/EngineMaterials/BlendFunc_DefBase.uasset" 1940
"../../../Engine/Content/EngineMaterials/BlendFunc_DefBase.uexp" 1941
"../../../Engine/Content/Functions/Engine_MaterialFunctions03/Blends/Blend_Overlay.uasset" 1942
"../../../Engine/Content/Functions/Engine_MaterialFunctions03/Blends/Blend_Overlay.uexp" 1943
"../../../Engine/Plugins/Bridge/Content/MSPresets/M_MS_Decal_Material/MF_QuixelDecalPOM.uasset" 1944
"../../../Engine/Plugins/Bridge/Content/MSPresets/M_MS_Decal_Material/MF_QuixelDecalPOM.uexp" 1945
"E:/Unreal Projects/LeagueJourney/Content/MSPresets/M_MS_Decal_Material_VT/M_MS_Decal_Material_VT.uasset" 1946
"E:/Unreal Projects/LeagueJourney/Content/MSPresets/M_MS_Decal_Material_VT/M_MS_Decal_Material_VT.uexp" 1947
"E:/Unreal Projects/LeagueJourney/Content/MSPresets/M_MS_Decal_Material_VT/MF_QuixelDecalPOM.uasset" 1948
"E:/Unreal Projects/LeagueJourney/Content/MSPresets/M_MS_Decal_Material_VT/MF_QuixelDecalPOM.uexp" 1949
"E:/Unreal Projects/LeagueJourney/Content/MSPresets/M_MS_Decal_Material/M_MS_Decal_Material.uasset" 1950
"E:/Unreal Projects/LeagueJourney/Content/MSPresets/M_MS_Decal_Material/M_MS_Decal_Material.uexp" 1951
"E:/Unreal Projects/LeagueJourney/Content/MSPresets/M_MS_Decal_Material/MF_QuixelDecalPOM.uasset" 1952
"E:/Unreal Projects/LeagueJourney/Content/MSPresets/M_MS_Decal_Material/MF_QuixelDecalPOM.uexp" 1953
"E:/Unreal Projects/LeagueJourney/Content/MSPresets/MSVTTextures/WhitePlaceholder.ubulk" 1954
"E:/Unreal Projects/LeagueJourney/Content/MSPresets/MSVTTextures/WhitePlaceholder.uasset" 1955
"E:/Unreal Projects/LeagueJourney/Content/MSPresets/MSVTTextures/WhitePlaceholder.uexp" 1956
"E:/Unreal Projects/LeagueJourney/Content/MSPresets/MSVTTextures/Placeholder_Normal.ubulk" 1957
"E:/Unreal Projects/LeagueJourney/Content/MSPresets/MSVTTextures/Placeholder_Normal.uasset" 1958
"E:/Unreal Projects/LeagueJourney/Content/MSPresets/MSVTTextures/Placeholder_Normal.uexp" 1959
"E:/Unreal Projects/LeagueJourney/Content/MSPresets/MSVTTextures/DefaultDiffuse.ubulk" 1960
"E:/Unreal Projects/LeagueJourney/Content/MSPresets/MSVTTextures/DefaultDiffuse.uasset" 1961
"E:/Unreal Projects/LeagueJourney/Content/MSPresets/MSVTTextures/DefaultDiffuse.uexp" 1962
"E:/Unreal Projects/LeagueJourney/Content/MSPresets/MSVTTextures/BlackPlaceholder.ubulk" 1963
"E:/Unreal Projects/LeagueJourney/Content/MSPresets/MSVTTextures/BlackPlaceholder.uasset" 1964
"E:/Unreal Projects/LeagueJourney/Content/MSPresets/MSVTTextures/BlackPlaceholder.uexp" 1965
"E:/Unreal Projects/LeagueJourney/Content/MSPresets/MSTextures/WhitePlaceholder.uasset" 1966
"E:/Unreal Projects/LeagueJourney/Content/MSPresets/MSTextures/WhitePlaceholder.uexp" 1967
"E:/Unreal Projects/LeagueJourney/Content/MSPresets/MSTextures/Placeholder_Normal.uasset" 1968
"E:/Unreal Projects/LeagueJourney/Content/MSPresets/MSTextures/Placeholder_Normal.uexp" 1969
"E:/Unreal Projects/LeagueJourney/Content/MSPresets/MSTextures/Placeholder.uasset" 1970
"E:/Unreal Projects/LeagueJourney/Content/MSPresets/MSTextures/Placeholder.uexp" 1971
"E:/Unreal Projects/LeagueJourney/Content/MSPresets/MSTextures/FlatNormal.uasset" 1972
"E:/Unreal Projects/LeagueJourney/Content/MSPresets/MSTextures/FlatNormal.uexp" 1973
"E:/Unreal Projects/LeagueJourney/Content/MSPresets/MSTextures/BlackPlaceholder.uasset" 1974
"E:/Unreal Projects/LeagueJourney/Content/MSPresets/MSTextures/BlackPlaceholder.uexp" 1975
"E:/Unreal Projects/LeagueJourney/Content/MSPresets/MSTextures/Black.ubulk" 1976
"E:/Unreal Projects/LeagueJourney/Content/MSPresets/MSTextures/Black.uasset" 1977
"E:/Unreal Projects/LeagueJourney/Content/MSPresets/MSTextures/Black.uexp" 1978
"E:/Unreal Projects/LeagueJourney/Content/Megascans/3D_Plants/Ribbon_Grass_tbdpec3r/T_Ribbon_Grass_tbdpec3r_Billboard_D.ubulk" 1979
"E:/Unreal Projects/LeagueJourney/Content/Megascans/3D_Plants/Ribbon_Grass_tbdpec3r/T_Ribbon_Grass_tbdpec3r_Billboard_D.uasset" 1980
"E:/Unreal Projects/LeagueJourney/Content/Megascans/3D_Plants/Ribbon_Grass_tbdpec3r/T_Ribbon_Grass_tbdpec3r_Billboard_D.uexp" 1981
"E:/Unreal Projects/LeagueJourney/Content/Megascans/3D_Plants/Ribbon_Grass_tbdpec3r/T_Ribbon_Grass_tbdpec3r_Billboard_N.ubulk" 1982
"E:/Unreal Projects/LeagueJourney/Content/Megascans/3D_Plants/Ribbon_Grass_tbdpec3r/T_Ribbon_Grass_tbdpec3r_Billboard_N.uasset" 1983
"E:/Unreal Projects/LeagueJourney/Content/Megascans/3D_Plants/Ribbon_Grass_tbdpec3r/T_Ribbon_Grass_tbdpec3r_Billboard_N.uexp" 1984
"E:/Unreal Projects/LeagueJourney/Content/Megascans/3D_Plants/Ribbon_Grass_tbdpec3r/T_RibbonGrass_tbdpec3r_1K_billboard_ART.ubulk" 1985
"E:/Unreal Projects/LeagueJourney/Content/Megascans/3D_Plants/Ribbon_Grass_tbdpec3r/T_RibbonGrass_tbdpec3r_1K_billboard_ART.uasset" 1986
"E:/Unreal Projects/LeagueJourney/Content/Megascans/3D_Plants/Ribbon_Grass_tbdpec3r/T_RibbonGrass_tbdpec3r_1K_billboard_ART.uexp" 1987
"../../../Engine/Content/Functions/Engine_MaterialFunctions02/Utility/VectorToRadialValue.uasset" 1988
"../../../Engine/Content/Functions/Engine_MaterialFunctions02/Utility/VectorToRadialValue.uexp" 1989
"../../../Engine/Content/ArtTools/RenderToTexture/MaterialFunctions/FoliageZRotation.uasset" 1990
"../../../Engine/Content/ArtTools/RenderToTexture/MaterialFunctions/FoliageZRotation.uexp" 1991
"../../../Engine/Content/Functions/Engine_MaterialFunctions01/WorldPositionOffset/SimpleGrassWind.uasset" 1992
"../../../Engine/Content/Functions/Engine_MaterialFunctions01/WorldPositionOffset/SimpleGrassWind.uexp" 1993
"../../../Engine/Plugins/Bridge/Content/MSPresets/M_MS_Foliage_Material/Functions/MF_Translucency.uasset" 1994
"../../../Engine/Plugins/Bridge/Content/MSPresets/M_MS_Foliage_Material/Functions/MF_Translucency.uexp" 1995
"../../../Engine/Content/Functions/Engine_MaterialFunctions02/WorldPositionOffset/ObjectPivotPoint.uasset" 1996
"../../../Engine/Content/Functions/Engine_MaterialFunctions02/WorldPositionOffset/ObjectPivotPoint.uexp" 1997
"E:/Unreal Projects/LeagueJourney/Content/MSPresets/M_MS_Billboard_Material/M_MS_Billboard_Material.uasset" 1998
"E:/Unreal Projects/LeagueJourney/Content/MSPresets/M_MS_Billboard_Material/M_MS_Billboard_Material.uexp" 1999
"E:/Unreal Projects/LeagueJourney/Content/Megascans/3D_Plants/Ribbon_Grass_tbdpec3r/MI_Ribbon_Grass_tbdpec3r_Billboard_1K.uasset" 2000
"E:/Unreal Projects/LeagueJourney/Content/Megascans/3D_Plants/Ribbon_Grass_tbdpec3r/MI_Ribbon_Grass_tbdpec3r_Billboard_1K.uexp" 2001
"E:/Unreal Projects/LeagueJourney/Content/Megascans/3D_Plants/Ribbon_Grass_tbdpec3r/T_RibbonGrass_tbdpec3r_1K_ART.ubulk" 2002
"E:/Unreal Projects/LeagueJourney/Content/Megascans/3D_Plants/Ribbon_Grass_tbdpec3r/T_RibbonGrass_tbdpec3r_1K_ART.uasset" 2003
"E:/Unreal Projects/LeagueJourney/Content/Megascans/3D_Plants/Ribbon_Grass_tbdpec3r/T_RibbonGrass_tbdpec3r_1K_ART.uexp" 2004
"E:/Unreal Projects/LeagueJourney/Content/Megascans/3D_Plants/Ribbon_Grass_tbdpec3r/T_Ribbon_Grass_tbdpec3r_1K_D.ubulk" 2005
"E:/Unreal Projects/LeagueJourney/Content/Megascans/3D_Plants/Ribbon_Grass_tbdpec3r/T_Ribbon_Grass_tbdpec3r_1K_D.uasset" 2006
"E:/Unreal Projects/LeagueJourney/Content/Megascans/3D_Plants/Ribbon_Grass_tbdpec3r/T_Ribbon_Grass_tbdpec3r_1K_D.uexp" 2007
"E:/Unreal Projects/LeagueJourney/Content/MSPresets/M_MS_Foliage_Material/M_MS_Foliage_Material.uasset" 2008
"E:/Unreal Projects/LeagueJourney/Content/MSPresets/M_MS_Foliage_Material/M_MS_Foliage_Material.uexp" 2009
"E:/Unreal Projects/LeagueJourney/Content/Megascans/3D_Plants/Ribbon_Grass_tbdpec3r/T_Ribbon_Grass_tbdpec3r_1K_N.ubulk" 2010
"E:/Unreal Projects/LeagueJourney/Content/Megascans/3D_Plants/Ribbon_Grass_tbdpec3r/T_Ribbon_Grass_tbdpec3r_1K_N.uasset" 2011
"E:/Unreal Projects/LeagueJourney/Content/Megascans/3D_Plants/Ribbon_Grass_tbdpec3r/T_Ribbon_Grass_tbdpec3r_1K_N.uexp" 2012
"E:/Unreal Projects/LeagueJourney/Content/Megascans/3D_Plants/Ribbon_Grass_tbdpec3r/MI_Ribbon_Grass_tbdpec3r_1K.uasset" 2013
"E:/Unreal Projects/LeagueJourney/Content/Megascans/3D_Plants/Ribbon_Grass_tbdpec3r/MI_Ribbon_Grass_tbdpec3r_1K.uexp" 2014
"E:/Unreal Projects/LeagueJourney/Content/Megascans/3D_Plants/Ribbon_Grass_tbdpec3r/S_Ribbon_Grass_tbdpec3r_Var6_lod3.ubulk" 2015
"E:/Unreal Projects/LeagueJourney/Content/Megascans/3D_Plants/Ribbon_Grass_tbdpec3r/S_Ribbon_Grass_tbdpec3r_Var6_lod3.uasset" 2016
"E:/Unreal Projects/LeagueJourney/Content/Megascans/3D_Plants/Ribbon_Grass_tbdpec3r/S_Ribbon_Grass_tbdpec3r_Var6_lod3.uexp" 2017
"E:/Unreal Projects/LeagueJourney/Content/Megascans/3D_Plants/Ribbon_Grass_tbdpec3r/Foliage/FT_Ribbon_Grass_tbdpec3r_Var6_lod3.uasset" 2018
"E:/Unreal Projects/LeagueJourney/Content/Megascans/3D_Plants/Ribbon_Grass_tbdpec3r/Foliage/FT_Ribbon_Grass_tbdpec3r_Var6_lod3.uexp" 2019
"E:/Unreal Projects/LeagueJourney/Content/Megascans/3D_Plants/Ribbon_Grass_tbdpec3r/S_Ribbon_Grass_tbdpec3r_Var5_lod3.ubulk" 2020
"E:/Unreal Projects/LeagueJourney/Content/Megascans/3D_Plants/Ribbon_Grass_tbdpec3r/S_Ribbon_Grass_tbdpec3r_Var5_lod3.uasset" 2021
"E:/Unreal Projects/LeagueJourney/Content/Megascans/3D_Plants/Ribbon_Grass_tbdpec3r/S_Ribbon_Grass_tbdpec3r_Var5_lod3.uexp" 2022
"E:/Unreal Projects/LeagueJourney/Content/Megascans/3D_Plants/Ribbon_Grass_tbdpec3r/Foliage/FT_Ribbon_Grass_tbdpec3r_Var5_lod3.uasset" 2023
"E:/Unreal Projects/LeagueJourney/Content/Megascans/3D_Plants/Ribbon_Grass_tbdpec3r/Foliage/FT_Ribbon_Grass_tbdpec3r_Var5_lod3.uexp" 2024
"E:/Unreal Projects/LeagueJourney/Content/Megascans/3D_Plants/Ribbon_Grass_tbdpec3r/S_Ribbon_Grass_tbdpec3r_Var4_lod3.ubulk" 2025
"E:/Unreal Projects/LeagueJourney/Content/Megascans/3D_Plants/Ribbon_Grass_tbdpec3r/S_Ribbon_Grass_tbdpec3r_Var4_lod3.uasset" 2026
"E:/Unreal Projects/LeagueJourney/Content/Megascans/3D_Plants/Ribbon_Grass_tbdpec3r/S_Ribbon_Grass_tbdpec3r_Var4_lod3.uexp" 2027
"E:/Unreal Projects/LeagueJourney/Content/Megascans/3D_Plants/Ribbon_Grass_tbdpec3r/Foliage/FT_Ribbon_Grass_tbdpec3r_Var4_lod3.uasset" 2028
"E:/Unreal Projects/LeagueJourney/Content/Megascans/3D_Plants/Ribbon_Grass_tbdpec3r/Foliage/FT_Ribbon_Grass_tbdpec3r_Var4_lod3.uexp" 2029
"E:/Unreal Projects/LeagueJourney/Content/Megascans/3D_Plants/Ribbon_Grass_tbdpec3r/S_Ribbon_Grass_tbdpec3r_Var3_lod3.ubulk" 2030
"E:/Unreal Projects/LeagueJourney/Content/Megascans/3D_Plants/Ribbon_Grass_tbdpec3r/S_Ribbon_Grass_tbdpec3r_Var3_lod3.uasset" 2031
"E:/Unreal Projects/LeagueJourney/Content/Megascans/3D_Plants/Ribbon_Grass_tbdpec3r/S_Ribbon_Grass_tbdpec3r_Var3_lod3.uexp" 2032
"E:/Unreal Projects/LeagueJourney/Content/Megascans/3D_Plants/Ribbon_Grass_tbdpec3r/Foliage/FT_Ribbon_Grass_tbdpec3r_Var3_lod3.uasset" 2033
"E:/Unreal Projects/LeagueJourney/Content/Megascans/3D_Plants/Ribbon_Grass_tbdpec3r/Foliage/FT_Ribbon_Grass_tbdpec3r_Var3_lod3.uexp" 2034
"E:/Unreal Projects/LeagueJourney/Content/Megascans/3D_Plants/Ribbon_Grass_tbdpec3r/S_Ribbon_Grass_tbdpec3r_Var2_lod3.ubulk" 2035
"E:/Unreal Projects/LeagueJourney/Content/Megascans/3D_Plants/Ribbon_Grass_tbdpec3r/S_Ribbon_Grass_tbdpec3r_Var2_lod3.uasset" 2036
"E:/Unreal Projects/LeagueJourney/Content/Megascans/3D_Plants/Ribbon_Grass_tbdpec3r/S_Ribbon_Grass_tbdpec3r_Var2_lod3.uexp" 2037
"E:/Unreal Projects/LeagueJourney/Content/Megascans/3D_Plants/Ribbon_Grass_tbdpec3r/Foliage/FT_Ribbon_Grass_tbdpec3r_Var2_lod3.uasset" 2038
"E:/Unreal Projects/LeagueJourney/Content/Megascans/3D_Plants/Ribbon_Grass_tbdpec3r/Foliage/FT_Ribbon_Grass_tbdpec3r_Var2_lod3.uexp" 2039
"E:/Unreal Projects/LeagueJourney/Content/Megascans/3D_Plants/Ribbon_Grass_tbdpec3r/S_Ribbon_Grass_tbdpec3r_Var1_lod3.ubulk" 2040
"E:/Unreal Projects/LeagueJourney/Content/Megascans/3D_Plants/Ribbon_Grass_tbdpec3r/S_Ribbon_Grass_tbdpec3r_Var1_lod3.uasset" 2041
"E:/Unreal Projects/LeagueJourney/Content/Megascans/3D_Plants/Ribbon_Grass_tbdpec3r/S_Ribbon_Grass_tbdpec3r_Var1_lod3.uexp" 2042
"E:/Unreal Projects/LeagueJourney/Content/Megascans/3D_Plants/Ribbon_Grass_tbdpec3r/Foliage/FT_Ribbon_Grass_tbdpec3r_Var1_lod3.uasset" 2043
"E:/Unreal Projects/LeagueJourney/Content/Megascans/3D_Plants/Ribbon_Grass_tbdpec3r/Foliage/FT_Ribbon_Grass_tbdpec3r_Var1_lod3.uexp" 2044
"E:/Unreal Projects/LeagueJourney/Content/Megascans/3D_Plants/Grass_Clumps_qmBr2/T_Grass_Clumps_qmBr2_1K_D.ubulk" 2045
"E:/Unreal Projects/LeagueJourney/Content/Megascans/3D_Plants/Grass_Clumps_qmBr2/T_Grass_Clumps_qmBr2_1K_D.uasset" 2046
"E:/Unreal Projects/LeagueJourney/Content/Megascans/3D_Plants/Grass_Clumps_qmBr2/T_Grass_Clumps_qmBr2_1K_D.uexp" 2047
"E:/Unreal Projects/LeagueJourney/Content/Megascans/3D_Plants/Grass_Clumps_qmBr2/T_GrassClumps_qmBr2_1K_ART.ubulk" 2048
"E:/Unreal Projects/LeagueJourney/Content/Megascans/3D_Plants/Grass_Clumps_qmBr2/T_GrassClumps_qmBr2_1K_ART.uasset" 2049
"E:/Unreal Projects/LeagueJourney/Content/Megascans/3D_Plants/Grass_Clumps_qmBr2/T_GrassClumps_qmBr2_1K_ART.uexp" 2050
"E:/Unreal Projects/LeagueJourney/Content/Megascans/3D_Plants/Grass_Clumps_qmBr2/T_Grass_Clumps_qmBr2_1K_N.ubulk" 2051
"E:/Unreal Projects/LeagueJourney/Content/Megascans/3D_Plants/Grass_Clumps_qmBr2/T_Grass_Clumps_qmBr2_1K_N.uasset" 2052
"E:/Unreal Projects/LeagueJourney/Content/Megascans/3D_Plants/Grass_Clumps_qmBr2/T_Grass_Clumps_qmBr2_1K_N.uexp" 2053
"E:/Unreal Projects/LeagueJourney/Content/Megascans/3D_Plants/Grass_Clumps_qmBr2/MI_Grass_Clumps_qmBr2_1K.uasset" 2054
"E:/Unreal Projects/LeagueJourney/Content/Megascans/3D_Plants/Grass_Clumps_qmBr2/MI_Grass_Clumps_qmBr2_1K.uexp" 2055
"E:/Unreal Projects/LeagueJourney/Content/Megascans/3D_Plants/Grass_Clumps_qmBr2/T_Grass_Clumps_qmBr2_Billboard_D.ubulk" 2056
"E:/Unreal Projects/LeagueJourney/Content/Megascans/3D_Plants/Grass_Clumps_qmBr2/T_Grass_Clumps_qmBr2_Billboard_D.uasset" 2057
"E:/Unreal Projects/LeagueJourney/Content/Megascans/3D_Plants/Grass_Clumps_qmBr2/T_Grass_Clumps_qmBr2_Billboard_D.uexp" 2058
"E:/Unreal Projects/LeagueJourney/Content/Megascans/3D_Plants/Grass_Clumps_qmBr2/T_GrassClumps_qmBr2_1K_billboard_ART.ubulk" 2059
"E:/Unreal Projects/LeagueJourney/Content/Megascans/3D_Plants/Grass_Clumps_qmBr2/T_GrassClumps_qmBr2_1K_billboard_ART.uasset" 2060
"E:/Unreal Projects/LeagueJourney/Content/Megascans/3D_Plants/Grass_Clumps_qmBr2/T_GrassClumps_qmBr2_1K_billboard_ART.uexp" 2061
"E:/Unreal Projects/LeagueJourney/Content/Megascans/3D_Plants/Grass_Clumps_qmBr2/T_Grass_Clumps_qmBr2_Billboard_N.ubulk" 2062
"E:/Unreal Projects/LeagueJourney/Content/Megascans/3D_Plants/Grass_Clumps_qmBr2/T_Grass_Clumps_qmBr2_Billboard_N.uasset" 2063
"E:/Unreal Projects/LeagueJourney/Content/Megascans/3D_Plants/Grass_Clumps_qmBr2/T_Grass_Clumps_qmBr2_Billboard_N.uexp" 2064
"E:/Unreal Projects/LeagueJourney/Content/Megascans/3D_Plants/Grass_Clumps_qmBr2/MI_Grass_Clumps_qmBr2_Billboard_1K.uasset" 2065
"E:/Unreal Projects/LeagueJourney/Content/Megascans/3D_Plants/Grass_Clumps_qmBr2/MI_Grass_Clumps_qmBr2_Billboard_1K.uexp" 2066
"E:/Unreal Projects/LeagueJourney/Content/Megascans/3D_Plants/Grass_Clumps_qmBr2/S_Grass_Clumps_qmBr2_Var3_lod3.ubulk" 2067
"E:/Unreal Projects/LeagueJourney/Content/Megascans/3D_Plants/Grass_Clumps_qmBr2/S_Grass_Clumps_qmBr2_Var3_lod3.uasset" 2068
"E:/Unreal Projects/LeagueJourney/Content/Megascans/3D_Plants/Grass_Clumps_qmBr2/S_Grass_Clumps_qmBr2_Var3_lod3.uexp" 2069
"E:/Unreal Projects/LeagueJourney/Content/Megascans/3D_Plants/Grass_Clumps_qmBr2/Foliage/FT_Grass_Clumps_qmBr2_Var3_lod3.uasset" 2070
"E:/Unreal Projects/LeagueJourney/Content/Megascans/3D_Plants/Grass_Clumps_qmBr2/Foliage/FT_Grass_Clumps_qmBr2_Var3_lod3.uexp" 2071
"E:/Unreal Projects/LeagueJourney/Content/Megascans/3D_Plants/Grass_Clumps_qmBr2/S_Grass_Clumps_qmBr2_Var2_lod3.ubulk" 2072
"E:/Unreal Projects/LeagueJourney/Content/Megascans/3D_Plants/Grass_Clumps_qmBr2/S_Grass_Clumps_qmBr2_Var2_lod3.uasset" 2073
"E:/Unreal Projects/LeagueJourney/Content/Megascans/3D_Plants/Grass_Clumps_qmBr2/S_Grass_Clumps_qmBr2_Var2_lod3.uexp" 2074
"E:/Unreal Projects/LeagueJourney/Content/Megascans/3D_Plants/Grass_Clumps_qmBr2/Foliage/FT_Grass_Clumps_qmBr2_Var2_lod3.uasset" 2075
"E:/Unreal Projects/LeagueJourney/Content/Megascans/3D_Plants/Grass_Clumps_qmBr2/Foliage/FT_Grass_Clumps_qmBr2_Var2_lod3.uexp" 2076
"E:/Unreal Projects/LeagueJourney/Content/Megascans/3D_Plants/Grass_Clumps_qmBr2/S_Grass_Clumps_qmBr2_Var1_lod3.ubulk" 2077
"E:/Unreal Projects/LeagueJourney/Content/Megascans/3D_Plants/Grass_Clumps_qmBr2/S_Grass_Clumps_qmBr2_Var1_lod3.uasset" 2078
"E:/Unreal Projects/LeagueJourney/Content/Megascans/3D_Plants/Grass_Clumps_qmBr2/S_Grass_Clumps_qmBr2_Var1_lod3.uexp" 2079
"E:/Unreal Projects/LeagueJourney/Content/Megascans/3D_Plants/Grass_Clumps_qmBr2/Foliage/FT_Grass_Clumps_qmBr2_Var1_lod3.uasset" 2080
"E:/Unreal Projects/LeagueJourney/Content/Megascans/3D_Plants/Grass_Clumps_qmBr2/Foliage/FT_Grass_Clumps_qmBr2_Var1_lod3.uexp" 2081
"E:/Unreal Projects/LeagueJourney/Content/Megascans/3D_Plants/Field_Poppy_vmcobd0ja/T_Field_Poppy_vmcobd0ja_Billboard_N.ubulk" 2082
"E:/Unreal Projects/LeagueJourney/Content/Megascans/3D_Plants/Field_Poppy_vmcobd0ja/T_Field_Poppy_vmcobd0ja_Billboard_N.uasset" 2083
"E:/Unreal Projects/LeagueJourney/Content/Megascans/3D_Plants/Field_Poppy_vmcobd0ja/T_Field_Poppy_vmcobd0ja_Billboard_N.uexp" 2084
"E:/Unreal Projects/LeagueJourney/Content/Megascans/3D_Plants/Field_Poppy_vmcobd0ja/T_Field_Poppy_vmcobd0ja_Billboard_D.ubulk" 2085
"E:/Unreal Projects/LeagueJourney/Content/Megascans/3D_Plants/Field_Poppy_vmcobd0ja/T_Field_Poppy_vmcobd0ja_Billboard_D.uasset" 2086
"E:/Unreal Projects/LeagueJourney/Content/Megascans/3D_Plants/Field_Poppy_vmcobd0ja/T_Field_Poppy_vmcobd0ja_Billboard_D.uexp" 2087
"E:/Unreal Projects/LeagueJourney/Content/Megascans/3D_Plants/Field_Poppy_vmcobd0ja/T_FieldPoppy_vmcobd0ja_2K_billboard_ART.ubulk" 2088
"E:/Unreal Projects/LeagueJourney/Content/Megascans/3D_Plants/Field_Poppy_vmcobd0ja/T_FieldPoppy_vmcobd0ja_2K_billboard_ART.uasset" 2089
"E:/Unreal Projects/LeagueJourney/Content/Megascans/3D_Plants/Field_Poppy_vmcobd0ja/T_FieldPoppy_vmcobd0ja_2K_billboard_ART.uexp" 2090
"E:/Unreal Projects/LeagueJourney/Content/Megascans/3D_Plants/Field_Poppy_vmcobd0ja/MI_Field_Poppy_vmcobd0ja_Billboard_2K.uasset" 2091
"E:/Unreal Projects/LeagueJourney/Content/Megascans/3D_Plants/Field_Poppy_vmcobd0ja/MI_Field_Poppy_vmcobd0ja_Billboard_2K.uexp" 2092
"E:/Unreal Projects/LeagueJourney/Content/Megascans/3D_Plants/Field_Poppy_vmcobd0ja/T_Field_Poppy_vmcobd0ja_2K_D.ubulk" 2093
"E:/Unreal Projects/LeagueJourney/Content/Megascans/3D_Plants/Field_Poppy_vmcobd0ja/T_Field_Poppy_vmcobd0ja_2K_D.uasset" 2094
"E:/Unreal Projects/LeagueJourney/Content/Megascans/3D_Plants/Field_Poppy_vmcobd0ja/T_Field_Poppy_vmcobd0ja_2K_D.uexp" 2095
"E:/Unreal Projects/LeagueJourney/Content/Megascans/3D_Plants/Field_Poppy_vmcobd0ja/T_FieldPoppy_vmcobd0ja_2K_ART.ubulk" 2096
"E:/Unreal Projects/LeagueJourney/Content/Megascans/3D_Plants/Field_Poppy_vmcobd0ja/T_FieldPoppy_vmcobd0ja_2K_ART.uasset" 2097
"E:/Unreal Projects/LeagueJourney/Content/Megascans/3D_Plants/Field_Poppy_vmcobd0ja/T_FieldPoppy_vmcobd0ja_2K_ART.uexp" 2098
"E:/Unreal Projects/LeagueJourney/Content/Megascans/3D_Plants/Field_Poppy_vmcobd0ja/T_Field_Poppy_vmcobd0ja_2K_N.ubulk" 2099
"E:/Unreal Projects/LeagueJourney/Content/Megascans/3D_Plants/Field_Poppy_vmcobd0ja/T_Field_Poppy_vmcobd0ja_2K_N.uasset" 2100
"E:/Unreal Projects/LeagueJourney/Content/Megascans/3D_Plants/Field_Poppy_vmcobd0ja/T_Field_Poppy_vmcobd0ja_2K_N.uexp" 2101
"E:/Unreal Projects/LeagueJourney/Content/Megascans/3D_Plants/Field_Poppy_vmcobd0ja/MI_Field_Poppy_vmcobd0ja_2K.uasset" 2102
"E:/Unreal Projects/LeagueJourney/Content/Megascans/3D_Plants/Field_Poppy_vmcobd0ja/MI_Field_Poppy_vmcobd0ja_2K.uexp" 2103
"E:/Unreal Projects/LeagueJourney/Content/Megascans/3D_Plants/Field_Poppy_vmcobd0ja/S_Field_Poppy_vmcobd0ja_Var9_lod1.ubulk" 2104
"E:/Unreal Projects/LeagueJourney/Content/Megascans/3D_Plants/Field_Poppy_vmcobd0ja/S_Field_Poppy_vmcobd0ja_Var9_lod1.uasset" 2105
"E:/Unreal Projects/LeagueJourney/Content/Megascans/3D_Plants/Field_Poppy_vmcobd0ja/S_Field_Poppy_vmcobd0ja_Var9_lod1.uexp" 2106
"E:/Unreal Projects/LeagueJourney/Content/Megascans/3D_Plants/Field_Poppy_vmcobd0ja/Foliage/FT_Field_Poppy_vmcobd0ja_Var9_lod1.uasset" 2107
"E:/Unreal Projects/LeagueJourney/Content/Megascans/3D_Plants/Field_Poppy_vmcobd0ja/Foliage/FT_Field_Poppy_vmcobd0ja_Var9_lod1.uexp" 2108
"E:/Unreal Projects/LeagueJourney/Content/Megascans/3D_Plants/Field_Poppy_vmcobd0ja/S_Field_Poppy_vmcobd0ja_Var8_lod1.ubulk" 2109
"E:/Unreal Projects/LeagueJourney/Content/Megascans/3D_Plants/Field_Poppy_vmcobd0ja/S_Field_Poppy_vmcobd0ja_Var8_lod1.uasset" 2110
"E:/Unreal Projects/LeagueJourney/Content/Megascans/3D_Plants/Field_Poppy_vmcobd0ja/S_Field_Poppy_vmcobd0ja_Var8_lod1.uexp" 2111
"E:/Unreal Projects/LeagueJourney/Content/Megascans/3D_Plants/Field_Poppy_vmcobd0ja/Foliage/FT_Field_Poppy_vmcobd0ja_Var8_lod1.uasset" 2112
"E:/Unreal Projects/LeagueJourney/Content/Megascans/3D_Plants/Field_Poppy_vmcobd0ja/Foliage/FT_Field_Poppy_vmcobd0ja_Var8_lod1.uexp" 2113
"E:/Unreal Projects/LeagueJourney/Content/Megascans/3D_Plants/Field_Poppy_vmcobd0ja/S_Field_Poppy_vmcobd0ja_Var7_lod1.ubulk" 2114
"E:/Unreal Projects/LeagueJourney/Content/Megascans/3D_Plants/Field_Poppy_vmcobd0ja/S_Field_Poppy_vmcobd0ja_Var7_lod1.uasset" 2115
"E:/Unreal Projects/LeagueJourney/Content/Megascans/3D_Plants/Field_Poppy_vmcobd0ja/S_Field_Poppy_vmcobd0ja_Var7_lod1.uexp" 2116
"E:/Unreal Projects/LeagueJourney/Content/Megascans/3D_Plants/Field_Poppy_vmcobd0ja/Foliage/FT_Field_Poppy_vmcobd0ja_Var7_lod1.uasset" 2117
"E:/Unreal Projects/LeagueJourney/Content/Megascans/3D_Plants/Field_Poppy_vmcobd0ja/Foliage/FT_Field_Poppy_vmcobd0ja_Var7_lod1.uexp" 2118
"E:/Unreal Projects/LeagueJourney/Content/Megascans/3D_Plants/Field_Poppy_vmcobd0ja/S_Field_Poppy_vmcobd0ja_Var6_lod1.ubulk" 2119
"E:/Unreal Projects/LeagueJourney/Content/Megascans/3D_Plants/Field_Poppy_vmcobd0ja/S_Field_Poppy_vmcobd0ja_Var6_lod1.uasset" 2120
"E:/Unreal Projects/LeagueJourney/Content/Megascans/3D_Plants/Field_Poppy_vmcobd0ja/S_Field_Poppy_vmcobd0ja_Var6_lod1.uexp" 2121
"E:/Unreal Projects/LeagueJourney/Content/Megascans/3D_Plants/Field_Poppy_vmcobd0ja/Foliage/FT_Field_Poppy_vmcobd0ja_Var6_lod1.uasset" 2122
"E:/Unreal Projects/LeagueJourney/Content/Megascans/3D_Plants/Field_Poppy_vmcobd0ja/Foliage/FT_Field_Poppy_vmcobd0ja_Var6_lod1.uexp" 2123
"E:/Unreal Projects/LeagueJourney/Content/Megascans/3D_Plants/Field_Poppy_vmcobd0ja/S_Field_Poppy_vmcobd0ja_Var5_lod1.ubulk" 2124
"E:/Unreal Projects/LeagueJourney/Content/Megascans/3D_Plants/Field_Poppy_vmcobd0ja/S_Field_Poppy_vmcobd0ja_Var5_lod1.uasset" 2125
"E:/Unreal Projects/LeagueJourney/Content/Megascans/3D_Plants/Field_Poppy_vmcobd0ja/S_Field_Poppy_vmcobd0ja_Var5_lod1.uexp" 2126
"E:/Unreal Projects/LeagueJourney/Content/Megascans/3D_Plants/Field_Poppy_vmcobd0ja/Foliage/FT_Field_Poppy_vmcobd0ja_Var5_lod1.uasset" 2127
"E:/Unreal Projects/LeagueJourney/Content/Megascans/3D_Plants/Field_Poppy_vmcobd0ja/Foliage/FT_Field_Poppy_vmcobd0ja_Var5_lod1.uexp" 2128
"E:/Unreal Projects/LeagueJourney/Content/Megascans/3D_Plants/Field_Poppy_vmcobd0ja/S_Field_Poppy_vmcobd0ja_Var4_lod1.ubulk" 2129
"E:/Unreal Projects/LeagueJourney/Content/Megascans/3D_Plants/Field_Poppy_vmcobd0ja/S_Field_Poppy_vmcobd0ja_Var4_lod1.uasset" 2130
"E:/Unreal Projects/LeagueJourney/Content/Megascans/3D_Plants/Field_Poppy_vmcobd0ja/S_Field_Poppy_vmcobd0ja_Var4_lod1.uexp" 2131
"E:/Unreal Projects/LeagueJourney/Content/Megascans/3D_Plants/Field_Poppy_vmcobd0ja/Foliage/FT_Field_Poppy_vmcobd0ja_Var4_lod1.uasset" 2132
"E:/Unreal Projects/LeagueJourney/Content/Megascans/3D_Plants/Field_Poppy_vmcobd0ja/Foliage/FT_Field_Poppy_vmcobd0ja_Var4_lod1.uexp" 2133
"E:/Unreal Projects/LeagueJourney/Content/Megascans/3D_Plants/Field_Poppy_vmcobd0ja/S_Field_Poppy_vmcobd0ja_Var3_lod1.ubulk" 2134
"E:/Unreal Projects/LeagueJourney/Content/Megascans/3D_Plants/Field_Poppy_vmcobd0ja/S_Field_Poppy_vmcobd0ja_Var3_lod1.uasset" 2135
"E:/Unreal Projects/LeagueJourney/Content/Megascans/3D_Plants/Field_Poppy_vmcobd0ja/S_Field_Poppy_vmcobd0ja_Var3_lod1.uexp" 2136
"E:/Unreal Projects/LeagueJourney/Content/Megascans/3D_Plants/Field_Poppy_vmcobd0ja/Foliage/FT_Field_Poppy_vmcobd0ja_Var3_lod1.uasset" 2137
"E:/Unreal Projects/LeagueJourney/Content/Megascans/3D_Plants/Field_Poppy_vmcobd0ja/Foliage/FT_Field_Poppy_vmcobd0ja_Var3_lod1.uexp" 2138
"E:/Unreal Projects/LeagueJourney/Content/Megascans/3D_Plants/Field_Poppy_vmcobd0ja/S_Field_Poppy_vmcobd0ja_Var2_lod1.ubulk" 2139
"E:/Unreal Projects/LeagueJourney/Content/Megascans/3D_Plants/Field_Poppy_vmcobd0ja/S_Field_Poppy_vmcobd0ja_Var2_lod1.uasset" 2140
"E:/Unreal Projects/LeagueJourney/Content/Megascans/3D_Plants/Field_Poppy_vmcobd0ja/S_Field_Poppy_vmcobd0ja_Var2_lod1.uexp" 2141
"E:/Unreal Projects/LeagueJourney/Content/Megascans/3D_Plants/Field_Poppy_vmcobd0ja/Foliage/FT_Field_Poppy_vmcobd0ja_Var2_lod1.uasset" 2142
"E:/Unreal Projects/LeagueJourney/Content/Megascans/3D_Plants/Field_Poppy_vmcobd0ja/Foliage/FT_Field_Poppy_vmcobd0ja_Var2_lod1.uexp" 2143
"E:/Unreal Projects/LeagueJourney/Content/Megascans/3D_Plants/Field_Poppy_vmcobd0ja/S_Field_Poppy_vmcobd0ja_Var1_lod1.ubulk" 2144
"E:/Unreal Projects/LeagueJourney/Content/Megascans/3D_Plants/Field_Poppy_vmcobd0ja/S_Field_Poppy_vmcobd0ja_Var1_lod1.uasset" 2145
"E:/Unreal Projects/LeagueJourney/Content/Megascans/3D_Plants/Field_Poppy_vmcobd0ja/S_Field_Poppy_vmcobd0ja_Var1_lod1.uexp" 2146
"E:/Unreal Projects/LeagueJourney/Content/Megascans/3D_Plants/Field_Poppy_vmcobd0ja/Foliage/FT_Field_Poppy_vmcobd0ja_Var1_lod1.uasset" 2147
"E:/Unreal Projects/LeagueJourney/Content/Megascans/3D_Plants/Field_Poppy_vmcobd0ja/Foliage/FT_Field_Poppy_vmcobd0ja_Var1_lod1.uexp" 2148
"E:/Unreal Projects/LeagueJourney/Content/Megascans/3D_Plants/Field_Poppy_vmcobd0ja/S_Field_Poppy_vmcobd0ja_Var14_lod1.ubulk" 2149
"E:/Unreal Projects/LeagueJourney/Content/Megascans/3D_Plants/Field_Poppy_vmcobd0ja/S_Field_Poppy_vmcobd0ja_Var14_lod1.uasset" 2150
"E:/Unreal Projects/LeagueJourney/Content/Megascans/3D_Plants/Field_Poppy_vmcobd0ja/S_Field_Poppy_vmcobd0ja_Var14_lod1.uexp" 2151
"E:/Unreal Projects/LeagueJourney/Content/Megascans/3D_Plants/Field_Poppy_vmcobd0ja/Foliage/FT_Field_Poppy_vmcobd0ja_Var14_lod1.uasset" 2152
"E:/Unreal Projects/LeagueJourney/Content/Megascans/3D_Plants/Field_Poppy_vmcobd0ja/Foliage/FT_Field_Poppy_vmcobd0ja_Var14_lod1.uexp" 2153
"E:/Unreal Projects/LeagueJourney/Content/Megascans/3D_Plants/Field_Poppy_vmcobd0ja/S_Field_Poppy_vmcobd0ja_Var13_lod1.ubulk" 2154
"E:/Unreal Projects/LeagueJourney/Content/Megascans/3D_Plants/Field_Poppy_vmcobd0ja/S_Field_Poppy_vmcobd0ja_Var13_lod1.uasset" 2155
"E:/Unreal Projects/LeagueJourney/Content/Megascans/3D_Plants/Field_Poppy_vmcobd0ja/S_Field_Poppy_vmcobd0ja_Var13_lod1.uexp" 2156
"E:/Unreal Projects/LeagueJourney/Content/Megascans/3D_Plants/Field_Poppy_vmcobd0ja/Foliage/FT_Field_Poppy_vmcobd0ja_Var13_lod1.uasset" 2157
"E:/Unreal Projects/LeagueJourney/Content/Megascans/3D_Plants/Field_Poppy_vmcobd0ja/Foliage/FT_Field_Poppy_vmcobd0ja_Var13_lod1.uexp" 2158
"E:/Unreal Projects/LeagueJourney/Content/Megascans/3D_Plants/Field_Poppy_vmcobd0ja/S_Field_Poppy_vmcobd0ja_Var12_lod1.ubulk" 2159
"E:/Unreal Projects/LeagueJourney/Content/Megascans/3D_Plants/Field_Poppy_vmcobd0ja/S_Field_Poppy_vmcobd0ja_Var12_lod1.uasset" 2160
"E:/Unreal Projects/LeagueJourney/Content/Megascans/3D_Plants/Field_Poppy_vmcobd0ja/S_Field_Poppy_vmcobd0ja_Var12_lod1.uexp" 2161
"E:/Unreal Projects/LeagueJourney/Content/Megascans/3D_Plants/Field_Poppy_vmcobd0ja/Foliage/FT_Field_Poppy_vmcobd0ja_Var12_lod1.uasset" 2162
"E:/Unreal Projects/LeagueJourney/Content/Megascans/3D_Plants/Field_Poppy_vmcobd0ja/Foliage/FT_Field_Poppy_vmcobd0ja_Var12_lod1.uexp" 2163
"E:/Unreal Projects/LeagueJourney/Content/Megascans/3D_Plants/Field_Poppy_vmcobd0ja/S_Field_Poppy_vmcobd0ja_Var11_lod1.ubulk" 2164
"E:/Unreal Projects/LeagueJourney/Content/Megascans/3D_Plants/Field_Poppy_vmcobd0ja/S_Field_Poppy_vmcobd0ja_Var11_lod1.uasset" 2165
"E:/Unreal Projects/LeagueJourney/Content/Megascans/3D_Plants/Field_Poppy_vmcobd0ja/S_Field_Poppy_vmcobd0ja_Var11_lod1.uexp" 2166
"E:/Unreal Projects/LeagueJourney/Content/Megascans/3D_Plants/Field_Poppy_vmcobd0ja/Foliage/FT_Field_Poppy_vmcobd0ja_Var11_lod1.uasset" 2167
"E:/Unreal Projects/LeagueJourney/Content/Megascans/3D_Plants/Field_Poppy_vmcobd0ja/Foliage/FT_Field_Poppy_vmcobd0ja_Var11_lod1.uexp" 2168
"E:/Unreal Projects/LeagueJourney/Content/Megascans/3D_Plants/Field_Poppy_vmcobd0ja/S_Field_Poppy_vmcobd0ja_Var10_lod1.ubulk" 2169
"E:/Unreal Projects/LeagueJourney/Content/Megascans/3D_Plants/Field_Poppy_vmcobd0ja/S_Field_Poppy_vmcobd0ja_Var10_lod1.uasset" 2170
"E:/Unreal Projects/LeagueJourney/Content/Megascans/3D_Plants/Field_Poppy_vmcobd0ja/S_Field_Poppy_vmcobd0ja_Var10_lod1.uexp" 2171
"E:/Unreal Projects/LeagueJourney/Content/Megascans/3D_Plants/Field_Poppy_vmcobd0ja/Foliage/FT_Field_Poppy_vmcobd0ja_Var10_lod1.uasset" 2172
"E:/Unreal Projects/LeagueJourney/Content/Megascans/3D_Plants/Field_Poppy_vmcobd0ja/Foliage/FT_Field_Poppy_vmcobd0ja_Var10_lod1.uexp" 2173
"E:/Unreal Projects/LeagueJourney/Content/Megascans/3D_Plants/European_Spindle_wk1ncbxja/T_EuropeanSpindle_wk1ncbxja_1K_billboard_ART.ubulk" 2174
"E:/Unreal Projects/LeagueJourney/Content/Megascans/3D_Plants/European_Spindle_wk1ncbxja/T_EuropeanSpindle_wk1ncbxja_1K_billboard_ART.uasset" 2175
"E:/Unreal Projects/LeagueJourney/Content/Megascans/3D_Plants/European_Spindle_wk1ncbxja/T_EuropeanSpindle_wk1ncbxja_1K_billboard_ART.uexp" 2176
"E:/Unreal Projects/LeagueJourney/Content/Megascans/3D_Plants/European_Spindle_wk1ncbxja/T_European_Spindle_wk1ncbxja_Billboard_D.ubulk" 2177
"E:/Unreal Projects/LeagueJourney/Content/Megascans/3D_Plants/European_Spindle_wk1ncbxja/T_European_Spindle_wk1ncbxja_Billboard_D.uasset" 2178
"E:/Unreal Projects/LeagueJourney/Content/Megascans/3D_Plants/European_Spindle_wk1ncbxja/T_European_Spindle_wk1ncbxja_Billboard_D.uexp" 2179
"E:/Unreal Projects/LeagueJourney/Content/Megascans/3D_Plants/European_Spindle_wk1ncbxja/T_European_Spindle_wk1ncbxja_Billboard_N.ubulk" 2180
"E:/Unreal Projects/LeagueJourney/Content/Megascans/3D_Plants/European_Spindle_wk1ncbxja/T_European_Spindle_wk1ncbxja_Billboard_N.uasset" 2181
"E:/Unreal Projects/LeagueJourney/Content/Megascans/3D_Plants/European_Spindle_wk1ncbxja/T_European_Spindle_wk1ncbxja_Billboard_N.uexp" 2182
"E:/Unreal Projects/LeagueJourney/Content/Megascans/3D_Plants/European_Spindle_wk1ncbxja/MI_European_Spindle_wk1ncbxja_Billboard_1K.uasset" 2183
"E:/Unreal Projects/LeagueJourney/Content/Megascans/3D_Plants/European_Spindle_wk1ncbxja/MI_European_Spindle_wk1ncbxja_Billboard_1K.uexp" 2184
"E:/Unreal Projects/LeagueJourney/Content/Megascans/3D_Plants/European_Spindle_wk1ncbxja/T_EuropeanSpindle_wk1ncbxja_1K_ART.ubulk" 2185
"E:/Unreal Projects/LeagueJourney/Content/Megascans/3D_Plants/European_Spindle_wk1ncbxja/T_EuropeanSpindle_wk1ncbxja_1K_ART.uasset" 2186
"E:/Unreal Projects/LeagueJourney/Content/Megascans/3D_Plants/European_Spindle_wk1ncbxja/T_EuropeanSpindle_wk1ncbxja_1K_ART.uexp" 2187
"E:/Unreal Projects/LeagueJourney/Content/Megascans/3D_Plants/European_Spindle_wk1ncbxja/T_European_Spindle_wk1ncbxja_1K_N.ubulk" 2188
"E:/Unreal Projects/LeagueJourney/Content/Megascans/3D_Plants/European_Spindle_wk1ncbxja/T_European_Spindle_wk1ncbxja_1K_N.uasset" 2189
"E:/Unreal Projects/LeagueJourney/Content/Megascans/3D_Plants/European_Spindle_wk1ncbxja/T_European_Spindle_wk1ncbxja_1K_N.uexp" 2190
"E:/Unreal Projects/LeagueJourney/Content/Megascans/3D_Plants/European_Spindle_wk1ncbxja/T_European_Spindle_wk1ncbxja_1K_D.ubulk" 2191
"E:/Unreal Projects/LeagueJourney/Content/Megascans/3D_Plants/European_Spindle_wk1ncbxja/T_European_Spindle_wk1ncbxja_1K_D.uasset" 2192
"E:/Unreal Projects/LeagueJourney/Content/Megascans/3D_Plants/European_Spindle_wk1ncbxja/T_European_Spindle_wk1ncbxja_1K_D.uexp" 2193
"E:/Unreal Projects/LeagueJourney/Content/Megascans/3D_Plants/European_Spindle_wk1ncbxja/MI_European_Spindle_wk1ncbxja_1K.uasset" 2194
"E:/Unreal Projects/LeagueJourney/Content/Megascans/3D_Plants/European_Spindle_wk1ncbxja/MI_European_Spindle_wk1ncbxja_1K.uexp" 2195
"E:/Unreal Projects/LeagueJourney/Content/Megascans/3D_Plants/European_Spindle_wk1ncbxja/S_European_Spindle_wk1ncbxja_Var9_lod3.ubulk" 2196
"E:/Unreal Projects/LeagueJourney/Content/Megascans/3D_Plants/European_Spindle_wk1ncbxja/S_European_Spindle_wk1ncbxja_Var9_lod3.uasset" 2197
"E:/Unreal Projects/LeagueJourney/Content/Megascans/3D_Plants/European_Spindle_wk1ncbxja/S_European_Spindle_wk1ncbxja_Var9_lod3.uexp" 2198
"E:/Unreal Projects/LeagueJourney/Content/Megascans/3D_Plants/European_Spindle_wk1ncbxja/Foliage/FT_European_Spindle_wk1ncbxja_Var9_lod3.uasset" 2199
"E:/Unreal Projects/LeagueJourney/Content/Megascans/3D_Plants/European_Spindle_wk1ncbxja/Foliage/FT_European_Spindle_wk1ncbxja_Var9_lod3.uexp" 2200
"E:/Unreal Projects/LeagueJourney/Content/Megascans/3D_Plants/European_Spindle_wk1ncbxja/S_European_Spindle_wk1ncbxja_Var8_lod3.ubulk" 2201
"E:/Unreal Projects/LeagueJourney/Content/Megascans/3D_Plants/European_Spindle_wk1ncbxja/S_European_Spindle_wk1ncbxja_Var8_lod3.uasset" 2202
"E:/Unreal Projects/LeagueJourney/Content/Megascans/3D_Plants/European_Spindle_wk1ncbxja/S_European_Spindle_wk1ncbxja_Var8_lod3.uexp" 2203
"E:/Unreal Projects/LeagueJourney/Content/Megascans/3D_Plants/European_Spindle_wk1ncbxja/Foliage/FT_European_Spindle_wk1ncbxja_Var8_lod3.uasset" 2204
"E:/Unreal Projects/LeagueJourney/Content/Megascans/3D_Plants/European_Spindle_wk1ncbxja/Foliage/FT_European_Spindle_wk1ncbxja_Var8_lod3.uexp" 2205
"E:/Unreal Projects/LeagueJourney/Content/Megascans/3D_Plants/European_Spindle_wk1ncbxja/S_European_Spindle_wk1ncbxja_Var7_lod3.ubulk" 2206
"E:/Unreal Projects/LeagueJourney/Content/Megascans/3D_Plants/European_Spindle_wk1ncbxja/S_European_Spindle_wk1ncbxja_Var7_lod3.uasset" 2207
"E:/Unreal Projects/LeagueJourney/Content/Megascans/3D_Plants/European_Spindle_wk1ncbxja/S_European_Spindle_wk1ncbxja_Var7_lod3.uexp" 2208
"E:/Unreal Projects/LeagueJourney/Content/Megascans/3D_Plants/European_Spindle_wk1ncbxja/Foliage/FT_European_Spindle_wk1ncbxja_Var7_lod3.uasset" 2209
"E:/Unreal Projects/LeagueJourney/Content/Megascans/3D_Plants/European_Spindle_wk1ncbxja/Foliage/FT_European_Spindle_wk1ncbxja_Var7_lod3.uexp" 2210
"E:/Unreal Projects/LeagueJourney/Content/Megascans/3D_Plants/European_Spindle_wk1ncbxja/S_European_Spindle_wk1ncbxja_Var6_lod3.ubulk" 2211
"E:/Unreal Projects/LeagueJourney/Content/Megascans/3D_Plants/European_Spindle_wk1ncbxja/S_European_Spindle_wk1ncbxja_Var6_lod3.uasset" 2212
"E:/Unreal Projects/LeagueJourney/Content/Megascans/3D_Plants/European_Spindle_wk1ncbxja/S_European_Spindle_wk1ncbxja_Var6_lod3.uexp" 2213
"E:/Unreal Projects/LeagueJourney/Content/Megascans/3D_Plants/European_Spindle_wk1ncbxja/Foliage/FT_European_Spindle_wk1ncbxja_Var6_lod3.uasset" 2214
"E:/Unreal Projects/LeagueJourney/Content/Megascans/3D_Plants/European_Spindle_wk1ncbxja/Foliage/FT_European_Spindle_wk1ncbxja_Var6_lod3.uexp" 2215
"E:/Unreal Projects/LeagueJourney/Content/Megascans/3D_Plants/European_Spindle_wk1ncbxja/S_European_Spindle_wk1ncbxja_Var5_lod3.ubulk" 2216
"E:/Unreal Projects/LeagueJourney/Content/Megascans/3D_Plants/European_Spindle_wk1ncbxja/S_European_Spindle_wk1ncbxja_Var5_lod3.uasset" 2217
"E:/Unreal Projects/LeagueJourney/Content/Megascans/3D_Plants/European_Spindle_wk1ncbxja/S_European_Spindle_wk1ncbxja_Var5_lod3.uexp" 2218
"E:/Unreal Projects/LeagueJourney/Content/Megascans/3D_Plants/European_Spindle_wk1ncbxja/Foliage/FT_European_Spindle_wk1ncbxja_Var5_lod3.uasset" 2219
"E:/Unreal Projects/LeagueJourney/Content/Megascans/3D_Plants/European_Spindle_wk1ncbxja/Foliage/FT_European_Spindle_wk1ncbxja_Var5_lod3.uexp" 2220
"E:/Unreal Projects/LeagueJourney/Content/Megascans/3D_Plants/European_Spindle_wk1ncbxja/S_European_Spindle_wk1ncbxja_Var4_lod3.ubulk" 2221
"E:/Unreal Projects/LeagueJourney/Content/Megascans/3D_Plants/European_Spindle_wk1ncbxja/S_European_Spindle_wk1ncbxja_Var4_lod3.uasset" 2222
"E:/Unreal Projects/LeagueJourney/Content/Megascans/3D_Plants/European_Spindle_wk1ncbxja/S_European_Spindle_wk1ncbxja_Var4_lod3.uexp" 2223
"E:/Unreal Projects/LeagueJourney/Content/Megascans/3D_Plants/European_Spindle_wk1ncbxja/Foliage/FT_European_Spindle_wk1ncbxja_Var4_lod3.uasset" 2224
"E:/Unreal Projects/LeagueJourney/Content/Megascans/3D_Plants/European_Spindle_wk1ncbxja/Foliage/FT_European_Spindle_wk1ncbxja_Var4_lod3.uexp" 2225
"E:/Unreal Projects/LeagueJourney/Content/Megascans/3D_Plants/European_Spindle_wk1ncbxja/S_European_Spindle_wk1ncbxja_Var3_lod3.ubulk" 2226
"E:/Unreal Projects/LeagueJourney/Content/Megascans/3D_Plants/European_Spindle_wk1ncbxja/S_European_Spindle_wk1ncbxja_Var3_lod3.uasset" 2227
"E:/Unreal Projects/LeagueJourney/Content/Megascans/3D_Plants/European_Spindle_wk1ncbxja/S_European_Spindle_wk1ncbxja_Var3_lod3.uexp" 2228
"E:/Unreal Projects/LeagueJourney/Content/Megascans/3D_Plants/European_Spindle_wk1ncbxja/Foliage/FT_European_Spindle_wk1ncbxja_Var3_lod3.uasset" 2229
"E:/Unreal Projects/LeagueJourney/Content/Megascans/3D_Plants/European_Spindle_wk1ncbxja/Foliage/FT_European_Spindle_wk1ncbxja_Var3_lod3.uexp" 2230
"E:/Unreal Projects/LeagueJourney/Content/Megascans/3D_Plants/European_Spindle_wk1ncbxja/S_European_Spindle_wk1ncbxja_Var2_lod3.ubulk" 2231
"E:/Unreal Projects/LeagueJourney/Content/Megascans/3D_Plants/European_Spindle_wk1ncbxja/S_European_Spindle_wk1ncbxja_Var2_lod3.uasset" 2232
"E:/Unreal Projects/LeagueJourney/Content/Megascans/3D_Plants/European_Spindle_wk1ncbxja/S_European_Spindle_wk1ncbxja_Var2_lod3.uexp" 2233
"E:/Unreal Projects/LeagueJourney/Content/Megascans/3D_Plants/European_Spindle_wk1ncbxja/Foliage/FT_European_Spindle_wk1ncbxja_Var2_lod3.uasset" 2234
"E:/Unreal Projects/LeagueJourney/Content/Megascans/3D_Plants/European_Spindle_wk1ncbxja/Foliage/FT_European_Spindle_wk1ncbxja_Var2_lod3.uexp" 2235
"E:/Unreal Projects/LeagueJourney/Content/Megascans/3D_Plants/European_Spindle_wk1ncbxja/S_European_Spindle_wk1ncbxja_Var1_lod3.ubulk" 2236
"E:/Unreal Projects/LeagueJourney/Content/Megascans/3D_Plants/European_Spindle_wk1ncbxja/S_European_Spindle_wk1ncbxja_Var1_lod3.uasset" 2237
"E:/Unreal Projects/LeagueJourney/Content/Megascans/3D_Plants/European_Spindle_wk1ncbxja/S_European_Spindle_wk1ncbxja_Var1_lod3.uexp" 2238
"E:/Unreal Projects/LeagueJourney/Content/Megascans/3D_Plants/European_Spindle_wk1ncbxja/Foliage/FT_European_Spindle_wk1ncbxja_Var1_lod3.uasset" 2239
"E:/Unreal Projects/LeagueJourney/Content/Megascans/3D_Plants/European_Spindle_wk1ncbxja/Foliage/FT_European_Spindle_wk1ncbxja_Var1_lod3.uexp" 2240
"E:/Unreal Projects/LeagueJourney/Content/Megascans/3D_Plants/European_Spindle_wk1ncbxja/S_European_Spindle_wk1ncbxja_Var17_lod3.ubulk" 2241
"E:/Unreal Projects/LeagueJourney/Content/Megascans/3D_Plants/European_Spindle_wk1ncbxja/S_European_Spindle_wk1ncbxja_Var17_lod3.uasset" 2242
"E:/Unreal Projects/LeagueJourney/Content/Megascans/3D_Plants/European_Spindle_wk1ncbxja/S_European_Spindle_wk1ncbxja_Var17_lod3.uexp" 2243
"E:/Unreal Projects/LeagueJourney/Content/Megascans/3D_Plants/European_Spindle_wk1ncbxja/Foliage/FT_European_Spindle_wk1ncbxja_Var17_lod3.uasset" 2244
"E:/Unreal Projects/LeagueJourney/Content/Megascans/3D_Plants/European_Spindle_wk1ncbxja/Foliage/FT_European_Spindle_wk1ncbxja_Var17_lod3.uexp" 2245
"E:/Unreal Projects/LeagueJourney/Content/Megascans/3D_Plants/European_Spindle_wk1ncbxja/S_European_Spindle_wk1ncbxja_Var16_lod3.ubulk" 2246
"E:/Unreal Projects/LeagueJourney/Content/Megascans/3D_Plants/European_Spindle_wk1ncbxja/S_European_Spindle_wk1ncbxja_Var16_lod3.uasset" 2247
"E:/Unreal Projects/LeagueJourney/Content/Megascans/3D_Plants/European_Spindle_wk1ncbxja/S_European_Spindle_wk1ncbxja_Var16_lod3.uexp" 2248
"E:/Unreal Projects/LeagueJourney/Content/Megascans/3D_Plants/European_Spindle_wk1ncbxja/Foliage/FT_European_Spindle_wk1ncbxja_Var16_lod3.uasset" 2249
"E:/Unreal Projects/LeagueJourney/Content/Megascans/3D_Plants/European_Spindle_wk1ncbxja/Foliage/FT_European_Spindle_wk1ncbxja_Var16_lod3.uexp" 2250
"E:/Unreal Projects/LeagueJourney/Content/Megascans/3D_Plants/European_Spindle_wk1ncbxja/S_European_Spindle_wk1ncbxja_Var15_lod3.ubulk" 2251
"E:/Unreal Projects/LeagueJourney/Content/Megascans/3D_Plants/European_Spindle_wk1ncbxja/S_European_Spindle_wk1ncbxja_Var15_lod3.uasset" 2252
"E:/Unreal Projects/LeagueJourney/Content/Megascans/3D_Plants/European_Spindle_wk1ncbxja/S_European_Spindle_wk1ncbxja_Var15_lod3.uexp" 2253
"E:/Unreal Projects/LeagueJourney/Content/Megascans/3D_Plants/European_Spindle_wk1ncbxja/Foliage/FT_European_Spindle_wk1ncbxja_Var15_lod3.uasset" 2254
"E:/Unreal Projects/LeagueJourney/Content/Megascans/3D_Plants/European_Spindle_wk1ncbxja/Foliage/FT_European_Spindle_wk1ncbxja_Var15_lod3.uexp" 2255
"E:/Unreal Projects/LeagueJourney/Content/Megascans/3D_Plants/European_Spindle_wk1ncbxja/S_European_Spindle_wk1ncbxja_Var14_lod3.ubulk" 2256
"E:/Unreal Projects/LeagueJourney/Content/Megascans/3D_Plants/European_Spindle_wk1ncbxja/S_European_Spindle_wk1ncbxja_Var14_lod3.uasset" 2257
"E:/Unreal Projects/LeagueJourney/Content/Megascans/3D_Plants/European_Spindle_wk1ncbxja/S_European_Spindle_wk1ncbxja_Var14_lod3.uexp" 2258
"E:/Unreal Projects/LeagueJourney/Content/Megascans/3D_Plants/European_Spindle_wk1ncbxja/Foliage/FT_European_Spindle_wk1ncbxja_Var14_lod3.uasset" 2259
"E:/Unreal Projects/LeagueJourney/Content/Megascans/3D_Plants/European_Spindle_wk1ncbxja/Foliage/FT_European_Spindle_wk1ncbxja_Var14_lod3.uexp" 2260
"E:/Unreal Projects/LeagueJourney/Content/Megascans/3D_Plants/European_Spindle_wk1ncbxja/S_European_Spindle_wk1ncbxja_Var13_lod3.ubulk" 2261
"E:/Unreal Projects/LeagueJourney/Content/Megascans/3D_Plants/European_Spindle_wk1ncbxja/S_European_Spindle_wk1ncbxja_Var13_lod3.uasset" 2262
"E:/Unreal Projects/LeagueJourney/Content/Megascans/3D_Plants/European_Spindle_wk1ncbxja/S_European_Spindle_wk1ncbxja_Var13_lod3.uexp" 2263
"E:/Unreal Projects/LeagueJourney/Content/Megascans/3D_Plants/European_Spindle_wk1ncbxja/Foliage/FT_European_Spindle_wk1ncbxja_Var13_lod3.uasset" 2264
"E:/Unreal Projects/LeagueJourney/Content/Megascans/3D_Plants/European_Spindle_wk1ncbxja/Foliage/FT_European_Spindle_wk1ncbxja_Var13_lod3.uexp" 2265
"E:/Unreal Projects/LeagueJourney/Content/Megascans/3D_Plants/European_Spindle_wk1ncbxja/S_European_Spindle_wk1ncbxja_Var12_lod3.ubulk" 2266
"E:/Unreal Projects/LeagueJourney/Content/Megascans/3D_Plants/European_Spindle_wk1ncbxja/S_European_Spindle_wk1ncbxja_Var12_lod3.uasset" 2267
"E:/Unreal Projects/LeagueJourney/Content/Megascans/3D_Plants/European_Spindle_wk1ncbxja/S_European_Spindle_wk1ncbxja_Var12_lod3.uexp" 2268
"E:/Unreal Projects/LeagueJourney/Content/Megascans/3D_Plants/European_Spindle_wk1ncbxja/Foliage/FT_European_Spindle_wk1ncbxja_Var12_lod3.uasset" 2269
"E:/Unreal Projects/LeagueJourney/Content/Megascans/3D_Plants/European_Spindle_wk1ncbxja/Foliage/FT_European_Spindle_wk1ncbxja_Var12_lod3.uexp" 2270
"E:/Unreal Projects/LeagueJourney/Content/Megascans/3D_Plants/European_Spindle_wk1ncbxja/S_European_Spindle_wk1ncbxja_Var11_lod3.ubulk" 2271
"E:/Unreal Projects/LeagueJourney/Content/Megascans/3D_Plants/European_Spindle_wk1ncbxja/S_European_Spindle_wk1ncbxja_Var11_lod3.uasset" 2272
"E:/Unreal Projects/LeagueJourney/Content/Megascans/3D_Plants/European_Spindle_wk1ncbxja/S_European_Spindle_wk1ncbxja_Var11_lod3.uexp" 2273
"E:/Unreal Projects/LeagueJourney/Content/Megascans/3D_Plants/European_Spindle_wk1ncbxja/Foliage/FT_European_Spindle_wk1ncbxja_Var11_lod3.uasset" 2274
"E:/Unreal Projects/LeagueJourney/Content/Megascans/3D_Plants/European_Spindle_wk1ncbxja/Foliage/FT_European_Spindle_wk1ncbxja_Var11_lod3.uexp" 2275
"E:/Unreal Projects/LeagueJourney/Content/Megascans/3D_Plants/European_Spindle_wk1ncbxja/S_European_Spindle_wk1ncbxja_Var10_lod3.ubulk" 2276
"E:/Unreal Projects/LeagueJourney/Content/Megascans/3D_Plants/European_Spindle_wk1ncbxja/S_European_Spindle_wk1ncbxja_Var10_lod3.uasset" 2277
"E:/Unreal Projects/LeagueJourney/Content/Megascans/3D_Plants/European_Spindle_wk1ncbxja/S_European_Spindle_wk1ncbxja_Var10_lod3.uexp" 2278
"E:/Unreal Projects/LeagueJourney/Content/Megascans/3D_Plants/European_Spindle_wk1ncbxja/Foliage/FT_European_Spindle_wk1ncbxja_Var10_lod3.uasset" 2279
"E:/Unreal Projects/LeagueJourney/Content/Megascans/3D_Plants/European_Spindle_wk1ncbxja/Foliage/FT_European_Spindle_wk1ncbxja_Var10_lod3.uexp" 2280
"E:/Unreal Projects/LeagueJourney/Content/Megascans/3D_Plants/Boxwood_wfypfa3ha/T_Boxwood_wfypfa3ha_1K_ART.ubulk" 2281
"E:/Unreal Projects/LeagueJourney/Content/Megascans/3D_Plants/Boxwood_wfypfa3ha/T_Boxwood_wfypfa3ha_1K_ART.uasset" 2282
"E:/Unreal Projects/LeagueJourney/Content/Megascans/3D_Plants/Boxwood_wfypfa3ha/T_Boxwood_wfypfa3ha_1K_ART.uexp" 2283
"E:/Unreal Projects/LeagueJourney/Content/Megascans/3D_Plants/Boxwood_wfypfa3ha/T_Boxwood_wfypfa3ha_1K_N.ubulk" 2284
"E:/Unreal Projects/LeagueJourney/Content/Megascans/3D_Plants/Boxwood_wfypfa3ha/T_Boxwood_wfypfa3ha_1K_N.uasset" 2285
"E:/Unreal Projects/LeagueJourney/Content/Megascans/3D_Plants/Boxwood_wfypfa3ha/T_Boxwood_wfypfa3ha_1K_N.uexp" 2286
"E:/Unreal Projects/LeagueJourney/Content/Megascans/3D_Plants/Boxwood_wfypfa3ha/T_Boxwood_wfypfa3ha_1K_D.ubulk" 2287
"E:/Unreal Projects/LeagueJourney/Content/Megascans/3D_Plants/Boxwood_wfypfa3ha/T_Boxwood_wfypfa3ha_1K_D.uasset" 2288
"E:/Unreal Projects/LeagueJourney/Content/Megascans/3D_Plants/Boxwood_wfypfa3ha/T_Boxwood_wfypfa3ha_1K_D.uexp" 2289
"E:/Unreal Projects/LeagueJourney/Content/Megascans/3D_Plants/Boxwood_wfypfa3ha/MI_Boxwood_wfypfa3ha_1K.uasset" 2290
"E:/Unreal Projects/LeagueJourney/Content/Megascans/3D_Plants/Boxwood_wfypfa3ha/MI_Boxwood_wfypfa3ha_1K.uexp" 2291
"E:/Unreal Projects/LeagueJourney/Content/Megascans/3D_Plants/Boxwood_wfypfa3ha/T_Boxwood_wfypfa3ha_Billboard_D.ubulk" 2292
"E:/Unreal Projects/LeagueJourney/Content/Megascans/3D_Plants/Boxwood_wfypfa3ha/T_Boxwood_wfypfa3ha_Billboard_D.uasset" 2293
"E:/Unreal Projects/LeagueJourney/Content/Megascans/3D_Plants/Boxwood_wfypfa3ha/T_Boxwood_wfypfa3ha_Billboard_D.uexp" 2294
"E:/Unreal Projects/LeagueJourney/Content/Megascans/3D_Plants/Boxwood_wfypfa3ha/T_Boxwood_wfypfa3ha_1K_billboard_ART.ubulk" 2295
"E:/Unreal Projects/LeagueJourney/Content/Megascans/3D_Plants/Boxwood_wfypfa3ha/T_Boxwood_wfypfa3ha_1K_billboard_ART.uasset" 2296
"E:/Unreal Projects/LeagueJourney/Content/Megascans/3D_Plants/Boxwood_wfypfa3ha/T_Boxwood_wfypfa3ha_1K_billboard_ART.uexp" 2297
"E:/Unreal Projects/LeagueJourney/Content/Megascans/3D_Plants/Boxwood_wfypfa3ha/T_Boxwood_wfypfa3ha_Billboard_N.ubulk" 2298
"E:/Unreal Projects/LeagueJourney/Content/Megascans/3D_Plants/Boxwood_wfypfa3ha/T_Boxwood_wfypfa3ha_Billboard_N.uasset" 2299
"E:/Unreal Projects/LeagueJourney/Content/Megascans/3D_Plants/Boxwood_wfypfa3ha/T_Boxwood_wfypfa3ha_Billboard_N.uexp" 2300
"E:/Unreal Projects/LeagueJourney/Content/Megascans/3D_Plants/Boxwood_wfypfa3ha/MI_Boxwood_wfypfa3ha_Billboard_1K.uasset" 2301
"E:/Unreal Projects/LeagueJourney/Content/Megascans/3D_Plants/Boxwood_wfypfa3ha/MI_Boxwood_wfypfa3ha_Billboard_1K.uexp" 2302
"E:/Unreal Projects/LeagueJourney/Content/Megascans/3D_Plants/Boxwood_wfypfa3ha/S_Boxwood_wfypfa3ha_Var9_lod3.ubulk" 2303
"E:/Unreal Projects/LeagueJourney/Content/Megascans/3D_Plants/Boxwood_wfypfa3ha/S_Boxwood_wfypfa3ha_Var9_lod3.uasset" 2304
"E:/Unreal Projects/LeagueJourney/Content/Megascans/3D_Plants/Boxwood_wfypfa3ha/S_Boxwood_wfypfa3ha_Var9_lod3.uexp" 2305
"E:/Unreal Projects/LeagueJourney/Content/Megascans/3D_Plants/Boxwood_wfypfa3ha/Foliage/FT_Boxwood_wfypfa3ha_Var9_lod3.uasset" 2306
"E:/Unreal Projects/LeagueJourney/Content/Megascans/3D_Plants/Boxwood_wfypfa3ha/Foliage/FT_Boxwood_wfypfa3ha_Var9_lod3.uexp" 2307
"E:/Unreal Projects/LeagueJourney/Content/Megascans/3D_Plants/Boxwood_wfypfa3ha/S_Boxwood_wfypfa3ha_Var8_lod3.ubulk" 2308
"E:/Unreal Projects/LeagueJourney/Content/Megascans/3D_Plants/Boxwood_wfypfa3ha/S_Boxwood_wfypfa3ha_Var8_lod3.uasset" 2309
"E:/Unreal Projects/LeagueJourney/Content/Megascans/3D_Plants/Boxwood_wfypfa3ha/S_Boxwood_wfypfa3ha_Var8_lod3.uexp" 2310
"E:/Unreal Projects/LeagueJourney/Content/Megascans/3D_Plants/Boxwood_wfypfa3ha/Foliage/FT_Boxwood_wfypfa3ha_Var8_lod3.uasset" 2311
"E:/Unreal Projects/LeagueJourney/Content/Megascans/3D_Plants/Boxwood_wfypfa3ha/Foliage/FT_Boxwood_wfypfa3ha_Var8_lod3.uexp" 2312
"E:/Unreal Projects/LeagueJourney/Content/Megascans/3D_Plants/Boxwood_wfypfa3ha/S_Boxwood_wfypfa3ha_Var7_lod3.ubulk" 2313
"E:/Unreal Projects/LeagueJourney/Content/Megascans/3D_Plants/Boxwood_wfypfa3ha/S_Boxwood_wfypfa3ha_Var7_lod3.uasset" 2314
"E:/Unreal Projects/LeagueJourney/Content/Megascans/3D_Plants/Boxwood_wfypfa3ha/S_Boxwood_wfypfa3ha_Var7_lod3.uexp" 2315
"E:/Unreal Projects/LeagueJourney/Content/Megascans/3D_Plants/Boxwood_wfypfa3ha/Foliage/FT_Boxwood_wfypfa3ha_Var7_lod3.uasset" 2316
"E:/Unreal Projects/LeagueJourney/Content/Megascans/3D_Plants/Boxwood_wfypfa3ha/Foliage/FT_Boxwood_wfypfa3ha_Var7_lod3.uexp" 2317
"E:/Unreal Projects/LeagueJourney/Content/Megascans/3D_Plants/Boxwood_wfypfa3ha/S_Boxwood_wfypfa3ha_Var6_lod3.ubulk" 2318
"E:/Unreal Projects/LeagueJourney/Content/Megascans/3D_Plants/Boxwood_wfypfa3ha/S_Boxwood_wfypfa3ha_Var6_lod3.uasset" 2319
"E:/Unreal Projects/LeagueJourney/Content/Megascans/3D_Plants/Boxwood_wfypfa3ha/S_Boxwood_wfypfa3ha_Var6_lod3.uexp" 2320
"E:/Unreal Projects/LeagueJourney/Content/Megascans/3D_Plants/Boxwood_wfypfa3ha/Foliage/FT_Boxwood_wfypfa3ha_Var6_lod3.uasset" 2321
"E:/Unreal Projects/LeagueJourney/Content/Megascans/3D_Plants/Boxwood_wfypfa3ha/Foliage/FT_Boxwood_wfypfa3ha_Var6_lod3.uexp" 2322
"E:/Unreal Projects/LeagueJourney/Content/Megascans/3D_Plants/Boxwood_wfypfa3ha/S_Boxwood_wfypfa3ha_Var5_lod3.ubulk" 2323
"E:/Unreal Projects/LeagueJourney/Content/Megascans/3D_Plants/Boxwood_wfypfa3ha/S_Boxwood_wfypfa3ha_Var5_lod3.uasset" 2324
"E:/Unreal Projects/LeagueJourney/Content/Megascans/3D_Plants/Boxwood_wfypfa3ha/S_Boxwood_wfypfa3ha_Var5_lod3.uexp" 2325
"E:/Unreal Projects/LeagueJourney/Content/Megascans/3D_Plants/Boxwood_wfypfa3ha/Foliage/FT_Boxwood_wfypfa3ha_Var5_lod3.uasset" 2326
"E:/Unreal Projects/LeagueJourney/Content/Megascans/3D_Plants/Boxwood_wfypfa3ha/Foliage/FT_Boxwood_wfypfa3ha_Var5_lod3.uexp" 2327
"E:/Unreal Projects/LeagueJourney/Content/Megascans/3D_Plants/Boxwood_wfypfa3ha/S_Boxwood_wfypfa3ha_Var4_lod3.ubulk" 2328
"E:/Unreal Projects/LeagueJourney/Content/Megascans/3D_Plants/Boxwood_wfypfa3ha/S_Boxwood_wfypfa3ha_Var4_lod3.uasset" 2329
"E:/Unreal Projects/LeagueJourney/Content/Megascans/3D_Plants/Boxwood_wfypfa3ha/S_Boxwood_wfypfa3ha_Var4_lod3.uexp" 2330
"E:/Unreal Projects/LeagueJourney/Content/Megascans/3D_Plants/Boxwood_wfypfa3ha/Foliage/FT_Boxwood_wfypfa3ha_Var4_lod3.uasset" 2331
"E:/Unreal Projects/LeagueJourney/Content/Megascans/3D_Plants/Boxwood_wfypfa3ha/Foliage/FT_Boxwood_wfypfa3ha_Var4_lod3.uexp" 2332
"E:/Unreal Projects/LeagueJourney/Content/Megascans/3D_Plants/Boxwood_wfypfa3ha/S_Boxwood_wfypfa3ha_Var3_lod3.ubulk" 2333
"E:/Unreal Projects/LeagueJourney/Content/Megascans/3D_Plants/Boxwood_wfypfa3ha/S_Boxwood_wfypfa3ha_Var3_lod3.uasset" 2334
"E:/Unreal Projects/LeagueJourney/Content/Megascans/3D_Plants/Boxwood_wfypfa3ha/S_Boxwood_wfypfa3ha_Var3_lod3.uexp" 2335
"E:/Unreal Projects/LeagueJourney/Content/Megascans/3D_Plants/Boxwood_wfypfa3ha/Foliage/FT_Boxwood_wfypfa3ha_Var3_lod3.uasset" 2336
"E:/Unreal Projects/LeagueJourney/Content/Megascans/3D_Plants/Boxwood_wfypfa3ha/Foliage/FT_Boxwood_wfypfa3ha_Var3_lod3.uexp" 2337
"E:/Unreal Projects/LeagueJourney/Content/Megascans/3D_Plants/Boxwood_wfypfa3ha/S_Boxwood_wfypfa3ha_Var2_lod3.ubulk" 2338
"E:/Unreal Projects/LeagueJourney/Content/Megascans/3D_Plants/Boxwood_wfypfa3ha/S_Boxwood_wfypfa3ha_Var2_lod3.uasset" 2339
"E:/Unreal Projects/LeagueJourney/Content/Megascans/3D_Plants/Boxwood_wfypfa3ha/S_Boxwood_wfypfa3ha_Var2_lod3.uexp" 2340
"E:/Unreal Projects/LeagueJourney/Content/Megascans/3D_Plants/Boxwood_wfypfa3ha/Foliage/FT_Boxwood_wfypfa3ha_Var2_lod3.uasset" 2341
"E:/Unreal Projects/LeagueJourney/Content/Megascans/3D_Plants/Boxwood_wfypfa3ha/Foliage/FT_Boxwood_wfypfa3ha_Var2_lod3.uexp" 2342
"E:/Unreal Projects/LeagueJourney/Content/Megascans/3D_Plants/Boxwood_wfypfa3ha/S_Boxwood_wfypfa3ha_Var1_lod3.ubulk" 2343
"E:/Unreal Projects/LeagueJourney/Content/Megascans/3D_Plants/Boxwood_wfypfa3ha/S_Boxwood_wfypfa3ha_Var1_lod3.uasset" 2344
"E:/Unreal Projects/LeagueJourney/Content/Megascans/3D_Plants/Boxwood_wfypfa3ha/S_Boxwood_wfypfa3ha_Var1_lod3.uexp" 2345
"E:/Unreal Projects/LeagueJourney/Content/Megascans/3D_Plants/Boxwood_wfypfa3ha/Foliage/FT_Boxwood_wfypfa3ha_Var1_lod3.uasset" 2346
"E:/Unreal Projects/LeagueJourney/Content/Megascans/3D_Plants/Boxwood_wfypfa3ha/Foliage/FT_Boxwood_wfypfa3ha_Var1_lod3.uexp" 2347
"E:/Unreal Projects/LeagueJourney/Content/Megascans/3D_Plants/Boxwood_wfypfa3ha/S_Boxwood_wfypfa3ha_Var10_lod3.ubulk" 2348
"E:/Unreal Projects/LeagueJourney/Content/Megascans/3D_Plants/Boxwood_wfypfa3ha/S_Boxwood_wfypfa3ha_Var10_lod3.uasset" 2349
"E:/Unreal Projects/LeagueJourney/Content/Megascans/3D_Plants/Boxwood_wfypfa3ha/S_Boxwood_wfypfa3ha_Var10_lod3.uexp" 2350
"E:/Unreal Projects/LeagueJourney/Content/Megascans/3D_Plants/Boxwood_wfypfa3ha/Foliage/FT_Boxwood_wfypfa3ha_Var10_lod3.uasset" 2351
"E:/Unreal Projects/LeagueJourney/Content/Megascans/3D_Plants/Boxwood_wfypfa3ha/Foliage/FT_Boxwood_wfypfa3ha_Var10_lod3.uexp" 2352
"E:/Unreal Projects/LeagueJourney/Content/LevelPrototyping/Textures/T_GridChecker_A.ubulk" 2353
"E:/Unreal Projects/LeagueJourney/Content/LevelPrototyping/Textures/T_GridChecker_A.uasset" 2354
"E:/Unreal Projects/LeagueJourney/Content/LevelPrototyping/Textures/T_GridChecker_A.uexp" 2355
"E:/Unreal Projects/LeagueJourney/Content/LevelPrototyping/Materials/MF_ProcGrid.uasset" 2356
"E:/Unreal Projects/LeagueJourney/Content/LevelPrototyping/Materials/MF_ProcGrid.uexp" 2357
"E:/Unreal Projects/LeagueJourney/Content/LevelPrototyping/Materials/M_PrototypeGrid.uasset" 2358
"E:/Unreal Projects/LeagueJourney/Content/LevelPrototyping/Materials/M_PrototypeGrid.uexp" 2359
"E:/Unreal Projects/LeagueJourney/Content/LevelPrototyping/Materials/MI_PrototypeGrid_Gray.uasset" 2360
"E:/Unreal Projects/LeagueJourney/Content/LevelPrototyping/Materials/MI_PrototypeGrid_Gray.uexp" 2361
"E:/Unreal Projects/LeagueJourney/Content/LevelPrototyping/Meshes/SM_Ramp.ubulk" 2362
"E:/Unreal Projects/LeagueJourney/Content/LevelPrototyping/Meshes/SM_Ramp.uasset" 2363
"E:/Unreal Projects/LeagueJourney/Content/LevelPrototyping/Meshes/SM_Ramp.uexp" 2364
"E:/Unreal Projects/LeagueJourney/Content/LevelPrototyping/Meshes/SM_QuarterCylinder.ubulk" 2365
"E:/Unreal Projects/LeagueJourney/Content/LevelPrototyping/Meshes/SM_QuarterCylinder.uasset" 2366
"E:/Unreal Projects/LeagueJourney/Content/LevelPrototyping/Meshes/SM_QuarterCylinder.uexp" 2367
"E:/Unreal Projects/LeagueJourney/Content/LevelPrototyping/Meshes/SM_Cylinder.ubulk" 2368
"E:/Unreal Projects/LeagueJourney/Content/LevelPrototyping/Meshes/SM_Cylinder.uasset" 2369
"E:/Unreal Projects/LeagueJourney/Content/LevelPrototyping/Meshes/SM_Cylinder.uexp" 2370
"E:/Unreal Projects/LeagueJourney/Content/LevelPrototyping/Meshes/SM_Cube.ubulk" 2371
"E:/Unreal Projects/LeagueJourney/Content/LevelPrototyping/Meshes/SM_Cube.uasset" 2372
"E:/Unreal Projects/LeagueJourney/Content/LevelPrototyping/Meshes/SM_Cube.uexp" 2373
"E:/Unreal Projects/LeagueJourney/Content/LevelPrototyping/Materials/M_Solid.uasset" 2374
"E:/Unreal Projects/LeagueJourney/Content/LevelPrototyping/Materials/M_Solid.uexp" 2375
"E:/Unreal Projects/LeagueJourney/Content/LevelPrototyping/Materials/MI_Solid_Blue.uasset" 2376
"E:/Unreal Projects/LeagueJourney/Content/LevelPrototyping/Materials/MI_Solid_Blue.uexp" 2377
"E:/Unreal Projects/LeagueJourney/Content/LevelPrototyping/Meshes/SM_ChamferCube.ubulk" 2378
"E:/Unreal Projects/LeagueJourney/Content/LevelPrototyping/Meshes/SM_ChamferCube.uasset" 2379
"E:/Unreal Projects/LeagueJourney/Content/LevelPrototyping/Meshes/SM_ChamferCube.uexp" 2380
"E:/Unreal Projects/LeagueJourney/Content/LevelPrototyping/Materials/MI_PrototypeGrid_TopDark.uasset" 2381
"E:/Unreal Projects/LeagueJourney/Content/LevelPrototyping/Materials/MI_PrototypeGrid_TopDark.uexp" 2382
"E:/Unreal Projects/LeagueJourney/Content/LevelPrototyping/Materials/MI_PrototypeGrid_Gray_02.uasset" 2383
"E:/Unreal Projects/LeagueJourney/Content/LevelPrototyping/Materials/MI_PrototypeGrid_Gray_02.uexp" 2384
"E:/Unreal Projects/LeagueJourney/Content/GameModes/NewBlueprint.uasset" 2385
"E:/Unreal Projects/LeagueJourney/Content/GameModes/NewBlueprint.uexp" 2386
"E:/Unreal Projects/LeagueJourney/Content/Characters/szcsz/Material.uasset" 2387
"E:/Unreal Projects/LeagueJourney/Content/Characters/szcsz/Material.uexp" 2388
"E:/Unreal Projects/LeagueJourney/Content/Characters/szcsz/football.ubulk" 2389
"E:/Unreal Projects/LeagueJourney/Content/Characters/szcsz/football.uasset" 2390
"E:/Unreal Projects/LeagueJourney/Content/Characters/szcsz/football.uexp" 2391
"E:/Unreal Projects/LeagueJourney/Content/Characters/szcsz/CAHAR_Skeleton.uasset" 2392
"E:/Unreal Projects/LeagueJourney/Content/Characters/szcsz/CAHAR_Skeleton.uexp" 2393
"E:/Unreal Projects/LeagueJourney/Content/Characters/szcsz/CAHAR_Skeleton_Montage.uasset" 2394
"E:/Unreal Projects/LeagueJourney/Content/Characters/szcsz/CAHAR_Skeleton_Montage.uexp" 2395
"E:/Unreal Projects/LeagueJourney/Content/Characters/szcsz/Animations/char_jog.uasset" 2396
"E:/Unreal Projects/LeagueJourney/Content/Characters/szcsz/Animations/char_jog.uexp" 2397
"../../../Engine/Plugins/Animation/ControlRig/Content/Controls/DefaultGizmoLibraryNormalized.uasset" 2398
"../../../Engine/Plugins/Animation/ControlRig/Content/Controls/DefaultGizmoLibraryNormalized.uexp" 2399
"../../../Engine/Plugins/Animation/ControlRig/Content/Controls/DefaultGizmoLibrary.uasset" 2400
"../../../Engine/Plugins/Animation/ControlRig/Content/Controls/DefaultGizmoLibrary.uexp" 2401
"../../../Engine/Plugins/Animation/ControlRig/Content/StandardFunctionLibrary/StandardFunctionLibrary.uasset" 2402
"../../../Engine/Plugins/Animation/ControlRig/Content/StandardFunctionLibrary/StandardFunctionLibrary.uexp" 2403
"E:/Unreal Projects/LeagueJourney/Content/Characters/szcsz/CAHAR_CtrlRig.uasset" 2404
"E:/Unreal Projects/LeagueJourney/Content/Characters/szcsz/CAHAR_CtrlRig.uexp" 2405
"../../../Engine/Content/Animation/DefaultRecorderBoneCompression.uasset" 2406
"../../../Engine/Content/Animation/DefaultRecorderBoneCompression.uexp" 2407
"E:/Unreal Projects/LeagueJourney/Content/Characters/szcsz/Animations/char_jog/Animation/CAHAR_CtrlRig_Driving_char_jog1_01.uasset" 2408
"E:/Unreal Projects/LeagueJourney/Content/Characters/szcsz/Animations/char_jog/Animation/CAHAR_CtrlRig_Driving_char_jog1_01.uexp" 2409
"E:/Unreal Projects/LeagueJourney/Content/Characters/szcsz/Animations/char_jog/Driving_char_jog1.uasset" 2410
"E:/Unreal Projects/LeagueJourney/Content/Characters/szcsz/Animations/char_jog/Driving_char_jog1.uexp" 2411
"E:/Unreal Projects/LeagueJourney/Content/Characters/szcsz/CAHAR_PhysicsAsset.uasset" 2412
"E:/Unreal Projects/LeagueJourney/Content/Characters/szcsz/CAHAR_PhysicsAsset.uexp" 2413
"E:/Unreal Projects/LeagueJourney/Content/Megascans/Surfaces/Animal_Skin_qbCnW0/T_Animal_Skin_qbCnW0_2K_D.ubulk" 2414
"E:/Unreal Projects/LeagueJourney/Content/Megascans/Surfaces/Animal_Skin_qbCnW0/T_Animal_Skin_qbCnW0_2K_D.uasset" 2415
"E:/Unreal Projects/LeagueJourney/Content/Megascans/Surfaces/Animal_Skin_qbCnW0/T_Animal_Skin_qbCnW0_2K_D.uexp" 2416
"E:/Unreal Projects/LeagueJourney/Content/Megascans/Surfaces/Animal_Skin_qbCnW0/T_Animal_Skin_qbCnW0_2K_N.ubulk" 2417
"E:/Unreal Projects/LeagueJourney/Content/Megascans/Surfaces/Animal_Skin_qbCnW0/T_Animal_Skin_qbCnW0_2K_N.uasset" 2418
"E:/Unreal Projects/LeagueJourney/Content/Megascans/Surfaces/Animal_Skin_qbCnW0/T_Animal_Skin_qbCnW0_2K_N.uexp" 2419
"E:/Unreal Projects/LeagueJourney/Content/Megascans/Surfaces/Animal_Skin_qbCnW0/T_AnimalSkin_qbCnW0_2K_ORDp.ubulk" 2420
"E:/Unreal Projects/LeagueJourney/Content/Megascans/Surfaces/Animal_Skin_qbCnW0/T_AnimalSkin_qbCnW0_2K_ORDp.uasset" 2421
"E:/Unreal Projects/LeagueJourney/Content/Megascans/Surfaces/Animal_Skin_qbCnW0/T_AnimalSkin_qbCnW0_2K_ORDp.uexp" 2422
"E:/Unreal Projects/LeagueJourney/Content/Megascans/Surfaces/Animal_Skin_qbCnW0/MI_Animal_Skin_qbCnW0_2K.uasset" 2423
"E:/Unreal Projects/LeagueJourney/Content/Megascans/Surfaces/Animal_Skin_qbCnW0/MI_Animal_Skin_qbCnW0_2K.uexp" 2424
"E:/Unreal Projects/LeagueJourney/Content/Characters/szcsz/toupeiras.ubulk" 2425
"E:/Unreal Projects/LeagueJourney/Content/Characters/szcsz/toupeiras.uasset" 2426
"E:/Unreal Projects/LeagueJourney/Content/Characters/szcsz/toupeiras.uexp" 2427
"../../../Engine/Content/EngineResources/AICON-Green.uasset" 2428
"../../../Engine/Content/EngineResources/AICON-Green.uexp" 2429
"E:/Unreal Projects/LeagueJourney/Content/Characters/szcsz/Shirt.uasset" 2430
"E:/Unreal Projects/LeagueJourney/Content/Characters/szcsz/Shirt.uexp" 2431
"E:/Unreal Projects/LeagueJourney/Content/Characters/szcsz/Shirt_instace.uasset" 2432
"E:/Unreal Projects/LeagueJourney/Content/Characters/szcsz/Shirt_instace.uexp" 2433
"E:/Unreal Projects/LeagueJourney/Content/Characters/szcsz/CAHAR.uasset" 2434
"E:/Unreal Projects/LeagueJourney/Content/Characters/szcsz/CAHAR.uexp" 2435
"E:/Unreal Projects/LeagueJourney/Content/Characters/szcsz/Animations/char_jog/Driving_char_jog.uasset" 2436
"E:/Unreal Projects/LeagueJourney/Content/Characters/szcsz/Animations/char_jog/Driving_char_jog.uexp" 2437
"E:/Unreal Projects/LeagueJourney/Content/Characters/Player/wdwad.uasset" 2438
"E:/Unreal Projects/LeagueJourney/Content/Characters/Player/wdwad.uexp" 2439
"E:/Unreal Projects/LeagueJourney/Content/Characters/Player/circle_4x_Mat.uasset" 2440
"E:/Unreal Projects/LeagueJourney/Content/Characters/Player/circle_4x_Mat.uexp" 2441
"E:/Unreal Projects/LeagueJourney/Content/Characters/Player/circle_4x_Mat_Inst.uasset" 2442
"E:/Unreal Projects/LeagueJourney/Content/Characters/Player/circle_4x_Mat_Inst.uexp" 2443
"E:/Unreal Projects/LeagueJourney/Content/Characters/Player/SFX/261267__musita182__soccer-kick.ubulk" 2444
"E:/Unreal Projects/LeagueJourney/Content/Characters/Player/SFX/261267__musita182__soccer-kick.uasset" 2445
"E:/Unreal Projects/LeagueJourney/Content/Characters/Player/SFX/261267__musita182__soccer-kick.uexp" 2446
"E:/Unreal Projects/LeagueJourney/Content/Characters/Player/Models/MixamoDefault/Ch38_nonPBR_UE_LODSettings.uasset" 2447
"E:/Unreal Projects/LeagueJourney/Content/Characters/Player/Models/MixamoDefault/Ch38_nonPBR_UE_LODSettings.uexp" 2448
"E:/Unreal Projects/LeagueJourney/Content/Characters/Player/Animations/Retarded/throwin_UE.uasset" 2449
"E:/Unreal Projects/LeagueJourney/Content/Characters/Player/Animations/Retarded/throwin_UE.uexp" 2450
"E:/Unreal Projects/LeagueJourney/Content/Characters/Player/Animations/Retarded/headersoccerball_UE.uasset" 2451
"E:/Unreal Projects/LeagueJourney/Content/Characters/Player/Animations/Retarded/headersoccerball_UE.uexp" 2452
"E:/Unreal Projects/LeagueJourney/Content/Characters/Player/Animations/Retarded/headersoccerball_2__UE.uasset" 2453
"E:/Unreal Projects/LeagueJourney/Content/Characters/Player/Animations/Retarded/headersoccerball_2__UE.uexp" 2454
"E:/Unreal Projects/LeagueJourney/Content/Characters/Player/Animations/Retarded/standingup_UE.uasset" 2455
"E:/Unreal Projects/LeagueJourney/Content/Characters/Player/Animations/Retarded/standingup_UE.uexp" 2456
"E:/Unreal Projects/LeagueJourney/Content/Characters/Player/Animations/Retarded/fallenidle_UE.uasset" 2457
"E:/Unreal Projects/LeagueJourney/Content/Characters/Player/Animations/Retarded/fallenidle_UE.uexp" 2458
"E:/Unreal Projects/LeagueJourney/Content/Characters/Player/Animations/Possession/kneeingsoccerball_UE.uasset" 2459
"E:/Unreal Projects/LeagueJourney/Content/Characters/Player/Animations/Possession/kneeingsoccerball_UE.uexp" 2460
"E:/Unreal Projects/LeagueJourney/Content/Characters/Player/Animations/Possession/kneeingsoccerball_2__UE.uasset" 2461
"E:/Unreal Projects/LeagueJourney/Content/Characters/Player/Animations/Possession/kneeingsoccerball_2__UE.uexp" 2462
"E:/Unreal Projects/LeagueJourney/Content/Characters/Player/Animations/Offensive/soccerpenaltykick_UE.uasset" 2463
"E:/Unreal Projects/LeagueJourney/Content/Characters/Player/Animations/Offensive/soccerpenaltykick_UE.uexp" 2464
"E:/Unreal Projects/LeagueJourney/Content/Characters/Player/Animations/Offensive/scissorkick_UE.uasset" 2465
"E:/Unreal Projects/LeagueJourney/Content/Characters/Player/Animations/Offensive/scissorkick_UE.uexp" 2466
"E:/Unreal Projects/LeagueJourney/Content/Characters/Player/Animations/Movement/jogbackwarddiagonal_UE.uasset" 2467
"E:/Unreal Projects/LeagueJourney/Content/Characters/Player/Animations/Movement/jogbackwarddiagonal_UE.uexp" 2468
"E:/Unreal Projects/LeagueJourney/Content/Characters/Player/Animations/Movement/jogbackwarddiagonal_2__UE.uasset" 2469
"E:/Unreal Projects/LeagueJourney/Content/Characters/Player/Animations/Movement/jogbackwarddiagonal_2__UE.uexp" 2470
"E:/Unreal Projects/LeagueJourney/Content/Characters/Player/Animations/Goalkeeper/goalkeepersidestep_UE.uasset" 2471
"E:/Unreal Projects/LeagueJourney/Content/Characters/Player/Animations/Goalkeeper/goalkeepersidestep_UE.uexp" 2472
"E:/Unreal Projects/LeagueJourney/Content/Characters/Player/Animations/Goalkeeper/goalkeepersidestep_2__UE.uasset" 2473
"E:/Unreal Projects/LeagueJourney/Content/Characters/Player/Animations/Goalkeeper/goalkeepersidestep_2__UE.uexp" 2474
"E:/Unreal Projects/LeagueJourney/Content/Characters/Player/Animations/Goalkeeper/goalkeeperscoop_UE.uasset" 2475
"E:/Unreal Projects/LeagueJourney/Content/Characters/Player/Animations/Goalkeeper/goalkeeperscoop_UE.uexp" 2476
"E:/Unreal Projects/LeagueJourney/Content/Characters/Player/Animations/Goalkeeper/goalkeeperplacingball_UE.uasset" 2477
"E:/Unreal Projects/LeagueJourney/Content/Characters/Player/Animations/Goalkeeper/goalkeeperplacingball_UE.uexp" 2478
"E:/Unreal Projects/LeagueJourney/Content/Characters/Player/Animations/Goalkeeper/goalkeeperplacingball_2__UE.uasset" 2479
"E:/Unreal Projects/LeagueJourney/Content/Characters/Player/Animations/Goalkeeper/goalkeeperplacingball_2__UE.uexp" 2480
"E:/Unreal Projects/LeagueJourney/Content/Characters/Player/Animations/Goalkeeper/goalkeeperpass_UE.uasset" 2481
"E:/Unreal Projects/LeagueJourney/Content/Characters/Player/Animations/Goalkeeper/goalkeeperpass_UE.uexp" 2482
"E:/Unreal Projects/LeagueJourney/Content/Characters/Player/Animations/Goalkeeper/goalkeeperoverhandthrow_UE.uasset" 2483
"E:/Unreal Projects/LeagueJourney/Content/Characters/Player/Animations/Goalkeeper/goalkeeperoverhandthrow_UE.uexp" 2484
"E:/Unreal Projects/LeagueJourney/Content/Characters/Player/Animations/Goalkeeper/goalkeepermiss_UE.uasset" 2485
"E:/Unreal Projects/LeagueJourney/Content/Characters/Player/Animations/Goalkeeper/goalkeepermiss_UE.uexp" 2486
"E:/Unreal Projects/LeagueJourney/Content/Characters/Player/Animations/Goalkeeper/goalkeeperidle_2__UE.uasset" 2487
"E:/Unreal Projects/LeagueJourney/Content/Characters/Player/Animations/Goalkeeper/goalkeeperidle_2__UE.uexp" 2488
"E:/Unreal Projects/LeagueJourney/Content/Characters/Player/Animations/Goalkeeper/goalkeeperdropkick_UE.uasset" 2489
"E:/Unreal Projects/LeagueJourney/Content/Characters/Player/Animations/Goalkeeper/goalkeeperdropkick_UE.uexp" 2490
"E:/Unreal Projects/LeagueJourney/Content/Characters/Player/Animations/Goalkeeper/goalkeeperdirecting_UE.uasset" 2491
"E:/Unreal Projects/LeagueJourney/Content/Characters/Player/Animations/Goalkeeper/goalkeeperdirecting_UE.uexp" 2492
"E:/Unreal Projects/LeagueJourney/Content/Characters/Player/Animations/Goalkeeper/goalkeeperdirecting_2__UE.uasset" 2493
"E:/Unreal Projects/LeagueJourney/Content/Characters/Player/Animations/Goalkeeper/goalkeeperdirecting_2__UE.uexp" 2494
"E:/Unreal Projects/LeagueJourney/Content/Characters/Player/Animations/Goalkeeper/goalkeepercatch_4__UE.uasset" 2495
"E:/Unreal Projects/LeagueJourney/Content/Characters/Player/Animations/Goalkeeper/goalkeepercatch_4__UE.uexp" 2496
"E:/Unreal Projects/LeagueJourney/Content/Characters/Player/Animations/Goalkeeper/goalkeepercatch_3__UE.uasset" 2497
"E:/Unreal Projects/LeagueJourney/Content/Characters/Player/Animations/Goalkeeper/goalkeepercatch_3__UE.uexp" 2498
"E:/Unreal Projects/LeagueJourney/Content/Characters/Player/Animations/Goalkeeper/goalkeepercatch_2__UE.uasset" 2499
"E:/Unreal Projects/LeagueJourney/Content/Characters/Player/Animations/Goalkeeper/goalkeepercatch_2__UE.uexp" 2500
"E:/Unreal Projects/LeagueJourney/Content/Characters/Player/Animations/Goalkeeper/goalkeeperbodyblock_UE.uasset" 2501
"E:/Unreal Projects/LeagueJourney/Content/Characters/Player/Animations/Goalkeeper/goalkeeperbodyblock_UE.uexp" 2502
"E:/Unreal Projects/LeagueJourney/Content/Characters/Player/Animations/Goalkeeper/goalkeeperbodyblock_3__UE.uasset" 2503
"E:/Unreal Projects/LeagueJourney/Content/Characters/Player/Animations/Goalkeeper/goalkeeperbodyblock_3__UE.uexp" 2504
"E:/Unreal Projects/LeagueJourney/Content/Characters/Player/Animations/Goalkeeper/goalkeeperbodyblock_3__UE_Montage.uasset" 2505
"E:/Unreal Projects/LeagueJourney/Content/Characters/Player/Animations/Goalkeeper/goalkeeperbodyblock_3__UE_Montage.uexp" 2506
"E:/Unreal Projects/LeagueJourney/Content/Characters/Player/Animations/Goalkeeper/goalkeeperbodyblock_2__UE.uasset" 2507
"E:/Unreal Projects/LeagueJourney/Content/Characters/Player/Animations/Goalkeeper/goalkeeperbodyblock_2__UE.uexp" 2508
"E:/Unreal Projects/LeagueJourney/Content/Characters/Player/Animations/Goalkeeper/goalkeeperbodyblock_2__UE_Montage.uasset" 2509
"E:/Unreal Projects/LeagueJourney/Content/Characters/Player/Animations/Goalkeeper/goalkeeperbodyblock_2__UE_Montage.uexp" 2510
"E:/Unreal Projects/LeagueJourney/Content/Characters/Player/Animations/Defensive/wad.uasset" 2511
"E:/Unreal Projects/LeagueJourney/Content/Characters/Player/Animations/Defensive/wad.uexp" 2512
"../../../Engine/Content/BasicShapes/Sphere.ubulk" 2513
"../../../Engine/Content/BasicShapes/Sphere.uasset" 2514
"../../../Engine/Content/BasicShapes/Sphere.uexp" 2515
"E:/Unreal Projects/LeagueJourney/Content/Characters/Player/Animations/Defensive/wadwad.uasset" 2516
"E:/Unreal Projects/LeagueJourney/Content/Characters/Player/Animations/Defensive/wadwad.uexp" 2517
"E:/Unreal Projects/LeagueJourney/Content/Characters/Player/Animations/Goalkeeper/goalkeepercatch_UE.uasset" 2518
"E:/Unreal Projects/LeagueJourney/Content/Characters/Player/Animations/Goalkeeper/goalkeepercatch_UE.uexp" 2519
"E:/Unreal Projects/LeagueJourney/Content/Characters/Player/Animations/Goalkeeper/goalkeepercatch_UE_Montage.uasset" 2520
"E:/Unreal Projects/LeagueJourney/Content/Characters/Player/Animations/Goalkeeper/goalkeepercatch_UE_Montage.uexp" 2521
"../../../Engine/Content/BasicShapes/BasicShapeMaterial.uasset" 2522
"../../../Engine/Content/BasicShapes/BasicShapeMaterial.uexp" 2523
"E:/Unreal Projects/LeagueJourney/Content/Characters/Player/Animations/Defensive/test.uasset" 2524
"E:/Unreal Projects/LeagueJourney/Content/Characters/Player/Animations/Defensive/test.uexp" 2525
"E:/Unreal Projects/LeagueJourney/Content/Characters/Player/Animations/Defensive/soccertackle_UE.uasset" 2526
"E:/Unreal Projects/LeagueJourney/Content/Characters/Player/Animations/Defensive/soccertackle_UE.uexp" 2527
"E:/Unreal Projects/LeagueJourney/Content/Characters/Player/Animations/Defensive/soccertackle_3__UE.uasset" 2528
"E:/Unreal Projects/LeagueJourney/Content/Characters/Player/Animations/Defensive/soccertackle_3__UE.uexp" 2529
"E:/Unreal Projects/LeagueJourney/Content/Characters/Player/Animations/BlendSpaces/GKMovementBlendSpace.uasset" 2530
"E:/Unreal Projects/LeagueJourney/Content/Characters/Player/Animations/BlendSpaces/GKMovementBlendSpace.uexp" 2531
"E:/Unreal Projects/LeagueJourney/Content/Characters/Player/AI/Tasks/BTT_CheckShotOpportunity.uasset" 2532
"E:/Unreal Projects/LeagueJourney/Content/Characters/Player/AI/Tasks/BTT_CheckShotOpportunity.uexp" 2533
"E:/Unreal Projects/LeagueJourney/Content/Characters/Player/AI/Tasks/Goalkeeper/TaskGoalkeeperPickBall.uasset" 2534
"E:/Unreal Projects/LeagueJourney/Content/Characters/Player/AI/Tasks/Goalkeeper/TaskGoalkeeperPickBall.uexp" 2535
"E:/Unreal Projects/LeagueJourney/Content/Characters/Player/AI/Tasks/Goalkeeper/TaskGoalkeeperBallIsComing.uasset" 2536
"E:/Unreal Projects/LeagueJourney/Content/Characters/Player/AI/Tasks/Goalkeeper/TaskGoalkeeperBallIsComing.uexp" 2537
"E:/Unreal Projects/LeagueJourney/Content/Characters/Player/AI/Tasks/Goalkeeper/BTTask_GoalkeeperTryCatchBall.uasset" 2538
"E:/Unreal Projects/LeagueJourney/Content/Characters/Player/AI/Tasks/Goalkeeper/BTTask_GoalkeeperTryCatchBall.uexp" 2539
"E:/Unreal Projects/LeagueJourney/Content/Characters/Player/AI/Services/ServiceGoalkeeperCheckBall.uasset" 2540
"E:/Unreal Projects/LeagueJourney/Content/Characters/Player/AI/Services/ServiceGoalkeeperCheckBall.uexp" 2541
"E:/Unreal Projects/LeagueJourney/Content/Characters/Mannequins/Meshes/SK_Mannequin.uasset" 2542
"E:/Unreal Projects/LeagueJourney/Content/Characters/Mannequins/Meshes/SK_Mannequin.uexp" 2543
"E:/Unreal Projects/LeagueJourney/Content/Characters/Mannequins/Rigs/Poses/Manny/Manny_foot_l_anim.uasset" 2544
"E:/Unreal Projects/LeagueJourney/Content/Characters/Mannequins/Rigs/Poses/Manny/Manny_foot_l_anim.uexp" 2545
"E:/Unreal Projects/LeagueJourney/Content/Characters/Mannequins/Rigs/Poses/Manny/Manny_foot_l_pose.uasset" 2546
"E:/Unreal Projects/LeagueJourney/Content/Characters/Mannequins/Rigs/Poses/Manny/Manny_foot_l_pose.uexp" 2547
"E:/Unreal Projects/LeagueJourney/Content/Characters/Mannequins/Rigs/Poses/Manny/Manny_thigh_r_anim.uasset" 2548
"E:/Unreal Projects/LeagueJourney/Content/Characters/Mannequins/Rigs/Poses/Manny/Manny_thigh_r_anim.uexp" 2549
"E:/Unreal Projects/LeagueJourney/Content/Characters/Mannequins/Rigs/Poses/Manny/Manny_thigh_r_pose.uasset" 2550
"E:/Unreal Projects/LeagueJourney/Content/Characters/Mannequins/Rigs/Poses/Manny/Manny_thigh_r_pose.uexp" 2551
"E:/Unreal Projects/LeagueJourney/Content/Characters/Mannequins/Rigs/Poses/Manny/Manny_hand_r_anim.uasset" 2552
"E:/Unreal Projects/LeagueJourney/Content/Characters/Mannequins/Rigs/Poses/Manny/Manny_hand_r_anim.uexp" 2553
"E:/Unreal Projects/LeagueJourney/Content/Characters/Mannequins/Rigs/Poses/Manny/Manny_hand_r_pose.uasset" 2554
"E:/Unreal Projects/LeagueJourney/Content/Characters/Mannequins/Rigs/Poses/Manny/Manny_hand_r_pose.uexp" 2555
"E:/Unreal Projects/LeagueJourney/Content/Characters/Mannequins/Rigs/Poses/Manny/Manny_clavicle_l_anim.uasset" 2556
"E:/Unreal Projects/LeagueJourney/Content/Characters/Mannequins/Rigs/Poses/Manny/Manny_clavicle_l_anim.uexp" 2557
"E:/Unreal Projects/LeagueJourney/Content/Characters/Mannequins/Rigs/Poses/Manny/Manny_clavicle_l_pose.uasset" 2558
"E:/Unreal Projects/LeagueJourney/Content/Characters/Mannequins/Rigs/Poses/Manny/Manny_clavicle_l_pose.uexp" 2559
"E:/Unreal Projects/LeagueJourney/Content/Characters/Mannequins/Rigs/Poses/Manny/Manny_calf_l_anim.uasset" 2560
"E:/Unreal Projects/LeagueJourney/Content/Characters/Mannequins/Rigs/Poses/Manny/Manny_calf_l_anim.uexp" 2561
"E:/Unreal Projects/LeagueJourney/Content/Characters/Mannequins/Rigs/Poses/Manny/Manny_calf_l_pose.uasset" 2562
"E:/Unreal Projects/LeagueJourney/Content/Characters/Mannequins/Rigs/Poses/Manny/Manny_calf_l_pose.uexp" 2563
"E:/Unreal Projects/LeagueJourney/Content/Characters/Mannequins/Rigs/Poses/Manny/Manny_hand_l_anim.uasset" 2564
"E:/Unreal Projects/LeagueJourney/Content/Characters/Mannequins/Rigs/Poses/Manny/Manny_hand_l_anim.uexp" 2565
"E:/Unreal Projects/LeagueJourney/Content/Characters/Mannequins/Rigs/Poses/Manny/Manny_hand_l_pose.uasset" 2566
"E:/Unreal Projects/LeagueJourney/Content/Characters/Mannequins/Rigs/Poses/Manny/Manny_hand_l_pose.uexp" 2567
"E:/Unreal Projects/LeagueJourney/Content/Characters/Mannequins/Rigs/CR_Mannequin_Procedural.uasset" 2568
"E:/Unreal Projects/LeagueJourney/Content/Characters/Mannequins/Rigs/CR_Mannequin_Procedural.uexp" 2569
"E:/Unreal Projects/LeagueJourney/Content/Characters/Mannequins/Rigs/Poses/Manny/Manny_upperarm_r_anim.uasset" 2570
"E:/Unreal Projects/LeagueJourney/Content/Characters/Mannequins/Rigs/Poses/Manny/Manny_upperarm_r_anim.uexp" 2571
"E:/Unreal Projects/LeagueJourney/Content/Characters/Mannequins/Rigs/Poses/Manny/Manny_upperarm_r_pose.uasset" 2572
"E:/Unreal Projects/LeagueJourney/Content/Characters/Mannequins/Rigs/Poses/Manny/Manny_upperarm_r_pose.uexp" 2573
"E:/Unreal Projects/LeagueJourney/Content/Characters/Mannequins/Rigs/Poses/Manny/Manny_lowerarm_r_anim.uasset" 2574
"E:/Unreal Projects/LeagueJourney/Content/Characters/Mannequins/Rigs/Poses/Manny/Manny_lowerarm_r_anim.uexp" 2575
"E:/Unreal Projects/LeagueJourney/Content/Characters/Mannequins/Rigs/Poses/Manny/Manny_lowerarm_r_pose.uasset" 2576
"E:/Unreal Projects/LeagueJourney/Content/Characters/Mannequins/Rigs/Poses/Manny/Manny_lowerarm_r_pose.uexp" 2577
"E:/Unreal Projects/LeagueJourney/Content/Characters/Mannequins/Rigs/Poses/Manny/Manny_calf_r_anim.uasset" 2578
"E:/Unreal Projects/LeagueJourney/Content/Characters/Mannequins/Rigs/Poses/Manny/Manny_calf_r_anim.uexp" 2579
"E:/Unreal Projects/LeagueJourney/Content/Characters/Mannequins/Rigs/Poses/Manny/Manny_calf_r_pose.uasset" 2580
"E:/Unreal Projects/LeagueJourney/Content/Characters/Mannequins/Rigs/Poses/Manny/Manny_calf_r_pose.uexp" 2581
"E:/Unreal Projects/LeagueJourney/Content/Characters/Mannequins/Rigs/Poses/Manny/Manny_foot_r_anim.uasset" 2582
"E:/Unreal Projects/LeagueJourney/Content/Characters/Mannequins/Rigs/Poses/Manny/Manny_foot_r_anim.uexp" 2583
"E:/Unreal Projects/LeagueJourney/Content/Characters/Mannequins/Rigs/Poses/Manny/Manny_foot_r_pose.uasset" 2584
"E:/Unreal Projects/LeagueJourney/Content/Characters/Mannequins/Rigs/Poses/Manny/Manny_foot_r_pose.uexp" 2585
"E:/Unreal Projects/LeagueJourney/Content/Characters/Mannequins/Rigs/Poses/Manny/Manny_lowerarm_l_anim.uasset" 2586
"E:/Unreal Projects/LeagueJourney/Content/Characters/Mannequins/Rigs/Poses/Manny/Manny_lowerarm_l_anim.uexp" 2587
"E:/Unreal Projects/LeagueJourney/Content/Characters/Mannequins/Rigs/Poses/Manny/Manny_lowerarm_l_pose.uasset" 2588
"E:/Unreal Projects/LeagueJourney/Content/Characters/Mannequins/Rigs/Poses/Manny/Manny_lowerarm_l_pose.uexp" 2589
"E:/Unreal Projects/LeagueJourney/Content/Characters/Mannequins/Rigs/Poses/Manny/Manny_clavicle_r_anim.uasset" 2590
"E:/Unreal Projects/LeagueJourney/Content/Characters/Mannequins/Rigs/Poses/Manny/Manny_clavicle_r_anim.uexp" 2591
"E:/Unreal Projects/LeagueJourney/Content/Characters/Mannequins/Rigs/Poses/Manny/Manny_clavicle_r_pose.uasset" 2592
"E:/Unreal Projects/LeagueJourney/Content/Characters/Mannequins/Rigs/Poses/Manny/Manny_clavicle_r_pose.uexp" 2593
"E:/Unreal Projects/LeagueJourney/Content/Characters/Mannequins/Rigs/Poses/Manny/Manny_thigh_l_anim.uasset" 2594
"E:/Unreal Projects/LeagueJourney/Content/Characters/Mannequins/Rigs/Poses/Manny/Manny_thigh_l_anim.uexp" 2595
"E:/Unreal Projects/LeagueJourney/Content/Characters/Mannequins/Rigs/Poses/Manny/Manny_thigh_l_pose.uasset" 2596
"E:/Unreal Projects/LeagueJourney/Content/Characters/Mannequins/Rigs/Poses/Manny/Manny_thigh_l_pose.uexp" 2597
"E:/Unreal Projects/LeagueJourney/Content/Characters/Mannequins/Rigs/Poses/Manny/Manny_upperarm_l_anim.uasset" 2598
"E:/Unreal Projects/LeagueJourney/Content/Characters/Mannequins/Rigs/Poses/Manny/Manny_upperarm_l_anim.uexp" 2599
"E:/Unreal Projects/LeagueJourney/Content/Characters/Mannequins/Rigs/Poses/Manny/Manny_upperarm_l_pose.uasset" 2600
"E:/Unreal Projects/LeagueJourney/Content/Characters/Mannequins/Rigs/Poses/Manny/Manny_upperarm_l_pose.uexp" 2601
"E:/Unreal Projects/LeagueJourney/Content/Characters/Mannequins/Rigs/ABP_Manny_PostProcess.uasset" 2602
"E:/Unreal Projects/LeagueJourney/Content/Characters/Mannequins/Rigs/ABP_Manny_PostProcess.uexp" 2603
"E:/Unreal Projects/LeagueJourney/Content/Characters/Mannequins/Textures/Manny/T_Manny_02_MSR_MSK.ubulk" 2604
"E:/Unreal Projects/LeagueJourney/Content/Characters/Mannequins/Textures/Manny/T_Manny_02_MSR_MSK.uasset" 2605
"E:/Unreal Projects/LeagueJourney/Content/Characters/Mannequins/Textures/Manny/T_Manny_02_MSR_MSK.uexp" 2606
"E:/Unreal Projects/LeagueJourney/Content/Characters/Mannequins/Textures/Manny/T_Manny_02_CCRCCPlastic_MSK.ubulk" 2607
"E:/Unreal Projects/LeagueJourney/Content/Characters/Mannequins/Textures/Manny/T_Manny_02_CCRCCPlastic_MSK.uasset" 2608
"E:/Unreal Projects/LeagueJourney/Content/Characters/Mannequins/Textures/Manny/T_Manny_02_CCRCCPlastic_MSK.uexp" 2609
"E:/Unreal Projects/LeagueJourney/Content/Characters/Mannequins/Textures/Manny/T_Manny_02_Tan.ubulk" 2610
"E:/Unreal Projects/LeagueJourney/Content/Characters/Mannequins/Textures/Manny/T_Manny_02_Tan.uasset" 2611
"E:/Unreal Projects/LeagueJourney/Content/Characters/Mannequins/Textures/Manny/T_Manny_02_Tan.uexp" 2612
"E:/Unreal Projects/LeagueJourney/Content/Characters/Mannequins/Textures/Manny/T_Manny_02_N.ubulk" 2613
"E:/Unreal Projects/LeagueJourney/Content/Characters/Mannequins/Textures/Manny/T_Manny_02_N.uasset" 2614
"E:/Unreal Projects/LeagueJourney/Content/Characters/Mannequins/Textures/Manny/T_Manny_02_N.uexp" 2615
"E:/Unreal Projects/LeagueJourney/Content/Characters/Mannequins/Textures/Manny/T_Manny_01_N.ubulk" 2616
"E:/Unreal Projects/LeagueJourney/Content/Characters/Mannequins/Textures/Manny/T_Manny_01_N.uasset" 2617
"E:/Unreal Projects/LeagueJourney/Content/Characters/Mannequins/Textures/Manny/T_Manny_01_N.uexp" 2618
"E:/Unreal Projects/LeagueJourney/Content/Characters/Mannequins/Materials/Functions/ChromaticCurve.uasset" 2619
"E:/Unreal Projects/LeagueJourney/Content/Characters/Mannequins/Materials/Functions/ChromaticCurve.uexp" 2620
"E:/Unreal Projects/LeagueJourney/Content/Characters/Mannequins/Materials/Functions/CA_Mannequin.uasset" 2621
"E:/Unreal Projects/LeagueJourney/Content/Characters/Mannequins/Materials/Functions/CA_Mannequin.uexp" 2622
"E:/Unreal Projects/LeagueJourney/Content/Characters/Mannequins/Materials/Functions/MF_Diffraction.uasset" 2623
"E:/Unreal Projects/LeagueJourney/Content/Characters/Mannequins/Materials/Functions/MF_Diffraction.uexp" 2624
"E:/Unreal Projects/LeagueJourney/Content/Characters/Mannequins/Materials/Functions/ML_BaseColorFallOff.uasset" 2625
"E:/Unreal Projects/LeagueJourney/Content/Characters/Mannequins/Materials/Functions/ML_BaseColorFallOff.uexp" 2626
"../../../Engine/Content/Functions/Engine_MaterialFunctions01/Texturing/ScaleUVsByCenter.uasset" 2627
"../../../Engine/Content/Functions/Engine_MaterialFunctions01/Texturing/ScaleUVsByCenter.uexp" 2628
"E:/Unreal Projects/LeagueJourney/Content/Characters/Mannequins/Textures/Shared/T_UE_Logo_M.uasset" 2629
"E:/Unreal Projects/LeagueJourney/Content/Characters/Mannequins/Textures/Shared/T_UE_Logo_M.uexp" 2630
"E:/Unreal Projects/LeagueJourney/Content/Characters/Mannequins/Materials/Functions/MF_logo3layers.uasset" 2631
"E:/Unreal Projects/LeagueJourney/Content/Characters/Mannequins/Materials/Functions/MF_logo3layers.uexp" 2632
"E:/Unreal Projects/LeagueJourney/Content/Characters/Mannequins/Textures/Manny/T_Manny_01_CCRCCPlastic_MSK.ubulk" 2633
"E:/Unreal Projects/LeagueJourney/Content/Characters/Mannequins/Textures/Manny/T_Manny_01_CCRCCPlastic_MSK.uasset" 2634
"E:/Unreal Projects/LeagueJourney/Content/Characters/Mannequins/Textures/Manny/T_Manny_01_CCRCCPlastic_MSK.uexp" 2635
"E:/Unreal Projects/LeagueJourney/Content/Characters/Mannequins/Textures/Manny/T_Manny_01_ASAOPMASK_MSK.ubulk" 2636
"E:/Unreal Projects/LeagueJourney/Content/Characters/Mannequins/Textures/Manny/T_Manny_01_ASAOPMASK_MSK.uasset" 2637
"E:/Unreal Projects/LeagueJourney/Content/Characters/Mannequins/Textures/Manny/T_Manny_01_ASAOPMASK_MSK.uexp" 2638
"E:/Unreal Projects/LeagueJourney/Content/Characters/Mannequins/Textures/Manny/T_Manny_01_MSR_MSK.ubulk" 2639
"E:/Unreal Projects/LeagueJourney/Content/Characters/Mannequins/Textures/Manny/T_Manny_01_MSR_MSK.uasset" 2640
"E:/Unreal Projects/LeagueJourney/Content/Characters/Mannequins/Textures/Manny/T_Manny_01_MSR_MSK.uexp" 2641
"E:/Unreal Projects/LeagueJourney/Content/Characters/Mannequins/Textures/Manny/T_Manny_01_BN.ubulk" 2642
"E:/Unreal Projects/LeagueJourney/Content/Characters/Mannequins/Textures/Manny/T_Manny_01_BN.uasset" 2643
"E:/Unreal Projects/LeagueJourney/Content/Characters/Mannequins/Textures/Manny/T_Manny_01_BN.uexp" 2644
"E:/Unreal Projects/LeagueJourney/Content/Characters/Mannequins/Textures/Manny/T_Manny_01_D.ubulk" 2645
"E:/Unreal Projects/LeagueJourney/Content/Characters/Mannequins/Textures/Manny/T_Manny_01_D.uasset" 2646
"E:/Unreal Projects/LeagueJourney/Content/Characters/Mannequins/Textures/Manny/T_Manny_01_D.uexp" 2647
"E:/Unreal Projects/LeagueJourney/Content/Characters/Mannequins/Textures/Manny/T_Manny_01_Tan.ubulk" 2648
"E:/Unreal Projects/LeagueJourney/Content/Characters/Mannequins/Textures/Manny/T_Manny_01_Tan.uasset" 2649
"E:/Unreal Projects/LeagueJourney/Content/Characters/Mannequins/Textures/Manny/T_Manny_01_Tan.uexp" 2650
"E:/Unreal Projects/LeagueJourney/Content/Characters/Mannequins/Materials/M_Mannequin.uasset" 2651
"E:/Unreal Projects/LeagueJourney/Content/Characters/Mannequins/Materials/M_Mannequin.uexp" 2652
"E:/Unreal Projects/LeagueJourney/Content/Characters/Mannequins/Materials/Instances/Manny/MI_Manny_01.uasset" 2653
"E:/Unreal Projects/LeagueJourney/Content/Characters/Mannequins/Materials/Instances/Manny/MI_Manny_01.uexp" 2654
"E:/Unreal Projects/LeagueJourney/Content/Characters/Mannequins/Textures/Manny/T_Manny_02_BN.ubulk" 2655
"E:/Unreal Projects/LeagueJourney/Content/Characters/Mannequins/Textures/Manny/T_Manny_02_BN.uasset" 2656
"E:/Unreal Projects/LeagueJourney/Content/Characters/Mannequins/Textures/Manny/T_Manny_02_BN.uexp" 2657
"E:/Unreal Projects/LeagueJourney/Content/Characters/Mannequins/Textures/Manny/T_Manny_02_ASAOPMASK_MSK.ubulk" 2658
"E:/Unreal Projects/LeagueJourney/Content/Characters/Mannequins/Textures/Manny/T_Manny_02_ASAOPMASK_MSK.uasset" 2659
"E:/Unreal Projects/LeagueJourney/Content/Characters/Mannequins/Textures/Manny/T_Manny_02_ASAOPMASK_MSK.uexp" 2660
"E:/Unreal Projects/LeagueJourney/Content/Characters/Mannequins/Textures/Manny/T_Manny_02_D.ubulk" 2661
"E:/Unreal Projects/LeagueJourney/Content/Characters/Mannequins/Textures/Manny/T_Manny_02_D.uasset" 2662
"E:/Unreal Projects/LeagueJourney/Content/Characters/Mannequins/Textures/Manny/T_Manny_02_D.uexp" 2663
"E:/Unreal Projects/LeagueJourney/Content/Characters/Mannequins/Materials/Instances/Manny/MI_Manny_02.uasset" 2664
"E:/Unreal Projects/LeagueJourney/Content/Characters/Mannequins/Materials/Instances/Manny/MI_Manny_02.uexp" 2665
"E:/Unreal Projects/LeagueJourney/Content/Characters/Mannequins/Rigs/PA_Mannequin.uasset" 2666
"E:/Unreal Projects/LeagueJourney/Content/Characters/Mannequins/Rigs/PA_Mannequin.uexp" 2667
"E:/Unreal Projects/LeagueJourney/Content/Characters/Mannequins/Meshes/SKM_Manny.uasset" 2668
"E:/Unreal Projects/LeagueJourney/Content/Characters/Mannequins/Meshes/SKM_Manny.uexp" 2669
"E:/Unreal Projects/LeagueJourney/Content/Characters/Mannequin_UE4/Textures/T_UELogo_N_TGA.ubulk" 2670
"E:/Unreal Projects/LeagueJourney/Content/Characters/Mannequin_UE4/Textures/T_UELogo_N_TGA.uasset" 2671
"E:/Unreal Projects/LeagueJourney/Content/Characters/Mannequin_UE4/Textures/T_UELogo_N_TGA.uexp" 2672
"E:/Unreal Projects/LeagueJourney/Content/Characters/Mannequin_UE4/Textures/T_UE4_Mannequin__normals.ubulk" 2673
"E:/Unreal Projects/LeagueJourney/Content/Characters/Mannequin_UE4/Textures/T_UE4_Mannequin__normals.uasset" 2674
"E:/Unreal Projects/LeagueJourney/Content/Characters/Mannequin_UE4/Textures/T_UE4_Mannequin__normals.uexp" 2675
"E:/Unreal Projects/LeagueJourney/Content/Characters/Mannequin_UE4/Materials/Layers/ML_ShinyPlastic_Beige.uasset" 2676
"E:/Unreal Projects/LeagueJourney/Content/Characters/Mannequin_UE4/Materials/Layers/ML_ShinyPlastic_Beige.uexp" 2677
"../../../Engine/Content/Functions/MaterialLayerFunctions/MatLayerBlend_NormalBlend.uasset" 2678
"../../../Engine/Content/Functions/MaterialLayerFunctions/MatLayerBlend_NormalBlend.uexp" 2679
"E:/Unreal Projects/LeagueJourney/Content/Characters/Mannequin_UE4/Textures/T_UELogo_Mask.ubulk" 2680
"E:/Unreal Projects/LeagueJourney/Content/Characters/Mannequin_UE4/Textures/T_UELogo_Mask.uasset" 2681
"E:/Unreal Projects/LeagueJourney/Content/Characters/Mannequin_UE4/Textures/T_UELogo_Mask.uexp" 2682
"E:/Unreal Projects/LeagueJourney/Content/Characters/Mannequin_UE4/Materials/Layers/ML_ShinyPlastic_Beige_Logo.uasset" 2683
"E:/Unreal Projects/LeagueJourney/Content/Characters/Mannequin_UE4/Materials/Layers/ML_ShinyPlastic_Beige_Logo.uexp" 2684
"E:/Unreal Projects/LeagueJourney/Content/Characters/Mannequin_UE4/Textures/T_UE4_Mannequin_MAT_MASKA.ubulk" 2685
"E:/Unreal Projects/LeagueJourney/Content/Characters/Mannequin_UE4/Textures/T_UE4_Mannequin_MAT_MASKA.uasset" 2686
"E:/Unreal Projects/LeagueJourney/Content/Characters/Mannequin_UE4/Textures/T_UE4_Mannequin_MAT_MASKA.uexp" 2687
"E:/Unreal Projects/LeagueJourney/Content/Characters/Mannequin_UE4/Textures/T_ML_Aluminum01_N.ubulk" 2688
"E:/Unreal Projects/LeagueJourney/Content/Characters/Mannequin_UE4/Textures/T_ML_Aluminum01_N.uasset" 2689
"E:/Unreal Projects/LeagueJourney/Content/Characters/Mannequin_UE4/Textures/T_ML_Aluminum01_N.uexp" 2690
"E:/Unreal Projects/LeagueJourney/Content/Characters/Mannequin_UE4/Textures/T_ML_Aluminum01.ubulk" 2691
"E:/Unreal Projects/LeagueJourney/Content/Characters/Mannequin_UE4/Textures/T_ML_Aluminum01.uasset" 2692
"E:/Unreal Projects/LeagueJourney/Content/Characters/Mannequin_UE4/Textures/T_ML_Aluminum01.uexp" 2693
"E:/Unreal Projects/LeagueJourney/Content/Characters/Mannequin_UE4/Materials/Layers/ML_SoftMetal.uasset" 2694
"E:/Unreal Projects/LeagueJourney/Content/Characters/Mannequin_UE4/Materials/Layers/ML_SoftMetal.uexp" 2695
"../../../Engine/Content/Functions/MaterialLayerFunctions/MatLayerBlend_Simple.uasset" 2696
"../../../Engine/Content/Functions/MaterialLayerFunctions/MatLayerBlend_Simple.uexp" 2697
"E:/Unreal Projects/LeagueJourney/Content/Characters/Mannequin_UE4/Textures/T_ML_Rubber_Blue_01_N.ubulk" 2698
"E:/Unreal Projects/LeagueJourney/Content/Characters/Mannequin_UE4/Textures/T_ML_Rubber_Blue_01_N.uasset" 2699
"E:/Unreal Projects/LeagueJourney/Content/Characters/Mannequin_UE4/Textures/T_ML_Rubber_Blue_01_N.uexp" 2700
"E:/Unreal Projects/LeagueJourney/Content/Characters/Mannequin_UE4/Textures/T_ML_Rubber_Blue_01_D.ubulk" 2701
"E:/Unreal Projects/LeagueJourney/Content/Characters/Mannequin_UE4/Textures/T_ML_Rubber_Blue_01_D.uasset" 2702
"E:/Unreal Projects/LeagueJourney/Content/Characters/Mannequin_UE4/Textures/T_ML_Rubber_Blue_01_D.uexp" 2703
"E:/Unreal Projects/LeagueJourney/Content/Characters/Mannequin_UE4/Materials/Layers/ML_Latex_Black.uasset" 2704
"E:/Unreal Projects/LeagueJourney/Content/Characters/Mannequin_UE4/Materials/Layers/ML_Latex_Black.uexp" 2705
"E:/Unreal Projects/LeagueJourney/Content/Characters/Mannequin_UE4/Materials/M_MannequinUE4_Body.uasset" 2706
"E:/Unreal Projects/LeagueJourney/Content/Characters/Mannequin_UE4/Materials/M_MannequinUE4_Body.uexp" 2707
"E:/Unreal Projects/LeagueJourney/Content/Characters/Mannequin_UE4/Materials/M_MannequinUE4_ChestLogo.uasset" 2708
"E:/Unreal Projects/LeagueJourney/Content/Characters/Mannequin_UE4/Materials/M_MannequinUE4_ChestLogo.uexp" 2709
"E:/Unreal Projects/LeagueJourney/Content/Characters/Mannequin_UE4/Meshes/SK_Mannequin_PhysicsAsset.uasset" 2710
"E:/Unreal Projects/LeagueJourney/Content/Characters/Mannequin_UE4/Meshes/SK_Mannequin_PhysicsAsset.uexp" 2711
"E:/Unreal Projects/LeagueJourney/Content/Characters/Mannequin_UE4/Meshes/SK_Mannequin_Skeleton.uasset" 2712
"E:/Unreal Projects/LeagueJourney/Content/Characters/Mannequin_UE4/Meshes/SK_Mannequin_Skeleton.uexp" 2713
"E:/Unreal Projects/LeagueJourney/Content/Characters/Mannequin_UE4/Meshes/SK_Mannequin.uasset" 2714
"E:/Unreal Projects/LeagueJourney/Content/Characters/Mannequin_UE4/Meshes/SK_Mannequin.uexp" 2715
"E:/Unreal Projects/LeagueJourney/Content/Characters/Mannequins/Meshes/SKM_Manny_Simple.uasset" 2716
"E:/Unreal Projects/LeagueJourney/Content/Characters/Mannequins/Meshes/SKM_Manny_Simple.uexp" 2717
"E:/Unreal Projects/LeagueJourney/Content/Characters/Mannequin_UE4/Rigs/RTG_UE5Manny_UE4Manny.uasset" 2718
"E:/Unreal Projects/LeagueJourney/Content/Characters/Mannequin_UE4/Rigs/RTG_UE5Manny_UE4Manny.uexp" 2719
"E:/Unreal Projects/LeagueJourney/Content/Characters/Mannequins/Textures/Quinn/T_Quinn_02ID_MSR_MSK.ubulk" 2720
"E:/Unreal Projects/LeagueJourney/Content/Characters/Mannequins/Textures/Quinn/T_Quinn_02ID_MSR_MSK.uasset" 2721
"E:/Unreal Projects/LeagueJourney/Content/Characters/Mannequins/Textures/Quinn/T_Quinn_02ID_MSR_MSK.uexp" 2722
"E:/Unreal Projects/LeagueJourney/Content/Characters/Mannequins/Textures/Quinn/T_Quinn_02ID_BN.ubulk" 2723
"E:/Unreal Projects/LeagueJourney/Content/Characters/Mannequins/Textures/Quinn/T_Quinn_02ID_BN.uasset" 2724
"E:/Unreal Projects/LeagueJourney/Content/Characters/Mannequins/Textures/Quinn/T_Quinn_02ID_BN.uexp" 2725
"E:/Unreal Projects/LeagueJourney/Content/Characters/Mannequins/Textures/Quinn/T_Quinn_02_ASAOMASK_MSK.ubulk" 2726
"E:/Unreal Projects/LeagueJourney/Content/Characters/Mannequins/Textures/Quinn/T_Quinn_02_ASAOMASK_MSK.uasset" 2727
"E:/Unreal Projects/LeagueJourney/Content/Characters/Mannequins/Textures/Quinn/T_Quinn_02_ASAOMASK_MSK.uexp" 2728
"E:/Unreal Projects/LeagueJourney/Content/Characters/Mannequins/Textures/Quinn/T_Quinn_02_CCRCCPlastic_MSK.ubulk" 2729
"E:/Unreal Projects/LeagueJourney/Content/Characters/Mannequins/Textures/Quinn/T_Quinn_02_CCRCCPlastic_MSK.uasset" 2730
"E:/Unreal Projects/LeagueJourney/Content/Characters/Mannequins/Textures/Quinn/T_Quinn_02_CCRCCPlastic_MSK.uexp" 2731
"E:/Unreal Projects/LeagueJourney/Content/Characters/Mannequins/Textures/Quinn/T_Quinn_02ID_Tan.ubulk" 2732
"E:/Unreal Projects/LeagueJourney/Content/Characters/Mannequins/Textures/Quinn/T_Quinn_02ID_Tan.uasset" 2733
"E:/Unreal Projects/LeagueJourney/Content/Characters/Mannequins/Textures/Quinn/T_Quinn_02ID_Tan.uexp" 2734
"E:/Unreal Projects/LeagueJourney/Content/Characters/Mannequins/Textures/Quinn/T_Quinn_02ID_D.ubulk" 2735
"E:/Unreal Projects/LeagueJourney/Content/Characters/Mannequins/Textures/Quinn/T_Quinn_02ID_D.uasset" 2736
"E:/Unreal Projects/LeagueJourney/Content/Characters/Mannequins/Textures/Quinn/T_Quinn_02ID_D.uexp" 2737
"E:/Unreal Projects/LeagueJourney/Content/Characters/Mannequins/Textures/Quinn/T_Quinn_01ID_MSR_MSK.ubulk" 2738
"E:/Unreal Projects/LeagueJourney/Content/Characters/Mannequins/Textures/Quinn/T_Quinn_01ID_MSR_MSK.uasset" 2739
"E:/Unreal Projects/LeagueJourney/Content/Characters/Mannequins/Textures/Quinn/T_Quinn_01ID_MSR_MSK.uexp" 2740
"E:/Unreal Projects/LeagueJourney/Content/Characters/Mannequins/Textures/Quinn/T_Quinn_01_ASAOMASK_MSK.ubulk" 2741
"E:/Unreal Projects/LeagueJourney/Content/Characters/Mannequins/Textures/Quinn/T_Quinn_01_ASAOMASK_MSK.uasset" 2742
"E:/Unreal Projects/LeagueJourney/Content/Characters/Mannequins/Textures/Quinn/T_Quinn_01_ASAOMASK_MSK.uexp" 2743
"E:/Unreal Projects/LeagueJourney/Content/Characters/Mannequins/Textures/Quinn/T_Quinn_01ID_N.ubulk" 2744
"E:/Unreal Projects/LeagueJourney/Content/Characters/Mannequins/Textures/Quinn/T_Quinn_01ID_N.uasset" 2745
"E:/Unreal Projects/LeagueJourney/Content/Characters/Mannequins/Textures/Quinn/T_Quinn_01ID_N.uexp" 2746
"E:/Unreal Projects/LeagueJourney/Content/Characters/Mannequins/Textures/Quinn/T_Quinn_01ID_BN.ubulk" 2747
"E:/Unreal Projects/LeagueJourney/Content/Characters/Mannequins/Textures/Quinn/T_Quinn_01ID_BN.uasset" 2748
"E:/Unreal Projects/LeagueJourney/Content/Characters/Mannequins/Textures/Quinn/T_Quinn_01ID_BN.uexp" 2749
"E:/Unreal Projects/LeagueJourney/Content/Characters/Mannequins/Textures/Quinn/T_Quinn_01ID_D.ubulk" 2750
"E:/Unreal Projects/LeagueJourney/Content/Characters/Mannequins/Textures/Quinn/T_Quinn_01ID_D.uasset" 2751
"E:/Unreal Projects/LeagueJourney/Content/Characters/Mannequins/Textures/Quinn/T_Quinn_01ID_D.uexp" 2752
"E:/Unreal Projects/LeagueJourney/Content/Characters/Mannequins/Textures/Quinn/T_Quinn_01ID_Tan.ubulk" 2753
"E:/Unreal Projects/LeagueJourney/Content/Characters/Mannequins/Textures/Quinn/T_Quinn_01ID_Tan.uasset" 2754
"E:/Unreal Projects/LeagueJourney/Content/Characters/Mannequins/Textures/Quinn/T_Quinn_01ID_Tan.uexp" 2755
"E:/Unreal Projects/LeagueJourney/Content/Characters/Mannequins/Textures/Quinn/T_Quinn_01_CCRCCPlastic_MSK.ubulk" 2756
"E:/Unreal Projects/LeagueJourney/Content/Characters/Mannequins/Textures/Quinn/T_Quinn_01_CCRCCPlastic_MSK.uasset" 2757
"E:/Unreal Projects/LeagueJourney/Content/Characters/Mannequins/Textures/Quinn/T_Quinn_01_CCRCCPlastic_MSK.uexp" 2758
"E:/Unreal Projects/LeagueJourney/Content/Characters/Mannequins/Materials/Instances/Quinn/MI_Quinn_01.uasset" 2759
"E:/Unreal Projects/LeagueJourney/Content/Characters/Mannequins/Materials/Instances/Quinn/MI_Quinn_01.uexp" 2760
"E:/Unreal Projects/LeagueJourney/Content/Characters/Mannequins/Textures/Quinn/T_Quinn_02ID_N.ubulk" 2761
"E:/Unreal Projects/LeagueJourney/Content/Characters/Mannequins/Textures/Quinn/T_Quinn_02ID_N.uasset" 2762
"E:/Unreal Projects/LeagueJourney/Content/Characters/Mannequins/Textures/Quinn/T_Quinn_02ID_N.uexp" 2763
"E:/Unreal Projects/LeagueJourney/Content/Characters/Mannequins/Materials/Instances/Quinn/MI_Quinn_02.uasset" 2764
"E:/Unreal Projects/LeagueJourney/Content/Characters/Mannequins/Materials/Instances/Quinn/MI_Quinn_02.uexp" 2765
"E:/Unreal Projects/LeagueJourney/Content/Characters/Mannequins/Meshes/SKM_Quinn_Simple.uasset" 2766
"E:/Unreal Projects/LeagueJourney/Content/Characters/Mannequins/Meshes/SKM_Quinn_Simple.uexp" 2767
"E:/Unreal Projects/LeagueJourney/Content/Characters/Mannequin_UE4/Rigs/RTG_UE4Manny_UE5Manny.uasset" 2768
"E:/Unreal Projects/LeagueJourney/Content/Characters/Mannequin_UE4/Rigs/RTG_UE4Manny_UE5Manny.uexp" 2769
"E:/Unreal Projects/LeagueJourney/Content/Characters/Mannequin_UE4/Rigs/IK_UE4_Mannequin.uasset" 2770
"E:/Unreal Projects/LeagueJourney/Content/Characters/Mannequin_UE4/Rigs/IK_UE4_Mannequin.uexp" 2771
"E:/Unreal Projects/LeagueJourney/Content/Characters/Mannequin_UE4/Animations/Jog_Fwd.uasset" 2772
"E:/Unreal Projects/LeagueJourney/Content/Characters/Mannequin_UE4/Animations/Jog_Fwd.uexp" 2773
"../../../Engine/Plugins/Interchange/Runtime/Content/gltf/MaterialInstances_MR/MI_Translucent_ClearCoat.uasset" 2774
"../../../Engine/Plugins/Interchange/Runtime/Content/gltf/MaterialInstances_MR/MI_Translucent_ClearCoat.uexp" 2775
"../../../Engine/Plugins/Interchange/Runtime/Content/gltf/MaterialInstances_MR/MI_Translucent.uasset" 2776
"../../../Engine/Plugins/Interchange/Runtime/Content/gltf/MaterialInstances_MR/MI_Translucent.uexp" 2777
"../../../Engine/Plugins/Interchange/Runtime/Content/gltf/MaterialInstances_SG/MI_Opaque.uasset" 2778
"../../../Engine/Plugins/Interchange/Runtime/Content/gltf/MaterialInstances_SG/MI_Opaque.uexp" 2779
"../../../Engine/Plugins/Interchange/Runtime/Content/gltf/MaterialInstances_MR/MI_Transmission_TS.uasset" 2780
"../../../Engine/Plugins/Interchange/Runtime/Content/gltf/MaterialInstances_MR/MI_Transmission_TS.uexp" 2781
"../../../Engine/Plugins/Interchange/Runtime/Content/gltf/MaterialInstances_MR/MI_Transmission.uasset" 2782
"../../../Engine/Plugins/Interchange/Runtime/Content/gltf/MaterialInstances_MR/MI_Transmission.uexp" 2783
"../../../Engine/Plugins/Interchange/Runtime/Content/gltf/MaterialInstances_MR/MI_Translucent_TS.uasset" 2784
"../../../Engine/Plugins/Interchange/Runtime/Content/gltf/MaterialInstances_MR/MI_Translucent_TS.uexp" 2785
"../../../Engine/Plugins/Interchange/Runtime/Content/gltf/MaterialInstances_MR/MI_Translucent_ClearCoat_TS.uasset" 2786
"../../../Engine/Plugins/Interchange/Runtime/Content/gltf/MaterialInstances_MR/MI_Translucent_ClearCoat_TS.uexp" 2787
"../../../Engine/Plugins/Interchange/Runtime/Content/gltf/MaterialInstances_MR/MI_Opaque_ClearCoat_TS.uasset" 2788
"../../../Engine/Plugins/Interchange/Runtime/Content/gltf/MaterialInstances_MR/MI_Opaque_ClearCoat_TS.uexp" 2789
"../../../Engine/Plugins/Interchange/Runtime/Content/gltf/MaterialInstances_MR/MI_Opaque_ClearCoat.uasset" 2790
"../../../Engine/Plugins/Interchange/Runtime/Content/gltf/MaterialInstances_MR/MI_Opaque_ClearCoat.uexp" 2791
"../../../Engine/Plugins/Interchange/Runtime/Content/gltf/M_Unlit.uasset" 2792
"../../../Engine/Plugins/Interchange/Runtime/Content/gltf/M_Unlit.uexp" 2793
"../../../Engine/Plugins/Interchange/Runtime/Content/gltf/MaterialInstances_MR/MI_Opaque_Unlit_TS.uasset" 2794
"../../../Engine/Plugins/Interchange/Runtime/Content/gltf/MaterialInstances_MR/MI_Opaque_Unlit_TS.uexp" 2795
"../../../Engine/Plugins/Interchange/Runtime/Content/gltf/MaterialInstances_MR/MI_Opaque_Unlit.uasset" 2796
"../../../Engine/Plugins/Interchange/Runtime/Content/gltf/MaterialInstances_MR/MI_Opaque_Unlit.uexp" 2797
"../../../Engine/Plugins/Interchange/Runtime/Content/gltf/MaterialInstances_MR/MI_Opaque_TS.uasset" 2798
"../../../Engine/Plugins/Interchange/Runtime/Content/gltf/MaterialInstances_MR/MI_Opaque_TS.uexp" 2799
"../../../Engine/Plugins/Interchange/Runtime/Content/gltf/MaterialInstances_MR/MI_Opaque_Sheen_TS.uasset" 2800
"../../../Engine/Plugins/Interchange/Runtime/Content/gltf/MaterialInstances_MR/MI_Opaque_Sheen_TS.uexp" 2801
"../../../Engine/Plugins/Interchange/Runtime/Content/gltf/MaterialInstances_MR/MI_Opaque_Sheen.uasset" 2802
"../../../Engine/Plugins/Interchange/Runtime/Content/gltf/MaterialInstances_MR/MI_Opaque_Sheen.uexp" 2803
"../../../Engine/Plugins/Interchange/Runtime/Content/gltf/MaterialInstances_MR/MI_Opaque.uasset" 2804
"../../../Engine/Plugins/Interchange/Runtime/Content/gltf/MaterialInstances_MR/MI_Opaque.uexp" 2805
"../../../Engine/Content/Functions/Engine_MaterialFunctions02/WorldPositionOffset/V2/ObjectScale.uasset" 2806
"../../../Engine/Content/Functions/Engine_MaterialFunctions02/WorldPositionOffset/V2/ObjectScale.uexp" 2807
"../../../Engine/Plugins/Interchange/Runtime/Content/gltf/MaterialFunctions/MF_TransmissionOpacity.uasset" 2808
"../../../Engine/Plugins/Interchange/Runtime/Content/gltf/MaterialFunctions/MF_TransmissionOpacity.uexp" 2809
"E:/Unreal Projects/LeagueJourney/Content/Characters/Mannequins/Rigs/RTG_Mannequin.uasset" 2810
"E:/Unreal Projects/LeagueJourney/Content/Characters/Mannequins/Rigs/RTG_Mannequin.uexp" 2811
"E:/Unreal Projects/LeagueJourney/Content/Characters/Mannequins/Rigs/IK_Mannequin.uasset" 2812
"E:/Unreal Projects/LeagueJourney/Content/Characters/Mannequins/Rigs/IK_Mannequin.uexp" 2813
"E:/Unreal Projects/LeagueJourney/Content/Characters/Mannequins/Rigs/CR_Mannequin_Body.uasset" 2814
"E:/Unreal Projects/LeagueJourney/Content/Characters/Mannequins/Rigs/CR_Mannequin_Body.uexp" 2815
"E:/Unreal Projects/LeagueJourney/Content/Characters/Mannequins/Rigs/Poses/Quinn/Quinn_foot_l_anim.uasset" 2816
"E:/Unreal Projects/LeagueJourney/Content/Characters/Mannequins/Rigs/Poses/Quinn/Quinn_foot_l_anim.uexp" 2817
"E:/Unreal Projects/LeagueJourney/Content/Characters/Mannequins/Rigs/Poses/Quinn/Quinn_foot_l_pose.uasset" 2818
"E:/Unreal Projects/LeagueJourney/Content/Characters/Mannequins/Rigs/Poses/Quinn/Quinn_foot_l_pose.uexp" 2819
"E:/Unreal Projects/LeagueJourney/Content/Characters/Mannequins/Rigs/Poses/Quinn/Quinn_clavicle_l_anim.uasset" 2820
"E:/Unreal Projects/LeagueJourney/Content/Characters/Mannequins/Rigs/Poses/Quinn/Quinn_clavicle_l_anim.uexp" 2821
"E:/Unreal Projects/LeagueJourney/Content/Characters/Mannequins/Rigs/Poses/Quinn/Quinn_clavicle_l_pose.uasset" 2822
"E:/Unreal Projects/LeagueJourney/Content/Characters/Mannequins/Rigs/Poses/Quinn/Quinn_clavicle_l_pose.uexp" 2823
"E:/Unreal Projects/LeagueJourney/Content/Characters/Mannequins/Rigs/Poses/Quinn/Quinn_clavicle_r_anim.uasset" 2824
"E:/Unreal Projects/LeagueJourney/Content/Characters/Mannequins/Rigs/Poses/Quinn/Quinn_clavicle_r_anim.uexp" 2825
"E:/Unreal Projects/LeagueJourney/Content/Characters/Mannequins/Rigs/Poses/Quinn/Quinn_clavicle_r_pose.uasset" 2826
"E:/Unreal Projects/LeagueJourney/Content/Characters/Mannequins/Rigs/Poses/Quinn/Quinn_clavicle_r_pose.uexp" 2827
"E:/Unreal Projects/LeagueJourney/Content/Characters/Mannequins/Rigs/Poses/Quinn/Quinn_upperarm_l_anim.uasset" 2828
"E:/Unreal Projects/LeagueJourney/Content/Characters/Mannequins/Rigs/Poses/Quinn/Quinn_upperarm_l_anim.uexp" 2829
"E:/Unreal Projects/LeagueJourney/Content/Characters/Mannequins/Rigs/Poses/Quinn/Quinn_upperarm_l_pose.uasset" 2830
"E:/Unreal Projects/LeagueJourney/Content/Characters/Mannequins/Rigs/Poses/Quinn/Quinn_upperarm_l_pose.uexp" 2831
"E:/Unreal Projects/LeagueJourney/Content/Characters/Mannequins/Rigs/Poses/Quinn/Quinn_lowerarm_l_anim.uasset" 2832
"E:/Unreal Projects/LeagueJourney/Content/Characters/Mannequins/Rigs/Poses/Quinn/Quinn_lowerarm_l_anim.uexp" 2833
"E:/Unreal Projects/LeagueJourney/Content/Characters/Mannequins/Rigs/Poses/Quinn/Quinn_lowerarm_l_pose.uasset" 2834
"E:/Unreal Projects/LeagueJourney/Content/Characters/Mannequins/Rigs/Poses/Quinn/Quinn_lowerarm_l_pose.uexp" 2835
"E:/Unreal Projects/LeagueJourney/Content/Characters/Mannequins/Rigs/Poses/Quinn/Quinn_calf_l_anim.uasset" 2836
"E:/Unreal Projects/LeagueJourney/Content/Characters/Mannequins/Rigs/Poses/Quinn/Quinn_calf_l_anim.uexp" 2837
"E:/Unreal Projects/LeagueJourney/Content/Characters/Mannequins/Rigs/Poses/Quinn/Quinn_calf_l_pose.uasset" 2838
"E:/Unreal Projects/LeagueJourney/Content/Characters/Mannequins/Rigs/Poses/Quinn/Quinn_calf_l_pose.uexp" 2839
"E:/Unreal Projects/LeagueJourney/Content/Characters/Mannequins/Rigs/Poses/Quinn/Quinn_upperarm_r_anim.uasset" 2840
"E:/Unreal Projects/LeagueJourney/Content/Characters/Mannequins/Rigs/Poses/Quinn/Quinn_upperarm_r_anim.uexp" 2841
"E:/Unreal Projects/LeagueJourney/Content/Characters/Mannequins/Rigs/Poses/Quinn/Quinn_upperarm_r_pose.uasset" 2842
"E:/Unreal Projects/LeagueJourney/Content/Characters/Mannequins/Rigs/Poses/Quinn/Quinn_upperarm_r_pose.uexp" 2843
"E:/Unreal Projects/LeagueJourney/Content/Characters/Mannequins/Rigs/Poses/Quinn/Quinn_calf_r_anim.uasset" 2844
"E:/Unreal Projects/LeagueJourney/Content/Characters/Mannequins/Rigs/Poses/Quinn/Quinn_calf_r_anim.uexp" 2845
"E:/Unreal Projects/LeagueJourney/Content/Characters/Mannequins/Rigs/Poses/Quinn/Quinn_calf_r_pose.uasset" 2846
"E:/Unreal Projects/LeagueJourney/Content/Characters/Mannequins/Rigs/Poses/Quinn/Quinn_calf_r_pose.uexp" 2847
"E:/Unreal Projects/LeagueJourney/Content/Characters/Mannequins/Rigs/Poses/Quinn/Quinn_foot_r_anim.uasset" 2848
"E:/Unreal Projects/LeagueJourney/Content/Characters/Mannequins/Rigs/Poses/Quinn/Quinn_foot_r_anim.uexp" 2849
"E:/Unreal Projects/LeagueJourney/Content/Characters/Mannequins/Rigs/Poses/Quinn/Quinn_foot_r_pose.uasset" 2850
"E:/Unreal Projects/LeagueJourney/Content/Characters/Mannequins/Rigs/Poses/Quinn/Quinn_foot_r_pose.uexp" 2851
"E:/Unreal Projects/LeagueJourney/Content/Characters/Mannequins/Rigs/Poses/Quinn/Quinn_lowerarm_r_anim.uasset" 2852
"E:/Unreal Projects/LeagueJourney/Content/Characters/Mannequins/Rigs/Poses/Quinn/Quinn_lowerarm_r_anim.uexp" 2853
"E:/Unreal Projects/LeagueJourney/Content/Characters/Mannequins/Rigs/Poses/Quinn/Quinn_lowerarm_r_pose.uasset" 2854
"E:/Unreal Projects/LeagueJourney/Content/Characters/Mannequins/Rigs/Poses/Quinn/Quinn_lowerarm_r_pose.uexp" 2855
"E:/Unreal Projects/LeagueJourney/Content/Characters/Mannequins/Rigs/Poses/Quinn/Quinn_thigh_l_anim.uasset" 2856
"E:/Unreal Projects/LeagueJourney/Content/Characters/Mannequins/Rigs/Poses/Quinn/Quinn_thigh_l_anim.uexp" 2857
"E:/Unreal Projects/LeagueJourney/Content/Characters/Mannequins/Rigs/Poses/Quinn/Quinn_thigh_l_pose.uasset" 2858
"E:/Unreal Projects/LeagueJourney/Content/Characters/Mannequins/Rigs/Poses/Quinn/Quinn_thigh_l_pose.uexp" 2859
"E:/Unreal Projects/LeagueJourney/Content/Characters/Mannequins/Rigs/Poses/Quinn/Quinn_thigh_r_anim.uasset" 2860
"E:/Unreal Projects/LeagueJourney/Content/Characters/Mannequins/Rigs/Poses/Quinn/Quinn_thigh_r_anim.uexp" 2861
"E:/Unreal Projects/LeagueJourney/Content/Characters/Mannequins/Rigs/Poses/Quinn/Quinn_thigh_r_pose.uasset" 2862
"E:/Unreal Projects/LeagueJourney/Content/Characters/Mannequins/Rigs/Poses/Quinn/Quinn_thigh_r_pose.uexp" 2863
"E:/Unreal Projects/LeagueJourney/Content/Characters/Mannequins/Rigs/Poses/Quinn/Quinn_hand_l_anim.uasset" 2864
"E:/Unreal Projects/LeagueJourney/Content/Characters/Mannequins/Rigs/Poses/Quinn/Quinn_hand_l_anim.uexp" 2865
"E:/Unreal Projects/LeagueJourney/Content/Characters/Mannequins/Rigs/Poses/Quinn/Quinn_hand_l_pose.uasset" 2866
"E:/Unreal Projects/LeagueJourney/Content/Characters/Mannequins/Rigs/Poses/Quinn/Quinn_hand_l_pose.uexp" 2867
"E:/Unreal Projects/LeagueJourney/Content/Characters/Mannequins/Rigs/Poses/Quinn/Quinn_hand_r_anim.uasset" 2868
"E:/Unreal Projects/LeagueJourney/Content/Characters/Mannequins/Rigs/Poses/Quinn/Quinn_hand_r_anim.uexp" 2869
"E:/Unreal Projects/LeagueJourney/Content/Characters/Mannequins/Rigs/Poses/Quinn/Quinn_hand_r_pose.uasset" 2870
"E:/Unreal Projects/LeagueJourney/Content/Characters/Mannequins/Rigs/Poses/Quinn/Quinn_hand_r_pose.uexp" 2871
"E:/Unreal Projects/LeagueJourney/Content/Characters/Mannequins/Rigs/ABP_Quinn_PostProcess.uasset" 2872
"E:/Unreal Projects/LeagueJourney/Content/Characters/Mannequins/Rigs/ABP_Quinn_PostProcess.uexp" 2873
"E:/Unreal Projects/LeagueJourney/Content/Characters/Mannequins/Meshes/SKM_Quinn.uasset" 2874
"E:/Unreal Projects/LeagueJourney/Content/Characters/Mannequins/Meshes/SKM_Quinn.uexp" 2875
"E:/Unreal Projects/LeagueJourney/Content/Characters/Mannequins/Meshes/Mannequin_LODSettings.uasset" 2876
"E:/Unreal Projects/LeagueJourney/Content/Characters/Mannequins/Meshes/Mannequin_LODSettings.uexp" 2877
"E:/Unreal Projects/LeagueJourney/Content/Characters/Mannequins/Animations/Manny/MM_T_Pose.uasset" 2878
"E:/Unreal Projects/LeagueJourney/Content/Characters/Mannequins/Animations/Manny/MM_T_Pose.uexp" 2879
"E:/Unreal Projects/LeagueJourney/Content/Camera/CamShake.uasset" 2880
"E:/Unreal Projects/LeagueJourney/Content/Camera/CamShake.uexp" 2881
"E:/Unreal Projects/LeagueJourney/Content/Blueprints/TargetPoint_Blueprint.uasset" 2882
"E:/Unreal Projects/LeagueJourney/Content/Blueprints/TargetPoint_Blueprint.uexp" 2883
"E:/Unreal Projects/LeagueJourney/Content/Blueprints/SpawnPoint.uasset" 2884
"E:/Unreal Projects/LeagueJourney/Content/Blueprints/SpawnPoint.uexp" 2885
"../../../Engine/Plugins/FX/Niagara/Content/Enums/Transforms/ENiagara_MeshOrientationOptions.uasset" 2886
"../../../Engine/Plugins/FX/Niagara/Content/Enums/Transforms/ENiagara_MeshOrientationOptions.uexp" 2887
"../../../Engine/Plugins/FX/Niagara/Content/Enums/ENiagaraMeshTransforms.uasset" 2888
"../../../Engine/Plugins/FX/Niagara/Content/Enums/ENiagaraMeshTransforms.uexp" 2889
"../../../Engine/Plugins/FX/Niagara/Content/DefaultAssets/M_Gnomon_Alpha.uasset" 2890
"../../../Engine/Plugins/FX/Niagara/Content/DefaultAssets/M_Gnomon_Alpha.uexp" 2891
"../../../Engine/Plugins/FX/Niagara/Content/Enums/Utility/ENiagara_UpdateMeshOrientationMode.uasset" 2892
"../../../Engine/Plugins/FX/Niagara/Content/Enums/Utility/ENiagara_UpdateMeshOrientationMode.uexp" 2893
"../../../Engine/Plugins/FX/Niagara/Content/DefaultAssets/M_Gnomon.uasset" 2894
"../../../Engine/Plugins/FX/Niagara/Content/DefaultAssets/M_Gnomon.uexp" 2895
"../../../Engine/Plugins/FX/Niagara/Content/DefaultAssets/S_Gnomon.ubulk" 2896
"../../../Engine/Plugins/FX/Niagara/Content/DefaultAssets/S_Gnomon.uasset" 2897
"../../../Engine/Plugins/FX/Niagara/Content/DefaultAssets/S_Gnomon.uexp" 2898
"../../../Engine/Plugins/FX/Niagara/Content/Enums/Utility/ENiagara_OrientVectorCount.uasset" 2899
"../../../Engine/Plugins/FX/Niagara/Content/Enums/Utility/ENiagara_OrientVectorCount.uexp" 2900
"E:/Unreal Projects/LeagueJourney/Content/StarterContent/Props/SM_Chair.ubulk" 2901
"E:/Unreal Projects/LeagueJourney/Content/StarterContent/Props/SM_Chair.uasset" 2902
"E:/Unreal Projects/LeagueJourney/Content/StarterContent/Props/SM_Chair.uexp" 2903
"E:/Unreal Projects/LeagueJourney/Content/Blueprints/NewNiagaraSystem.uasset" 2904
"E:/Unreal Projects/LeagueJourney/Content/Blueprints/NewNiagaraSystem.uexp" 2905
"E:/Unreal Projects/LeagueJourney/Content/Blueprints/FootballMode.uasset" 2906
"E:/Unreal Projects/LeagueJourney/Content/Blueprints/FootballMode.uexp" 2907
"E:/Unreal Projects/LeagueJourney/Content/Blueprints/DrawMatchStats.uasset" 2908
"E:/Unreal Projects/LeagueJourney/Content/Blueprints/DrawMatchStats.uexp" 2909
"../../../Engine/Plugins/FX/Niagara/Content/Enums/ENiagaraSocketSamplingMode.uasset" 2910
"../../../Engine/Plugins/FX/Niagara/Content/Enums/ENiagaraSocketSamplingMode.uexp" 2911
"../../../Engine/Plugins/FX/Niagara/Content/Enums/ENiagaraVertexSamplingMode.uasset" 2912
"../../../Engine/Plugins/FX/Niagara/Content/Enums/ENiagaraVertexSamplingMode.uexp" 2913
"../../../Engine/Plugins/FX/Niagara/Content/DefaultAssets/DefaultSpriteMaterial.uasset" 2914
"../../../Engine/Plugins/FX/Niagara/Content/DefaultAssets/DefaultSpriteMaterial.uexp" 2915
"../../../Engine/Plugins/FX/Niagara/Content/Enums/ENiagaraBoneSocketSamplingMode.uasset" 2916
"../../../Engine/Plugins/FX/Niagara/Content/Enums/ENiagaraBoneSocketSamplingMode.uexp" 2917
"../../../Engine/Plugins/FX/Niagara/Content/Enums/ENiagaraTriangleSamplingMode.uasset" 2918
"../../../Engine/Plugins/FX/Niagara/Content/Enums/ENiagaraTriangleSamplingMode.uexp" 2919
"../../../Engine/Plugins/FX/Niagara/Content/Enums/ENiagaraSkelSamplingModeFull.uasset" 2920
"../../../Engine/Plugins/FX/Niagara/Content/Enums/ENiagaraSkelSamplingModeFull.uexp" 2921
"../../../Engine/Plugins/FX/Niagara/Content/Enums/ENiagaraBoneSamplingMode.uasset" 2922
"../../../Engine/Plugins/FX/Niagara/Content/Enums/ENiagaraBoneSamplingMode.uexp" 2923
"E:/Unreal Projects/LeagueJourney/Content/Blueprints/Crowd.uasset" 2924
"E:/Unreal Projects/LeagueJourney/Content/Blueprints/Crowd.uexp" 2925
"E:/Unreal Projects/LeagueJourney/Content/GameModes/MyMatchState.uasset" 2926
"E:/Unreal Projects/LeagueJourney/Content/GameModes/MyMatchState.uexp" 2927
"E:/Unreal Projects/LeagueJourney/Content/UserInteface/DuringMatch/UMG_WhilePlaying.uasset" 2928
"E:/Unreal Projects/LeagueJourney/Content/UserInteface/DuringMatch/UMG_WhilePlaying.uexp" 2929
"E:/Unreal Projects/LeagueJourney/Content/Blueprints/CommonMatchSettings.uasset" 2930
"E:/Unreal Projects/LeagueJourney/Content/Blueprints/CommonMatchSettings.uexp" 2931
"E:/Unreal Projects/LeagueJourney/Content/Blueprints/BP_Crowd.uasset" 2932
"E:/Unreal Projects/LeagueJourney/Content/Blueprints/BP_Crowd.uexp" 2933
"E:/Unreal Projects/LeagueJourney/Content/Blueprints/BallDetector.uasset" 2934
"E:/Unreal Projects/LeagueJourney/Content/Blueprints/BallDetector.uexp" 2935
"../../../Engine/Plugins/Runtime/MeshModelingToolset/Content/Materials/M_DynamicMeshComponentVtxColor.uasset" 2936
"../../../Engine/Plugins/Runtime/MeshModelingToolset/Content/Materials/M_DynamicMeshComponentVtxColor.uexp" 2937
"../../../Engine/Plugins/Interchange/Runtime/Content/Pipelines/DefaultTexturePipeline.uasset" 2938
"../../../Engine/Plugins/Interchange/Runtime/Content/Pipelines/DefaultTexturePipeline.uexp" 2939
"../../../Engine/Plugins/Interchange/Runtime/Content/Pipelines/DefaultSceneLevelPipeline.uasset" 2940
"../../../Engine/Plugins/Interchange/Runtime/Content/Pipelines/DefaultSceneLevelPipeline.uexp" 2941
"../../../Engine/Plugins/Interchange/Runtime/Content/Pipelines/DefaultSceneAssetsPipeline.uasset" 2942
"../../../Engine/Plugins/Interchange/Runtime/Content/Pipelines/DefaultSceneAssetsPipeline.uexp" 2943
"../../../Engine/Plugins/Interchange/Runtime/Content/Pipelines/DefaultMaterialPipeline.uasset" 2944
"../../../Engine/Plugins/Interchange/Runtime/Content/Pipelines/DefaultMaterialPipeline.uexp" 2945
"../../../Engine/Plugins/Interchange/Runtime/Content/Pipelines/DefaultAssetsPipeline.uasset" 2946
"../../../Engine/Plugins/Interchange/Runtime/Content/Pipelines/DefaultAssetsPipeline.uexp" 2947
"../../../Engine/Plugins/Interchange/Runtime/Content/Materials/UnlitMaterial.uasset" 2948
"../../../Engine/Plugins/Interchange/Runtime/Content/Materials/UnlitMaterial.uexp" 2949
"../../../Engine/Plugins/Interchange/Runtime/Content/Materials/ThinTranslucentMaterial.uasset" 2950
"../../../Engine/Plugins/Interchange/Runtime/Content/Materials/ThinTranslucentMaterial.uexp" 2951
"../../../Engine/Plugins/Interchange/Runtime/Content/Materials/SubsurfaceMaterial.uasset" 2952
"../../../Engine/Plugins/Interchange/Runtime/Content/Materials/SubsurfaceMaterial.uexp" 2953
"../../../Engine/Plugins/Interchange/Runtime/Content/Materials/SheenMaterial.uasset" 2954
"../../../Engine/Plugins/Interchange/Runtime/Content/Materials/SheenMaterial.uexp" 2955
"../../../Engine/Content/Functions/Engine_MaterialFunctions01/Shading/ConvertFromDiffSpec.uasset" 2956
"../../../Engine/Content/Functions/Engine_MaterialFunctions01/Shading/ConvertFromDiffSpec.uexp" 2957
"../../../Engine/Plugins/Interchange/Runtime/Content/Materials/PhongSurfaceMaterial.uasset" 2958
"../../../Engine/Plugins/Interchange/Runtime/Content/Materials/PhongSurfaceMaterial.uexp" 2959
"../../../Engine/Plugins/Interchange/Runtime/Content/Materials/PBRSurfaceMaterial.uasset" 2960
"../../../Engine/Plugins/Interchange/Runtime/Content/Materials/PBRSurfaceMaterial.uexp" 2961
"../../../Engine/Content/EngineMaterials/FlatNormal.uasset" 2962
"../../../Engine/Content/EngineMaterials/FlatNormal.uexp" 2963
"../../../Engine/Content/EditorLandscapeResources/WhiteSquareTexture.uasset" 2964
"../../../Engine/Content/EditorLandscapeResources/WhiteSquareTexture.uexp" 2965
"../../../Engine/Plugins/Interchange/Runtime/Content/Materials/OrenNayerMaterial.uasset" 2966
"../../../Engine/Plugins/Interchange/Runtime/Content/Materials/OrenNayerMaterial.uexp" 2967
"../../../Engine/Content/Maps/Entry_BuiltData.uasset" 2968
"../../../Engine/Content/Maps/Entry_BuiltData.uexp" 2969
"../../../Engine/Content/Maps/Entry.uexp" 2970
"../../../Engine/Content/Maps/Entry.umap" 2971
"../../../Engine/Content/Maps/Templates/HLODs/HLODLayer_Instanced.uasset" 2972
"../../../Engine/Content/Maps/Templates/HLODs/HLODLayer_Instanced.uexp" 2973
"E:/Unreal Projects/LeagueJourney/Content/ThirdPerson/Input/Actions/IA_Jump.uasset" 2974
"E:/Unreal Projects/LeagueJourney/Content/ThirdPerson/Input/Actions/IA_Jump.uexp" 2975
"E:/Unreal Projects/LeagueJourney/Content/ThirdPerson/Input/Actions/IA_Look.uasset" 2976
"E:/Unreal Projects/LeagueJourney/Content/ThirdPerson/Input/Actions/IA_Look.uexp" 2977
"E:/Unreal Projects/LeagueJourney/Content/ThirdPerson/Input/Actions/IA_Move.uasset" 2978
"E:/Unreal Projects/LeagueJourney/Content/ThirdPerson/Input/Actions/IA_Move.uexp" 2979
"E:/Unreal Projects/LeagueJourney/Content/ThirdPerson/Input/IMC_Default.uasset" 2980
"E:/Unreal Projects/LeagueJourney/Content/ThirdPerson/Input/IMC_Default.uexp" 2981
"E:/Unreal Projects/LeagueJourney/Content/Characters/Mannequins/Animations/Quinn/MF_Run_Fwd.uasset" 2982
"E:/Unreal Projects/LeagueJourney/Content/Characters/Mannequins/Animations/Quinn/MF_Run_Fwd.uexp" 2983
"E:/Unreal Projects/LeagueJourney/Content/Characters/Mannequins/Animations/Quinn/MF_Walk_Fwd.uasset" 2984
"E:/Unreal Projects/LeagueJourney/Content/Characters/Mannequins/Animations/Quinn/MF_Walk_Fwd.uexp" 2985
"E:/Unreal Projects/LeagueJourney/Content/Characters/Mannequins/Animations/Manny/MM_Walk_InPlace.uasset" 2986
"E:/Unreal Projects/LeagueJourney/Content/Characters/Mannequins/Animations/Manny/MM_Walk_InPlace.uexp" 2987
"E:/Unreal Projects/LeagueJourney/Content/Characters/Mannequins/Animations/Quinn/BS_MF_Unarmed_WalkRun.uasset" 2988
"E:/Unreal Projects/LeagueJourney/Content/Characters/Mannequins/Animations/Quinn/BS_MF_Unarmed_WalkRun.uexp" 2989
"E:/Unreal Projects/LeagueJourney/Content/Characters/Mannequins/Animations/Quinn/MF_Idle.uasset" 2990
"E:/Unreal Projects/LeagueJourney/Content/Characters/Mannequins/Animations/Quinn/MF_Idle.uexp" 2991
"E:/Unreal Projects/LeagueJourney/Content/Characters/Mannequins/Animations/Manny/MM_Fall_Loop.uasset" 2992
"E:/Unreal Projects/LeagueJourney/Content/Characters/Mannequins/Animations/Manny/MM_Fall_Loop.uexp" 2993
"E:/Unreal Projects/LeagueJourney/Content/Characters/Mannequins/Animations/Manny/MM_Jump.uasset" 2994
"E:/Unreal Projects/LeagueJourney/Content/Characters/Mannequins/Animations/Manny/MM_Jump.uexp" 2995
"E:/Unreal Projects/LeagueJourney/Content/Characters/Mannequins/Rigs/CR_Mannequin_BasicFootIK.uasset" 2996
"E:/Unreal Projects/LeagueJourney/Content/Characters/Mannequins/Rigs/CR_Mannequin_BasicFootIK.uexp" 2997
"E:/Unreal Projects/LeagueJourney/Content/Characters/Mannequins/Animations/Manny/MM_Run_Fwd.uasset" 2998
"E:/Unreal Projects/LeagueJourney/Content/Characters/Mannequins/Animations/Manny/MM_Run_Fwd.uexp" 2999
"E:/Unreal Projects/LeagueJourney/Content/Characters/Mannequins/Animations/Manny/MM_Walk_Fwd.uasset" 3000
"E:/Unreal Projects/LeagueJourney/Content/Characters/Mannequins/Animations/Manny/MM_Walk_Fwd.uexp" 3001
"E:/Unreal Projects/LeagueJourney/Content/Characters/Mannequins/Animations/Manny/BS_MM_WalkRun.uasset" 3002
"E:/Unreal Projects/LeagueJourney/Content/Characters/Mannequins/Animations/Manny/BS_MM_WalkRun.uexp" 3003
"E:/Unreal Projects/LeagueJourney/Content/Characters/Mannequins/Animations/Manny/MM_Land.uasset" 3004
"E:/Unreal Projects/LeagueJourney/Content/Characters/Mannequins/Animations/Manny/MM_Land.uexp" 3005
"E:/Unreal Projects/LeagueJourney/Content/Characters/Mannequins/Animations/Manny/MM_Idle.uasset" 3006
"E:/Unreal Projects/LeagueJourney/Content/Characters/Mannequins/Animations/Manny/MM_Idle.uexp" 3007
"E:/Unreal Projects/LeagueJourney/Content/Characters/Mannequins/Animations/ABP_Manny.uasset" 3008
"E:/Unreal Projects/LeagueJourney/Content/Characters/Mannequins/Animations/ABP_Manny.uexp" 3009
"E:/Unreal Projects/LeagueJourney/Content/Characters/Mannequins/Animations/ABP_Quinn.uasset" 3010
"E:/Unreal Projects/LeagueJourney/Content/Characters/Mannequins/Animations/ABP_Quinn.uexp" 3011
"E:/Unreal Projects/LeagueJourney/Content/ThirdPerson/Blueprints/BP_ThirdPersonCharacter.uasset" 3012
"E:/Unreal Projects/LeagueJourney/Content/ThirdPerson/Blueprints/BP_ThirdPersonCharacter.uexp" 3013
"E:/Unreal Projects/LeagueJourney/Content/ThirdPerson/Blueprints/BP_ThirdPersonGameMode.uasset" 3014
"E:/Unreal Projects/LeagueJourney/Content/ThirdPerson/Blueprints/BP_ThirdPersonGameMode.uexp" 3015
"E:/Unreal Projects/LeagueJourney/Content/ThirdPerson/Maps/ThirdPersonMap.uexp" 3016
"E:/Unreal Projects/LeagueJourney/Content/ThirdPerson/Maps/ThirdPersonMap.umap" 3017
"E:/Unreal Projects/LeagueJourney/Content/StarterContent/Textures/T_Frame_M.ubulk" 3018
"E:/Unreal Projects/LeagueJourney/Content/StarterContent/Textures/T_Frame_M.uasset" 3019
"E:/Unreal Projects/LeagueJourney/Content/StarterContent/Textures/T_Frame_M.uexp" 3020
"E:/Unreal Projects/LeagueJourney/Content/StarterContent/Textures/T_Frame_N.ubulk" 3021
"E:/Unreal Projects/LeagueJourney/Content/StarterContent/Textures/T_Frame_N.uasset" 3022
"E:/Unreal Projects/LeagueJourney/Content/StarterContent/Textures/T_Frame_N.uexp" 3023
"E:/Unreal Projects/LeagueJourney/Content/StarterContent/Props/Materials/M_Frame.uasset" 3024
"E:/Unreal Projects/LeagueJourney/Content/StarterContent/Props/Materials/M_Frame.uexp" 3025
"E:/Unreal Projects/LeagueJourney/Content/StarterContent/Props/SM_DoorFrame.ubulk" 3026
"E:/Unreal Projects/LeagueJourney/Content/StarterContent/Props/SM_DoorFrame.uasset" 3027
"E:/Unreal Projects/LeagueJourney/Content/StarterContent/Props/SM_DoorFrame.uexp" 3028
"E:/Unreal Projects/LeagueJourney/Content/StarterContent/Materials/M_Metal_Brushed_Nickel.uasset" 3029
"E:/Unreal Projects/LeagueJourney/Content/StarterContent/Materials/M_Metal_Brushed_Nickel.uexp" 3030
"E:/Unreal Projects/LeagueJourney/Content/StarterContent/Textures/T_Lamp_N.ubulk" 3031
"E:/Unreal Projects/LeagueJourney/Content/StarterContent/Textures/T_Lamp_N.uasset" 3032
"E:/Unreal Projects/LeagueJourney/Content/StarterContent/Textures/T_Lamp_N.uexp" 3033
"E:/Unreal Projects/LeagueJourney/Content/StarterContent/Textures/T_Lamp_M.ubulk" 3034
"E:/Unreal Projects/LeagueJourney/Content/StarterContent/Textures/T_Lamp_M.uasset" 3035
"E:/Unreal Projects/LeagueJourney/Content/StarterContent/Textures/T_Lamp_M.uexp" 3036
"E:/Unreal Projects/LeagueJourney/Content/StarterContent/Props/Materials/M_Lamp.uasset" 3037
"E:/Unreal Projects/LeagueJourney/Content/StarterContent/Props/Materials/M_Lamp.uexp" 3038
"E:/Unreal Projects/LeagueJourney/Content/StarterContent/Props/SM_Lamp_Ceiling.ubulk" 3039
"E:/Unreal Projects/LeagueJourney/Content/StarterContent/Props/SM_Lamp_Ceiling.uasset" 3040
"E:/Unreal Projects/LeagueJourney/Content/StarterContent/Props/SM_Lamp_Ceiling.uexp" 3041
"E:/Unreal Projects/LeagueJourney/Content/StarterContent/Blueprints/Blueprint_CeilingLight.uasset" 3042
"E:/Unreal Projects/LeagueJourney/Content/StarterContent/Blueprints/Blueprint_CeilingLight.uexp" 3043
"../../../Engine/Content/Functions/Engine_MaterialFunctions03/Procedurals/ComputeFilterWidth.uasset" 3044
"../../../Engine/Content/Functions/Engine_MaterialFunctions03/Procedurals/ComputeFilterWidth.uexp" 3045
"../../../Engine/Content/EngineMaterials/AntiAliasedTextMaterialTranslucent.uasset" 3046
"../../../Engine/Content/EngineMaterials/AntiAliasedTextMaterialTranslucent.uexp" 3047
"E:/Unreal Projects/LeagueJourney/Content/StarterContent/Architecture/Wall_Door_400x300.ubulk" 3048
"E:/Unreal Projects/LeagueJourney/Content/StarterContent/Architecture/Wall_Door_400x300.uasset" 3049
"E:/Unreal Projects/LeagueJourney/Content/StarterContent/Architecture/Wall_Door_400x300.uexp" 3050
"E:/Unreal Projects/LeagueJourney/Content/StarterContent/Textures/T_Wood_Pine_D.ubulk" 3051
"E:/Unreal Projects/LeagueJourney/Content/StarterContent/Textures/T_Wood_Pine_D.uasset" 3052
"E:/Unreal Projects/LeagueJourney/Content/StarterContent/Textures/T_Wood_Pine_D.uexp" 3053
"E:/Unreal Projects/LeagueJourney/Content/StarterContent/Textures/T_Wood_Pine_N.ubulk" 3054
"E:/Unreal Projects/LeagueJourney/Content/StarterContent/Textures/T_Wood_Pine_N.uasset" 3055
"E:/Unreal Projects/LeagueJourney/Content/StarterContent/Textures/T_Wood_Pine_N.uexp" 3056
"E:/Unreal Projects/LeagueJourney/Content/StarterContent/Textures/T_Perlin_Noise_M.ubulk" 3057
"E:/Unreal Projects/LeagueJourney/Content/StarterContent/Textures/T_Perlin_Noise_M.uasset" 3058
"E:/Unreal Projects/LeagueJourney/Content/StarterContent/Textures/T_Perlin_Noise_M.uexp" 3059
"E:/Unreal Projects/LeagueJourney/Content/StarterContent/Materials/M_Wood_Pine.uasset" 3060
"E:/Unreal Projects/LeagueJourney/Content/StarterContent/Materials/M_Wood_Pine.uexp" 3061
"E:/Unreal Projects/LeagueJourney/Content/StarterContent/Textures/T_Rock_Smooth_Granite_D.ubulk" 3062
"E:/Unreal Projects/LeagueJourney/Content/StarterContent/Textures/T_Rock_Smooth_Granite_D.uasset" 3063
"E:/Unreal Projects/LeagueJourney/Content/StarterContent/Textures/T_Rock_Smooth_Granite_D.uexp" 3064
"E:/Unreal Projects/LeagueJourney/Content/StarterContent/Textures/T_CobbleStone_Smooth_D.ubulk" 3065
"E:/Unreal Projects/LeagueJourney/Content/StarterContent/Textures/T_CobbleStone_Smooth_D.uasset" 3066
"E:/Unreal Projects/LeagueJourney/Content/StarterContent/Textures/T_CobbleStone_Smooth_D.uexp" 3067
"E:/Unreal Projects/LeagueJourney/Content/StarterContent/Textures/T_Gradinet_01.ubulk" 3068
"E:/Unreal Projects/LeagueJourney/Content/StarterContent/Textures/T_Gradinet_01.uasset" 3069
"E:/Unreal Projects/LeagueJourney/Content/StarterContent/Textures/T_Gradinet_01.uexp" 3070
"E:/Unreal Projects/LeagueJourney/Content/StarterContent/Textures/T_CobbleStone_Smooth_M.ubulk" 3071
"E:/Unreal Projects/LeagueJourney/Content/StarterContent/Textures/T_CobbleStone_Smooth_M.uasset" 3072
"E:/Unreal Projects/LeagueJourney/Content/StarterContent/Textures/T_CobbleStone_Smooth_M.uexp" 3073
"E:/Unreal Projects/LeagueJourney/Content/StarterContent/Textures/T_CobbleStone_Smooth_N.ubulk" 3074
"E:/Unreal Projects/LeagueJourney/Content/StarterContent/Textures/T_CobbleStone_Smooth_N.uasset" 3075
"E:/Unreal Projects/LeagueJourney/Content/StarterContent/Textures/T_CobbleStone_Smooth_N.uexp" 3076
"E:/Unreal Projects/LeagueJourney/Content/StarterContent/Materials/M_CobbleStone_Smooth.uasset" 3077
"E:/Unreal Projects/LeagueJourney/Content/StarterContent/Materials/M_CobbleStone_Smooth.uexp" 3078
"E:/Unreal Projects/LeagueJourney/Content/StarterContent/Textures/T_Rock_Basalt_N.ubulk" 3079
"E:/Unreal Projects/LeagueJourney/Content/StarterContent/Textures/T_Rock_Basalt_N.uasset" 3080
"E:/Unreal Projects/LeagueJourney/Content/StarterContent/Textures/T_Rock_Basalt_N.uexp" 3081
"E:/Unreal Projects/LeagueJourney/Content/StarterContent/Materials/M_Rock_Basalt.uasset" 3082
"E:/Unreal Projects/LeagueJourney/Content/StarterContent/Materials/M_Rock_Basalt.uexp" 3083
"E:/Unreal Projects/LeagueJourney/Content/StarterContent/Shapes/Shape_Cube.ubulk" 3084
"E:/Unreal Projects/LeagueJourney/Content/StarterContent/Shapes/Shape_Cube.uasset" 3085
"E:/Unreal Projects/LeagueJourney/Content/StarterContent/Shapes/Shape_Cube.uexp" 3086
"E:/Unreal Projects/LeagueJourney/Content/StarterContent/Textures/T_Concrete_Tiles_Variation_M.ubulk" 3087
"E:/Unreal Projects/LeagueJourney/Content/StarterContent/Textures/T_Concrete_Tiles_Variation_M.uasset" 3088
"E:/Unreal Projects/LeagueJourney/Content/StarterContent/Textures/T_Concrete_Tiles_Variation_M.uexp" 3089
"E:/Unreal Projects/LeagueJourney/Content/StarterContent/Textures/T_Concrete_Tiles_D.ubulk" 3090
"E:/Unreal Projects/LeagueJourney/Content/StarterContent/Textures/T_Concrete_Tiles_D.uasset" 3091
"E:/Unreal Projects/LeagueJourney/Content/StarterContent/Textures/T_Concrete_Tiles_D.uexp" 3092
"E:/Unreal Projects/LeagueJourney/Content/StarterContent/Textures/T_Concrete_Tiles_M.ubulk" 3093
"E:/Unreal Projects/LeagueJourney/Content/StarterContent/Textures/T_Concrete_Tiles_M.uasset" 3094
"E:/Unreal Projects/LeagueJourney/Content/StarterContent/Textures/T_Concrete_Tiles_M.uexp" 3095
"E:/Unreal Projects/LeagueJourney/Content/StarterContent/Textures/T_Concrete_Tiles_N.ubulk" 3096
"E:/Unreal Projects/LeagueJourney/Content/StarterContent/Textures/T_Concrete_Tiles_N.uasset" 3097
"E:/Unreal Projects/LeagueJourney/Content/StarterContent/Textures/T_Concrete_Tiles_N.uexp" 3098
"E:/Unreal Projects/LeagueJourney/Content/StarterContent/Materials/M_Concrete_Tiles.uasset" 3099
"E:/Unreal Projects/LeagueJourney/Content/StarterContent/Materials/M_Concrete_Tiles.uexp" 3100
"E:/Unreal Projects/LeagueJourney/Content/StarterContent/Props/MaterialSphere.ubulk" 3101
"E:/Unreal Projects/LeagueJourney/Content/StarterContent/Props/MaterialSphere.uasset" 3102
"E:/Unreal Projects/LeagueJourney/Content/StarterContent/Props/MaterialSphere.uexp" 3103
"E:/Unreal Projects/LeagueJourney/Content/StarterContent/Textures/T_Metal_Rust_N.ubulk" 3104
"E:/Unreal Projects/LeagueJourney/Content/StarterContent/Textures/T_Metal_Rust_N.uasset" 3105
"E:/Unreal Projects/LeagueJourney/Content/StarterContent/Textures/T_Metal_Rust_N.uexp" 3106
"E:/Unreal Projects/LeagueJourney/Content/StarterContent/Textures/T_Metal_Rust_D.ubulk" 3107
"E:/Unreal Projects/LeagueJourney/Content/StarterContent/Textures/T_Metal_Rust_D.uasset" 3108
"E:/Unreal Projects/LeagueJourney/Content/StarterContent/Textures/T_Metal_Rust_D.uexp" 3109
"E:/Unreal Projects/LeagueJourney/Content/StarterContent/Materials/M_Metal_Rust.uasset" 3110
"E:/Unreal Projects/LeagueJourney/Content/StarterContent/Materials/M_Metal_Rust.uexp" 3111
"E:/Unreal Projects/LeagueJourney/Content/StarterContent/Textures/T_Rock_Slate_D.ubulk" 3112
"E:/Unreal Projects/LeagueJourney/Content/StarterContent/Textures/T_Rock_Slate_D.uasset" 3113
"E:/Unreal Projects/LeagueJourney/Content/StarterContent/Textures/T_Rock_Slate_D.uexp" 3114
"E:/Unreal Projects/LeagueJourney/Content/StarterContent/Textures/T_Rock_Slate_N.ubulk" 3115
"E:/Unreal Projects/LeagueJourney/Content/StarterContent/Textures/T_Rock_Slate_N.uasset" 3116
"E:/Unreal Projects/LeagueJourney/Content/StarterContent/Textures/T_Rock_Slate_N.uexp" 3117
"E:/Unreal Projects/LeagueJourney/Content/StarterContent/Materials/M_Rock_Slate.uasset" 3118
"E:/Unreal Projects/LeagueJourney/Content/StarterContent/Materials/M_Rock_Slate.uexp" 3119
"E:/Unreal Projects/LeagueJourney/Content/StarterContent/Textures/T_Concrete_Poured_D.ubulk" 3120
"E:/Unreal Projects/LeagueJourney/Content/StarterContent/Textures/T_Concrete_Poured_D.uasset" 3121
"E:/Unreal Projects/LeagueJourney/Content/StarterContent/Textures/T_Concrete_Poured_D.uexp" 3122
"E:/Unreal Projects/LeagueJourney/Content/StarterContent/Textures/T_Concrete_Poured_N.ubulk" 3123
"E:/Unreal Projects/LeagueJourney/Content/StarterContent/Textures/T_Concrete_Poured_N.uasset" 3124
"E:/Unreal Projects/LeagueJourney/Content/StarterContent/Textures/T_Concrete_Poured_N.uexp" 3125
"E:/Unreal Projects/LeagueJourney/Content/StarterContent/Materials/M_Concrete_Poured.uasset" 3126
"E:/Unreal Projects/LeagueJourney/Content/StarterContent/Materials/M_Concrete_Poured.uexp" 3127
"E:/Unreal Projects/LeagueJourney/Content/StarterContent/Textures/T_Brick_Clay_Beveled_M.ubulk" 3128
"E:/Unreal Projects/LeagueJourney/Content/StarterContent/Textures/T_Brick_Clay_Beveled_M.uasset" 3129
"E:/Unreal Projects/LeagueJourney/Content/StarterContent/Textures/T_Brick_Clay_Beveled_M.uexp" 3130
"E:/Unreal Projects/LeagueJourney/Content/StarterContent/Textures/T_Brick_Clay_Beveled_N.ubulk" 3131
"E:/Unreal Projects/LeagueJourney/Content/StarterContent/Textures/T_Brick_Clay_Beveled_N.uasset" 3132
"E:/Unreal Projects/LeagueJourney/Content/StarterContent/Textures/T_Brick_Clay_Beveled_N.uexp" 3133
"E:/Unreal Projects/LeagueJourney/Content/StarterContent/Textures/T_Brick_Clay_Beveled_D.ubulk" 3134
"E:/Unreal Projects/LeagueJourney/Content/StarterContent/Textures/T_Brick_Clay_Beveled_D.uasset" 3135
"E:/Unreal Projects/LeagueJourney/Content/StarterContent/Textures/T_Brick_Clay_Beveled_D.uexp" 3136
"E:/Unreal Projects/LeagueJourney/Content/StarterContent/Materials/M_Brick_Clay_Beveled.uasset" 3137
"E:/Unreal Projects/LeagueJourney/Content/StarterContent/Materials/M_Brick_Clay_Beveled.uexp" 3138
"E:/Unreal Projects/LeagueJourney/Content/StarterContent/Textures/T_Tech_Hex_Tile_M.ubulk" 3139
"E:/Unreal Projects/LeagueJourney/Content/StarterContent/Textures/T_Tech_Hex_Tile_M.uasset" 3140
"E:/Unreal Projects/LeagueJourney/Content/StarterContent/Textures/T_Tech_Hex_Tile_M.uexp" 3141
"E:/Unreal Projects/LeagueJourney/Content/StarterContent/Textures/T_Tech_Hex_Tile_N.ubulk" 3142
"E:/Unreal Projects/LeagueJourney/Content/StarterContent/Textures/T_Tech_Hex_Tile_N.uasset" 3143
"E:/Unreal Projects/LeagueJourney/Content/StarterContent/Textures/T_Tech_Hex_Tile_N.uexp" 3144
"E:/Unreal Projects/LeagueJourney/Content/StarterContent/Materials/M_Tech_Hex_Tile.uasset" 3145
"E:/Unreal Projects/LeagueJourney/Content/StarterContent/Materials/M_Tech_Hex_Tile.uexp" 3146
"../../../Engine/Content/Functions/Engine_MaterialFunctions01/Opacity/AlphaOffset.uasset" 3147
"../../../Engine/Content/Functions/Engine_MaterialFunctions01/Opacity/AlphaOffset.uexp" 3148
"E:/Unreal Projects/LeagueJourney/Content/StarterContent/Textures/T_Wood_Floor_Walnut_M.ubulk" 3149
"E:/Unreal Projects/LeagueJourney/Content/StarterContent/Textures/T_Wood_Floor_Walnut_M.uasset" 3150
"E:/Unreal Projects/LeagueJourney/Content/StarterContent/Textures/T_Wood_Floor_Walnut_M.uexp" 3151
"E:/Unreal Projects/LeagueJourney/Content/StarterContent/Textures/T_Wood_Floor_Walnut_D.ubulk" 3152
"E:/Unreal Projects/LeagueJourney/Content/StarterContent/Textures/T_Wood_Floor_Walnut_D.uasset" 3153
"E:/Unreal Projects/LeagueJourney/Content/StarterContent/Textures/T_Wood_Floor_Walnut_D.uexp" 3154
"E:/Unreal Projects/LeagueJourney/Content/StarterContent/Textures/T_Wood_Floor_Walnut_N.ubulk" 3155
"E:/Unreal Projects/LeagueJourney/Content/StarterContent/Textures/T_Wood_Floor_Walnut_N.uasset" 3156
"E:/Unreal Projects/LeagueJourney/Content/StarterContent/Textures/T_Wood_Floor_Walnut_N.uexp" 3157
"E:/Unreal Projects/LeagueJourney/Content/StarterContent/Materials/M_Wood_Floor_Walnut_Worn.uasset" 3158
"E:/Unreal Projects/LeagueJourney/Content/StarterContent/Materials/M_Wood_Floor_Walnut_Worn.uexp" 3159
"E:/Unreal Projects/LeagueJourney/Content/StarterContent/Textures/T_Ground_Gravel_N.ubulk" 3160
"E:/Unreal Projects/LeagueJourney/Content/StarterContent/Textures/T_Ground_Gravel_N.uasset" 3161
"E:/Unreal Projects/LeagueJourney/Content/StarterContent/Textures/T_Ground_Gravel_N.uexp" 3162
"E:/Unreal Projects/LeagueJourney/Content/StarterContent/Textures/T_Ground_Gravel_D.ubulk" 3163
"E:/Unreal Projects/LeagueJourney/Content/StarterContent/Textures/T_Ground_Gravel_D.uasset" 3164
"E:/Unreal Projects/LeagueJourney/Content/StarterContent/Textures/T_Ground_Gravel_D.uexp" 3165
"E:/Unreal Projects/LeagueJourney/Content/StarterContent/Materials/M_Ground_Gravel.uasset" 3166
"E:/Unreal Projects/LeagueJourney/Content/StarterContent/Materials/M_Ground_Gravel.uexp" 3167
"E:/Unreal Projects/LeagueJourney/Content/StarterContent/Audio/Steam01_Cue.uasset" 3168
"E:/Unreal Projects/LeagueJourney/Content/StarterContent/Audio/Steam01_Cue.uexp" 3169
"E:/Unreal Projects/LeagueJourney/Content/StarterContent/Particles/P_Steam_Lit.uasset" 3170
"E:/Unreal Projects/LeagueJourney/Content/StarterContent/Particles/P_Steam_Lit.uexp" 3171
"E:/Unreal Projects/LeagueJourney/Content/StarterContent/Blueprints/Blueprint_Effect_Steam.uasset" 3172
"E:/Unreal Projects/LeagueJourney/Content/StarterContent/Blueprints/Blueprint_Effect_Steam.uexp" 3173
"../../../Engine/Content/EngineSky/T_Sky_Stars.ubulk" 3174
"../../../Engine/Content/EngineSky/T_Sky_Stars.uasset" 3175
"../../../Engine/Content/EngineSky/T_Sky_Stars.uexp" 3176
"../../../Engine/Content/EngineSky/T_Sky_Clouds_M.ubulk" 3177
"../../../Engine/Content/EngineSky/T_Sky_Clouds_M.uasset" 3178
"../../../Engine/Content/EngineSky/T_Sky_Clouds_M.uexp" 3179
"../../../Engine/Content/EngineSky/T_Sky_Blue.ubulk" 3180
"../../../Engine/Content/EngineSky/T_Sky_Blue.uasset" 3181
"../../../Engine/Content/EngineSky/T_Sky_Blue.uexp" 3182
"../../../Engine/Content/EngineSky/M_Sky_Panning_Clouds2.uasset" 3183
"../../../Engine/Content/EngineSky/M_Sky_Panning_Clouds2.uexp" 3184
"../../../Engine/Content/EngineSky/SM_SkySphere.ubulk" 3185
"../../../Engine/Content/EngineSky/SM_SkySphere.uasset" 3186
"../../../Engine/Content/EngineSky/SM_SkySphere.uexp" 3187
"E:/Unreal Projects/LeagueJourney/Content/StarterContent/Audio/Fire_Sparks01_Cue.uasset" 3188
"E:/Unreal Projects/LeagueJourney/Content/StarterContent/Audio/Fire_Sparks01_Cue.uexp" 3189
"E:/Unreal Projects/LeagueJourney/Content/StarterContent/Textures/T_Spark_Core.ubulk" 3190
"E:/Unreal Projects/LeagueJourney/Content/StarterContent/Textures/T_Spark_Core.uasset" 3191
"E:/Unreal Projects/LeagueJourney/Content/StarterContent/Textures/T_Spark_Core.uexp" 3192
"E:/Unreal Projects/LeagueJourney/Content/StarterContent/Particles/Materials/M_Spark.uasset" 3193
"E:/Unreal Projects/LeagueJourney/Content/StarterContent/Particles/Materials/M_Spark.uexp" 3194
"E:/Unreal Projects/LeagueJourney/Content/StarterContent/Particles/Materials/M_Radial_Gradient.uasset" 3195
"E:/Unreal Projects/LeagueJourney/Content/StarterContent/Particles/Materials/M_Radial_Gradient.uexp" 3196
"E:/Unreal Projects/LeagueJourney/Content/StarterContent/Particles/P_Sparks.uasset" 3197
"E:/Unreal Projects/LeagueJourney/Content/StarterContent/Particles/P_Sparks.uexp" 3198
"E:/Unreal Projects/LeagueJourney/Content/StarterContent/Blueprints/Blueprint_Effect_Sparks.uasset" 3199
"E:/Unreal Projects/LeagueJourney/Content/StarterContent/Blueprints/Blueprint_Effect_Sparks.uexp" 3200
"E:/Unreal Projects/LeagueJourney/Content/StarterContent/Textures/T_Water_N.ubulk" 3201
"E:/Unreal Projects/LeagueJourney/Content/StarterContent/Textures/T_Water_N.uasset" 3202
"E:/Unreal Projects/LeagueJourney/Content/StarterContent/Textures/T_Water_N.uexp" 3203
"E:/Unreal Projects/LeagueJourney/Content/StarterContent/Materials/M_Water_Lake.uasset" 3204
"E:/Unreal Projects/LeagueJourney/Content/StarterContent/Materials/M_Water_Lake.uexp" 3205
"E:/Unreal Projects/LeagueJourney/Content/StarterContent/Architecture/Wall_400x200.ubulk" 3206
"E:/Unreal Projects/LeagueJourney/Content/StarterContent/Architecture/Wall_400x200.uasset" 3207
"E:/Unreal Projects/LeagueJourney/Content/StarterContent/Architecture/Wall_400x200.uexp" 3208
"E:/Unreal Projects/LeagueJourney/Content/StarterContent/Textures/T_Checker_Noise_M.ubulk" 3209
"E:/Unreal Projects/LeagueJourney/Content/StarterContent/Textures/T_Checker_Noise_M.uasset" 3210
"E:/Unreal Projects/LeagueJourney/Content/StarterContent/Textures/T_Checker_Noise_M.uexp" 3211
"E:/Unreal Projects/LeagueJourney/Content/StarterContent/Textures/T_Tech_Dot_M.ubulk" 3212
"E:/Unreal Projects/LeagueJourney/Content/StarterContent/Textures/T_Tech_Dot_M.uasset" 3213
"E:/Unreal Projects/LeagueJourney/Content/StarterContent/Textures/T_Tech_Dot_M.uexp" 3214
"E:/Unreal Projects/LeagueJourney/Content/StarterContent/Textures/T_Tech_Dot_N.ubulk" 3215
"E:/Unreal Projects/LeagueJourney/Content/StarterContent/Textures/T_Tech_Dot_N.uasset" 3216
"E:/Unreal Projects/LeagueJourney/Content/StarterContent/Textures/T_Tech_Dot_N.uexp" 3217
"E:/Unreal Projects/LeagueJourney/Content/StarterContent/Textures/T_Single_Tile_N.ubulk" 3218
"E:/Unreal Projects/LeagueJourney/Content/StarterContent/Textures/T_Single_Tile_N.uasset" 3219
"E:/Unreal Projects/LeagueJourney/Content/StarterContent/Textures/T_Single_Tile_N.uexp" 3220
"E:/Unreal Projects/LeagueJourney/Content/StarterContent/Materials/M_Tech_Checker_Dot.uasset" 3221
"E:/Unreal Projects/LeagueJourney/Content/StarterContent/Materials/M_Tech_Checker_Dot.uexp" 3222
"E:/Unreal Projects/LeagueJourney/Content/StarterContent/Architecture/Floor_400x400.ubulk" 3223
"E:/Unreal Projects/LeagueJourney/Content/StarterContent/Architecture/Floor_400x400.uasset" 3224
"E:/Unreal Projects/LeagueJourney/Content/StarterContent/Architecture/Floor_400x400.uexp" 3225
"E:/Unreal Projects/LeagueJourney/Content/StarterContent/Props/SM_GlassWindow.ubulk" 3226
"E:/Unreal Projects/LeagueJourney/Content/StarterContent/Props/SM_GlassWindow.uasset" 3227
"E:/Unreal Projects/LeagueJourney/Content/StarterContent/Props/SM_GlassWindow.uexp" 3228
"E:/Unreal Projects/LeagueJourney/Content/StarterContent/Textures/T_Metal_Gold_N.ubulk" 3229
"E:/Unreal Projects/LeagueJourney/Content/StarterContent/Textures/T_Metal_Gold_N.uasset" 3230
"E:/Unreal Projects/LeagueJourney/Content/StarterContent/Textures/T_Metal_Gold_N.uexp" 3231
"E:/Unreal Projects/LeagueJourney/Content/StarterContent/Textures/T_Rock_Marble_Polished_D.ubulk" 3232
"E:/Unreal Projects/LeagueJourney/Content/StarterContent/Textures/T_Rock_Marble_Polished_D.uasset" 3233
"E:/Unreal Projects/LeagueJourney/Content/StarterContent/Textures/T_Rock_Marble_Polished_D.uexp" 3234
"E:/Unreal Projects/LeagueJourney/Content/StarterContent/Materials/M_Rock_Marble_Polished.uasset" 3235
"E:/Unreal Projects/LeagueJourney/Content/StarterContent/Materials/M_Rock_Marble_Polished.uexp" 3236
"E:/Unreal Projects/LeagueJourney/Content/StarterContent/Textures/T_Concrete_Grime_D.ubulk" 3237
"E:/Unreal Projects/LeagueJourney/Content/StarterContent/Textures/T_Concrete_Grime_D.uasset" 3238
"E:/Unreal Projects/LeagueJourney/Content/StarterContent/Textures/T_Concrete_Grime_D.uexp" 3239
"E:/Unreal Projects/LeagueJourney/Content/StarterContent/Materials/M_Concrete_Grime.uasset" 3240
"E:/Unreal Projects/LeagueJourney/Content/StarterContent/Materials/M_Concrete_Grime.uexp" 3241
"E:/Unreal Projects/LeagueJourney/Content/StarterContent/Textures/T_Ceramic_Tile_M.ubulk" 3242
"E:/Unreal Projects/LeagueJourney/Content/StarterContent/Textures/T_Ceramic_Tile_M.uasset" 3243
"E:/Unreal Projects/LeagueJourney/Content/StarterContent/Textures/T_Ceramic_Tile_M.uexp" 3244
"E:/Unreal Projects/LeagueJourney/Content/StarterContent/Textures/T_Ceramic_Tile_N.ubulk" 3245
"E:/Unreal Projects/LeagueJourney/Content/StarterContent/Textures/T_Ceramic_Tile_N.uasset" 3246
"E:/Unreal Projects/LeagueJourney/Content/StarterContent/Textures/T_Ceramic_Tile_N.uexp" 3247
"E:/Unreal Projects/LeagueJourney/Content/StarterContent/Materials/M_Ceramic_Tile_Checker.uasset" 3248
"E:/Unreal Projects/LeagueJourney/Content/StarterContent/Materials/M_Ceramic_Tile_Checker.uexp" 3249
"E:/Unreal Projects/LeagueJourney/Content/StarterContent/Textures/T_Rock_Sandstone_N.ubulk" 3250
"E:/Unreal Projects/LeagueJourney/Content/StarterContent/Textures/T_Rock_Sandstone_N.uasset" 3251
"E:/Unreal Projects/LeagueJourney/Content/StarterContent/Textures/T_Rock_Sandstone_N.uexp" 3252
"E:/Unreal Projects/LeagueJourney/Content/StarterContent/Textures/T_Rock_Sandstone_D.ubulk" 3253
"E:/Unreal Projects/LeagueJourney/Content/StarterContent/Textures/T_Rock_Sandstone_D.uasset" 3254
"E:/Unreal Projects/LeagueJourney/Content/StarterContent/Textures/T_Rock_Sandstone_D.uexp" 3255
"E:/Unreal Projects/LeagueJourney/Content/StarterContent/Materials/M_Rock_Sandstone.uasset" 3256
"E:/Unreal Projects/LeagueJourney/Content/StarterContent/Materials/M_Rock_Sandstone.uexp" 3257
"E:/Unreal Projects/LeagueJourney/Content/StarterContent/Textures/T_Wood_Walnut_N.ubulk" 3258
"E:/Unreal Projects/LeagueJourney/Content/StarterContent/Textures/T_Wood_Walnut_N.uasset" 3259
"E:/Unreal Projects/LeagueJourney/Content/StarterContent/Textures/T_Wood_Walnut_N.uexp" 3260
"E:/Unreal Projects/LeagueJourney/Content/StarterContent/Textures/T_Wood_Walnut_D.ubulk" 3261
"E:/Unreal Projects/LeagueJourney/Content/StarterContent/Textures/T_Wood_Walnut_D.uasset" 3262
"E:/Unreal Projects/LeagueJourney/Content/StarterContent/Textures/T_Wood_Walnut_D.uexp" 3263
"E:/Unreal Projects/LeagueJourney/Content/StarterContent/Materials/M_Wood_Walnut.uasset" 3264
"E:/Unreal Projects/LeagueJourney/Content/StarterContent/Materials/M_Wood_Walnut.uexp" 3265
"E:/Unreal Projects/LeagueJourney/Content/StarterContent/Audio/Collapse_Cue.uasset" 3266
"E:/Unreal Projects/LeagueJourney/Content/StarterContent/Audio/Collapse_Cue.uexp" 3267
"E:/Unreal Projects/LeagueJourney/Content/StarterContent/Textures/T_Brick_Cut_Stone_N.ubulk" 3268
"E:/Unreal Projects/LeagueJourney/Content/StarterContent/Textures/T_Brick_Cut_Stone_N.uasset" 3269
"E:/Unreal Projects/LeagueJourney/Content/StarterContent/Textures/T_Brick_Cut_Stone_N.uexp" 3270
"E:/Unreal Projects/LeagueJourney/Content/StarterContent/Textures/T_Brick_Cut_Stone_D.ubulk" 3271
"E:/Unreal Projects/LeagueJourney/Content/StarterContent/Textures/T_Brick_Cut_Stone_D.uasset" 3272
"E:/Unreal Projects/LeagueJourney/Content/StarterContent/Textures/T_Brick_Cut_Stone_D.uexp" 3273
"E:/Unreal Projects/LeagueJourney/Content/StarterContent/Materials/M_Brick_Cut_Stone.uasset" 3274
"E:/Unreal Projects/LeagueJourney/Content/StarterContent/Materials/M_Brick_Cut_Stone.uexp" 3275
"E:/Unreal Projects/LeagueJourney/Content/StarterContent/Textures/T_Dust_Particle_D.ubulk" 3276
"E:/Unreal Projects/LeagueJourney/Content/StarterContent/Textures/T_Dust_Particle_D.uasset" 3277
"E:/Unreal Projects/LeagueJourney/Content/StarterContent/Textures/T_Dust_Particle_D.uexp" 3278
"E:/Unreal Projects/LeagueJourney/Content/StarterContent/Particles/Materials/M_Dust_Particle.uasset" 3279
"E:/Unreal Projects/LeagueJourney/Content/StarterContent/Particles/Materials/M_Dust_Particle.uexp" 3280
"E:/Unreal Projects/LeagueJourney/Content/StarterContent/Particles/P_Ambient_Dust.uasset" 3281
"E:/Unreal Projects/LeagueJourney/Content/StarterContent/Particles/P_Ambient_Dust.uexp" 3282
"E:/Unreal Projects/LeagueJourney/Content/StarterContent/Props/SM_WindowFrame.ubulk" 3283
"E:/Unreal Projects/LeagueJourney/Content/StarterContent/Props/SM_WindowFrame.uasset" 3284
"E:/Unreal Projects/LeagueJourney/Content/StarterContent/Props/SM_WindowFrame.uexp" 3285
"E:/Unreal Projects/LeagueJourney/Content/StarterContent/Textures/T_Metal_Copper_D.ubulk" 3286
"E:/Unreal Projects/LeagueJourney/Content/StarterContent/Textures/T_Metal_Copper_D.uasset" 3287
"E:/Unreal Projects/LeagueJourney/Content/StarterContent/Textures/T_Metal_Copper_D.uexp" 3288
"E:/Unreal Projects/LeagueJourney/Content/StarterContent/Materials/M_Metal_Copper.uasset" 3289
"E:/Unreal Projects/LeagueJourney/Content/StarterContent/Materials/M_Metal_Copper.uexp" 3290
"E:/Unreal Projects/LeagueJourney/Content/StarterContent/Textures/T_Water_M.ubulk" 3291
"E:/Unreal Projects/LeagueJourney/Content/StarterContent/Textures/T_Water_M.uasset" 3292
"E:/Unreal Projects/LeagueJourney/Content/StarterContent/Textures/T_Water_M.uexp" 3293
"E:/Unreal Projects/LeagueJourney/Content/StarterContent/Materials/M_Water_Ocean.uasset" 3294
"E:/Unreal Projects/LeagueJourney/Content/StarterContent/Materials/M_Water_Ocean.uexp" 3295
"E:/Unreal Projects/LeagueJourney/Content/StarterContent/Textures/T_CobbleStone_Pebble_N.ubulk" 3296
"E:/Unreal Projects/LeagueJourney/Content/StarterContent/Textures/T_CobbleStone_Pebble_N.uasset" 3297
"E:/Unreal Projects/LeagueJourney/Content/StarterContent/Textures/T_CobbleStone_Pebble_N.uexp" 3298
"E:/Unreal Projects/LeagueJourney/Content/StarterContent/Textures/T_CobbleStone_Pebble_M.ubulk" 3299
"E:/Unreal Projects/LeagueJourney/Content/StarterContent/Textures/T_CobbleStone_Pebble_M.uasset" 3300
"E:/Unreal Projects/LeagueJourney/Content/StarterContent/Textures/T_CobbleStone_Pebble_M.uexp" 3301
"E:/Unreal Projects/LeagueJourney/Content/StarterContent/Textures/T_CobbleStone_Pebble_D.ubulk" 3302
"E:/Unreal Projects/LeagueJourney/Content/StarterContent/Textures/T_CobbleStone_Pebble_D.uasset" 3303
"E:/Unreal Projects/LeagueJourney/Content/StarterContent/Textures/T_CobbleStone_Pebble_D.uexp" 3304
"E:/Unreal Projects/LeagueJourney/Content/StarterContent/Materials/M_CobbleStone_Pebble.uasset" 3305
"E:/Unreal Projects/LeagueJourney/Content/StarterContent/Materials/M_CobbleStone_Pebble.uexp" 3306
"E:/Unreal Projects/LeagueJourney/Content/StarterContent/Textures/T_Brick_Clay_Old_N.ubulk" 3307
"E:/Unreal Projects/LeagueJourney/Content/StarterContent/Textures/T_Brick_Clay_Old_N.uasset" 3308
"E:/Unreal Projects/LeagueJourney/Content/StarterContent/Textures/T_Brick_Clay_Old_N.uexp" 3309
"E:/Unreal Projects/LeagueJourney/Content/StarterContent/Textures/T_Brick_Clay_Old_D.ubulk" 3310
"E:/Unreal Projects/LeagueJourney/Content/StarterContent/Textures/T_Brick_Clay_Old_D.uasset" 3311
"E:/Unreal Projects/LeagueJourney/Content/StarterContent/Textures/T_Brick_Clay_Old_D.uexp" 3312
"E:/Unreal Projects/LeagueJourney/Content/StarterContent/Materials/M_Brick_Clay_Old.uasset" 3313
"E:/Unreal Projects/LeagueJourney/Content/StarterContent/Materials/M_Brick_Clay_Old.uexp" 3314
"E:/Unreal Projects/LeagueJourney/Content/StarterContent/Textures/T_Metal_Steel_D.ubulk" 3315
"E:/Unreal Projects/LeagueJourney/Content/StarterContent/Textures/T_Metal_Steel_D.uasset" 3316
"E:/Unreal Projects/LeagueJourney/Content/StarterContent/Textures/T_Metal_Steel_D.uexp" 3317
"E:/Unreal Projects/LeagueJourney/Content/StarterContent/Textures/T_Metal_Steel_N.ubulk" 3318
"E:/Unreal Projects/LeagueJourney/Content/StarterContent/Textures/T_Metal_Steel_N.uasset" 3319
"E:/Unreal Projects/LeagueJourney/Content/StarterContent/Textures/T_Metal_Steel_N.uexp" 3320
"E:/Unreal Projects/LeagueJourney/Content/StarterContent/Materials/M_Metal_Steel.uasset" 3321
"E:/Unreal Projects/LeagueJourney/Content/StarterContent/Materials/M_Metal_Steel.uexp" 3322
"E:/Unreal Projects/LeagueJourney/Content/StarterContent/Materials/M_Wood_Floor_Walnut_Polished.uasset" 3323
"E:/Unreal Projects/LeagueJourney/Content/StarterContent/Materials/M_Wood_Floor_Walnut_Polished.uexp" 3324
"E:/Unreal Projects/LeagueJourney/Content/StarterContent/Props/SM_Lamp_Wall.ubulk" 3325
"E:/Unreal Projects/LeagueJourney/Content/StarterContent/Props/SM_Lamp_Wall.uasset" 3326
"E:/Unreal Projects/LeagueJourney/Content/StarterContent/Props/SM_Lamp_Wall.uexp" 3327
"E:/Unreal Projects/LeagueJourney/Content/StarterContent/Blueprints/Blueprint_WallSconce.uasset" 3328
"E:/Unreal Projects/LeagueJourney/Content/StarterContent/Blueprints/Blueprint_WallSconce.uexp" 3329
"E:/Unreal Projects/LeagueJourney/Content/StarterContent/Textures/T_Tech_Panel_N.ubulk" 3330
"E:/Unreal Projects/LeagueJourney/Content/StarterContent/Textures/T_Tech_Panel_N.uasset" 3331
"E:/Unreal Projects/LeagueJourney/Content/StarterContent/Textures/T_Tech_Panel_N.uexp" 3332
"E:/Unreal Projects/LeagueJourney/Content/StarterContent/Textures/T_Tech_Panel_M.ubulk" 3333
"E:/Unreal Projects/LeagueJourney/Content/StarterContent/Textures/T_Tech_Panel_M.uasset" 3334
"E:/Unreal Projects/LeagueJourney/Content/StarterContent/Textures/T_Tech_Panel_M.uexp" 3335
"E:/Unreal Projects/LeagueJourney/Content/StarterContent/Materials/M_Tech_Panel.uasset" 3336
"E:/Unreal Projects/LeagueJourney/Content/StarterContent/Materials/M_Tech_Panel.uexp" 3337
"E:/Unreal Projects/LeagueJourney/Content/StarterContent/Materials/M_Tech_Hex_Tile_Pulse.uasset" 3338
"E:/Unreal Projects/LeagueJourney/Content/StarterContent/Materials/M_Tech_Hex_Tile_Pulse.uexp" 3339
"E:/Unreal Projects/LeagueJourney/Content/StarterContent/Props/SM_PillarFrame.ubulk" 3340
"E:/Unreal Projects/LeagueJourney/Content/StarterContent/Props/SM_PillarFrame.uasset" 3341
"E:/Unreal Projects/LeagueJourney/Content/StarterContent/Props/SM_PillarFrame.uexp" 3342
"E:/Unreal Projects/LeagueJourney/Content/StarterContent/Textures/T_TableRound_N.ubulk" 3343
"E:/Unreal Projects/LeagueJourney/Content/StarterContent/Textures/T_TableRound_N.uasset" 3344
"E:/Unreal Projects/LeagueJourney/Content/StarterContent/Textures/T_TableRound_N.uexp" 3345
"E:/Unreal Projects/LeagueJourney/Content/StarterContent/Textures/T_TableRound_M.ubulk" 3346
"E:/Unreal Projects/LeagueJourney/Content/StarterContent/Textures/T_TableRound_M.uasset" 3347
"E:/Unreal Projects/LeagueJourney/Content/StarterContent/Textures/T_TableRound_M.uexp" 3348
"E:/Unreal Projects/LeagueJourney/Content/StarterContent/Props/Materials/M_TableRound.uasset" 3349
"E:/Unreal Projects/LeagueJourney/Content/StarterContent/Props/Materials/M_TableRound.uexp" 3350
"E:/Unreal Projects/LeagueJourney/Content/StarterContent/Props/SM_TableRound.ubulk" 3351
"E:/Unreal Projects/LeagueJourney/Content/StarterContent/Props/SM_TableRound.uasset" 3352
"E:/Unreal Projects/LeagueJourney/Content/StarterContent/Props/SM_TableRound.uexp" 3353
"E:/Unreal Projects/LeagueJourney/Content/StarterContent/Textures/T_Fire_Tiled_D.ubulk" 3354
"E:/Unreal Projects/LeagueJourney/Content/StarterContent/Textures/T_Fire_Tiled_D.uasset" 3355
"E:/Unreal Projects/LeagueJourney/Content/StarterContent/Textures/T_Fire_Tiled_D.uexp" 3356
"E:/Unreal Projects/LeagueJourney/Content/StarterContent/Textures/T_Fire_SubUV.ubulk" 3357
"E:/Unreal Projects/LeagueJourney/Content/StarterContent/Textures/T_Fire_SubUV.uasset" 3358
"E:/Unreal Projects/LeagueJourney/Content/StarterContent/Textures/T_Fire_SubUV.uexp" 3359
"E:/Unreal Projects/LeagueJourney/Content/StarterContent/Particles/Materials/M_Fire_SubUV.uasset" 3360
"E:/Unreal Projects/LeagueJourney/Content/StarterContent/Particles/Materials/M_Fire_SubUV.uexp" 3361
"E:/Unreal Projects/LeagueJourney/Content/StarterContent/Particles/Materials/M_Heat_Distortion.uasset" 3362
"E:/Unreal Projects/LeagueJourney/Content/StarterContent/Particles/Materials/M_Heat_Distortion.uexp" 3363
"E:/Unreal Projects/LeagueJourney/Content/StarterContent/Particles/P_Fire.uasset" 3364
"E:/Unreal Projects/LeagueJourney/Content/StarterContent/Particles/P_Fire.uexp" 3365
"E:/Unreal Projects/LeagueJourney/Content/StarterContent/Audio/Fire01_Cue.uasset" 3366
"E:/Unreal Projects/LeagueJourney/Content/StarterContent/Audio/Fire01_Cue.uexp" 3367
"E:/Unreal Projects/LeagueJourney/Content/StarterContent/Blueprints/Blueprint_Effect_Fire.uasset" 3368
"E:/Unreal Projects/LeagueJourney/Content/StarterContent/Blueprints/Blueprint_Effect_Fire.uexp" 3369
"E:/Unreal Projects/LeagueJourney/Content/StarterContent/Textures/T_Wood_Oak_N.ubulk" 3370
"E:/Unreal Projects/LeagueJourney/Content/StarterContent/Textures/T_Wood_Oak_N.uasset" 3371
"E:/Unreal Projects/LeagueJourney/Content/StarterContent/Textures/T_Wood_Oak_N.uexp" 3372
"E:/Unreal Projects/LeagueJourney/Content/StarterContent/Textures/T_Wood_Oak_D.ubulk" 3373
"E:/Unreal Projects/LeagueJourney/Content/StarterContent/Textures/T_Wood_Oak_D.uasset" 3374
"E:/Unreal Projects/LeagueJourney/Content/StarterContent/Textures/T_Wood_Oak_D.uexp" 3375
"E:/Unreal Projects/LeagueJourney/Content/StarterContent/Materials/M_Wood_Oak.uasset" 3376
"E:/Unreal Projects/LeagueJourney/Content/StarterContent/Materials/M_Wood_Oak.uexp" 3377
"E:/Unreal Projects/LeagueJourney/Content/StarterContent/Architecture/Wall_Window_400x300.ubulk" 3378
"E:/Unreal Projects/LeagueJourney/Content/StarterContent/Architecture/Wall_Window_400x300.uasset" 3379
"E:/Unreal Projects/LeagueJourney/Content/StarterContent/Architecture/Wall_Window_400x300.uexp" 3380
"E:/Unreal Projects/LeagueJourney/Content/StarterContent/Textures/T_Brick_Hewn_Stone_N.ubulk" 3381
"E:/Unreal Projects/LeagueJourney/Content/StarterContent/Textures/T_Brick_Hewn_Stone_N.uasset" 3382
"E:/Unreal Projects/LeagueJourney/Content/StarterContent/Textures/T_Brick_Hewn_Stone_N.uexp" 3383
"E:/Unreal Projects/LeagueJourney/Content/StarterContent/Textures/T_Brick_Hewn_Stone_D.ubulk" 3384
"E:/Unreal Projects/LeagueJourney/Content/StarterContent/Textures/T_Brick_Hewn_Stone_D.uasset" 3385
"E:/Unreal Projects/LeagueJourney/Content/StarterContent/Textures/T_Brick_Hewn_Stone_D.uexp" 3386
"E:/Unreal Projects/LeagueJourney/Content/StarterContent/Textures/T_Brick_Hewn_Stone_M.ubulk" 3387
"E:/Unreal Projects/LeagueJourney/Content/StarterContent/Textures/T_Brick_Hewn_Stone_M.uasset" 3388
"E:/Unreal Projects/LeagueJourney/Content/StarterContent/Textures/T_Brick_Hewn_Stone_M.uexp" 3389
"E:/Unreal Projects/LeagueJourney/Content/StarterContent/Materials/M_Brick_Hewn_Stone.uasset" 3390
"E:/Unreal Projects/LeagueJourney/Content/StarterContent/Materials/M_Brick_Hewn_Stone.uexp" 3391
"E:/Unreal Projects/LeagueJourney/Content/StarterContent/Audio/Smoke01_Cue.uasset" 3392
"E:/Unreal Projects/LeagueJourney/Content/StarterContent/Audio/Smoke01_Cue.uexp" 3393
"E:/Unreal Projects/LeagueJourney/Content/StarterContent/Particles/P_Smoke.uasset" 3394
"E:/Unreal Projects/LeagueJourney/Content/StarterContent/Particles/P_Smoke.uexp" 3395
"E:/Unreal Projects/LeagueJourney/Content/StarterContent/Blueprints/Blueprint_Effect_Smoke.uasset" 3396
"E:/Unreal Projects/LeagueJourney/Content/StarterContent/Blueprints/Blueprint_Effect_Smoke.uexp" 3397
"E:/Unreal Projects/LeagueJourney/Content/StarterContent/Textures/T_CobbleStone_Rough_N.ubulk" 3398
"E:/Unreal Projects/LeagueJourney/Content/StarterContent/Textures/T_CobbleStone_Rough_N.uasset" 3399
"E:/Unreal Projects/LeagueJourney/Content/StarterContent/Textures/T_CobbleStone_Rough_N.uexp" 3400
"E:/Unreal Projects/LeagueJourney/Content/StarterContent/Textures/T_CobbleStone_Rough_D.ubulk" 3401
"E:/Unreal Projects/LeagueJourney/Content/StarterContent/Textures/T_CobbleStone_Rough_D.uasset" 3402
"E:/Unreal Projects/LeagueJourney/Content/StarterContent/Textures/T_CobbleStone_Rough_D.uexp" 3403
"E:/Unreal Projects/LeagueJourney/Content/StarterContent/Materials/M_CobbleStone_Rough.uasset" 3404
"E:/Unreal Projects/LeagueJourney/Content/StarterContent/Materials/M_CobbleStone_Rough.uexp" 3405
"E:/Unreal Projects/LeagueJourney/Content/StarterContent/Textures/T_Statue_M.ubulk" 3406
"E:/Unreal Projects/LeagueJourney/Content/StarterContent/Textures/T_Statue_M.uasset" 3407
"E:/Unreal Projects/LeagueJourney/Content/StarterContent/Textures/T_Statue_M.uexp" 3408
"E:/Unreal Projects/LeagueJourney/Content/StarterContent/Textures/T_Statue_N.ubulk" 3409
"E:/Unreal Projects/LeagueJourney/Content/StarterContent/Textures/T_Statue_N.uasset" 3410
"E:/Unreal Projects/LeagueJourney/Content/StarterContent/Textures/T_Statue_N.uexp" 3411
"E:/Unreal Projects/LeagueJourney/Content/StarterContent/Props/Materials/M_Statue.uasset" 3412
"E:/Unreal Projects/LeagueJourney/Content/StarterContent/Props/Materials/M_Statue.uexp" 3413
"E:/Unreal Projects/LeagueJourney/Content/StarterContent/Props/Materials/M_StatueGlass.uasset" 3414
"E:/Unreal Projects/LeagueJourney/Content/StarterContent/Props/Materials/M_StatueGlass.uexp" 3415
"E:/Unreal Projects/LeagueJourney/Content/StarterContent/Props/SM_Statue.ubulk" 3416
"E:/Unreal Projects/LeagueJourney/Content/StarterContent/Props/SM_Statue.uasset" 3417
"E:/Unreal Projects/LeagueJourney/Content/StarterContent/Props/SM_Statue.uexp" 3418
"E:/Unreal Projects/LeagueJourney/Content/StarterContent/Textures/T_ground_Moss_D.ubulk" 3419
"E:/Unreal Projects/LeagueJourney/Content/StarterContent/Textures/T_ground_Moss_D.uasset" 3420
"E:/Unreal Projects/LeagueJourney/Content/StarterContent/Textures/T_ground_Moss_D.uexp" 3421
"E:/Unreal Projects/LeagueJourney/Content/StarterContent/Textures/T_Ground_Moss_N.ubulk" 3422
"E:/Unreal Projects/LeagueJourney/Content/StarterContent/Textures/T_Ground_Moss_N.uasset" 3423
"E:/Unreal Projects/LeagueJourney/Content/StarterContent/Textures/T_Ground_Moss_N.uexp" 3424
"E:/Unreal Projects/LeagueJourney/Content/StarterContent/Materials/M_Ground_Moss.uasset" 3425
"E:/Unreal Projects/LeagueJourney/Content/StarterContent/Materials/M_Ground_Moss.uexp" 3426
"E:/Unreal Projects/LeagueJourney/Content/StarterContent/Props/SM_PillarFrame300.ubulk" 3427
"E:/Unreal Projects/LeagueJourney/Content/StarterContent/Props/SM_PillarFrame300.uasset" 3428
"E:/Unreal Projects/LeagueJourney/Content/StarterContent/Props/SM_PillarFrame300.uexp" 3429
"E:/Unreal Projects/LeagueJourney/Content/StarterContent/Materials/M_Metal_Chrome.uasset" 3430
"E:/Unreal Projects/LeagueJourney/Content/StarterContent/Materials/M_Metal_Chrome.uexp" 3431
"E:/Unreal Projects/LeagueJourney/Content/StarterContent/Textures/T_Metal_Gold_D.ubulk" 3432
"E:/Unreal Projects/LeagueJourney/Content/StarterContent/Textures/T_Metal_Gold_D.uasset" 3433
"E:/Unreal Projects/LeagueJourney/Content/StarterContent/Textures/T_Metal_Gold_D.uexp" 3434
"E:/Unreal Projects/LeagueJourney/Content/StarterContent/Materials/M_Metal_Gold.uasset" 3435
"E:/Unreal Projects/LeagueJourney/Content/StarterContent/Materials/M_Metal_Gold.uexp" 3436
"E:/Unreal Projects/LeagueJourney/Content/StarterContent/Textures/T_Ground_Grass_N.ubulk" 3437
"E:/Unreal Projects/LeagueJourney/Content/StarterContent/Textures/T_Ground_Grass_N.uasset" 3438
"E:/Unreal Projects/LeagueJourney/Content/StarterContent/Textures/T_Ground_Grass_N.uexp" 3439
"E:/Unreal Projects/LeagueJourney/Content/StarterContent/Materials/M_Ground_Grass.uasset" 3440
"E:/Unreal Projects/LeagueJourney/Content/StarterContent/Materials/M_Ground_Grass.uexp" 3441
"E:/Unreal Projects/LeagueJourney/Content/StarterContent/Audio/Starter_Background_Cue.uasset" 3442
"E:/Unreal Projects/LeagueJourney/Content/StarterContent/Audio/Starter_Background_Cue.uexp" 3443
"E:/Unreal Projects/LeagueJourney/Content/StarterContent/Maps/StarterMap_BuiltData.ubulk" 3444
"E:/Unreal Projects/LeagueJourney/Content/StarterContent/Maps/StarterMap_BuiltData.uasset" 3445
"E:/Unreal Projects/LeagueJourney/Content/StarterContent/Maps/StarterMap_BuiltData.uexp" 3446
"E:/Unreal Projects/LeagueJourney/Content/StarterContent/Props/SM_CornerFrame.ubulk" 3447
"E:/Unreal Projects/LeagueJourney/Content/StarterContent/Props/SM_CornerFrame.uasset" 3448
"E:/Unreal Projects/LeagueJourney/Content/StarterContent/Props/SM_CornerFrame.uexp" 3449
"E:/Unreal Projects/LeagueJourney/Content/StarterContent/Shapes/Shape_Sphere.ubulk" 3450
"E:/Unreal Projects/LeagueJourney/Content/StarterContent/Shapes/Shape_Sphere.uasset" 3451
"E:/Unreal Projects/LeagueJourney/Content/StarterContent/Shapes/Shape_Sphere.uexp" 3452
"E:/Unreal Projects/LeagueJourney/Content/StarterContent/Audio/Starter_Music_Cue.uasset" 3453
"E:/Unreal Projects/LeagueJourney/Content/StarterContent/Audio/Starter_Music_Cue.uexp" 3454
"../../../Engine/Content/EngineSky/M_SimpleSkyDome.uasset" 3455
"../../../Engine/Content/EngineSky/M_SimpleSkyDome.uexp" 3456
"E:/Unreal Projects/LeagueJourney/Content/StarterContent/Shapes/Shape_QuadPyramid.ubulk" 3457
"E:/Unreal Projects/LeagueJourney/Content/StarterContent/Shapes/Shape_QuadPyramid.uasset" 3458
"E:/Unreal Projects/LeagueJourney/Content/StarterContent/Shapes/Shape_QuadPyramid.uexp" 3459
"E:/Unreal Projects/LeagueJourney/Content/StarterContent/Textures/T_Brick_Clay_New_D.ubulk" 3460
"E:/Unreal Projects/LeagueJourney/Content/StarterContent/Textures/T_Brick_Clay_New_D.uasset" 3461
"E:/Unreal Projects/LeagueJourney/Content/StarterContent/Textures/T_Brick_Clay_New_D.uexp" 3462
"E:/Unreal Projects/LeagueJourney/Content/StarterContent/Textures/T_Brick_Clay_New_M.uasset" 3463
"E:/Unreal Projects/LeagueJourney/Content/StarterContent/Textures/T_Brick_Clay_New_M.uexp" 3464
"E:/Unreal Projects/LeagueJourney/Content/StarterContent/Textures/T_Brick_Clay_New_N.uasset" 3465
"E:/Unreal Projects/LeagueJourney/Content/StarterContent/Textures/T_Brick_Clay_New_N.uexp" 3466
"E:/Unreal Projects/LeagueJourney/Content/StarterContent/Materials/M_Brick_Clay_New.uasset" 3467
"E:/Unreal Projects/LeagueJourney/Content/StarterContent/Materials/M_Brick_Clay_New.uexp" 3468
"E:/Unreal Projects/LeagueJourney/Content/StarterContent/Textures/T_Metal_Aluminum_D.ubulk" 3469
"E:/Unreal Projects/LeagueJourney/Content/StarterContent/Textures/T_Metal_Aluminum_D.uasset" 3470
"E:/Unreal Projects/LeagueJourney/Content/StarterContent/Textures/T_Metal_Aluminum_D.uexp" 3471
"E:/Unreal Projects/LeagueJourney/Content/StarterContent/Materials/M_Metal_Burnished_Steel.uasset" 3472
"E:/Unreal Projects/LeagueJourney/Content/StarterContent/Materials/M_Metal_Burnished_Steel.uexp" 3473
"E:/Unreal Projects/LeagueJourney/Content/StarterContent/Textures/T_Concrete_Panels_D.ubulk" 3474
"E:/Unreal Projects/LeagueJourney/Content/StarterContent/Textures/T_Concrete_Panels_D.uasset" 3475
"E:/Unreal Projects/LeagueJourney/Content/StarterContent/Textures/T_Concrete_Panels_D.uexp" 3476
"E:/Unreal Projects/LeagueJourney/Content/StarterContent/Textures/T_Concrete_Panels_N.ubulk" 3477
"E:/Unreal Projects/LeagueJourney/Content/StarterContent/Textures/T_Concrete_Panels_N.uasset" 3478
"E:/Unreal Projects/LeagueJourney/Content/StarterContent/Textures/T_Concrete_Panels_N.uexp" 3479
"E:/Unreal Projects/LeagueJourney/Content/StarterContent/Materials/M_Concrete_Panels.uasset" 3480
"E:/Unreal Projects/LeagueJourney/Content/StarterContent/Materials/M_Concrete_Panels.uexp" 3481
"E:/Unreal Projects/LeagueJourney/Content/StarterContent/Maps/StarterMap.uexp" 3482
"E:/Unreal Projects/LeagueJourney/Content/StarterContent/Maps/StarterMap.umap" 3483
"E:/Unreal Projects/LeagueJourney/Content/StarterContent/Maps/Minimal_Default_BuiltData.ubulk" 3484
"E:/Unreal Projects/LeagueJourney/Content/StarterContent/Maps/Minimal_Default_BuiltData.uasset" 3485
"E:/Unreal Projects/LeagueJourney/Content/StarterContent/Maps/Minimal_Default_BuiltData.uexp" 3486
"E:/Unreal Projects/LeagueJourney/Content/StarterContent/Maps/Minimal_Default.uexp" 3487
"E:/Unreal Projects/LeagueJourney/Content/StarterContent/Maps/Minimal_Default.umap" 3488
"E:/Unreal Projects/LeagueJourney/Content/StarterContent/Maps/Advanced_Lighting_BuiltData.ubulk" 3489
"E:/Unreal Projects/LeagueJourney/Content/StarterContent/Maps/Advanced_Lighting_BuiltData.uasset" 3490
"E:/Unreal Projects/LeagueJourney/Content/StarterContent/Maps/Advanced_Lighting_BuiltData.uexp" 3491
"E:/Unreal Projects/LeagueJourney/Content/StarterContent/Materials/M_AssetPlatform.uasset" 3492
"E:/Unreal Projects/LeagueJourney/Content/StarterContent/Materials/M_AssetPlatform.uexp" 3493
"E:/Unreal Projects/LeagueJourney/Content/StarterContent/Architecture/SM_AssetPlatform.ubulk" 3494
"E:/Unreal Projects/LeagueJourney/Content/StarterContent/Architecture/SM_AssetPlatform.uasset" 3495
"E:/Unreal Projects/LeagueJourney/Content/StarterContent/Architecture/SM_AssetPlatform.uexp" 3496
"../../../Engine/Content/MapTemplates/Sky/DaylightAmbientCubemap.uasset" 3497
"../../../Engine/Content/MapTemplates/Sky/DaylightAmbientCubemap.uexp" 3498
"E:/Unreal Projects/LeagueJourney/Content/StarterContent/Blueprints/Assets/M_LightStage_Skybox_Master.uasset" 3499
"E:/Unreal Projects/LeagueJourney/Content/StarterContent/Blueprints/Assets/M_LightStage_Skybox_Master.uexp" 3500
"E:/Unreal Projects/LeagueJourney/Content/StarterContent/Blueprints/Assets/M_LightStage_Skybox_HDRI.uasset" 3501
"E:/Unreal Projects/LeagueJourney/Content/StarterContent/Blueprints/Assets/M_LightStage_Skybox_HDRI.uexp" 3502
"E:/Unreal Projects/LeagueJourney/Content/StarterContent/HDRI/HDRI_Epic_Courtyard_Daylight.uasset" 3503
"E:/Unreal Projects/LeagueJourney/Content/StarterContent/HDRI/HDRI_Epic_Courtyard_Daylight.uexp" 3504
"E:/Unreal Projects/LeagueJourney/Content/StarterContent/Blueprints/Assets/SunlightColorLUT.uasset" 3505
"E:/Unreal Projects/LeagueJourney/Content/StarterContent/Blueprints/Assets/SunlightColorLUT.uexp" 3506
"E:/Unreal Projects/LeagueJourney/Content/StarterContent/Blueprints/Assets/M_LightStage_Skybox_Black.uasset" 3507
"E:/Unreal Projects/LeagueJourney/Content/StarterContent/Blueprints/Assets/M_LightStage_Skybox_Black.uexp" 3508
"E:/Unreal Projects/LeagueJourney/Content/StarterContent/Blueprints/Assets/FogBrightnessLUT.uasset" 3509
"E:/Unreal Projects/LeagueJourney/Content/StarterContent/Blueprints/Assets/FogBrightnessLUT.uexp" 3510
"E:/Unreal Projects/LeagueJourney/Content/StarterContent/Blueprints/Assets/SM_Arrows.ubulk" 3511
"E:/Unreal Projects/LeagueJourney/Content/StarterContent/Blueprints/Assets/SM_Arrows.uasset" 3512
"E:/Unreal Projects/LeagueJourney/Content/StarterContent/Blueprints/Assets/SM_Arrows.uexp" 3513
"E:/Unreal Projects/LeagueJourney/Content/StarterContent/Blueprints/Assets/M_LightStage_Arrows.uasset" 3514
"E:/Unreal Projects/LeagueJourney/Content/StarterContent/Blueprints/Assets/M_LightStage_Arrows.uexp" 3515
"../../../Engine/Content/ArtTools/RenderToTexture/MaterialFunctions/CheckerPattern.uasset" 3516
"../../../Engine/Content/ArtTools/RenderToTexture/MaterialFunctions/CheckerPattern.uexp" 3517
"../../../Engine/Content/Functions/Engine_MaterialFunctions02/ScreenResolution.uasset" 3518
"../../../Engine/Content/Functions/Engine_MaterialFunctions02/ScreenResolution.uexp" 3519
"../../../Engine/Content/Functions/Engine_MaterialFunctions02/Texturing/ScreenAlignedUVs.uasset" 3520
"../../../Engine/Content/Functions/Engine_MaterialFunctions02/Texturing/ScreenAlignedUVs.uexp" 3521
"../../../Engine/Content/EditorMaterials/Thumbnails/SkySphereMaterial.uasset" 3522
"../../../Engine/Content/EditorMaterials/Thumbnails/SkySphereMaterial.uexp" 3523
"E:/Unreal Projects/LeagueJourney/Content/StarterContent/Blueprints/Assets/Skybox.ubulk" 3524
"E:/Unreal Projects/LeagueJourney/Content/StarterContent/Blueprints/Assets/Skybox.uasset" 3525
"E:/Unreal Projects/LeagueJourney/Content/StarterContent/Blueprints/Assets/Skybox.uexp" 3526
"E:/Unreal Projects/LeagueJourney/Content/StarterContent/Blueprints/BP_LightStudio.uasset" 3527
"E:/Unreal Projects/LeagueJourney/Content/StarterContent/Blueprints/BP_LightStudio.uexp" 3528
"../../../Engine/Content/EditorMeshes/ColorCalibrator/M_GreyBall.uasset" 3529
"../../../Engine/Content/EditorMeshes/ColorCalibrator/M_GreyBall.uexp" 3530
"../../../Engine/Content/EditorMeshes/ColorCalibrator/M_ClearCoat.uasset" 3531
"../../../Engine/Content/EditorMeshes/ColorCalibrator/M_ClearCoat.uexp" 3532
"../../../Engine/Content/EditorMeshes/ColorCalibrator/M_ChromeBall.uasset" 3533
"../../../Engine/Content/EditorMeshes/ColorCalibrator/M_ChromeBall.uexp" 3534
"../../../Engine/Content/EditorMeshes/ColorCalibrator/M_ClearCoatBlack.uasset" 3535
"../../../Engine/Content/EditorMeshes/ColorCalibrator/M_ClearCoatBlack.uexp" 3536
"../../../Engine/Content/EditorMeshes/ColorCalibrator/Color_checker.ubulk" 3537
"../../../Engine/Content/EditorMeshes/ColorCalibrator/Color_checker.uasset" 3538
"../../../Engine/Content/EditorMeshes/ColorCalibrator/Color_checker.uexp" 3539
"../../../Engine/Content/EditorMeshes/ColorCalibrator/M_ColorGrid.uasset" 3540
"../../../Engine/Content/EditorMeshes/ColorCalibrator/M_ColorGrid.uexp" 3541
"../../../Engine/Content/EditorMeshes/ColorCalibrator/SM_ColorCalibrator.ubulk" 3542
"../../../Engine/Content/EditorMeshes/ColorCalibrator/SM_ColorCalibrator.uasset" 3543
"../../../Engine/Content/EditorMeshes/ColorCalibrator/SM_ColorCalibrator.uexp" 3544
"E:/Unreal Projects/LeagueJourney/Content/StarterContent/Maps/Advanced_Lighting.uexp" 3545
"E:/Unreal Projects/LeagueJourney/Content/StarterContent/Maps/Advanced_Lighting.umap" 3546
"E:/Unreal Projects/LeagueJourney/Content/PM_Turf.uasset" 3547
"E:/Unreal Projects/LeagueJourney/Content/PM_Turf.uexp" 3548
"../../../Engine/Content/EngineSounds/Master.uasset" 3549
"../../../Engine/Content/EngineSounds/Master.uexp" 3550
"E:/Unreal Projects/LeagueJourney/Content/UserInteface/Menu/GlobalSound.uasset" 3551
"E:/Unreal Projects/LeagueJourney/Content/UserInteface/Menu/GlobalSound.uexp" 3552
"E:/Unreal Projects/LeagueJourney/Content/Levels/MainMenu_BuiltData.ubulk" 3553
"E:/Unreal Projects/LeagueJourney/Content/Levels/MainMenu_BuiltData.uasset" 3554
"E:/Unreal Projects/LeagueJourney/Content/Levels/MainMenu_BuiltData.uexp" 3555
"E:/Unreal Projects/LeagueJourney/Content/UserInteface/Menu/Input/GetCurrentController.uasset" 3556
"E:/Unreal Projects/LeagueJourney/Content/UserInteface/Menu/Input/GetCurrentController.uexp" 3557
"E:/Unreal Projects/LeagueJourney/Content/UserInteface/Menu/MenuController.uasset" 3558
"E:/Unreal Projects/LeagueJourney/Content/UserInteface/Menu/MenuController.uexp" 3559
"E:/Unreal Projects/LeagueJourney/Content/Blueprints/MenuMode.uasset" 3560
"E:/Unreal Projects/LeagueJourney/Content/Blueprints/MenuMode.uexp" 3561
"E:/Unreal Projects/LeagueJourney/Content/UserInteface/Menu/images/itchio-logo-white.uasset" 3562
"E:/Unreal Projects/LeagueJourney/Content/UserInteface/Menu/images/itchio-logo-white.uexp" 3563
"E:/Unreal Projects/LeagueJourney/Content/UserInteface/Menu/images/QuitUI.ubulk" 3564
"E:/Unreal Projects/LeagueJourney/Content/UserInteface/Menu/images/QuitUI.uasset" 3565
"E:/Unreal Projects/LeagueJourney/Content/UserInteface/Menu/images/QuitUI.uexp" 3566
"E:/Unreal Projects/LeagueJourney/Content/UserInteface/Menu/Input/COOPMappingContext.uasset" 3567
"E:/Unreal Projects/LeagueJourney/Content/UserInteface/Menu/Input/COOPMappingContext.uexp" 3568
"E:/Unreal Projects/LeagueJourney/Content/UserInteface/Menu/PlayScreen/UMGControllerSelector.uasset" 3569
"E:/Unreal Projects/LeagueJourney/Content/UserInteface/Menu/PlayScreen/UMGControllerSelector.uexp" 3570
"E:/Unreal Projects/LeagueJourney/Content/UserInteface/Menu/Window/UMGSettingScreen.uasset" 3571
"E:/Unreal Projects/LeagueJourney/Content/UserInteface/Menu/Window/UMGSettingScreen.uexp" 3572
"E:/Unreal Projects/LeagueJourney/Content/UserInteface/Menu/images/AealUI.uasset" 3573
"E:/Unreal Projects/LeagueJourney/Content/UserInteface/Menu/images/AealUI.uexp" 3574
"E:/Unreal Projects/LeagueJourney/Content/UserInteface/Menu/images/KickOffUI.ubulk" 3575
"E:/Unreal Projects/LeagueJourney/Content/UserInteface/Menu/images/KickOffUI.uasset" 3576
"E:/Unreal Projects/LeagueJourney/Content/UserInteface/Menu/images/KickOffUI.uexp" 3577
"E:/Unreal Projects/LeagueJourney/Content/UserInteface/Menu/PlayScreen/UMGMainMenu.uasset" 3578
"E:/Unreal Projects/LeagueJourney/Content/UserInteface/Menu/PlayScreen/UMGMainMenu.uexp" 3579
"E:/Unreal Projects/LeagueJourney/Content/Levels/MainMenu.uexp" 3580
"E:/Unreal Projects/LeagueJourney/Content/Levels/MainMenu.umap" 3581
"../../../Engine/Content/BasicShapes/Cube.ubulk" 3582
"../../../Engine/Content/BasicShapes/Cube.uasset" 3583
"../../../Engine/Content/BasicShapes/Cube.uexp" 3584
"E:/Unreal Projects/LeagueJourney/Content/Props/Stadiums/MCB/estruturas_vivenda_armazem.ubulk" 3585
"E:/Unreal Projects/LeagueJourney/Content/Props/Stadiums/MCB/estruturas_vivenda_armazem.uasset" 3586
"E:/Unreal Projects/LeagueJourney/Content/Props/Stadiums/MCB/estruturas_vivenda_armazem.uexp" 3587
"E:/Unreal Projects/LeagueJourney/Content/Props/Stadiums/MCB/estruturas_jovilucas_garagem.ubulk" 3588
"E:/Unreal Projects/LeagueJourney/Content/Props/Stadiums/MCB/estruturas_jovilucas_garagem.uasset" 3589
"E:/Unreal Projects/LeagueJourney/Content/Props/Stadiums/MCB/estruturas_jovilucas_garagem.uexp" 3590
"E:/Unreal Projects/LeagueJourney/Content/Props/Stadiums/MCB/estruturas_vivenda_casa.ubulk" 3591
"E:/Unreal Projects/LeagueJourney/Content/Props/Stadiums/MCB/estruturas_vivenda_casa.uasset" 3592
"E:/Unreal Projects/LeagueJourney/Content/Props/Stadiums/MCB/estruturas_vivenda_casa.uexp" 3593
"E:/Unreal Projects/LeagueJourney/Content/Props/Stadiums/MCB/estruturas_jovilucas_entrada.ubulk" 3594
"E:/Unreal Projects/LeagueJourney/Content/Props/Stadiums/MCB/estruturas_jovilucas_entrada.uasset" 3595
"E:/Unreal Projects/LeagueJourney/Content/Props/Stadiums/MCB/estruturas_jovilucas_entrada.uexp" 3596
"E:/Unreal Projects/LeagueJourney/Content/Props/Ads/Instances/wanks.uasset" 3597
"E:/Unreal Projects/LeagueJourney/Content/Props/Ads/Instances/wanks.uexp" 3598
"E:/Unreal Projects/LeagueJourney/Content/Props/Ads/Instances/wankssport.uasset" 3599
"E:/Unreal Projects/LeagueJourney/Content/Props/Ads/Instances/wankssport.uexp" 3600
"E:/Unreal Projects/LeagueJourney/Content/Props/Stadiums/MCB/estruturas_jovilucas_casa.ubulk" 3601
"E:/Unreal Projects/LeagueJourney/Content/Props/Stadiums/MCB/estruturas_jovilucas_casa.uasset" 3602
"E:/Unreal Projects/LeagueJourney/Content/Props/Stadiums/MCB/estruturas_jovilucas_casa.uexp" 3603
"E:/Unreal Projects/LeagueJourney/Content/Props/BP_Crowd.uasset" 3604
"E:/Unreal Projects/LeagueJourney/Content/Props/BP_Crowd.uexp" 3605
"E:/Unreal Projects/LeagueJourney/Content/Blueprints/PlayerIndicator.uasset" 3606
"E:/Unreal Projects/LeagueJourney/Content/Blueprints/PlayerIndicator.uexp" 3607
"E:/Unreal Projects/LeagueJourney/Content/Blueprints/BP_PlayerIndicator.uasset" 3608
"E:/Unreal Projects/LeagueJourney/Content/Blueprints/BP_PlayerIndicator.uexp" 3609
"E:/Unreal Projects/LeagueJourney/Content/Props/Environment/BigSpotlightOld_OldSpotLighrBig.ubulk" 3610
"E:/Unreal Projects/LeagueJourney/Content/Props/Environment/BigSpotlightOld_OldSpotLighrBig.uasset" 3611
"E:/Unreal Projects/LeagueJourney/Content/Props/Environment/BigSpotlightOld_OldSpotLighrBig.uexp" 3612
"E:/Unreal Projects/LeagueJourney/Content/Visual/Materials/M_Light.uasset" 3613
"E:/Unreal Projects/LeagueJourney/Content/Visual/Materials/M_Light.uexp" 3614
"E:/Unreal Projects/LeagueJourney/Content/Props/Environment/Sportlights/NewMaterialInstanceConstant.uasset" 3615
"E:/Unreal Projects/LeagueJourney/Content/Props/Environment/Sportlights/NewMaterialInstanceConstant.uexp" 3616
"E:/Unreal Projects/LeagueJourney/Content/Props/Environment/BigSpotlightOld_OldSpotLighrBigTop.ubulk" 3617
"E:/Unreal Projects/LeagueJourney/Content/Props/Environment/BigSpotlightOld_OldSpotLighrBigTop.uasset" 3618
"E:/Unreal Projects/LeagueJourney/Content/Props/Environment/BigSpotlightOld_OldSpotLighrBigTop.uexp" 3619
"E:/Unreal Projects/LeagueJourney/Content/Props/Environment/BP_BigSpotlightOld.uasset" 3620
"E:/Unreal Projects/LeagueJourney/Content/Props/Environment/BP_BigSpotlightOld.uexp" 3621
"E:/Unreal Projects/LeagueJourney/Content/Props/Stadiums/MCB/Materials/M_MCB_Road_Pavement.uasset" 3622
"E:/Unreal Projects/LeagueJourney/Content/Props/Stadiums/MCB/Materials/M_MCB_Road_Pavement.uexp" 3623
"E:/Unreal Projects/LeagueJourney/Content/Props/Ads/Instances/sikesports.uasset" 3624
"E:/Unreal Projects/LeagueJourney/Content/Props/Ads/Instances/sikesports.uexp" 3625
"E:/Unreal Projects/LeagueJourney/Content/Blueprints/BP_LightMultiplier.uasset" 3626
"E:/Unreal Projects/LeagueJourney/Content/Blueprints/BP_LightMultiplier.uexp" 3627
"E:/Unreal Projects/LeagueJourney/Content/Props/Ads/Models/otherstuff_Plane_001.ubulk" 3628
"E:/Unreal Projects/LeagueJourney/Content/Props/Ads/Models/otherstuff_Plane_001.uasset" 3629
"E:/Unreal Projects/LeagueJourney/Content/Props/Ads/Models/otherstuff_Plane_001.uexp" 3630
"E:/Unreal Projects/LeagueJourney/Content/Levels/fakebox.ubulk" 3631
"E:/Unreal Projects/LeagueJourney/Content/Levels/fakebox.uasset" 3632
"E:/Unreal Projects/LeagueJourney/Content/Levels/fakebox.uexp" 3633
"E:/Unreal Projects/LeagueJourney/Content/Props/SFX/463918__rosachoque__benfica-stadium.ubulk" 3634
"E:/Unreal Projects/LeagueJourney/Content/Props/SFX/463918__rosachoque__benfica-stadium.uasset" 3635
"E:/Unreal Projects/LeagueJourney/Content/Props/SFX/463918__rosachoque__benfica-stadium.uexp" 3636
"E:/Unreal Projects/LeagueJourney/Content/Visual/Textures/T_road_2K_Roughness.ubulk" 3637
"E:/Unreal Projects/LeagueJourney/Content/Visual/Textures/T_road_2K_Roughness.uasset" 3638
"E:/Unreal Projects/LeagueJourney/Content/Visual/Textures/T_road_2K_Roughness.uexp" 3639
"E:/Unreal Projects/LeagueJourney/Content/Visual/Textures/T_road_2K_Albedo.ubulk" 3640
"E:/Unreal Projects/LeagueJourney/Content/Visual/Textures/T_road_2K_Albedo.uasset" 3641
"E:/Unreal Projects/LeagueJourney/Content/Visual/Textures/T_road_2K_Albedo.uexp" 3642
"E:/Unreal Projects/LeagueJourney/Content/Visual/Textures/T_road_2K_AO.ubulk" 3643
"E:/Unreal Projects/LeagueJourney/Content/Visual/Textures/T_road_2K_AO.uasset" 3644
"E:/Unreal Projects/LeagueJourney/Content/Visual/Textures/T_road_2K_AO.uexp" 3645
"E:/Unreal Projects/LeagueJourney/Content/Visual/Textures/T_road_2K_Normal.ubulk" 3646
"E:/Unreal Projects/LeagueJourney/Content/Visual/Textures/T_road_2K_Normal.uasset" 3647
"E:/Unreal Projects/LeagueJourney/Content/Visual/Textures/T_road_2K_Normal.uexp" 3648
"E:/Unreal Projects/LeagueJourney/Content/Visual/Materials/M_Road.uasset" 3649
"E:/Unreal Projects/LeagueJourney/Content/Visual/Materials/M_Road.uexp" 3650
"E:/Unreal Projects/LeagueJourney/Content/Props/Stadiums/MCB/Materials/M_MCB_Road_Road.uasset" 3651
"E:/Unreal Projects/LeagueJourney/Content/Props/Stadiums/MCB/Materials/M_MCB_Road_Road.uexp" 3652
"E:/Unreal Projects/LeagueJourney/Content/Props/Environment/adboardOld.ubulk" 3653
"E:/Unreal Projects/LeagueJourney/Content/Props/Environment/adboardOld.uasset" 3654
"E:/Unreal Projects/LeagueJourney/Content/Props/Environment/adboardOld.uexp" 3655
"E:/Unreal Projects/LeagueJourney/Content/Props/Ads/BP_MultiplierActor.uasset" 3656
"E:/Unreal Projects/LeagueJourney/Content/Props/Ads/BP_MultiplierActor.uexp" 3657
"E:/Unreal Projects/LeagueJourney/Content/Props/Stadiums/MCB/mountains_Plane_002.ubulk" 3658
"E:/Unreal Projects/LeagueJourney/Content/Props/Stadiums/MCB/mountains_Plane_002.uasset" 3659
"E:/Unreal Projects/LeagueJourney/Content/Props/Stadiums/MCB/mountains_Plane_002.uexp" 3660
"E:/Unreal Projects/LeagueJourney/Content/Levels/death-match-cinematic-action-theme-135276.uasset" 3661
"E:/Unreal Projects/LeagueJourney/Content/Levels/death-match-cinematic-action-theme-135276.uexp" 3662
"E:/Unreal Projects/LeagueJourney/Content/Levels/LevelSequences/OpeningSequence.uasset" 3663
"E:/Unreal Projects/LeagueJourney/Content/Levels/LevelSequences/OpeningSequence.uexp" 3664
"E:/Unreal Projects/LeagueJourney/Content/Props/Stadiums/MCB/estruturas_jovilucas_pave.ubulk" 3665
"E:/Unreal Projects/LeagueJourney/Content/Props/Stadiums/MCB/estruturas_jovilucas_pave.uasset" 3666
"E:/Unreal Projects/LeagueJourney/Content/Props/Stadiums/MCB/estruturas_jovilucas_pave.uexp" 3667
"E:/Unreal Projects/LeagueJourney/Content/Props/Stadiums/MCB/estruturas_continente.ubulk" 3668
"E:/Unreal Projects/LeagueJourney/Content/Props/Stadiums/MCB/estruturas_continente.uasset" 3669
"E:/Unreal Projects/LeagueJourney/Content/Props/Stadiums/MCB/estruturas_continente.uexp" 3670
"E:/Unreal Projects/LeagueJourney/Content/Props/SFX/494353__sandermotions__soccer-stadium-07.ubulk" 3671
"E:/Unreal Projects/LeagueJourney/Content/Props/SFX/494353__sandermotions__soccer-stadium-07.uasset" 3672
"E:/Unreal Projects/LeagueJourney/Content/Props/SFX/494353__sandermotions__soccer-stadium-07.uexp" 3673
"E:/Unreal Projects/LeagueJourney/Content/Blueprints/BP_AreaOut.uasset" 3674
"E:/Unreal Projects/LeagueJourney/Content/Blueprints/BP_AreaOut.uexp" 3675
"E:/Unreal Projects/LeagueJourney/Content/Props/Environment/spotlightOld.ubulk" 3676
"E:/Unreal Projects/LeagueJourney/Content/Props/Environment/spotlightOld.uasset" 3677
"E:/Unreal Projects/LeagueJourney/Content/Props/Environment/spotlightOld.uexp" 3678
"E:/Unreal Projects/LeagueJourney/Content/Props/Environment/BP_SpotlightOld.uasset" 3679
"E:/Unreal Projects/LeagueJourney/Content/Props/Environment/BP_SpotlightOld.uexp" 3680
"E:/Unreal Projects/LeagueJourney/Content/Props/Ads/Instances/mcdonovans.uasset" 3681
"E:/Unreal Projects/LeagueJourney/Content/Props/Ads/Instances/mcdonovans.uexp" 3682
"E:/Unreal Projects/LeagueJourney/Content/Levels/StadiumMCB_BuiltData.ubulk" 3683
"E:/Unreal Projects/LeagueJourney/Content/Levels/StadiumMCB_BuiltData.uasset" 3684
"E:/Unreal Projects/LeagueJourney/Content/Levels/StadiumMCB_BuiltData.uexp" 3685
"E:/Unreal Projects/LeagueJourney/Content/Props/Environment/Interactive/Goals/Mat_Net.uasset" 3686
"E:/Unreal Projects/LeagueJourney/Content/Props/Environment/Interactive/Goals/Mat_Net.uexp" 3687
"E:/Unreal Projects/LeagueJourney/Content/Props/Environment/Interactive/Goals/goal_a.ubulk" 3688
"E:/Unreal Projects/LeagueJourney/Content/Props/Environment/Interactive/Goals/goal_a.uasset" 3689
"E:/Unreal Projects/LeagueJourney/Content/Props/Environment/Interactive/Goals/goal_a.uexp" 3690
"E:/Unreal Projects/LeagueJourney/Content/Props/SFX/189821__blaukreuz__goal.ubulk" 3691
"E:/Unreal Projects/LeagueJourney/Content/Props/SFX/189821__blaukreuz__goal.uasset" 3692
"E:/Unreal Projects/LeagueJourney/Content/Props/SFX/189821__blaukreuz__goal.uexp" 3693
"E:/Unreal Projects/LeagueJourney/Content/PM_Net.uasset" 3694
"E:/Unreal Projects/LeagueJourney/Content/PM_Net.uexp" 3695
"E:/Unreal Projects/LeagueJourney/Content/Props/Environment/Interactive/Goals/Mat_GoalPost.uasset" 3696
"E:/Unreal Projects/LeagueJourney/Content/Props/Environment/Interactive/Goals/Mat_GoalPost.uexp" 3697
"E:/Unreal Projects/LeagueJourney/Content/Props/Environment/Interactive/Goals/goal_Goals.ubulk" 3698
"E:/Unreal Projects/LeagueJourney/Content/Props/Environment/Interactive/Goals/goal_Goals.uasset" 3699
"E:/Unreal Projects/LeagueJourney/Content/Props/Environment/Interactive/Goals/goal_Goals.uexp" 3700
"E:/Unreal Projects/LeagueJourney/Content/Props/Environment/Interactive/Goals/goal_Net.ubulk" 3701
"E:/Unreal Projects/LeagueJourney/Content/Props/Environment/Interactive/Goals/goal_Net.uasset" 3702
"E:/Unreal Projects/LeagueJourney/Content/Props/Environment/Interactive/Goals/goal_Net.uexp" 3703
"E:/Unreal Projects/LeagueJourney/Content/Props/Environment/Interactive/Goals/BP_Goal.uasset" 3704
"E:/Unreal Projects/LeagueJourney/Content/Props/Environment/Interactive/Goals/BP_Goal.uexp" 3705
"E:/Unreal Projects/LeagueJourney/Content/Props/Stadiums/MCB/estruturas_continente_pave.ubulk" 3706
"E:/Unreal Projects/LeagueJourney/Content/Props/Stadiums/MCB/estruturas_continente_pave.uasset" 3707
"E:/Unreal Projects/LeagueJourney/Content/Props/Stadiums/MCB/estruturas_continente_pave.uexp" 3708
"E:/Unreal Projects/LeagueJourney/Content/Props/Stadiums/MCB/estruturas_vivcenda_pave.ubulk" 3709
"E:/Unreal Projects/LeagueJourney/Content/Props/Stadiums/MCB/estruturas_vivcenda_pave.uasset" 3710
"E:/Unreal Projects/LeagueJourney/Content/Props/Stadiums/MCB/estruturas_vivcenda_pave.uexp" 3711
"E:/Unreal Projects/LeagueJourney/Content/Props/Stadiums/MCB/estruturas_minipreco.ubulk" 3712
"E:/Unreal Projects/LeagueJourney/Content/Props/Stadiums/MCB/estruturas_minipreco.uasset" 3713
"E:/Unreal Projects/LeagueJourney/Content/Props/Stadiums/MCB/estruturas_minipreco.uexp" 3714
"E:/Unreal Projects/LeagueJourney/Content/Props/Stadiums/MCB/road.uasset" 3715
"E:/Unreal Projects/LeagueJourney/Content/Props/Stadiums/MCB/road.uexp" 3716
"E:/Unreal Projects/LeagueJourney/Content/Props/Stadiums/MCB/pavement.uasset" 3717
"E:/Unreal Projects/LeagueJourney/Content/Props/Stadiums/MCB/pavement.uexp" 3718
"E:/Unreal Projects/LeagueJourney/Content/Props/Stadiums/MCB/mountains_Cube_006.ubulk" 3719
"E:/Unreal Projects/LeagueJourney/Content/Props/Stadiums/MCB/mountains_Cube_006.uasset" 3720
"E:/Unreal Projects/LeagueJourney/Content/Props/Stadiums/MCB/mountains_Cube_006.uexp" 3721
"E:/Unreal Projects/LeagueJourney/Content/Props/Stadiums/MCB/fir.uasset" 3722
"E:/Unreal Projects/LeagueJourney/Content/Props/Stadiums/MCB/fir.uexp" 3723
"E:/Unreal Projects/LeagueJourney/Content/Props/Stadiums/MCB/BP_FirePost.uasset" 3724
"E:/Unreal Projects/LeagueJourney/Content/Props/Stadiums/MCB/BP_FirePost.uexp" 3725
"E:/Unreal Projects/LeagueJourney/Content/Props/Stadiums/MCB/estruturas_minipreco_pave.ubulk" 3726
"E:/Unreal Projects/LeagueJourney/Content/Props/Stadiums/MCB/estruturas_minipreco_pave.uasset" 3727
"E:/Unreal Projects/LeagueJourney/Content/Props/Stadiums/MCB/estruturas_minipreco_pave.uexp" 3728
"E:/Unreal Projects/LeagueJourney/Content/Props/SFX/492984__ralphloop__soccer-stadium-game-fcsp-vs-buchum.ubulk" 3729
"E:/Unreal Projects/LeagueJourney/Content/Props/SFX/492984__ralphloop__soccer-stadium-game-fcsp-vs-buchum.uasset" 3730
"E:/Unreal Projects/LeagueJourney/Content/Props/SFX/492984__ralphloop__soccer-stadium-game-fcsp-vs-buchum.uexp" 3731
"E:/Unreal Projects/LeagueJourney/Content/Levels/StadiumMCB.uexp" 3732
"E:/Unreal Projects/LeagueJourney/Content/Levels/StadiumMCB.umap" 3733
