"E:/Unreal Projects/LeagueJourney/LeagueJourney.uproject" 1
"E:/Unreal Projects/LeagueJourney/Binaries/Win64/UnrealEditor.modules" 2
"../../../Engine/Plugins/AudioGameplayVolume/AudioGameplayVolume.uplugin" 3
"../../../Engine/Plugins/Bridge/Bridge.uplugin" 4
"../../../Engine/Plugins/BlueprintFileUtils/BlueprintFileUtils.uplugin" 5
"../../../Engine/Plugins/EnhancedInput/EnhancedInput.uplugin" 6
"../../../Engine/Plugins/AudioGameplay/AudioGameplay.uplugin" 7
"../../../Engine/Plugins/FastBuildController/FastBuildController.uplugin" 8
"../../../Engine/Plugins/LightWeightInstancesEditor/LightWeightInstancesEditor.uplugin" 9
"../../../Engine/Plugins/JsonBlueprintUtilities/JsonBlueprintUtilities.uplugin" 10
"../../../Engine/Plugins/MeshPainting/MeshPainting.uplugin" 11
"../../../Engine/Plugins/RenderGraphInsights/RenderGraphInsights.uplugin" 12
"../../../Engine/Plugins/ScriptPlugin/ScriptPlugin.uplugin" 13
"../../../Engine/Plugins/TraceUtilities/TraceUtilities.uplugin" 14
"../../../Engine/Plugins/XGEController/XGEController.uplugin" 15
"../../../Engine/Plugins/2D/Paper2D/Paper2D.uplugin" 16
"../../../Engine/Plugins/Compression/OodleNetwork/OodleNetwork.uplugin" 17
"../../../Engine/Plugins/Editor/AssetManagerEditor/AssetManagerEditor.uplugin" 18
"../../../Engine/Plugins/Editor/AssetReferenceRestrictions/AssetReferenceRestrictions.uplugin" 19
"../../../Engine/Plugins/Editor/AssetRegistryExport/AssetRegistryExport.uplugin" 20
"../../../Engine/Plugins/Editor/BlueprintHeaderView/BlueprintHeaderView.uplugin" 21
"../../../Engine/Plugins/Editor/AssetSearch/AssetSearch.uplugin" 22
"../../../Engine/Plugins/Editor/BlueprintMaterialTextureNodes/BlueprintMaterialTextureNodes.uplugin" 23
"../../../Engine/Plugins/Editor/ConsoleVariablesEditor/ConsoleVariables.uplugin" 24
"../../../Engine/Plugins/Editor/CryptoKeys/CryptoKeys.uplugin" 25
"../../../Engine/Plugins/Editor/CurveEditorTools/CurveEditorTools.uplugin" 26
"../../../Engine/Plugins/Editor/DataValidation/DataValidation.uplugin" 27
"../../../Engine/Plugins/Editor/DisplayClusterLaunch/DisplayClusterLaunch.uplugin" 28
"../../../Engine/Plugins/Editor/EditorScriptingUtilities/EditorScriptingUtilities.uplugin" 29
"../../../Engine/Plugins/Editor/FacialAnimation/FacialAnimation.uplugin" 30
"../../../Engine/Plugins/Editor/EditorDebugTools/EditorDebugTools.uplugin" 31
"../../../Engine/Plugins/Editor/GameplayTagsEditor/GameplayTagsEditor.uplugin" 32
"../../../Engine/Plugins/Editor/GeometryMode/GeometryMode.uplugin" 33
"../../../Engine/Plugins/Editor/MakeCookedEditorAsDLC/MakeCookedEditorAsDLC.uplugin" 34
"../../../Engine/Plugins/Editor/MacGraphicsSwitching/MacGraphicsSwitching.uplugin" 35
"../../../Engine/Plugins/Editor/MaterialAnalyzer/MaterialAnalyzer.uplugin" 36
"../../../Engine/Plugins/Editor/MobileLauncherProfileWizard/MobileLauncherProfileWizard.uplugin" 37
"../../../Engine/Plugins/Editor/GLTFImporter/GLTFImporter.uplugin" 38
"../../../Engine/Plugins/Editor/ModelingToolsEditorMode/ModelingToolsEditorMode.uplugin" 39
"../../../Engine/Plugins/Editor/PluginBrowser/PluginBrowser.uplugin" 40
"../../../Engine/Plugins/Editor/SequencerAnimTools/SequencerAnimTools.uplugin" 41
"../../../Engine/Plugins/Editor/SpeedTreeImporter/SpeedTreeImporter.uplugin" 42
"../../../Engine/Plugins/Editor/StylusInput/StylusInput.uplugin" 43
"../../../Engine/Plugins/Editor/GuidedTutorials/GuidedTutorials.uplugin" 44
"../../../Engine/Plugins/Editor/WaveformEditor/WaveformEditor.uplugin" 45
"../../../Engine/Plugins/Editor/WorldPartitionHLODUtilities/WorldPartitionHLODUtilities.uplugin" 46
"../../../Engine/Plugins/Enterprise/AxFImporter/AxFImporter.uplugin" 47
"../../../Engine/Plugins/Enterprise/DataprepEditor/DataprepEditor.uplugin" 48
"../../../Engine/Plugins/Enterprise/DatasmithC4DImporter/DatasmithC4DImporter.uplugin" 49
"../../../Engine/Plugins/Enterprise/DatasmithCADImporter/DatasmithCADImporter.uplugin" 50
"../../../Engine/Plugins/Enterprise/DatasmithContent/DatasmithContent.uplugin" 51
"../../../Engine/Plugins/Enterprise/DatasmithFBXImporter/DatasmithFBXImporter.uplugin" 52
"../../../Engine/Plugins/Enterprise/DatasmithGLTFImporter/DatasmithGLTFImporter.uplugin" 53
"../../../Engine/Plugins/Enterprise/DatasmithIFCImporter/DatasmithIFCImporter.uplugin" 54
"../../../Engine/Plugins/Enterprise/DatasmithImporter/DatasmithImporter.uplugin" 55
"../../../Engine/Plugins/Enterprise/GLTFExporter/GLTFExporter.uplugin" 56
"../../../Engine/Plugins/Enterprise/LidarPointCloud/LidarPointCloud.uplugin" 57
"../../../Engine/Plugins/Enterprise/MDLImporter/MDLImporter.uplugin" 58
"../../../Engine/Plugins/Enterprise/VariantManagerContent/VariantManagerContent.uplugin" 59
"../../../Engine/Plugins/Enterprise/VariantManager/VariantManager.uplugin" 60
"../../../Engine/Plugins/Importers/AlembicHairImporter/AlembicHairImporter.uplugin" 61
"../../../Engine/Plugins/Importers/AlembicImporter/AlembicImporter.uplugin" 62
"../../../Engine/Plugins/Importers/USDImporter/USDImporter.uplugin" 63
"../../../Engine/Plugins/Importers/USDMultiUser/USDMultiUser.uplugin" 64
"../../../Engine/Plugins/Marketplace/AsyncLoadingScreen/AsyncLoadingScreen.uplugin" 65
"../../../Engine/Plugins/Messaging/MessagingDebugger/MessagingDebugger.uplugin" 66
"../../../Engine/Plugins/Messaging/TcpMessaging/TcpMessaging.uplugin" 67
"../../../Engine/Plugins/Messaging/UdpMessaging/UdpMessaging.uplugin" 68
"../../../Engine/Plugins/Portal/LauncherChunkInstaller/LauncherChunkInstaller.uplugin" 69
"../../../Engine/Plugins/Runtime/ActorLayerUtilities/ActorLayerUtilities.uplugin" 70
"../../../Engine/Plugins/Runtime/AndroidBackgroundService/AndroidBackgroundService.uplugin" 71
"../../../Engine/Plugins/Runtime/AndroidDeviceProfileSelector/AndroidDeviceProfileSelector.uplugin" 72
"../../../Engine/Plugins/Runtime/AndroidMoviePlayer/AndroidMoviePlayer.uplugin" 73
"../../../Engine/Plugins/Runtime/AndroidFileServer/AndroidFileServer.uplugin" 74
"../../../Engine/Plugins/Runtime/AndroidPermission/AndroidPermission.uplugin" 75
"../../../Engine/Plugins/Runtime/AnimationBudgetAllocator/AnimationBudgetAllocator.uplugin" 76
"../../../Engine/Plugins/Runtime/AppleImageUtils/AppleImageUtils.uplugin" 77
"../../../Engine/Plugins/Runtime/ApexDestruction/ApexDestruction.uplugin" 78
"../../../Engine/Plugins/Runtime/AppleMoviePlayer/AppleMoviePlayer.uplugin" 79
"../../../Engine/Plugins/Runtime/AudioCapture/AudioCapture.uplugin" 80
"../../../Engine/Plugins/Runtime/ArchVisCharacter/ArchVisCharacter.uplugin" 81
"../../../Engine/Plugins/Runtime/AssetTags/AssetTags.uplugin" 82
"../../../Engine/Plugins/Runtime/AudioSynesthesia/AudioSynesthesia.uplugin" 83
"../../../Engine/Plugins/Runtime/AudioModulation/AudioModulation.uplugin" 84
"../../../Engine/Plugins/Runtime/AudioMotorSim/AudioMotorSim.uplugin" 85
"../../../Engine/Plugins/Runtime/AudioWidgets/AudioWidgets.uplugin" 86
"../../../Engine/Plugins/Runtime/CableComponent/CableComponent.uplugin" 87
"../../../Engine/Plugins/Runtime/ChunkDownloader/ChunkDownloader.uplugin" 88
"../../../Engine/Plugins/Runtime/ComputeFramework/ComputeFramework.uplugin" 89
"../../../Engine/Plugins/Runtime/CustomMeshComponent/CustomMeshComponent.uplugin" 90
"../../../Engine/Plugins/Runtime/DataRegistry/DataRegistry.uplugin" 91
"../../../Engine/Plugins/Runtime/ExampleDeviceProfileSelector/ExampleDeviceProfileSelector.uplugin" 92
"../../../Engine/Plugins/Runtime/Firebase/Firebase.uplugin" 93
"../../../Engine/Plugins/Runtime/GameplayAbilities/GameplayAbilities.uplugin" 94
"../../../Engine/Plugins/Runtime/GameplayBehaviorSmartObjects/GameplayBehaviorSmartObjects.uplugin" 95
"../../../Engine/Plugins/Runtime/GameplayStateTree/GameplayStateTree.uplugin" 96
"../../../Engine/Plugins/Runtime/GeometryCache/GeometryCache.uplugin" 97
"../../../Engine/Plugins/Runtime/GameplayInteractions/GameplayInteractions.uplugin" 98
"../../../Engine/Plugins/Runtime/GeometryProcessing/GeometryProcessing.uplugin" 99
"../../../Engine/Plugins/Runtime/GeoReferencing/GeoReferencing.uplugin" 100
"../../../Engine/Plugins/Runtime/GoogleCloudMessaging/GoogleCloudMessaging.uplugin" 101
"../../../Engine/Plugins/Runtime/GooglePAD/GooglePAD.uplugin" 102
"../../../Engine/Plugins/Runtime/HDRIBackdrop/HDRIBackdrop.uplugin" 103
"../../../Engine/Plugins/Runtime/HairStrands/HairStrands.uplugin" 104
"../../../Engine/Plugins/Runtime/HPMotionController/HPMotionController.uplugin" 105
"../../../Engine/Plugins/Runtime/HTTPChunkInstaller/HTTPChunkInstaller.uplugin" 106
"../../../Engine/Plugins/Runtime/InputDebugging/InputDebugging.uplugin" 107
"../../../Engine/Plugins/Runtime/IOSDeviceProfileSelector/IOSDeviceProfileSelector.uplugin" 108
"../../../Engine/Plugins/Runtime/IOSReplayKit/IOSReplayKit.uplugin" 109
"../../../Engine/Plugins/Runtime/LinuxDeviceProfileSelector/LinuxDeviceProfileSelector.uplugin" 110
"../../../Engine/Plugins/Runtime/LiveLinkOvernDisplay/LiveLinkOverNDisplay.uplugin" 111
"../../../Engine/Plugins/Runtime/LocationServicesAndroidImpl/LocationServicesAndroidImpl.uplugin" 112
"../../../Engine/Plugins/Runtime/LocationServicesBPLibrary/LocationServicesBPLibrary.uplugin" 113
"../../../Engine/Plugins/Runtime/LocationServicesIOSImpl/LocationServicesIOSImpl.uplugin" 114
"../../../Engine/Plugins/Runtime/MassEntity/MassEntity.uplugin" 115
"../../../Engine/Plugins/Runtime/MassGameplay/MassGameplay.uplugin" 116
"../../../Engine/Plugins/Runtime/MeshModelingToolset/MeshModelingToolset.uplugin" 117
"../../../Engine/Plugins/Runtime/Metasound/Metasound.uplugin" 118
"../../../Engine/Plugins/Runtime/MicrosoftSpatialAudio/MicroSoftSpatialSound.uplugin" 119
"../../../Engine/Plugins/Runtime/MIDIDevice/MIDIDevice.uplugin" 120
"../../../Engine/Plugins/Runtime/MobileFSR/MobileFSR.uplugin" 121
"../../../Engine/Plugins/Runtime/MobilePatchingUtils/MobilePatchingUtils.uplugin" 122
"../../../Engine/Plugins/Runtime/MixedRealityCaptureFramework/MixedRealityCaptureFramework.uplugin" 123
"../../../Engine/Plugins/Runtime/ModelViewViewModel/ModelViewViewModel.uplugin" 124
"../../../Engine/Plugins/Runtime/NavCorridor/NavCorridor.uplugin" 125
"../../../Engine/Plugins/Runtime/nDisplay/nDisplay.uplugin" 126
"../../../Engine/Plugins/Runtime/nDisplayModularFeatures/nDisplayModularFeatures.uplugin" 127
"../../../Engine/Plugins/Runtime/NetworkPrediction/NetworkPrediction.uplugin" 128
"../../../Engine/Plugins/Runtime/NetworkPredictionExtras/NetworkPredictionExtras.uplugin" 129
"../../../Engine/Plugins/Runtime/NetworkPredictionInsights/NetworkPredictionInsights.uplugin" 130
"../../../Engine/Plugins/Runtime/OpenCV/OpenCV.uplugin" 131
"../../../Engine/Plugins/Runtime/OpenXRHandTracking/OpenXRHandTracking.uplugin" 132
"../../../Engine/Plugins/Runtime/OpenXR/OpenXR.uplugin" 133
"../../../Engine/Plugins/Runtime/OpenXREyeTracker/OpenXREyeTracker.uplugin" 134
"../../../Engine/Plugins/Runtime/OpenXRMsftHandInteraction/OpenXRMsftHandInteraction.uplugin" 135
"../../../Engine/Plugins/Runtime/OSC/OSC.uplugin" 136
"../../../Engine/Plugins/Runtime/OptionalMobileFeaturesBPLibrary/OptionalMobileFeaturesBPLibrary.uplugin" 137
"../../../Engine/Plugins/Runtime/OSCModulationMixing/OSCModulationMixing.uplugin" 138
"../../../Engine/Plugins/Runtime/ProceduralMeshComponent/ProceduralMeshComponent.uplugin" 139
"../../../Engine/Plugins/Runtime/PreLoadScreenMoviePlayer/PreLoadScreenMoviePlayer.uplugin" 140
"../../../Engine/Plugins/Runtime/PropertyAccess/PropertyAccessEditor.uplugin" 141
"../../../Engine/Plugins/Runtime/RenderTrace/RenderTrace.uplugin" 142
"../../../Engine/Plugins/Runtime/ReplicationGraph/ReplicationGraph.uplugin" 143
"../../../Engine/Plugins/Runtime/ReplicationSystemTestPlugin/ReplicationSystemTestPlugin.uplugin" 144
"../../../Engine/Plugins/Runtime/ResonanceAudio/ResonanceAudio.uplugin" 145
"../../../Engine/Plugins/Runtime/SignificanceManager/SignificanceManager.uplugin" 146
"../../../Engine/Plugins/Runtime/SkeletalMerging/SkeletalMerging.uplugin" 147
"../../../Engine/Plugins/Runtime/SmartObjects/SmartObjects.uplugin" 148
"../../../Engine/Plugins/Runtime/SoundFields/SoundFields.uplugin" 149
"../../../Engine/Plugins/Runtime/SoundCueTemplates/SoundCueTemplates.uplugin" 150
"../../../Engine/Plugins/Runtime/SoundMod/SoundMod.uplugin" 151
"../../../Engine/Plugins/Runtime/Soundscape/Soundscape.uplugin" 152
"../../../Engine/Plugins/Runtime/SoundUtilities/SoundUtilities.uplugin" 153
"../../../Engine/Plugins/Runtime/Spatialization/Spatialization.uplugin" 154
"../../../Engine/Plugins/Runtime/StateTree/StateTree.uplugin" 155
"../../../Engine/Plugins/Runtime/SunPosition/SunPosition.uplugin" 156
"../../../Engine/Plugins/Runtime/Synthesis/Synthesis.uplugin" 157
"../../../Engine/Plugins/Runtime/WaveTable/WaveTable.uplugin" 158
"../../../Engine/Plugins/Runtime/WarpUtils/WarpUtils.uplugin" 159
"../../../Engine/Plugins/Runtime/WebBrowserNativeProxy/WebBrowserNativeProxy.uplugin" 160
"../../../Engine/Plugins/Runtime/WebMMoviePlayer/WebMMoviePlayer.uplugin" 161
"../../../Engine/Plugins/Runtime/WindowsDeviceProfileSelector/WindowsDeviceProfileSelector.uplugin" 162
"../../../Engine/Plugins/Runtime/WebBrowserWidget/WebBrowserWidget.uplugin" 163
"../../../Engine/Plugins/Runtime/WindowsMoviePlayer/WindowsMoviePlayer.uplugin" 164
"../../../Engine/Plugins/Runtime/ZoneGraph/ZoneGraph.uplugin" 165
"../../../Engine/Plugins/Runtime/ZoneGraphAnnotations/ZoneGraphAnnotations.uplugin" 166
"../../../Engine/Plugins/Tests/AutomationDriverTests/AutomationDriverTests.uplugin" 167
"../../../Engine/Plugins/Tests/EditorTests/EditorTests.uplugin" 168
"../../../Engine/Plugins/Tests/FbxAutomationTestBuilder/FbxAutomationTestBuilder.uplugin" 169
"../../../Engine/Plugins/Tests/FunctionalTestingEditor/FunctionalTestingEditor.uplugin" 170
"../../../Engine/Plugins/Tests/InterchangeTests/InterchangeTests.uplugin" 171
"../../../Engine/Plugins/Tests/PythonAutomationTest/PythonAutomationTest.uplugin" 172
"../../../Engine/Plugins/Tests/RHITests/RHITests.uplugin" 173
"../../../Engine/Plugins/Tests/TestSamples/TestSamples.uplugin" 174
"../../../Engine/Plugins/Tests/RuntimeTests/RuntimeTests.uplugin" 175
"../../../Engine/Plugins/Web/HttpBlueprint/HttpBlueprint.uplugin" 176
"../../../Engine/Plugins/Animation/AnimationWarping/AnimationWarping.uplugin" 177
"../../../Engine/Plugins/Animation/AnimationModifierLibrary/AnimationModifierLibrary.uplugin" 178
"../../../Engine/Plugins/Animation/AnimationLocomotionLibrary/AnimationLocomotionLibrary.uplugin" 179
"../../../Engine/Plugins/Animation/AnimToTexture/AnimToTexture.uplugin" 180
"../../../Engine/Plugins/Animation/BlendSpaceMotionAnalysis/BlendSpaceMotionAnalysis.uplugin" 181
"../../../Engine/Plugins/Animation/ControlRig/ControlRig.uplugin" 182
"../../../Engine/Plugins/Animation/ControlRigSpline/ControlRigSpline.uplugin" 183
"../../../Engine/Plugins/Animation/DeformerGraph/DeformerGraph.uplugin" 184
"../../../Engine/Plugins/Animation/GameplayInsights/GameplayInsights.uplugin" 185
"../../../Engine/Plugins/Animation/IKRig/IKRig.uplugin" 186
"../../../Engine/Plugins/Animation/LiveLink/LiveLink.uplugin" 187
"../../../Engine/Plugins/Animation/LiveLinkCurveDebugUI/LiveLinkCurveDebugUI.uplugin" 188
"../../../Engine/Plugins/Animation/MotionWarping/MotionWarping.uplugin" 189
"../../../Engine/Plugins/Animation/RigLogic/RigLogic.uplugin" 190
"../../../Engine/Plugins/Compositing/LensDistortion/LensDistortion.uplugin" 191
"../../../Engine/Plugins/Compositing/OpenColorIO/OpenColorIO.uplugin" 192
"../../../Engine/Plugins/Developer/AnimationSharing/AnimationSharing.uplugin" 193
"../../../Engine/Plugins/Developer/BlankPlugin/BlankPlugin.uplugin" 194
"../../../Engine/Plugins/Developer/CLionSourceCodeAccess/CLionSourceCodeAccess.uplugin" 195
"../../../Engine/Plugins/Developer/CodeLiteSourceCodeAccess/CodeLiteSourceCodeAccess.uplugin" 196
"../../../Engine/Plugins/Developer/DumpGPUServices/DumpGPUServices.uplugin" 197
"../../../Engine/Plugins/Developer/KDevelopSourceCodeAccess/KDevelopSourceCodeAccess.uplugin" 198
"../../../Engine/Plugins/Developer/GitSourceControl/GitSourceControl.uplugin" 199
"../../../Engine/Plugins/Developer/NullSourceCodeAccess/NullSourceCodeAccess.uplugin" 200
"../../../Engine/Plugins/Developer/PerforceSourceControl/PerforceSourceControl.uplugin" 201
"../../../Engine/Plugins/Developer/OneSkyLocalizationService/OneSkyLocalizationService.uplugin" 202
"../../../Engine/Plugins/Developer/PixWinPlugin/PixWinPlugin.uplugin" 203
"../../../Engine/Plugins/Developer/PluginUtils/PluginUtils.uplugin" 204
"../../../Engine/Plugins/Developer/PlasticSourceControl/PlasticSourceControl.uplugin" 205
"../../../Engine/Plugins/Developer/PropertyAccessNode/PropertyAccessNode.uplugin" 206
"../../../Engine/Plugins/Developer/RenderDocPlugin/RenderDocPlugin.uplugin" 207
"../../../Engine/Plugins/Compositing/Composure/Composure.uplugin" 208
"../../../Engine/Plugins/Compositing/OpenCVLensDistortion/OpenCVLensDistortion.uplugin" 209
"../../../Engine/Plugins/Developer/SubversionSourceControl/SubversionSourceControl.uplugin" 210
"../../../Engine/Plugins/Developer/RiderSourceCodeAccess/RiderSourceCodeAccess.uplugin" 211
"../../../Engine/Plugins/Developer/TextureFormatOodle/TextureFormatOodle.uplugin" 212
"../../../Engine/Plugins/Developer/TraceDataFiltering/TraceDataFilters.uplugin" 213
"../../../Engine/Plugins/Developer/TraceSourceFiltering/TraceSourceFilters.uplugin" 214
"../../../Engine/Plugins/Developer/UObjectPlugin/UObjectPlugin.uplugin" 215
"../../../Engine/Plugins/Developer/VisualStudioCodeSourceCodeAccess/VisualStudioCodeSourceCodeAccess.uplugin" 216
"../../../Engine/Plugins/Developer/XcodeGPUDebuggerPlugin/XcodeGPUDebuggerPlugin.uplugin" 217
"../../../Engine/Plugins/Developer/VisualStudioSourceCodeAccess/VisualStudioSourceCodeAccess.uplugin" 218
"../../../Engine/Plugins/Developer/XCodeSourceCodeAccess/XCodeSourceCodeAccess.uplugin" 219
"../../../Engine/Plugins/Interchange/Editor/InterchangeEditor.uplugin" 220
"../../../Engine/Plugins/Interchange/Runtime/Interchange.uplugin" 221
"../../../Engine/Plugins/NetcodeUnitTest/NetcodeUnitTest/NetcodeUnitTest.uplugin" 222
"../../../Engine/Plugins/NetcodeUnitTest/NUTUnrealEngine/NUTUnrealEngine.uplugin" 223
"../../../Engine/Plugins/Slate/SlateInsights/SlateInsights.uplugin" 224
"../../../Engine/Plugins/Performance/PerformanceMonitor/PerformanceMonitor.uplugin" 225
"../../../Engine/Plugins/Slate/SlateScripting/SlateScripting.uplugin" 226
"../../../Engine/Plugins/VirtualProduction/CameraCalibration/CameraCalibration.uplugin" 227
"../../../Engine/Plugins/VirtualProduction/DataCharts/DataCharts.uplugin" 228
"../../../Engine/Plugins/VirtualProduction/CameraCalibrationCore/CameraCalibrationCore.uplugin" 229
"../../../Engine/Plugins/VirtualProduction/CompositePlane/CompositePlane.uplugin" 230
"../../../Engine/Plugins/VirtualProduction/LevelSnapshots/LevelSnapshots.uplugin" 231
"../../../Engine/Plugins/VirtualProduction/LiveLinkCamera/LiveLinkCamera.uplugin" 232
"../../../Engine/Plugins/VirtualProduction/EpicStageApp/EpicStageApp.uplugin" 233
"../../../Engine/Plugins/VirtualProduction/LiveLinkFreeD/LiveLinkFreeD.uplugin" 234
"../../../Engine/Plugins/VirtualProduction/LiveLinkLens/LiveLinkLens.uplugin" 235
"../../../Engine/Plugins/VirtualProduction/LiveLinkMasterLockit/LiveLinkMasterLockit.uplugin" 236
"../../../Engine/Plugins/VirtualProduction/LiveLinkPrestonMDR/LiveLinkPrestonMDR.uplugin" 237
"../../../Engine/Plugins/VirtualProduction/LiveLinkVRPN/LiveLinkVRPN.uplugin" 238
"../../../Engine/Plugins/VirtualProduction/LiveLinkXR/LiveLinkXR.uplugin" 239
"../../../Engine/Plugins/VirtualProduction/MultiUserTakes/MultiUserTakes.uplugin" 240
"../../../Engine/Plugins/VirtualProduction/RemoteControl/RemoteControl.uplugin" 241
"../../../Engine/Plugins/VirtualProduction/RemoteControlInterception/RemoteControlInterception.uplugin" 242
"../../../Engine/Plugins/VirtualProduction/RemoteControlProtocolMIDI/RemoteControlProtocolMIDI.uplugin" 243
"../../../Engine/Plugins/VirtualProduction/RemoteControlProtocolDMX/RemoteControlProtocolDMX.uplugin" 244
"../../../Engine/Plugins/VirtualProduction/RemoteControlProtocolOSC/RemoteControlProtocolOSC.uplugin" 245
"../../../Engine/Plugins/VirtualProduction/RemoteControlWebInterface/RemoteControlWebInterface.uplugin" 246
"../../../Engine/Plugins/VirtualProduction/ICVFX/ICVFX.uplugin" 247
"../../../Engine/Plugins/VirtualProduction/SequencerPlaylists/SequencerPlaylists.uplugin" 248
"../../../Engine/Plugins/VirtualProduction/Switchboard/Switchboard.uplugin" 249
"../../../Engine/Plugins/VirtualProduction/StageMonitoring/StageMonitoring.uplugin" 250
"../../../Engine/Plugins/VirtualProduction/Takes/Takes.uplugin" 251
"../../../Engine/Plugins/AI/AISupport/AISupport.uplugin" 252
"../../../Engine/Plugins/AI/EnvironmentQueryEditor/EnvironmentQueryEditor.uplugin" 253
"../../../Engine/Plugins/VirtualProduction/TextureShare/TextureShare.uplugin" 254
"../../../Engine/Plugins/VirtualProduction/TimedDataMonitor/TimedDataMonitor.uplugin" 255
"../../../Engine/Plugins/AI/HTNPlanner/HTNPlanner.uplugin" 256
"../../../Engine/Plugins/AI/MassAI/MassAI.uplugin" 257
"../../../Engine/Plugins/AI/MassCrowd/MassCrowd.uplugin" 258
"../../../Engine/Plugins/AI/MLAdapter/MLAdapter.uplugin" 259
"../../../Engine/Plugins/Cameras/CameraShakePreviewer/CameraShakePreviewer.uplugin" 260
"../../../Engine/Plugins/Experimental/AbilitySystemGameFeatureActions/AbilitySystemGameFeatureActions.uplugin" 261
"../../../Engine/Plugins/Experimental/ActorPalette/ActorPalette.uplugin" 262
"../../../Engine/Plugins/Experimental/AppleVision/AppleVision.uplugin" 263
"../../../Engine/Plugins/Experimental/AssetPlacementEdMode/AssetPlacementEdMode.uplugin" 264
"../../../Engine/Plugins/Experimental/AutomationUtils/AutomationUtils.uplugin" 265
"../../../Engine/Plugins/Experimental/BackChannel/BackChannel.uplugin" 266
"../../../Engine/Plugins/Experimental/BlueprintSnapNodes/BlueprintSnapNodes.uplugin" 267
"../../../Engine/Plugins/Experimental/BlueprintStats/BlueprintStats.uplugin" 268
"../../../Engine/Plugins/Experimental/ChaosCaching/ChaosCaching.uplugin" 269
"../../../Engine/Plugins/Experimental/ChaosCloth/ChaosCloth.uplugin" 270
"../../../Engine/Plugins/Experimental/ChaosClothEditor/ChaosClothEditor.uplugin" 271
"../../../Engine/Plugins/Experimental/ChaosEditor/ChaosEditor.uplugin" 272
"../../../Engine/Plugins/Experimental/ChaosSolverPlugin/ChaosSolverPlugin.uplugin" 273
"../../../Engine/Plugins/Experimental/ChaosNiagara/ChaosNiagara.uplugin" 274
"../../../Engine/Plugins/Experimental/ChaosUserDataPT/ChaosUserDataPT.uplugin" 275
"../../../Engine/Plugins/Experimental/ChaosVehiclesPlugin/ChaosVehiclesPlugin.uplugin" 276
"../../../Engine/Plugins/Experimental/Chooser/Chooser.uplugin" 277
"../../../Engine/Plugins/Experimental/CinematicPrestreaming/CinematicPrestreaming.uplugin" 278
"../../../Engine/Plugins/Experimental/CharacterAI/CharacterAI.uplugin" 279
"../../../Engine/Plugins/Experimental/CodeEditor/CodeEditor.uplugin" 280
"../../../Engine/Plugins/Experimental/CodeView/CodeView.uplugin" 281
"../../../Engine/Plugins/Experimental/ColorCorrectRegions/ColorCorrectRegions.uplugin" 282
"../../../Engine/Plugins/Experimental/CommonConversation/CommonConversation.uplugin" 283
"../../../Engine/Plugins/Experimental/CommonUI/CommonUI.uplugin" 284
"../../../Engine/Plugins/Experimental/Dataflow/Dataflow.uplugin" 285
"../../../Engine/Plugins/Experimental/ControlFlows/ControlFlows.uplugin" 286
"../../../Engine/Plugins/Experimental/DataInterface/DataInterface.uplugin" 287
"../../../Engine/Plugins/Experimental/DataInterfaceGraph/DataInterfaceGraph.uplugin" 288
"../../../Engine/Plugins/Experimental/DefaultInstallBundleManager/DefaultInstallBundleManager.uplugin" 289
"../../../Engine/Plugins/Experimental/ExampleAssetEditor/ExampleAssetEditor.uplugin" 290
"../../../Engine/Plugins/Experimental/FieldSystemPlugin/FieldSystemPlugin.uplugin" 291
"../../../Engine/Plugins/Experimental/GameFeatures/GameFeatures.uplugin" 292
"../../../Engine/Plugins/Experimental/FullBodyIK/FullBodyIK.uplugin" 293
"../../../Engine/Plugins/Experimental/Gauntlet/Gauntlet.uplugin" 294
"../../../Engine/Plugins/Experimental/GameplayBehaviors/GameplayBehaviors.uplugin" 295
"../../../Engine/Plugins/Experimental/GeometryCacheAbcFile/GeometryCacheAbcFile.uplugin" 296
"../../../Engine/Plugins/Experimental/GeometryCollectionPlugin/GeometryCollectionPlugin.uplugin" 297
"../../../Engine/Plugins/Experimental/GeometryFlow/GeometryFlow.uplugin" 298
"../../../Engine/Plugins/Experimental/GeometryScripting/GeometryScripting.uplugin" 299
"../../../Engine/Plugins/Experimental/GizmoEdMode/GizmoEdMode.uplugin" 300
"../../../Engine/Plugins/Experimental/GizmoFramework/GizmoFramework.uplugin" 301
"../../../Engine/Plugins/Experimental/GPULightmass/GPULightmass.uplugin" 302
"../../../Engine/Plugins/Experimental/HairModelingToolset/HairModelingToolset.uplugin" 303
"../../../Engine/Plugins/Experimental/ImagePlate/ImagePlate.uplugin" 304
"../../../Engine/Plugins/Experimental/ImpostorBaker/ImpostorBaker.uplugin" 305
"../../../Engine/Plugins/Experimental/Iris/Iris.uplugin" 306
"../../../Engine/Plugins/Experimental/JWT/JWT.uplugin" 307
"../../../Engine/Plugins/Experimental/Landmass/Landmass.uplugin" 308
"../../../Engine/Plugins/Experimental/LandscapePatch/LandscapePatch.uplugin" 309
"../../../Engine/Plugins/Experimental/LiveLinkControlRig/LiveLinkControlRig.uplugin" 310
"../../../Engine/Plugins/Experimental/LiveLinkFaceImporter/LiveLinkFaceImporter.uplugin" 311
"../../../Engine/Plugins/Experimental/MeshLODToolset/MeshLODToolset.uplugin" 312
"../../../Engine/Plugins/Experimental/MeshModelingToolsetExp/MeshModelingToolsetExp.uplugin" 313
"../../../Engine/Plugins/Experimental/ModularGameplay/ModularGameplay.uplugin" 314
"../../../Engine/Plugins/Experimental/MotorSimOutputMotoSynth/MotorSimOutputMotoSynth.uplugin" 315
"../../../Engine/Plugins/Experimental/MotoSynth/MotoSynth.uplugin" 316
"../../../Engine/Plugins/Experimental/Mutable/Mutable.uplugin" 317
"../../../Engine/Plugins/Experimental/NaniteDisplacedMesh/NaniteDisplacedMesh.uplugin" 318
"../../../Engine/Plugins/Experimental/OpenImageDenoise/OpenImageDenoise.uplugin" 319
"../../../Engine/Plugins/Experimental/OptiXDenoise/OptiXDenoise.uplugin" 320
"../../../Engine/Plugins/Experimental/NNI/NeuralNetworkInference.uplugin" 321
"../../../Engine/Plugins/Cameras/GameplayCameras/GameplayCameras.uplugin" 322
"../../../Engine/Plugins/Experimental/PCG/PCG.uplugin" 323
"../../../Engine/Plugins/Experimental/PhysicsControl/PhysicsControl.uplugin" 324
"../../../Engine/Plugins/Experimental/PlanarCutPlugin/PlanarCut.uplugin" 325
"../../../Engine/Plugins/Experimental/PlatformCrypto/PlatformCrypto.uplugin" 326
"../../../Engine/Plugins/Experimental/ProxyLODPlugin/ProxyLODPlugin.uplugin" 327
"../../../Engine/Plugins/Experimental/PythonFoundationPackages/PythonFoundationPackages.uplugin" 328
"../../../Engine/Plugins/Experimental/PythonScriptPlugin/PythonScriptPlugin.uplugin" 329
"../../../Engine/Plugins/Experimental/RawInput/RawInput.uplugin" 330
"../../../Engine/Plugins/Experimental/SampleToolsEditorMode/SampleToolsEditorMode.uplugin" 331
"../../../Engine/Plugins/Experimental/RemoteSession/RemoteSession.uplugin" 332
"../../../Engine/Plugins/Experimental/RenderGrid/RenderGrid.uplugin" 333
"../../../Engine/Plugins/Experimental/ScreenReader/ScreenReader.uplugin" 334
"../../../Engine/Plugins/Experimental/Shotgrid/Shotgrid.uplugin" 335
"../../../Engine/Plugins/Experimental/SimpleHMD/SimpleHMD.uplugin" 336
"../../../Engine/Plugins/Experimental/SkeletalReduction/SkeletalReduction.uplugin" 337
"../../../Engine/Plugins/Experimental/StaticMeshEditorModeling/StaticMeshEditorModeling.uplugin" 338
"../../../Engine/Plugins/Experimental/StructUtils/StructUtils.uplugin" 339
"../../../Engine/Plugins/Experimental/SlateScreenReader/SlateScreenReader.uplugin" 340
"../../../Engine/Plugins/Experimental/TextToSpeech/TextToSpeech.uplugin" 341
"../../../Engine/Plugins/Experimental/UIFramework/UIFramework.uplugin" 342
"../../../Engine/Plugins/Experimental/UVEditor/UVEditor.uplugin" 343
"../../../Engine/Plugins/Experimental/VirtualHeightfieldMesh/VirtualHeightfieldMesh.uplugin" 344
"../../../Engine/Plugins/Experimental/VirtualCamera/VirtualCamera.uplugin" 345
"../../../Engine/Plugins/Experimental/VirtualProductionUtilities/VirtualProductionUtilities.uplugin" 346
"../../../Engine/Plugins/Experimental/VirtualScouting/VirtualScouting.uplugin" 347
"../../../Engine/Plugins/Experimental/Water/Water.uplugin" 348
"../../../Engine/Plugins/Experimental/Volumetrics/Volumetrics.uplugin" 349
"../../../Engine/Plugins/Experimental/Text3D/Text3D.uplugin" 350
"../../../Engine/Plugins/Experimental/WaterExtras/WaterExtras.uplugin" 351
"../../../Engine/Plugins/Experimental/WaveFunctionCollapse/WaveFunctionCollapse.uplugin" 352
"../../../Engine/Plugins/Experimental/WebSocketNetworking/WebSocketNetworking.uplugin" 353
"../../../Engine/Plugins/Experimental/WidgetEditorToolPalette/WidgetEditorToolPalette.uplugin" 354
"../../../Engine/Plugins/Online/EOSShared/EOSShared.uplugin" 355
"../../../Engine/Plugins/Online/OnlineBase/OnlineBase.uplugin" 356
"../../../Engine/Plugins/Online/OnlineServices/OnlineServices.uplugin" 357
"../../../Engine/Plugins/Online/OnlineServicesEOS/OnlineServicesEOS.uplugin" 358
"../../../Engine/Plugins/Online/OnlineFramework/OnlineFramework.uplugin" 359
"../../../Engine/Plugins/Online/OnlineServicesEOSGS/OnlineServicesEOSGS.uplugin" 360
"../../../Engine/Plugins/Online/OnlineSubsystem/OnlineSubsystem.uplugin" 361
"../../../Engine/Plugins/Online/OnlineServicesNull/OnlineServicesNull.uplugin" 362
"../../../Engine/Plugins/Online/OnlineSubsystemAmazon/OnlineSubsystemAmazon.uplugin" 363
"../../../Engine/Plugins/Online/OnlineServicesOSSAdapter/OnlineServicesOSSAdapter.uplugin" 364
"../../../Engine/Plugins/Online/OnlineSubsystemEOS/OnlineSubsystemEOS.uplugin" 365
"../../../Engine/Plugins/Online/OnlineSubsystemApple/OnlineSubsystemApple.uplugin" 366
"../../../Engine/Plugins/Online/OnlineSubsystemFacebook/OnlineSubsystemFacebook.uplugin" 367
"../../../Engine/Plugins/Online/OnlineSubsystemGoogle/OnlineSubsystemGoogle.uplugin" 368
"../../../Engine/Plugins/Online/OnlineSubsystemNull/OnlineSubsystemNull.uplugin" 369
"../../../Engine/Plugins/Online/OnlineSubsystemOculus/OnlineSubsystemOculus.uplugin" 370
"../../../Engine/Plugins/Online/OnlineSubsystemSteam/OnlineSubsystemSteam.uplugin" 371
"../../../Engine/Plugins/Online/OnlineSubsystemTencent/OnlineSubsystemTencent.uplugin" 372
"../../../Engine/Plugins/Online/WebAuth/WebAuth.uplugin" 373
"../../../Engine/Plugins/Online/SocketSubsystemEOS/SocketSubsystemEOS.uplugin" 374
"../../../Engine/Plugins/Protocols/MQTT/MQTT.uplugin" 375
"../../../Engine/Plugins/Online/OnlineSubsystemUtils/OnlineSubsystemUtils.uplugin" 376
"../../../Engine/Plugins/FX/CascadeToNiagaraConverter/CascadeToNiagaraConverter.uplugin" 377
"../../../Engine/Plugins/FX/ExampleCustomDataInterface/ExampleCustomDataInterface.uplugin" 378
"../../../Engine/Plugins/FX/NiagaraSimCaching/NiagaraSimCaching.uplugin" 379
"../../../Engine/Plugins/FX/NiagaraFluids/NiagaraFluids.uplugin" 380
"../../../Engine/Plugins/Media/AjaMedia/AjaMedia.uplugin" 381
"../../../Engine/Plugins/FX/Niagara/Niagara.uplugin" 382
"../../../Engine/Plugins/Media/AndroidMedia/AndroidMedia.uplugin" 383
"../../../Engine/Plugins/Media/AndroidCamera/AndroidCamera.uplugin" 384
"../../../Engine/Plugins/Media/AppleProResMedia/AppleProResMedia.uplugin" 385
"../../../Engine/Plugins/Media/AudioCaptureTimecodeProvider/AudioCaptureTimecodeProvider.uplugin" 386
"../../../Engine/Plugins/Media/AvfMedia/AvfMedia.uplugin" 387
"../../../Engine/Plugins/Media/AvidDNxMedia/AvidDNxMedia.uplugin" 388
"../../../Engine/Plugins/Media/BlackmagicMedia/BlackmagicMedia.uplugin" 389
"../../../Engine/Plugins/Media/BinkMedia/BinkMedia.uplugin" 390
"../../../Engine/Plugins/Media/HAPMedia/HAPMedia.uplugin" 391
"../../../Engine/Plugins/Media/ElectraPlayer/ElectraPlayer.uplugin" 392
"../../../Engine/Plugins/Media/ElectraCDM/ElectraCDM.uplugin" 393
"../../../Engine/Plugins/Media/HardwareEncoders/HardwareEncoders.uplugin" 394
"../../../Engine/Plugins/Media/HLMedia/HLMedia.uplugin" 395
"../../../Engine/Plugins/Media/ImgMedia/ImgMedia.uplugin" 396
"../../../Engine/Plugins/Media/LinearTimecode/LinearTimecode.uplugin" 397
"../../../Engine/Plugins/Media/ElectraSubtitles/ElectraSubtitles.uplugin" 398
"../../../Engine/Plugins/Media/MediaMovieStreamer/MediaMovieStreamer.uplugin" 399
"../../../Engine/Plugins/Media/MediaFrameworkUtilities/MediaFrameworkUtilities.uplugin" 400
"../../../Engine/Plugins/Media/MediaIOFramework/MediaIOFramework.uplugin" 401
"../../../Engine/Plugins/Media/MediaCompositing/MediaCompositing.uplugin" 402
"../../../Engine/Plugins/Media/MediaPlate/MediaPlate.uplugin" 403
"../../../Engine/Plugins/Media/MfMedia/MfMedia.uplugin" 404
"../../../Engine/Plugins/Media/MediaPlayerEditor/MediaPlayerEditor.uplugin" 405
"../../../Engine/Plugins/Experimental/PanoramicCapture/PanoramicCapture.uplugin" 406
"../../../Engine/Plugins/Media/PixelCapture/PixelCapture.uplugin" 407
"../../../Engine/Plugins/Media/PixelStreaming/PixelStreaming.uplugin" 408
"../../../Engine/Plugins/Media/PixelStreamingPlayer/PixelStreamingPlayer.uplugin" 409
"../../../Engine/Plugins/Media/TimecodeSynchronizer/TimecodeSynchronizer.uplugin" 410
"../../../Engine/Plugins/Media/WebMMedia/WebMMedia.uplugin" 411
"../../../Engine/Plugins/Media/WmfMedia/WmfMedia.uplugin" 412
"../../../Engine/Plugins/MovieScene/ActorSequence/ActorSequence.uplugin" 413
"../../../Engine/Plugins/MovieScene/LevelSequenceEditor/LevelSequenceEditor.uplugin" 414
"../../../Engine/Plugins/MovieScene/CustomizableSequencerTracks/CustomizableSequencerTracks.uplugin" 415
"../../../Engine/Plugins/MovieScene/MoviePipelineMaskRenderPass/MoviePipelineMaskRenderPass.uplugin" 416
"../../../Engine/Plugins/MovieScene/ReplayTracks/ReplayTracks.uplugin" 417
"../../../Engine/Plugins/MovieScene/MovieRenderPipeline/MovieRenderPipeline.uplugin" 418
"../../../Engine/Plugins/MovieScene/SequencerScripting/SequencerScripting.uplugin" 419
"../../../Engine/Plugins/Media/ElectraUtil/ElectraUtil.uplugin" 420
"../../../Engine/Plugins/MovieScene/TemplateSequence/TemplateSequence.uplugin" 421
"../../../Engine/Plugins/Runtime/AR/ARUtilities/ARUtilities.uplugin" 422
"../../../Engine/Plugins/Runtime/AR/AzureSpatialAnchors/AzureSpatialAnchors.uplugin" 423
"../../../Engine/Plugins/Runtime/AR/AzureSpatialAnchorsForARCore/AzureSpatialAnchorsForARCore.uplugin" 424
"../../../Engine/Plugins/Runtime/AR/AzureSpatialAnchorsForARKit/AzureSpatialAnchorsForARKit.uplugin" 425
"../../../Engine/Plugins/Runtime/MeshReconstruction/DummyMeshReconstructor/DummyMeshReconstructor.uplugin" 426
"../../../Engine/Plugins/Runtime/PacketHandlers/AESGCMHandlerComponent/AESGCMHandlerComponent.uplugin" 427
"../../../Engine/Plugins/Runtime/PacketHandlers/AESHandlerComponent/AESHandlerComponent.uplugin" 428
"../../../Engine/Plugins/Runtime/PacketHandlers/DTLSHandlerComponent/DTLSHandlerComponent.uplugin" 429
"../../../Engine/Plugins/Runtime/Steam/SteamAudio/SteamAudio.uplugin" 430
"../../../Engine/Plugins/Runtime/Steam/SteamController/SteamController.uplugin" 431
"../../../Engine/Plugins/Runtime/Steam/SteamSockets/SteamSockets.uplugin" 432
"../../../Engine/Plugins/Runtime/Steam/SteamShared/SteamShared.uplugin" 433
"../../../Engine/Plugins/Runtime/Steam/SteamVR/SteamVR.uplugin" 434
"../../../Engine/Plugins/Runtime/XR/XRVisualization/XRVisualization.uplugin" 435
"../../../Engine/Plugins/Developer/Concert/ConcertMain/ConcertMain.uplugin" 436
"../../../Engine/Plugins/VirtualProduction/DMX/DatasmithMVR/DatasmithMVR.uplugin" 437
"../../../Engine/Plugins/VirtualProduction/DMX/DMXDisplayCluster/DMXDisplayCluster.uplugin" 438
"../../../Engine/Plugins/VirtualProduction/DMX/DMXEngine/DMXEngine.uplugin" 439
"../../../Engine/Plugins/VirtualProduction/DMX/DMXModularFeatures/DMXModularFeatures.uplugin" 440
"../../../Engine/Plugins/VirtualProduction/DMX/DMXFixtures/DMXFixtures.uplugin" 441
"../../../Engine/Plugins/VirtualProduction/DMX/DMXPixelMapping/DMXPixelMapping.uplugin" 442
"../../../Engine/Plugins/VirtualProduction/DMX/DMXProtocol/DMXProtocol.uplugin" 443
"../../../Engine/Plugins/Experimental/Web/WebAPI/WebAPI.uplugin" 444
"../../../Engine/Plugins/Online/IOS/OnlineSubsystemIOS/OnlineSubsystemIOS.uplugin" 445
"../../../Engine/Plugins/Online/VoiceChat/EOSVoiceChat/EOSVoiceChat.uplugin" 446
"../../../Engine/Plugins/Online/VoiceChat/VoiceChat/VoiceChat.uplugin" 447
"../../../Engine/Plugins/Editor/ContentBrowser/ContentBrowserAliasDataSoure/ContentBrowserAliasDataSource.uplugin" 448
"../../../Engine/Plugins/Editor/ContentBrowser/ContentBrowserAssetDataSource/ContentBrowserAssetDataSource.uplugin" 449
"../../../Engine/Plugins/Editor/ObjectMixer/ObjectMixer/ObjectMixer.uplugin" 450
"../../../Engine/Plugins/Editor/ContentBrowser/ContentBrowserClassDataSource/ContentBrowserClassDataSource.uplugin" 451
"../../../Engine/Plugins/Editor/ObjectMixer/LightMixer/LightMixer.uplugin" 452
"../../../Engine/Plugins/Runtime/Database/ADOSupport/ADOSupport.uplugin" 453
"../../../Engine/Plugins/Runtime/Database/DatabaseSupport/DatabaseSupport.uplugin" 454
"../../../Engine/Plugins/Runtime/Database/SQLiteCore/SQLiteCore.uplugin" 455
"../../../Engine/Plugins/Runtime/Database/RemoteDatabaseSupport/RemoteDatabaseSupport.uplugin" 456
"../../../Engine/Plugins/Runtime/Database/SQLiteSupport/SQLiteSupport.uplugin" 457
"../../../Engine/Plugins/Runtime/Oculus/OculusAudio/OculusAudio.uplugin" 458
"../../../Engine/Plugins/Runtime/Windows/WinDualShock/WinDualShock.uplugin" 459
"../../../Engine/Plugins/Runtime/Oculus/OculusVR/OculusVR.uplugin" 460
"../../../Engine/Plugins/Animation/MLDeformer/MLDeformerFramework/MLDeformerFramework.uplugin" 461
"../../../Engine/Plugins/Animation/MLDeformer/NeuralMorphModel/NeuralMorphModel.uplugin" 462
"../../../Engine/Plugins/Animation/MLDeformer/NearestNeighborModel/NearestNeighborModel.uplugin" 463
"../../../Engine/Plugins/Animation/MLDeformer/VertexDeltaModel/VertexDeltaModel.uplugin" 464
"../../../Engine/Plugins/Experimental/Animation/ContextualAnimation/ContextualAnimation.uplugin" 465
"../../../Engine/Plugins/Experimental/Animation/CurveExpression/CurveExpression.uplugin" 466
"../../../Engine/Plugins/Editor/ContentBrowser/ContentBrowserFileDataSource/ContentBrowserFileDataSource.uplugin" 467
"../../../Engine/Plugins/Experimental/Animation/Optimus/Optimus.uplugin" 468
"../../../Engine/Plugins/Runtime/Analytics/Adjust/Adjust.uplugin" 469
"../../../Engine/Plugins/Experimental/Animation/PoseSearch/PoseSearch.uplugin" 470
"../../../Engine/Plugins/Runtime/Analytics/AnalyticsBlueprintLibrary/AnalyticsBlueprintLibrary.uplugin" 471
"../../../Engine/Plugins/Runtime/Analytics/AnalyticsMulticast/AnalyticsMulticast.uplugin" 472
"../../../Engine/Plugins/Experimental/Animation/SkeletalMeshModelingTools/SkeletalMeshModelingTools.uplugin" 473
"../../../Engine/Plugins/Runtime/Analytics/Flurry/Flurry.uplugin" 474
"../../../Engine/Plugins/Runtime/Analytics/FileLogging/FileLogging.uplugin" 475
"../../../Engine/Plugins/Runtime/Advertising/IOSTapJoy/IOSTapJoy.uplugin" 476
"../../../Engine/Plugins/Runtime/Nvidia/GeForceNOWWrapper/GeForceNOWWrapper.uplugin" 477
"../../../Engine/Plugins/Experimental/VirtualProduction/LedWallCalibration/LedWallCalibration.uplugin" 478
"../../../Engine/Plugins/VirtualProduction/Rivermax/RivermaxMedia/RivermaxMedia.uplugin" 479
"../../../Engine/Plugins/VirtualProduction/Rivermax/RivermaxCore/RivermaxCore.uplugin" 480
"../../../Engine/Plugins/Experimental/AR/PointCloud/PointCloud.uplugin" 481
"../../../Engine/Plugins/Experimental/Enterprise/DataprepGeometryOperations/DataprepGeometryOperations.uplugin" 482
"../../../Engine/Plugins/Experimental/Enterprise/DatasmithInterchange/DatasmithInterchange.uplugin" 483
"../../../Engine/Plugins/Experimental/Enterprise/DatasmithRuntime/DatasmithRuntime.uplugin" 484
"../../../Engine/Plugins/Runtime/Nvidia/Reflex/Reflex.uplugin" 485
"../../../Engine/Plugins/Online/Android/AndroidFetchBackgroundDownload/AndroidFetchBackgroundDownload.uplugin" 486
"../../../Engine/Plugins/Online/Android/OnlineSubsystemGooglePlay/OnlineSubsystemGooglePlay.uplugin" 487
"../../../Engine/Plugins/Developer/Concert/ConcertApp/DisasterRecoveryClient/DisasterRecoveryClient.uplugin" 488
"../../../Engine/Plugins/Runtime/AR/AppleAR/AppleARKitFaceSupport/AppleARKitFaceSupport.uplugin" 489
"../../../Engine/Plugins/Developer/Concert/ConcertApp/MultiUserClient/MultiUserClient.uplugin" 490
"../../../Engine/Plugins/Developer/Concert/ConcertApp/MultiUserServer/MultiUserServer.uplugin" 491
"../../../Engine/Plugins/Developer/Concert/ConcertUI/ConcertClientSharedSlate/ConcertClientSharedSlate.uplugin" 492
"../../../Engine/Plugins/Developer/Concert/ConcertUI/ConcertSharedSlate/ConcertSharedSlate.uplugin" 493
"../../../Engine/Plugins/Runtime/AR/AppleAR/AppleARKit/AppleARKit.uplugin" 494
"../../../Engine/Plugins/Runtime/AR/Google/GoogleARCore/GoogleARCore.uplugin" 495
"../../../Engine/Plugins/Runtime/AR/Google/GoogleARCoreServices/GoogleARCoreServices.uplugin" 496
"../../../Engine/Plugins/Developer/Concert/ConcertSync/ConcertSyncClient/ConcertSyncClient.uplugin" 497
"../../../Engine/Plugins/Developer/Concert/ConcertSync/ConcertSyncCore/ConcertSyncCore.uplugin" 498
"../../../Engine/Plugins/Developer/Concert/ConcertSync/ConcertSyncServer/ConcertSyncServer.uplugin" 499
"../../../Engine/Plugins/Developer/Concert/ConcertSync/ConcertSyncTest/ConcertSyncTest.uplugin" 500
"../../../Engine/Plugins/Experimental/Animation/MotionTrajectory/MotionTrajectory.uplugin" 501
"../../../Engine/Platforms/HoloLens/Plugins/Media/HLMedia/HLMedia_HoloLens.uplugin" 502
"../../../Engine/Platforms/HoloLens/Plugins/Media/BinkMedia/BinkMedia_HoloLens.uplugin" 503
"../../../Engine/Platforms/HoloLens/Plugins/Compression/OodleNetwork/OodleNetwork_HoloLens.uplugin" 504
"../../../Engine/Platforms/HoloLens/Plugins/Media/MfMedia/MfMedia_HoloLens.uplugin" 505
"../../../Engine/Platforms/HoloLens/Plugins/Runtime/ApexDestruction/ApexDestruction_HoloLens.uplugin" 506
"../../../Engine/Platforms/HoloLens/Plugins/Runtime/GeoReferencing/GeoReferencing_HoloLens.uplugin" 507
"../../../Engine/Platforms/HoloLens/Plugins/Runtime/MicrosoftSpatialAudio/MicroSoftSpatialSound_HoloLens.uplugin" 508
"../../../Engine/Platforms/HoloLens/Plugins/Runtime/OpenXR/OpenXR_HoloLens.uplugin" 509
"../../../Engine/Platforms/HoloLens/Plugins/Runtime/OpenXREyeTracker/OpenXREyeTracker_HoloLens.uplugin" 510
"../../../Engine/Platforms/HoloLens/Plugins/Runtime/OpenXRHandTracking/OpenXRHandTracking_HoloLens.uplugin" 511
"../../../Engine/Platforms/HoloLens/Plugins/Runtime/OpenXRMsftHandInteraction/OpenXRMsftHandInteraction_HoloLens.uplugin" 512
"../../../Engine/Platforms/HoloLens/Plugins/Online/OnlineServicesEOS/OnlineServicesEOS_HoloLens.uplugin" 513
"../../../Engine/Platforms/HoloLens/Plugins/Online/OnlineServicesEOSGS/OnlineServicesEOSGS_HoloLens.uplugin" 514
"../../../Engine/Platforms/HoloLens/Plugins/Runtime/AR/AzureSpatialAnchors/AzureSpatialAnchors_HoloLens.uplugin" 515
"../../../Engine/Content/Internationalization/icudt64l/cnvalias.icu" 516
"../../../Engine/Content/Internationalization/icudt64l/res_index.res" 517
"../../../Engine/Content/Internationalization/icudt64l/plurals.res" 518
"../../../Engine/Content/Internationalization/icudt64l/lang/en_GB.res" 519
"../../../Engine/Content/Internationalization/icudt64l/lang/pool.res" 520
"../../../Engine/Content/Internationalization/icudt64l/lang/en_001.res" 521
"../../../Engine/Content/Internationalization/icudt64l/lang/en.res" 522
"../../../Engine/Content/Internationalization/icudt64l/lang/root.res" 523
"../../../Engine/Content/Internationalization/icudt64l/region/en_GB.res" 524
"../../../Engine/Content/Internationalization/icudt64l/region/pool.res" 525
"../../../Engine/Content/Internationalization/icudt64l/region/en.res" 526
"../../../Engine/Content/Internationalization/icudt64l/region/root.res" 527
"../../../Engine/Content/Internationalization/icudt64l/windowsZones.res" 528
"../../../Engine/Content/Internationalization/icudt64l/zoneinfo64.res" 529
"../../../Engine/Content/Internationalization/icudt64l/keyTypeData.res" 530
"../../../Engine/Content/Internationalization/icudt64l/timezoneTypes.res" 531
"../../../Engine/Content/Internationalization/icudt64l/likelySubtags.res" 532
"../../../Engine/Content/Internationalization/icudt64l/en_GB.res" 533
"../../../Engine/Content/Internationalization/icudt64l/pool.res" 534
"../../../Engine/Content/Internationalization/icudt64l/en_001.res" 535
"../../../Engine/Content/Internationalization/icudt64l/en.res" 536
"../../../Engine/Content/Internationalization/icudt64l/root.res" 537
"../../../Engine/Content/Internationalization/icudt64l/supplementalData.res" 538
"../../../Engine/Config/ConfigRedirects.ini" 539
"../../../Engine/Config/Base.ini" 540
"../../../Engine/Config/BaseEngine.ini" 541
"C:/Users/franc/AppData/Local/UnrealEngine/5.1/Saved/Config/WindowsEditor/Manifest.ini" 542
"../../../Engine/Config/Windows/BaseWindowsEngine.ini" 543
"E:/Unreal Projects/LeagueJourney/Config/DefaultEngine.ini" 544
"../../../Engine/Config/Windows/WindowsEngine.ini" 545
"E:/Unreal Projects/LeagueJourney/Saved/Config/WindowsEditor/Engine.ini" 546
"../../../Engine/Config/Android/BaseAndroidEngine.ini" 547
"../../../Engine/Config/BaseGame.ini" 548
"../../../Engine/Config/Android/AndroidEngine.ini" 549
"E:/Unreal Projects/LeagueJourney/Config/DefaultGame.ini" 550
"../../../Engine/Config/Windows/WindowsGame.ini" 551
"E:/Unreal Projects/LeagueJourney/Saved/Config/WindowsEditor/Game.ini" 552
"../../../Engine/Config/BaseInput.ini" 553
"E:/Unreal Projects/LeagueJourney/Config/DefaultInput.ini" 554
"E:/Unreal Projects/LeagueJourney/Saved/Config/WindowsEditor/Input.ini" 555
"../../../Engine/Config/Android/BaseAndroidGame.ini" 556
"../../../Engine/Config/BaseDeviceProfiles.ini" 557
"E:/Unreal Projects/LeagueJourney/Saved/Config/WindowsEditor/DeviceProfiles.ini" 558
"../../../Engine/Config/BaseGameUserSettings.ini" 559
"E:/Unreal Projects/LeagueJourney/Saved/Config/WindowsEditor/GameUserSettings.ini" 560
"../../../Engine/Config/BaseScalability.ini" 561
"../../../Engine/Config/HoloLens/HoloLensEngine.ini" 562
"E:/Unreal Projects/LeagueJourney/Platforms/HoloLens/Config/HoloLensEngine.ini" 563
"E:/Unreal Projects/LeagueJourney/Saved/Config/WindowsEditor/Scalability.ini" 564
"../../../Engine/Config/BaseRuntimeOptions.ini" 565
"E:/Unreal Projects/LeagueJourney/Saved/Config/WindowsEditor/RuntimeOptions.ini" 566
"../../../Engine/Config/BaseInstallBundle.ini" 567
"../../../Engine/Config/BaseHardware.ini" 568
"../../../Engine/Config/HoloLens/HoloLensGame.ini" 569
"E:/Unreal Projects/LeagueJourney/Saved/Config/WindowsEditor/Hardware.ini" 570
"../../../Engine/Config/BaseCompat.ini" 571
"E:/Unreal Projects/LeagueJourney/Saved/Config/WindowsEditor/Compat.ini" 572
"../../../Engine/Config/BaseLightmass.ini" 573
"E:/Unreal Projects/LeagueJourney/Saved/Config/WindowsEditor/Lightmass.ini" 574
"../../../Engine/Config/BaseEditor.ini" 575
"E:/Unreal Projects/LeagueJourney/Config/DefaultEditor.ini" 576
"E:/Unreal Projects/LeagueJourney/Saved/Config/WindowsEditor/Editor.ini" 577
"../../../Engine/Config/BaseEditorPerProjectUserSettings.ini" 578
"E:/Unreal Projects/LeagueJourney/Config/DefaultEditorPerProjectUserSettings.ini" 579
"../../../Engine/Config/Windows/WindowsEditorPerProjectUserSettings.ini" 580
"E:/Unreal Projects/LeagueJourney/Saved/Config/WindowsEditor/EditorPerProjectUserSettings.ini" 581
"../../../Engine/Config/BaseEditorSettings.ini" 582
"C:/Users/franc/AppData/Local/UnrealEngine/5.1/Saved/Config/WindowsEditor/EditorSettings.ini" 583
"../../../Engine/Config/BaseEditorKeyBindings.ini" 584
"C:/Users/franc/AppData/Local/UnrealEngine/5.1/Saved/Config/WindowsEditor/EditorKeyBindings.ini" 585
"C:/Users/franc/AppData/Local/UnrealEngine/5.1/Saved/Config/WindowsEditor/EditorLayout.ini" 586
"E:/Unreal Projects/LeagueJourney/Binaries/Win64/LeagueJourney-Win64-Shipping.target" 587
"E:/Unreal Projects/LeagueJourney/Binaries/Win64/LeagueJourney.target" 588
"E:/Unreal Projects/LeagueJourney/Binaries/Win64/LeagueJourneyEditor-Win64-DebugGame.target" 589
"E:/Unreal Projects/LeagueJourney/Binaries/Win64/LeagueJourneyEditor.target" 590
"../../../Engine/Config/Android/AndroidScalability.ini" 591
"../../../Engine/Config/IOS/BaseIOSEngine.ini" 592
"../../../Engine/Config/IOS/IOSEngine.ini" 593
"../../../Engine/Config/IOS/BaseIOSGame.ini" 594
"../../../Engine/Config/IOS/IOSGame.ini" 595
"../../../Engine/Config/IOS/IOSScalability.ini" 596
"../../../Engine/Config/Linux/BaseLinuxEngine.ini" 597
"../../../Engine/Config/Unix/UnixEngine.ini" 598
"../../../Engine/Config/Linux/LinuxEngine.ini" 599
"../../../Engine/Config/Linux/LinuxGame.ini" 600
"../../../Engine/Plugins/EnhancedInput/Config/BaseEnhancedInput.ini" 601
"E:/Unreal Projects/LeagueJourney/Saved/Config/WindowsEditor/EnhancedInput.ini" 602
"../../../Engine/Plugins/2D/Paper2D/Config/BasePaper2D.ini" 603
"E:/Unreal Projects/LeagueJourney/Saved/Config/WindowsEditor/Paper2D.ini" 604
"../../../Engine/Plugins/Editor/EditorScriptingUtilities/Config/BaseEditorScriptingUtilities.ini" 605
"E:/Unreal Projects/LeagueJourney/Saved/Config/WindowsEditor/EditorScriptingUtilities.ini" 606
"../../../Engine/Plugins/Enterprise/DatasmithContent/Config/BaseDatasmithContent.ini" 607
"E:/Unreal Projects/LeagueJourney/Saved/Config/WindowsEditor/DatasmithContent.ini" 608
"../../../Engine/Plugins/Enterprise/GLTFExporter/Config/BaseGLTFExporter.ini" 609
"../../../Engine/Plugins/Enterprise/GLTFExporter/Config/DefaultGLTFExporter.ini" 610
"E:/Unreal Projects/LeagueJourney/Saved/Config/WindowsEditor/GLTFExporter.ini" 611
"../../../Engine/Plugins/Enterprise/VariantManagerContent/Config/BaseVariantManagerContent.ini" 612
"E:/Unreal Projects/LeagueJourney/Saved/Config/WindowsEditor/VariantManagerContent.ini" 613
"../../../Engine/Config/LinuxArm64/LinuxArm64Engine.ini" 614
"../../../Engine/Plugins/Runtime/Metasound/Config/BaseMetasound.ini" 615
"E:/Unreal Projects/LeagueJourney/Saved/Config/WindowsEditor/Metasound.ini" 616
"../../../Engine/Plugins/Runtime/Synthesis/Config/BaseSynthesis.ini" 617
"E:/Unreal Projects/LeagueJourney/Saved/Config/WindowsEditor/Synthesis.ini" 618
"../../../Engine/Plugins/Animation/ControlRig/Config/BaseControlRig.ini" 619
"E:/Unreal Projects/LeagueJourney/Saved/Config/WindowsEditor/ControlRig.ini" 620
"../../../Engine/Plugins/Animation/IKRig/Config/BaseIKRig.ini" 621
"../../../Engine/Config/Mac/BaseMacEngine.ini" 622
"../../../Engine/Config/Mac/MacEngine.ini" 623
"../../../Engine/Plugins/Developer/TraceDataFiltering/Config/BaseTraceDataFilters.ini" 624
"E:/Unreal Projects/LeagueJourney/Saved/Config/WindowsEditor/TraceDataFilters.ini" 625
"../../../Engine/Plugins/Interchange/Runtime/Config/BaseInterchange.ini" 626
"E:/Unreal Projects/LeagueJourney/Saved/Config/WindowsEditor/Interchange.ini" 627
"../../../Engine/Plugins/Interchange/Runtime/Config/Game.ini" 628
"../../../Engine/Plugins/Experimental/FullBodyIK/Config/BaseFullBodyIK.ini" 629
"E:/Unreal Projects/LeagueJourney/Saved/Config/WindowsEditor/FullBodyIK.ini" 630
"../../../Engine/Plugins/FX/Niagara/Config/BaseNiagara.ini" 631
"E:/Unreal Projects/LeagueJourney/Saved/Config/WindowsEditor/Niagara.ini" 632
"../../../Engine/Plugins/Editor/ModelingToolsEditorMode/Binaries/Win64/UnrealEditor.modules" 633
"../../../Engine/Plugins/Runtime/MeshModelingToolset/Binaries/Win64/UnrealEditor.modules" 634
"../../../Engine/Plugins/Experimental/MeshModelingToolsetExp/Binaries/Win64/UnrealEditor.modules" 635
"../../../Engine/Plugins/Experimental/MeshLODToolset/Binaries/Win64/UnrealEditor.modules" 636
"../../../Engine/Plugins/Editor/StylusInput/Binaries/Win64/UnrealEditor.modules" 637
"../../../Engine/Plugins/Runtime/GeometryProcessing/Binaries/Win64/UnrealEditor.modules" 638
"../../../Engine/Plugins/Experimental/ProxyLODPlugin/Binaries/Win64/UnrealEditor.modules" 639
"../../../Engine/Plugins/Experimental/GeometryFlow/Binaries/Win64/UnrealEditor.modules" 640
"../../../Engine/Plugins/Editor/EditorScriptingUtilities/Binaries/Win64/UnrealEditor.modules" 641
"../../../Engine/Plugins/Animation/MotionWarping/Binaries/Win64/UnrealEditor.modules" 642
"../../../Engine/Plugins/Marketplace/AsyncLoadingScreen/Binaries/Win64/UnrealEditor.modules" 643
"../../../Engine/Plugins/Bridge/Binaries/Win64/UnrealEditor.modules" 644
"../../../Engine/Plugins/EnhancedInput/Binaries/Win64/UnrealEditor.modules" 645
"../../../Engine/Plugins/FastBuildController/Binaries/Win64/UnrealEditor.modules" 646
"../../../Engine/Plugins/MeshPainting/Binaries/Win64/UnrealEditor.modules" 647
"../../../Engine/Plugins/Interchange/Editor/Binaries/Win64/UnrealEditor.modules" 648
"../../../Engine/Plugins/Interchange/Runtime/Binaries/Win64/UnrealEditor.modules" 649
"../../../Engine/Plugins/Editor/GLTFImporter/Binaries/Win64/UnrealEditor.modules" 650
"../../../Engine/Plugins/Enterprise/VariantManagerContent/Binaries/Win64/UnrealEditor.modules" 651
"../../../Engine/Plugins/Enterprise/VariantManager/Binaries/Win64/UnrealEditor.modules" 652
"../../../Engine/Plugins/TraceUtilities/Binaries/Win64/UnrealEditor.modules" 653
"../../../Engine/Plugins/XGEController/Binaries/Win64/UnrealEditor.modules" 654
"../../../Engine/Plugins/2D/Paper2D/Binaries/Win64/UnrealEditor.modules" 655
"../../../Engine/Plugins/Compression/OodleNetwork/Binaries/Win64/UnrealEditor.modules" 656
"../../../Engine/Plugins/Editor/AssetManagerEditor/Binaries/Win64/UnrealEditor.modules" 657
"../../../Engine/Plugins/Editor/BlueprintHeaderView/Binaries/Win64/UnrealEditor.modules" 658
"../../../Engine/Plugins/Editor/CryptoKeys/Binaries/Win64/UnrealEditor.modules" 659
"../../../Engine/Plugins/Editor/CurveEditorTools/Binaries/Win64/UnrealEditor.modules" 660
"../../../Engine/Plugins/Editor/DataValidation/Binaries/Win64/UnrealEditor.modules" 661
"../../../Engine/Plugins/Editor/EditorDebugTools/Binaries/Win64/UnrealEditor.modules" 662
"../../../Engine/Plugins/Editor/FacialAnimation/Binaries/Win64/UnrealEditor.modules" 663
"../../../Engine/Plugins/Editor/GameplayTagsEditor/Binaries/Win64/UnrealEditor.modules" 664
"../../../Engine/Plugins/Editor/GeometryMode/Binaries/Win64/UnrealEditor.modules" 665
"../../../Engine/Plugins/Editor/MaterialAnalyzer/Binaries/Win64/UnrealEditor.modules" 666
"../../../Engine/Plugins/Editor/MobileLauncherProfileWizard/Binaries/Win64/UnrealEditor.modules" 667
"../../../Engine/Plugins/Editor/PluginBrowser/Binaries/Win64/UnrealEditor.modules" 668
"../../../Engine/Plugins/Developer/PluginUtils/Binaries/Win64/UnrealEditor.modules" 669
"../../../Engine/Plugins/Editor/SequencerAnimTools/Binaries/Win64/UnrealEditor.modules" 670
"../../../Engine/Plugins/Animation/ControlRig/Binaries/Win64/UnrealEditor.modules" 671
"../../../Engine/Plugins/MovieScene/LevelSequenceEditor/Binaries/Win64/UnrealEditor.modules" 672
"../../../Engine/Plugins/MovieScene/SequencerScripting/Binaries/Win64/UnrealEditor.modules" 673
"../../../Engine/Plugins/Experimental/PythonScriptPlugin/Binaries/Win64/UnrealEditor.modules" 674
"../../../Engine/Plugins/Runtime/PropertyAccess/Binaries/Win64/UnrealEditor.modules" 675
"../../../Engine/Plugins/Editor/ContentBrowser/ContentBrowserFileDataSource/Binaries/Win64/UnrealEditor.modules" 676
"../../../Engine/Plugins/Editor/SpeedTreeImporter/Binaries/Win64/UnrealEditor.modules" 677
"../../../Engine/Plugins/Editor/WorldPartitionHLODUtilities/Binaries/Win64/UnrealEditor.modules" 678
"../../../Engine/Plugins/Enterprise/DatasmithContent/Binaries/Win64/UnrealEditor.modules" 679
"../../../Engine/Plugins/Enterprise/GLTFExporter/Binaries/Win64/UnrealEditor.modules" 680
"../../../Engine/Plugins/Importers/AlembicImporter/Binaries/Win64/UnrealEditor.modules" 681
"../../../Engine/Plugins/Runtime/GeometryCache/Binaries/Win64/UnrealEditor.modules" 682
"../../../Engine/Plugins/FX/Niagara/Binaries/Win64/UnrealEditor.modules" 683
"../../../Engine/Plugins/Messaging/TcpMessaging/Binaries/Win64/UnrealEditor.modules" 684
"../../../Engine/Plugins/Messaging/UdpMessaging/Binaries/Win64/UnrealEditor.modules" 685
"../../../Engine/Plugins/Portal/LauncherChunkInstaller/Binaries/Win64/UnrealEditor.modules" 686
"../../../Engine/Plugins/Runtime/ActorLayerUtilities/Binaries/Win64/UnrealEditor.modules" 687
"../../../Engine/Plugins/Runtime/AndroidDeviceProfileSelector/Binaries/Win64/UnrealEditor.modules" 688
"../../../Engine/Plugins/Runtime/AndroidFileServer/Binaries/Win64/UnrealEditor.modules" 689
"../../../Engine/Plugins/Runtime/AndroidPermission/Binaries/Win64/UnrealEditor.modules" 690
"../../../Engine/Plugins/Runtime/AppleImageUtils/Binaries/Win64/UnrealEditor.modules" 691
"../../../Engine/Plugins/Runtime/AudioCapture/Binaries/Win64/UnrealEditor.modules" 692
"../../../Engine/Plugins/Runtime/ArchVisCharacter/Binaries/Win64/UnrealEditor.modules" 693
"../../../Engine/Plugins/Runtime/AssetTags/Binaries/Win64/UnrealEditor.modules" 694
"../../../Engine/Plugins/Runtime/CableComponent/Binaries/Win64/UnrealEditor.modules" 695
"../../../Engine/Plugins/Runtime/ChunkDownloader/Binaries/Win64/UnrealEditor.modules" 696
"../../../Engine/Plugins/Runtime/CustomMeshComponent/Binaries/Win64/UnrealEditor.modules" 697
"../../../Engine/Plugins/Runtime/ExampleDeviceProfileSelector/Binaries/Win64/UnrealEditor.modules" 698
"../../../Engine/Plugins/Runtime/GooglePAD/Binaries/Win64/UnrealEditor.modules" 699
"../../../Engine/Plugins/Runtime/InputDebugging/Binaries/Win64/UnrealEditor.modules" 700
"../../../Engine/Plugins/Runtime/LocationServicesBPLibrary/Binaries/Win64/UnrealEditor.modules" 701
"../../../Engine/Plugins/Runtime/Metasound/Binaries/Win64/UnrealEditor.modules" 702
"../../../Engine/Plugins/Runtime/AudioWidgets/Binaries/Win64/UnrealEditor.modules" 703
"../../../Engine/Plugins/Runtime/AudioSynesthesia/Binaries/Win64/UnrealEditor.modules" 704
"../../../Engine/Plugins/Runtime/WaveTable/Binaries/Win64/UnrealEditor.modules" 705
"../../../Engine/Plugins/Runtime/MobilePatchingUtils/Binaries/Win64/UnrealEditor.modules" 706
"../../../Engine/Plugins/Runtime/ProceduralMeshComponent/Binaries/Win64/UnrealEditor.modules" 707
"../../../Engine/Plugins/Runtime/ResonanceAudio/Binaries/Win64/UnrealEditor.modules" 708
"../../../Engine/Plugins/Runtime/SoundFields/Binaries/Win64/UnrealEditor.modules" 709
"../../../Engine/Plugins/Runtime/Synthesis/Binaries/Win64/UnrealEditor.modules" 710
"../../../Engine/Plugins/Runtime/WebMMoviePlayer/Binaries/Win64/UnrealEditor.modules" 711
"../../../Engine/Plugins/Media/WebMMedia/Binaries/Win64/UnrealEditor.modules" 712
"../../../Engine/Plugins/Runtime/WindowsDeviceProfileSelector/Binaries/Win64/UnrealEditor.modules" 713
"../../../Engine/Config/TVOS/TVOSEngine.ini" 714
"../../../Engine/Plugins/Runtime/WindowsMoviePlayer/Binaries/Win64/UnrealEditor.modules" 715
"../../../Engine/Plugins/Tests/InterchangeTests/Binaries/Win64/UnrealEditor.modules" 716
"../../../Engine/Plugins/Animation/AnimationModifierLibrary/Binaries/Win64/UnrealEditor.modules" 717
"../../../Engine/Plugins/Animation/BlendSpaceMotionAnalysis/Binaries/Win64/UnrealEditor.modules" 718
"../../../Engine/Plugins/Animation/ControlRigSpline/Binaries/Win64/UnrealEditor.modules" 719
"../../../Engine/Plugins/Animation/IKRig/Binaries/Win64/UnrealEditor.modules" 720
"../../../Engine/Plugins/Experimental/FullBodyIK/Binaries/Win64/UnrealEditor.modules" 721
"../../../Engine/Plugins/Developer/AnimationSharing/Binaries/Win64/UnrealEditor.modules" 722
"../../../Engine/Plugins/Runtime/SignificanceManager/Binaries/Win64/UnrealEditor.modules" 723
"../../../Engine/Plugins/Developer/CLionSourceCodeAccess/Binaries/Win64/UnrealEditor.modules" 724
"../../../Engine/Plugins/Developer/DumpGPUServices/Binaries/Win64/UnrealEditor.modules" 725
"../../../Engine/Plugins/Developer/GitSourceControl/Binaries/Win64/UnrealEditor.modules" 726
"../../../Engine/Plugins/Developer/PerforceSourceControl/Binaries/Win64/UnrealEditor.modules" 727
"../../../Engine/Plugins/Developer/PixWinPlugin/Binaries/Win64/UnrealEditor.modules" 728
"../../../Engine/Plugins/Developer/PlasticSourceControl/Binaries/Win64/UnrealEditor.modules" 729
"../../../Engine/Plugins/Developer/PropertyAccessNode/Binaries/Win64/UnrealEditor.modules" 730
"../../../Engine/Plugins/Developer/SubversionSourceControl/Binaries/Win64/UnrealEditor.modules" 731
"../../../Engine/Plugins/Developer/RiderSourceCodeAccess/Binaries/Win64/UnrealEditor.modules" 732
"../../../Engine/Plugins/Developer/TextureFormatOodle/Binaries/Win64/UnrealEditor.modules" 733
"../../../Engine/Plugins/Developer/TraceDataFiltering/Binaries/Win64/UnrealEditor.modules" 734
"../../../Engine/Plugins/Developer/UObjectPlugin/Binaries/Win64/UnrealEditor.modules" 735
"../../../Engine/Plugins/Developer/VisualStudioCodeSourceCodeAccess/Binaries/Win64/UnrealEditor.modules" 736
"../../../Engine/Plugins/Developer/VisualStudioSourceCodeAccess/Binaries/Win64/UnrealEditor.modules" 737
"../../../Engine/Plugins/AI/AISupport/Binaries/Win64/UnrealEditor.modules" 738
"../../../Engine/Plugins/AI/EnvironmentQueryEditor/Binaries/Win64/UnrealEditor.modules" 739
"../../../Engine/Plugins/Cameras/GameplayCameras/Binaries/Win64/UnrealEditor.modules" 740
"../../../Engine/Plugins/MovieScene/TemplateSequence/Binaries/Win64/UnrealEditor.modules" 741
"../../../Engine/Plugins/Cameras/CameraShakePreviewer/Binaries/Win64/UnrealEditor.modules" 742
"../../../Engine/Plugins/Experimental/AutomationUtils/Binaries/Win64/UnrealEditor.modules" 743
"../../../Engine/Plugins/Experimental/BackChannel/Binaries/Win64/UnrealEditor.modules" 744
"../../../Engine/Plugins/Experimental/ChaosCloth/Binaries/Win64/UnrealEditor.modules" 745
"../../../Engine/Plugins/Experimental/ChaosCaching/Binaries/Win64/UnrealEditor.modules" 746
"../../../Engine/Plugins/VirtualProduction/Takes/Binaries/Win64/UnrealEditor.modules" 747
"../../../Engine/Plugins/Experimental/ChaosClothEditor/Binaries/Win64/UnrealEditor.modules" 748
"../../../Engine/Plugins/Experimental/ChaosEditor/Binaries/Win64/UnrealEditor.modules" 749
"../../../Engine/Plugins/Experimental/PlanarCutPlugin/Binaries/Win64/UnrealEditor.modules" 750
"../../../Engine/Plugins/Experimental/GeometryCollectionPlugin/Binaries/Win64/UnrealEditor.modules" 751
"../../../Engine/Plugins/Experimental/ChaosSolverPlugin/Binaries/Win64/UnrealEditor.modules" 752
"../../../Engine/Plugins/Experimental/Dataflow/Binaries/Win64/UnrealEditor.modules" 753
"../../../Engine/Plugins/Experimental/ChaosNiagara/Binaries/Win64/UnrealEditor.modules" 754
"../../../Engine/Plugins/Experimental/ChaosUserDataPT/Binaries/Win64/UnrealEditor.modules" 755
"../../../Engine/Plugins/Experimental/CharacterAI/Binaries/Win64/UnrealEditor.modules" 756
"../../../Engine/Plugins/Experimental/Iris/Binaries/Win64/UnrealEditor.modules" 757
"../../../Engine/Plugins/Experimental/OpenImageDenoise/Binaries/Win64/UnrealEditor.modules" 758
"../../../Engine/Plugins/Experimental/PlatformCrypto/Binaries/Win64/UnrealEditor.modules" 759
"../../../Engine/Plugins/Experimental/SkeletalReduction/Binaries/Win64/UnrealEditor.modules" 760
"../../../Engine/Plugins/Experimental/UVEditor/Binaries/Win64/UnrealEditor.modules" 761
"../../../Engine/Plugins/Online/OnlineBase/Binaries/Win64/UnrealEditor.modules" 762
"../../../Engine/Plugins/Online/OnlineSubsystem/Binaries/Win64/UnrealEditor.modules" 763
"../../../Engine/Plugins/Online/OnlineSubsystemNull/Binaries/Win64/UnrealEditor.modules" 764
"../../../Engine/Plugins/Online/OnlineSubsystemUtils/Binaries/Win64/UnrealEditor.modules" 765
"../../../Engine/Plugins/Online/OnlineServices/Binaries/Win64/UnrealEditor.modules" 766
"../../../Engine/Plugins/Media/AndroidMedia/Binaries/Win64/UnrealEditor.modules" 767
"../../../Engine/Plugins/Media/AvfMedia/Binaries/Win64/UnrealEditor.modules" 768
"../../../Engine/Plugins/Media/ImgMedia/Binaries/Win64/UnrealEditor.modules" 769
"../../../Engine/Plugins/Media/MediaCompositing/Binaries/Win64/UnrealEditor.modules" 770
"../../../Engine/Plugins/Media/MediaPlate/Binaries/Win64/UnrealEditor.modules" 771
"../../../Engine/Plugins/Media/MediaPlayerEditor/Binaries/Win64/UnrealEditor.modules" 772
"../../../Engine/Plugins/Media/WmfMedia/Binaries/Win64/UnrealEditor.modules" 773
"../../../Engine/Plugins/MovieScene/ActorSequence/Binaries/Win64/UnrealEditor.modules" 774
"../../../Engine/Plugins/Editor/ContentBrowser/ContentBrowserAssetDataSource/Binaries/Win64/UnrealEditor.modules" 775
"../../../Engine/Plugins/Editor/ContentBrowser/ContentBrowserClassDataSource/Binaries/Win64/UnrealEditor.modules" 776
"../../../Engine/Plugins/Editor/ObjectMixer/ObjectMixer/Binaries/Win64/UnrealEditor.modules" 777
"../../../Engine/Plugins/Editor/ObjectMixer/LightMixer/Binaries/Win64/UnrealEditor.modules" 778
"../../../Engine/Config/Mac/MacGame.ini" 779
"C:/Users/franc/AppData/Local/UnrealEngine/5.1/Saved/Config/WindowsEditor/SourceControlSettings.ini" 780
"../../../Engine/Content/Certificates/ThirdParty/cacert.pem" 781
"../../../Engine/Config/ConsoleVariables.ini" 782
"../../../Engine/Binaries/Win64/Android/UnrealEditor.modules" 783
"../../../Engine/Binaries/Win64/IOS/UnrealEditor.modules" 784
"../../../Engine/Binaries/Win64/Linux/UnrealEditor.modules" 785
"../../../Engine/Binaries/Win64/LinuxArm64/UnrealEditor.modules" 786
"C:\Program Files\Epic Games\UE_5.1\Engine\Binaries\ThirdParty\ShaderConductor\Win64\dxcompiler.dll" 787
"C:\Program Files\Epic Games\UE_5.1\Engine\Binaries\ThirdParty\ShaderConductor\Win64\dxil.dll" 788
"C:\Program Files\Epic Games\UE_5.1\Engine\Binaries\ThirdParty\ShaderConductor\Win64\ShaderConductor.dll" 789
"E:/Unreal Projects/LeagueJourney/Content/Localization/Game/Game.locmeta" 790
"E:/Unreal Projects/LeagueJourney/Content/Localization/Game/en/Game.locres" 791
"../../../Engine/Content/Localization/Editor/en/Editor.locres" 792
"../../../Engine/Content/Localization/EditorTutorials/en/EditorTutorials.locres" 793
"../../../Engine/Content/Localization/Keywords/en/Keywords.locres" 794
"../../../Engine/Content/Localization/Category/en/Category.locres" 795
"../../../Engine/Content/Localization/ToolTips/en/ToolTips.locres" 796
"../../../Engine/Content/Localization/PropertyNames/en/PropertyNames.locres" 797
"../../../Engine/Content/Localization/Engine/en/Engine.locres" 798
"../../../Engine/Plugins/Online/OnlineSubsystem/Content/Localization/OnlineSubsystem/en/OnlineSubsystem.locres" 799
"../../../Engine/Plugins/Online/OnlineSubsystemUtils/Content/Localization/OnlineSubsystemUtils/en/OnlineSubsystemUtils.locres" 800
"../../../Engine/Plugins/Online/IOS/OnlineSubsystemIOS/Content/Localization/OnlineSubsystemIOS/en/OnlineSubsystemIOS.locres" 801
"../../../Engine/Plugins/Online/Android/OnlineSubsystemGooglePlay/Content/Localization/OnlineSubsystemGooglePlay/en/OnlineSubsystemGooglePlay.locres" 802
"../../../Engine/Content/Internationalization/icudt64l/numberingSystems.res" 803
"../../../Engine/Content/Internationalization/icudt64l/curr/supplementalData.res" 804
"../../../Engine/Content/Internationalization/icudt64l/curr/en_GB.res" 805
"../../../Engine/Content/Internationalization/icudt64l/curr/pool.res" 806
"../../../Engine/Content/Internationalization/icudt64l/curr/en_001.res" 807
"../../../Engine/Content/Internationalization/icudt64l/curr/en.res" 808
"../../../Engine/Content/Internationalization/icudt64l/curr/root.res" 809
"../../../Engine/Content/Internationalization/icudt64l/lang/af.res" 810
"../../../Engine/Content/Internationalization/icudt64l/region/af.res" 811
"../../../Engine/Content/Internationalization/icudt64l/lang/agq.res" 812
"../../../Engine/Content/Internationalization/icudt64l/region/agq.res" 813
"../../../Engine/Content/Internationalization/icudt64l/lang/ak.res" 814
"../../../Engine/Content/Internationalization/icudt64l/region/ak.res" 815
"../../../Engine/Content/Internationalization/icudt64l/lang/am.res" 816
"../../../Engine/Content/Internationalization/icudt64l/region/am.res" 817
"../../../Engine/Content/Internationalization/icudt64l/lang/ar.res" 818
"../../../Engine/Content/Internationalization/icudt64l/region/ar.res" 819
"../../../Engine/Content/Internationalization/icudt64l/region/ar_AE.res" 820
"../../../Engine/Content/Internationalization/icudt64l/lang/ar_EG.res" 821
"../../../Engine/Content/Internationalization/icudt64l/lang/ar_LY.res" 822
"../../../Engine/Content/Internationalization/icudt64l/region/ar_LY.res" 823
"../../../Engine/Content/Internationalization/icudt64l/lang/ar_SA.res" 824
"../../../Engine/Content/Internationalization/icudt64l/region/ar_SA.res" 825
"../../../Engine/Content/Internationalization/icudt64l/lang/as.res" 826
"../../../Engine/Content/Internationalization/icudt64l/region/as.res" 827
"../../../Engine/Content/Internationalization/icudt64l/lang/asa.res" 828
"../../../Engine/Content/Internationalization/icudt64l/region/asa.res" 829
"../../../Engine/Content/Internationalization/icudt64l/lang/ast.res" 830
"../../../Engine/Content/Internationalization/icudt64l/region/ast.res" 831
"../../../Engine/Content/Internationalization/icudt64l/lang/az.res" 832
"../../../Engine/Content/Internationalization/icudt64l/lang/az_Cyrl.res" 833
"../../../Engine/Content/Internationalization/icudt64l/lang/az_AZ.res" 834
"../../../Engine/Content/Internationalization/icudt64l/lang/az_Latn_AZ.res" 835
"../../../Engine/Content/Internationalization/icudt64l/lang/az_Latn.res" 836
"../../../Engine/Content/Internationalization/icudt64l/region/az_AZ.res" 837
"../../../Engine/Content/Internationalization/icudt64l/region/az_Latn_AZ.res" 838
"../../../Engine/Content/Internationalization/icudt64l/region/az_Latn.res" 839
"../../../Engine/Content/Internationalization/icudt64l/region/az.res" 840
"../../../Engine/Content/Internationalization/icudt64l/region/az_Cyrl.res" 841
"../../../Engine/Content/Internationalization/icudt64l/lang/bas.res" 842
"../../../Engine/Content/Internationalization/icudt64l/region/bas.res" 843
"../../../Engine/Content/Internationalization/icudt64l/lang/be.res" 844
"../../../Engine/Content/Internationalization/icudt64l/region/be.res" 845
"../../../Engine/Content/Internationalization/icudt64l/lang/bem.res" 846
"../../../Engine/Content/Internationalization/icudt64l/region/bem.res" 847
"../../../Engine/Content/Internationalization/icudt64l/lang/bez.res" 848
"../../../Engine/Content/Internationalization/icudt64l/region/bez.res" 849
"../../../Engine/Content/Internationalization/icudt64l/lang/bg.res" 850
"../../../Engine/Content/Internationalization/icudt64l/region/bg.res" 851
"../../../Engine/Content/Internationalization/icudt64l/lang/bm.res" 852
"../../../Engine/Content/Internationalization/icudt64l/region/bm.res" 853
"../../../Engine/Content/Internationalization/icudt64l/lang/bn.res" 854
"../../../Engine/Content/Internationalization/icudt64l/region/bn.res" 855
"../../../Engine/Content/Internationalization/icudt64l/lang/bn_IN.res" 856
"../../../Engine/Content/Internationalization/icudt64l/region/bn_IN.res" 857
"../../../Engine/Content/Internationalization/icudt64l/lang/bo.res" 858
"../../../Engine/Content/Internationalization/icudt64l/region/bo.res" 859
"../../../Engine/Content/Internationalization/icudt64l/region/bo_IN.res" 860
"../../../Engine/Content/Internationalization/icudt64l/lang/br.res" 861
"../../../Engine/Content/Internationalization/icudt64l/region/br.res" 862
"../../../Engine/Content/Internationalization/icudt64l/lang/brx.res" 863
"../../../Engine/Content/Internationalization/icudt64l/region/brx.res" 864
"../../../Engine/Content/Internationalization/icudt64l/lang/bs.res" 865
"../../../Engine/Content/Internationalization/icudt64l/lang/bs_Cyrl.res" 866
"../../../Engine/Content/Internationalization/icudt64l/lang/bs_BA.res" 867
"../../../Engine/Content/Internationalization/icudt64l/lang/bs_Latn_BA.res" 868
"../../../Engine/Content/Internationalization/icudt64l/lang/bs_Latn.res" 869
"../../../Engine/Content/Internationalization/icudt64l/region/bs_BA.res" 870
"../../../Engine/Content/Internationalization/icudt64l/region/bs_Latn_BA.res" 871
"../../../Engine/Content/Internationalization/icudt64l/region/bs_Latn.res" 872
"../../../Engine/Content/Internationalization/icudt64l/region/bs.res" 873
"../../../Engine/Content/Internationalization/icudt64l/region/bs_Cyrl.res" 874
"../../../Engine/Content/Internationalization/icudt64l/lang/ca.res" 875
"../../../Engine/Content/Internationalization/icudt64l/region/ca.res" 876
"../../../Engine/Content/Internationalization/icudt64l/lang/ccp.res" 877
"../../../Engine/Content/Internationalization/icudt64l/region/ccp.res" 878
"../../../Engine/Content/Internationalization/icudt64l/lang/ce.res" 879
"../../../Engine/Content/Internationalization/icudt64l/region/ce.res" 880
"../../../Engine/Content/Internationalization/icudt64l/lang/ceb.res" 881
"../../../Engine/Content/Internationalization/icudt64l/region/ceb.res" 882
"../../../Engine/Content/Internationalization/icudt64l/lang/cgg.res" 883
"../../../Engine/Content/Internationalization/icudt64l/region/cgg.res" 884
"../../../Engine/Content/Internationalization/icudt64l/lang/chr.res" 885
"../../../Engine/Content/Internationalization/icudt64l/region/chr.res" 886
"../../../Engine/Content/Internationalization/icudt64l/lang/ckb.res" 887
"../../../Engine/Content/Internationalization/icudt64l/region/ckb.res" 888
"../../../Engine/Content/Internationalization/icudt64l/lang/cs.res" 889
"../../../Engine/Content/Internationalization/icudt64l/region/cs.res" 890
"../../../Engine/Content/Internationalization/icudt64l/lang/cy.res" 891
"../../../Engine/Content/Internationalization/icudt64l/region/cy.res" 892
"../../../Engine/Content/Internationalization/icudt64l/lang/da.res" 893
"../../../Engine/Content/Internationalization/icudt64l/region/da.res" 894
"../../../Engine/Content/Internationalization/icudt64l/lang/dav.res" 895
"../../../Engine/Content/Internationalization/icudt64l/region/dav.res" 896
"../../../Engine/Content/Internationalization/icudt64l/lang/de.res" 897
"../../../Engine/Content/Internationalization/icudt64l/lang/de_AT.res" 898
"../../../Engine/Content/Internationalization/icudt64l/region/de_AT.res" 899
"../../../Engine/Content/Internationalization/icudt64l/region/de.res" 900
"../../../Engine/Content/Internationalization/icudt64l/lang/de_CH.res" 901
"../../../Engine/Content/Internationalization/icudt64l/region/de_CH.res" 902
"../../../Engine/Content/Internationalization/icudt64l/lang/de_LU.res" 903
"../../../Engine/Content/Internationalization/icudt64l/lang/dje.res" 904
"../../../Engine/Content/Internationalization/icudt64l/region/dje.res" 905
"../../../Engine/Content/Internationalization/icudt64l/lang/dsb.res" 906
"../../../Engine/Content/Internationalization/icudt64l/region/dsb.res" 907
"../../../Engine/Content/Internationalization/icudt64l/lang/dua.res" 908
"../../../Engine/Content/Internationalization/icudt64l/region/dua.res" 909
"../../../Engine/Content/Internationalization/icudt64l/lang/dyo.res" 910
"../../../Engine/Content/Internationalization/icudt64l/region/dyo.res" 911
"../../../Engine/Content/Internationalization/icudt64l/lang/dz.res" 912
"../../../Engine/Content/Internationalization/icudt64l/region/dz.res" 913
"../../../Engine/Content/Internationalization/icudt64l/lang/ebu.res" 914
"../../../Engine/Content/Internationalization/icudt64l/region/ebu.res" 915
"../../../Engine/Content/Internationalization/icudt64l/lang/ee.res" 916
"../../../Engine/Content/Internationalization/icudt64l/region/ee.res" 917
"../../../Engine/Content/Internationalization/icudt64l/lang/el.res" 918
"../../../Engine/Content/Internationalization/icudt64l/region/el.res" 919
"../../../Engine/Content/Internationalization/icudt64l/lang/en_150.res" 920
"../../../Engine/Content/Internationalization/icudt64l/region/en_150.res" 921
"../../../Engine/Content/Internationalization/icudt64l/lang/en_AG.res" 922
"../../../Engine/Content/Internationalization/icudt64l/region/en_AG.res" 923
"../../../Engine/Content/Internationalization/icudt64l/lang/en_AI.res" 924
"../../../Engine/Content/Internationalization/icudt64l/region/en_AI.res" 925
"../../../Engine/Content/Internationalization/icudt64l/lang/en_AT.res" 926
"../../../Engine/Content/Internationalization/icudt64l/region/en_AT.res" 927
"../../../Engine/Content/Internationalization/icudt64l/lang/en_AU.res" 928
"../../../Engine/Content/Internationalization/icudt64l/region/en_AU.res" 929
"../../../Engine/Content/Internationalization/icudt64l/lang/en_BB.res" 930
"../../../Engine/Content/Internationalization/icudt64l/region/en_BB.res" 931
"../../../Engine/Content/Internationalization/icudt64l/lang/en_BE.res" 932
"../../../Engine/Content/Internationalization/icudt64l/region/en_BE.res" 933
"../../../Engine/Content/Internationalization/icudt64l/lang/en_BM.res" 934
"../../../Engine/Content/Internationalization/icudt64l/region/en_BM.res" 935
"../../../Engine/Content/Internationalization/icudt64l/lang/en_BS.res" 936
"../../../Engine/Content/Internationalization/icudt64l/region/en_BS.res" 937
"../../../Engine/Content/Internationalization/icudt64l/lang/en_BW.res" 938
"../../../Engine/Content/Internationalization/icudt64l/region/en_BW.res" 939
"../../../Engine/Content/Internationalization/icudt64l/lang/en_BZ.res" 940
"../../../Engine/Content/Internationalization/icudt64l/region/en_BZ.res" 941
"../../../Engine/Content/Internationalization/icudt64l/lang/en_CA.res" 942
"../../../Engine/Content/Internationalization/icudt64l/region/en_CA.res" 943
"../../../Engine/Content/Internationalization/icudt64l/lang/en_CC.res" 944
"../../../Engine/Content/Internationalization/icudt64l/region/en_CC.res" 945
"../../../Engine/Content/Internationalization/icudt64l/lang/en_CH.res" 946
"../../../Engine/Content/Internationalization/icudt64l/region/en_CH.res" 947
"../../../Engine/Content/Internationalization/icudt64l/lang/en_CK.res" 948
"../../../Engine/Content/Internationalization/icudt64l/region/en_CK.res" 949
"../../../Engine/Content/Internationalization/icudt64l/lang/en_CM.res" 950
"../../../Engine/Content/Internationalization/icudt64l/region/en_CM.res" 951
"../../../Engine/Content/Internationalization/icudt64l/lang/en_CX.res" 952
"../../../Engine/Content/Internationalization/icudt64l/region/en_CX.res" 953
"../../../Engine/Content/Internationalization/icudt64l/lang/en_CY.res" 954
"../../../Engine/Content/Internationalization/icudt64l/region/en_CY.res" 955
"../../../Engine/Content/Internationalization/icudt64l/lang/en_DE.res" 956
"../../../Engine/Content/Internationalization/icudt64l/region/en_DE.res" 957
"../../../Engine/Content/Internationalization/icudt64l/lang/en_DG.res" 958
"../../../Engine/Content/Internationalization/icudt64l/region/en_DG.res" 959
"../../../Engine/Content/Internationalization/icudt64l/lang/en_DK.res" 960
"../../../Engine/Content/Internationalization/icudt64l/region/en_DK.res" 961
"../../../Engine/Content/Internationalization/icudt64l/lang/en_DM.res" 962
"../../../Engine/Content/Internationalization/icudt64l/region/en_DM.res" 963
"../../../Engine/Content/Internationalization/icudt64l/lang/en_ER.res" 964
"../../../Engine/Content/Internationalization/icudt64l/region/en_ER.res" 965
"../../../Engine/Content/Internationalization/icudt64l/lang/en_FI.res" 966
"../../../Engine/Content/Internationalization/icudt64l/region/en_FI.res" 967
"../../../Engine/Content/Internationalization/icudt64l/lang/en_FJ.res" 968
"../../../Engine/Content/Internationalization/icudt64l/region/en_FJ.res" 969
"../../../Engine/Content/Internationalization/icudt64l/lang/en_FK.res" 970
"../../../Engine/Content/Internationalization/icudt64l/region/en_FK.res" 971
"../../../Engine/Content/Internationalization/icudt64l/lang/en_FM.res" 972
"../../../Engine/Content/Internationalization/icudt64l/region/en_FM.res" 973
"../../../Engine/Content/Internationalization/icudt64l/lang/en_GD.res" 974
"../../../Engine/Content/Internationalization/icudt64l/region/en_GD.res" 975
"../../../Engine/Content/Internationalization/icudt64l/lang/en_GG.res" 976
"../../../Engine/Content/Internationalization/icudt64l/region/en_GG.res" 977
"../../../Engine/Content/Internationalization/icudt64l/lang/en_GH.res" 978
"../../../Engine/Content/Internationalization/icudt64l/region/en_GH.res" 979
"../../../Engine/Content/Internationalization/icudt64l/lang/en_GI.res" 980
"../../../Engine/Content/Internationalization/icudt64l/region/en_GI.res" 981
"../../../Engine/Content/Internationalization/icudt64l/lang/en_GM.res" 982
"../../../Engine/Content/Internationalization/icudt64l/region/en_GM.res" 983
"../../../Engine/Content/Internationalization/icudt64l/lang/en_GY.res" 984
"../../../Engine/Content/Internationalization/icudt64l/region/en_GY.res" 985
"../../../Engine/Content/Internationalization/icudt64l/lang/en_HK.res" 986
"../../../Engine/Content/Internationalization/icudt64l/region/en_HK.res" 987
"../../../Engine/Content/Internationalization/icudt64l/lang/en_IE.res" 988
"../../../Engine/Content/Internationalization/icudt64l/region/en_IE.res" 989
"../../../Engine/Content/Internationalization/icudt64l/lang/en_IL.res" 990
"../../../Engine/Content/Internationalization/icudt64l/region/en_IL.res" 991
"../../../Engine/Content/Internationalization/icudt64l/lang/en_IM.res" 992
"../../../Engine/Content/Internationalization/icudt64l/region/en_IM.res" 993
"../../../Engine/Content/Internationalization/icudt64l/lang/en_IN.res" 994
"../../../Engine/Content/Internationalization/icudt64l/region/en_IN.res" 995
"../../../Engine/Content/Internationalization/icudt64l/lang/en_IO.res" 996
"../../../Engine/Content/Internationalization/icudt64l/region/en_IO.res" 997
"../../../Engine/Content/Internationalization/icudt64l/lang/en_JE.res" 998
"../../../Engine/Content/Internationalization/icudt64l/region/en_JE.res" 999
"../../../Engine/Content/Internationalization/icudt64l/lang/en_JM.res" 1000
"../../../Engine/Content/Internationalization/icudt64l/region/en_JM.res" 1001
"../../../Engine/Content/Internationalization/icudt64l/lang/en_KE.res" 1002
"../../../Engine/Content/Internationalization/icudt64l/region/en_KE.res" 1003
"../../../Engine/Content/Internationalization/icudt64l/lang/en_KI.res" 1004
"../../../Engine/Content/Internationalization/icudt64l/region/en_KI.res" 1005
"../../../Engine/Content/Internationalization/icudt64l/lang/en_KN.res" 1006
"../../../Engine/Content/Internationalization/icudt64l/region/en_KN.res" 1007
"../../../Engine/Content/Internationalization/icudt64l/lang/en_KY.res" 1008
"../../../Engine/Content/Internationalization/icudt64l/region/en_KY.res" 1009
"../../../Engine/Content/Internationalization/icudt64l/lang/en_LC.res" 1010
"../../../Engine/Content/Internationalization/icudt64l/region/en_LC.res" 1011
"../../../Engine/Content/Internationalization/icudt64l/lang/en_LR.res" 1012
"../../../Engine/Content/Internationalization/icudt64l/region/en_LR.res" 1013
"../../../Engine/Content/Internationalization/icudt64l/lang/en_LS.res" 1014
"../../../Engine/Content/Internationalization/icudt64l/region/en_LS.res" 1015
"../../../Engine/Content/Internationalization/icudt64l/lang/en_MG.res" 1016
"../../../Engine/Content/Internationalization/icudt64l/region/en_MG.res" 1017
"../../../Engine/Content/Internationalization/icudt64l/lang/en_MO.res" 1018
"../../../Engine/Content/Internationalization/icudt64l/region/en_MO.res" 1019
"../../../Engine/Content/Internationalization/icudt64l/lang/en_MS.res" 1020
"../../../Engine/Content/Internationalization/icudt64l/region/en_MS.res" 1021
"../../../Engine/Content/Internationalization/icudt64l/lang/en_MT.res" 1022
"../../../Engine/Content/Internationalization/icudt64l/region/en_MT.res" 1023
"../../../Engine/Content/Internationalization/icudt64l/lang/en_MU.res" 1024
"../../../Engine/Content/Internationalization/icudt64l/region/en_MU.res" 1025
"../../../Engine/Content/Internationalization/icudt64l/lang/en_MW.res" 1026
"../../../Engine/Content/Internationalization/icudt64l/region/en_MW.res" 1027
"../../../Engine/Content/Internationalization/icudt64l/lang/en_MY.res" 1028
"../../../Engine/Content/Internationalization/icudt64l/region/en_MY.res" 1029
"../../../Engine/Content/Internationalization/icudt64l/lang/en_NA.res" 1030
"../../../Engine/Content/Internationalization/icudt64l/region/en_NA.res" 1031
"../../../Engine/Content/Internationalization/icudt64l/lang/en_NF.res" 1032
"../../../Engine/Content/Internationalization/icudt64l/region/en_NF.res" 1033
"../../../Engine/Content/Internationalization/icudt64l/lang/en_NG.res" 1034
"../../../Engine/Content/Internationalization/icudt64l/region/en_NG.res" 1035
"../../../Engine/Content/Internationalization/icudt64l/lang/en_NL.res" 1036
"../../../Engine/Content/Internationalization/icudt64l/region/en_NL.res" 1037
"../../../Engine/Content/Internationalization/icudt64l/lang/en_NR.res" 1038
"../../../Engine/Content/Internationalization/icudt64l/region/en_NR.res" 1039
"../../../Engine/Content/Internationalization/icudt64l/lang/en_NU.res" 1040
"../../../Engine/Content/Internationalization/icudt64l/region/en_NU.res" 1041
"../../../Engine/Content/Internationalization/icudt64l/lang/en_NZ.res" 1042
"../../../Engine/Content/Internationalization/icudt64l/region/en_NZ.res" 1043
"../../../Engine/Content/Internationalization/icudt64l/lang/en_PG.res" 1044
"../../../Engine/Content/Internationalization/icudt64l/region/en_PG.res" 1045
"../../../Engine/Content/Internationalization/icudt64l/lang/en_PH.res" 1046
"../../../Engine/Content/Internationalization/icudt64l/region/en_PH.res" 1047
"../../../Engine/Content/Internationalization/icudt64l/lang/en_PK.res" 1048
"../../../Engine/Content/Internationalization/icudt64l/region/en_PK.res" 1049
"../../../Engine/Content/Internationalization/icudt64l/lang/en_PN.res" 1050
"../../../Engine/Content/Internationalization/icudt64l/region/en_PN.res" 1051
"../../../Engine/Content/Internationalization/icudt64l/lang/en_PW.res" 1052
"../../../Engine/Content/Internationalization/icudt64l/region/en_PW.res" 1053
"../../../Engine/Content/Internationalization/icudt64l/lang/en_RW.res" 1054
"../../../Engine/Content/Internationalization/icudt64l/region/en_RW.res" 1055
"../../../Engine/Content/Internationalization/icudt64l/lang/en_SB.res" 1056
"../../../Engine/Content/Internationalization/icudt64l/region/en_SB.res" 1057
"../../../Engine/Content/Internationalization/icudt64l/lang/en_SC.res" 1058
"../../../Engine/Content/Internationalization/icudt64l/region/en_SC.res" 1059
"../../../Engine/Content/Internationalization/icudt64l/lang/en_SD.res" 1060
"../../../Engine/Content/Internationalization/icudt64l/region/en_SD.res" 1061
"../../../Engine/Content/Internationalization/icudt64l/lang/en_SE.res" 1062
"../../../Engine/Content/Internationalization/icudt64l/region/en_SE.res" 1063
"../../../Engine/Content/Internationalization/icudt64l/lang/en_SG.res" 1064
"../../../Engine/Content/Internationalization/icudt64l/region/en_SG.res" 1065
"../../../Engine/Content/Internationalization/icudt64l/lang/en_SH.res" 1066
"../../../Engine/Content/Internationalization/icudt64l/region/en_SH.res" 1067
"../../../Engine/Content/Internationalization/icudt64l/lang/en_SI.res" 1068
"../../../Engine/Content/Internationalization/icudt64l/region/en_SI.res" 1069
"../../../Engine/Content/Internationalization/icudt64l/lang/en_SL.res" 1070
"../../../Engine/Content/Internationalization/icudt64l/region/en_SL.res" 1071
"../../../Engine/Content/Internationalization/icudt64l/lang/en_SS.res" 1072
"../../../Engine/Content/Internationalization/icudt64l/region/en_SS.res" 1073
"../../../Engine/Content/Internationalization/icudt64l/lang/en_SX.res" 1074
"../../../Engine/Content/Internationalization/icudt64l/region/en_SX.res" 1075
"../../../Engine/Content/Internationalization/icudt64l/lang/en_SZ.res" 1076
"../../../Engine/Content/Internationalization/icudt64l/region/en_SZ.res" 1077
"../../../Engine/Content/Internationalization/icudt64l/lang/en_TC.res" 1078
"../../../Engine/Content/Internationalization/icudt64l/region/en_TC.res" 1079
"../../../Engine/Content/Internationalization/icudt64l/lang/en_TK.res" 1080
"../../../Engine/Content/Internationalization/icudt64l/region/en_TK.res" 1081
"../../../Engine/Content/Internationalization/icudt64l/lang/en_TO.res" 1082
"../../../Engine/Content/Internationalization/icudt64l/region/en_TO.res" 1083
"../../../Engine/Content/Internationalization/icudt64l/lang/en_TT.res" 1084
"../../../Engine/Content/Internationalization/icudt64l/region/en_TT.res" 1085
"../../../Engine/Content/Internationalization/icudt64l/lang/en_TV.res" 1086
"../../../Engine/Content/Internationalization/icudt64l/region/en_TV.res" 1087
"../../../Engine/Content/Internationalization/icudt64l/lang/en_TZ.res" 1088
"../../../Engine/Content/Internationalization/icudt64l/region/en_TZ.res" 1089
"../../../Engine/Content/Internationalization/icudt64l/lang/en_UG.res" 1090
"../../../Engine/Content/Internationalization/icudt64l/region/en_UG.res" 1091
"../../../Engine/Content/Internationalization/icudt64l/lang/en_VC.res" 1092
"../../../Engine/Content/Internationalization/icudt64l/region/en_VC.res" 1093
"../../../Engine/Content/Internationalization/icudt64l/lang/en_VG.res" 1094
"../../../Engine/Content/Internationalization/icudt64l/region/en_VG.res" 1095
"../../../Engine/Content/Internationalization/icudt64l/lang/en_VU.res" 1096
"../../../Engine/Content/Internationalization/icudt64l/region/en_VU.res" 1097
"../../../Engine/Content/Internationalization/icudt64l/lang/en_WS.res" 1098
"../../../Engine/Content/Internationalization/icudt64l/region/en_WS.res" 1099
"../../../Engine/Content/Internationalization/icudt64l/lang/en_ZA.res" 1100
"../../../Engine/Content/Internationalization/icudt64l/region/en_ZA.res" 1101
"../../../Engine/Content/Internationalization/icudt64l/lang/en_ZM.res" 1102
"../../../Engine/Content/Internationalization/icudt64l/region/en_ZM.res" 1103
"../../../Engine/Content/Internationalization/icudt64l/lang/en_ZW.res" 1104
"../../../Engine/Content/Internationalization/icudt64l/region/en_ZW.res" 1105
"../../../Engine/Content/Internationalization/icudt64l/lang/eo.res" 1106
"../../../Engine/Content/Internationalization/icudt64l/region/eo.res" 1107
"../../../Engine/Content/Internationalization/icudt64l/lang/es.res" 1108
"../../../Engine/Content/Internationalization/icudt64l/lang/es_419.res" 1109
"../../../Engine/Content/Internationalization/icudt64l/region/es_419.res" 1110
"../../../Engine/Content/Internationalization/icudt64l/region/es.res" 1111
"../../../Engine/Content/Internationalization/icudt64l/lang/es_AR.res" 1112
"../../../Engine/Content/Internationalization/icudt64l/region/es_AR.res" 1113
"../../../Engine/Content/Internationalization/icudt64l/lang/es_BO.res" 1114
"../../../Engine/Content/Internationalization/icudt64l/region/es_BO.res" 1115
"../../../Engine/Content/Internationalization/icudt64l/lang/es_BR.res" 1116
"../../../Engine/Content/Internationalization/icudt64l/region/es_BR.res" 1117
"../../../Engine/Content/Internationalization/icudt64l/lang/es_BZ.res" 1118
"../../../Engine/Content/Internationalization/icudt64l/region/es_BZ.res" 1119
"../../../Engine/Content/Internationalization/icudt64l/lang/es_CL.res" 1120
"../../../Engine/Content/Internationalization/icudt64l/region/es_CL.res" 1121
"../../../Engine/Content/Internationalization/icudt64l/lang/es_CO.res" 1122
"../../../Engine/Content/Internationalization/icudt64l/region/es_CO.res" 1123
"../../../Engine/Content/Internationalization/icudt64l/lang/es_CR.res" 1124
"../../../Engine/Content/Internationalization/icudt64l/region/es_CR.res" 1125
"../../../Engine/Content/Internationalization/icudt64l/lang/es_CU.res" 1126
"../../../Engine/Content/Internationalization/icudt64l/region/es_CU.res" 1127
"../../../Engine/Content/Internationalization/icudt64l/lang/es_DO.res" 1128
"../../../Engine/Content/Internationalization/icudt64l/region/es_DO.res" 1129
"../../../Engine/Content/Internationalization/icudt64l/lang/es_EC.res" 1130
"../../../Engine/Content/Internationalization/icudt64l/region/es_EC.res" 1131
"../../../Engine/Content/Internationalization/icudt64l/lang/es_GT.res" 1132
"../../../Engine/Content/Internationalization/icudt64l/region/es_GT.res" 1133
"../../../Engine/Content/Internationalization/icudt64l/lang/es_HN.res" 1134
"../../../Engine/Content/Internationalization/icudt64l/region/es_HN.res" 1135
"../../../Engine/Content/Internationalization/icudt64l/lang/es_MX.res" 1136
"../../../Engine/Content/Internationalization/icudt64l/region/es_MX.res" 1137
"../../../Engine/Content/Internationalization/icudt64l/lang/es_NI.res" 1138
"../../../Engine/Content/Internationalization/icudt64l/region/es_NI.res" 1139
"../../../Engine/Content/Internationalization/icudt64l/lang/es_PA.res" 1140
"../../../Engine/Content/Internationalization/icudt64l/region/es_PA.res" 1141
"../../../Engine/Content/Internationalization/icudt64l/lang/es_PE.res" 1142
"../../../Engine/Content/Internationalization/icudt64l/region/es_PE.res" 1143
"../../../Engine/Content/Internationalization/icudt64l/lang/es_PR.res" 1144
"../../../Engine/Content/Internationalization/icudt64l/region/es_PR.res" 1145
"../../../Engine/Content/Internationalization/icudt64l/lang/es_PY.res" 1146
"../../../Engine/Content/Internationalization/icudt64l/region/es_PY.res" 1147
"../../../Engine/Content/Internationalization/icudt64l/lang/es_SV.res" 1148
"../../../Engine/Content/Internationalization/icudt64l/region/es_SV.res" 1149
"../../../Engine/Content/Internationalization/icudt64l/lang/es_US.res" 1150
"../../../Engine/Content/Internationalization/icudt64l/region/es_US.res" 1151
"../../../Engine/Content/Internationalization/icudt64l/lang/es_UY.res" 1152
"../../../Engine/Content/Internationalization/icudt64l/region/es_UY.res" 1153
"../../../Engine/Content/Internationalization/icudt64l/lang/es_VE.res" 1154
"../../../Engine/Content/Internationalization/icudt64l/region/es_VE.res" 1155
"../../../Engine/Content/Internationalization/icudt64l/lang/et.res" 1156
"../../../Engine/Content/Internationalization/icudt64l/region/et.res" 1157
"../../../Engine/Content/Internationalization/icudt64l/lang/eu.res" 1158
"../../../Engine/Content/Internationalization/icudt64l/region/eu.res" 1159
"../../../Engine/Content/Internationalization/icudt64l/lang/ewo.res" 1160
"../../../Engine/Content/Internationalization/icudt64l/region/ewo.res" 1161
"../../../Engine/Content/Internationalization/icudt64l/lang/fa.res" 1162
"../../../Engine/Content/Internationalization/icudt64l/lang/fa_AF.res" 1163
"../../../Engine/Content/Internationalization/icudt64l/region/fa_AF.res" 1164
"../../../Engine/Content/Internationalization/icudt64l/region/fa.res" 1165
"../../../Engine/Content/Internationalization/icudt64l/lang/ff.res" 1166
"../../../Engine/Content/Internationalization/icudt64l/lang/ff_Latn.res" 1167
"../../../Engine/Content/Internationalization/icudt64l/region/ff.res" 1168
"../../../Engine/Content/Internationalization/icudt64l/region/ff_Latn.res" 1169
"../../../Engine/Content/Internationalization/icudt64l/lang/ff_CM.res" 1170
"../../../Engine/Content/Internationalization/icudt64l/lang/ff_Latn_CM.res" 1171
"../../../Engine/Content/Internationalization/icudt64l/region/ff_CM.res" 1172
"../../../Engine/Content/Internationalization/icudt64l/region/ff_Latn_CM.res" 1173
"../../../Engine/Content/Internationalization/icudt64l/lang/ff_GN.res" 1174
"../../../Engine/Content/Internationalization/icudt64l/lang/ff_Latn_GN.res" 1175
"../../../Engine/Content/Internationalization/icudt64l/region/ff_GN.res" 1176
"../../../Engine/Content/Internationalization/icudt64l/region/ff_Latn_GN.res" 1177
"../../../Engine/Content/Internationalization/icudt64l/lang/ff_MR.res" 1178
"../../../Engine/Content/Internationalization/icudt64l/lang/ff_Latn_MR.res" 1179
"../../../Engine/Content/Internationalization/icudt64l/region/ff_MR.res" 1180
"../../../Engine/Content/Internationalization/icudt64l/region/ff_Latn_MR.res" 1181
"../../../Engine/Content/Internationalization/icudt64l/lang/ff_SN.res" 1182
"../../../Engine/Content/Internationalization/icudt64l/lang/ff_Latn_SN.res" 1183
"../../../Engine/Content/Internationalization/icudt64l/region/ff_SN.res" 1184
"../../../Engine/Content/Internationalization/icudt64l/region/ff_Latn_SN.res" 1185
"../../../Engine/Content/Internationalization/icudt64l/lang/fi.res" 1186
"../../../Engine/Content/Internationalization/icudt64l/region/fi.res" 1187
"../../../Engine/Content/Internationalization/icudt64l/lang/fil.res" 1188
"../../../Engine/Content/Internationalization/icudt64l/lang/fil_PH.res" 1189
"../../../Engine/Content/Internationalization/icudt64l/region/fil_PH.res" 1190
"../../../Engine/Content/Internationalization/icudt64l/region/fil.res" 1191
"../../../Engine/Content/Internationalization/icudt64l/lang/fo.res" 1192
"../../../Engine/Content/Internationalization/icudt64l/region/fo.res" 1193
"../../../Engine/Content/Internationalization/icudt64l/lang/fr.res" 1194
"../../../Engine/Content/Internationalization/icudt64l/lang/fr_BE.res" 1195
"../../../Engine/Content/Internationalization/icudt64l/region/fr_BE.res" 1196
"../../../Engine/Content/Internationalization/icudt64l/region/fr.res" 1197
"../../../Engine/Content/Internationalization/icudt64l/lang/fr_CA.res" 1198
"../../../Engine/Content/Internationalization/icudt64l/region/fr_CA.res" 1199
"../../../Engine/Content/Internationalization/icudt64l/lang/fr_CH.res" 1200
"../../../Engine/Content/Internationalization/icudt64l/lang/fur.res" 1201
"../../../Engine/Content/Internationalization/icudt64l/region/fur.res" 1202
"../../../Engine/Content/Internationalization/icudt64l/lang/fy.res" 1203
"../../../Engine/Content/Internationalization/icudt64l/region/fy.res" 1204
"../../../Engine/Content/Internationalization/icudt64l/lang/ga.res" 1205
"../../../Engine/Content/Internationalization/icudt64l/region/ga.res" 1206
"../../../Engine/Content/Internationalization/icudt64l/lang/gd.res" 1207
"../../../Engine/Content/Internationalization/icudt64l/region/gd.res" 1208
"../../../Engine/Content/Internationalization/icudt64l/lang/gl.res" 1209
"../../../Engine/Content/Internationalization/icudt64l/region/gl.res" 1210
"../../../Engine/Content/Internationalization/icudt64l/lang/gsw.res" 1211
"../../../Engine/Content/Internationalization/icudt64l/region/gsw.res" 1212
"../../../Engine/Content/Internationalization/icudt64l/lang/gu.res" 1213
"../../../Engine/Content/Internationalization/icudt64l/region/gu.res" 1214
"../../../Engine/Content/Internationalization/icudt64l/lang/guz.res" 1215
"../../../Engine/Content/Internationalization/icudt64l/region/guz.res" 1216
"../../../Engine/Content/Internationalization/icudt64l/lang/gv.res" 1217
"../../../Engine/Content/Internationalization/icudt64l/region/gv.res" 1218
"../../../Engine/Content/Internationalization/icudt64l/lang/ha.res" 1219
"../../../Engine/Content/Internationalization/icudt64l/region/ha.res" 1220
"../../../Engine/Content/Internationalization/icudt64l/lang/ha_NE.res" 1221
"../../../Engine/Content/Internationalization/icudt64l/region/ha_NE.res" 1222
"../../../Engine/Content/Internationalization/icudt64l/lang/haw.res" 1223
"../../../Engine/Content/Internationalization/icudt64l/region/haw.res" 1224
"../../../Engine/Content/Internationalization/icudt64l/lang/he.res" 1225
"../../../Engine/Content/Internationalization/icudt64l/lang/he_IL.res" 1226
"../../../Engine/Content/Internationalization/icudt64l/region/he_IL.res" 1227
"../../../Engine/Content/Internationalization/icudt64l/region/he.res" 1228
"../../../Engine/Content/Internationalization/icudt64l/lang/hi.res" 1229
"../../../Engine/Content/Internationalization/icudt64l/region/hi.res" 1230
"../../../Engine/Content/Internationalization/icudt64l/lang/hr.res" 1231
"../../../Engine/Content/Internationalization/icudt64l/region/hr.res" 1232
"../../../Engine/Content/Internationalization/icudt64l/lang/hsb.res" 1233
"../../../Engine/Content/Internationalization/icudt64l/region/hsb.res" 1234
"../../../Engine/Content/Internationalization/icudt64l/lang/hu.res" 1235
"../../../Engine/Content/Internationalization/icudt64l/region/hu.res" 1236
"../../../Engine/Content/Internationalization/icudt64l/lang/hy.res" 1237
"../../../Engine/Content/Internationalization/icudt64l/region/hy.res" 1238
"../../../Engine/Content/Internationalization/icudt64l/lang/ia.res" 1239
"../../../Engine/Content/Internationalization/icudt64l/region/ia.res" 1240
"../../../Engine/Content/Internationalization/icudt64l/lang/id.res" 1241
"../../../Engine/Content/Internationalization/icudt64l/lang/id_ID.res" 1242
"../../../Engine/Content/Internationalization/icudt64l/region/id_ID.res" 1243
"../../../Engine/Content/Internationalization/icudt64l/region/id.res" 1244
"../../../Engine/Content/Internationalization/icudt64l/lang/ig.res" 1245
"../../../Engine/Content/Internationalization/icudt64l/region/ig.res" 1246
"../../../Engine/Content/Internationalization/icudt64l/lang/ii.res" 1247
"../../../Engine/Content/Internationalization/icudt64l/region/ii.res" 1248
"../../../Engine/Content/Internationalization/icudt64l/lang/is.res" 1249
"../../../Engine/Content/Internationalization/icudt64l/region/is.res" 1250
"../../../Engine/Content/Internationalization/icudt64l/lang/it.res" 1251
"../../../Engine/Content/Internationalization/icudt64l/region/it.res" 1252
"../../../Engine/Content/Internationalization/icudt64l/lang/ja.res" 1253
"../../../Engine/Content/Internationalization/icudt64l/lang/ja_JP.res" 1254
"../../../Engine/Content/Internationalization/icudt64l/region/ja_JP.res" 1255
"../../../Engine/Content/Internationalization/icudt64l/region/ja.res" 1256
"../../../Engine/Content/Internationalization/icudt64l/lang/jgo.res" 1257
"../../../Engine/Content/Internationalization/icudt64l/region/jgo.res" 1258
"../../../Engine/Content/Internationalization/icudt64l/lang/jmc.res" 1259
"../../../Engine/Content/Internationalization/icudt64l/region/jmc.res" 1260
"../../../Engine/Content/Internationalization/icudt64l/lang/jv.res" 1261
"../../../Engine/Content/Internationalization/icudt64l/region/jv.res" 1262
"../../../Engine/Content/Internationalization/icudt64l/lang/ka.res" 1263
"../../../Engine/Content/Internationalization/icudt64l/region/ka.res" 1264
"../../../Engine/Content/Internationalization/icudt64l/lang/kab.res" 1265
"../../../Engine/Content/Internationalization/icudt64l/region/kab.res" 1266
"../../../Engine/Content/Internationalization/icudt64l/lang/kam.res" 1267
"../../../Engine/Content/Internationalization/icudt64l/region/kam.res" 1268
"../../../Engine/Content/Internationalization/icudt64l/lang/kde.res" 1269
"../../../Engine/Content/Internationalization/icudt64l/region/kde.res" 1270
"../../../Engine/Content/Internationalization/icudt64l/lang/kea.res" 1271
"../../../Engine/Content/Internationalization/icudt64l/region/kea.res" 1272
"../../../Engine/Content/Internationalization/icudt64l/lang/khq.res" 1273
"../../../Engine/Content/Internationalization/icudt64l/region/khq.res" 1274
"../../../Engine/Content/Internationalization/icudt64l/lang/ki.res" 1275
"../../../Engine/Content/Internationalization/icudt64l/region/ki.res" 1276
"../../../Engine/Content/Internationalization/icudt64l/lang/kk.res" 1277
"../../../Engine/Content/Internationalization/icudt64l/region/kk.res" 1278
"../../../Engine/Content/Internationalization/icudt64l/lang/kkj.res" 1279
"../../../Engine/Content/Internationalization/icudt64l/region/kkj.res" 1280
"../../../Engine/Content/Internationalization/icudt64l/lang/kl.res" 1281
"../../../Engine/Content/Internationalization/icudt64l/region/kl.res" 1282
"../../../Engine/Content/Internationalization/icudt64l/lang/kln.res" 1283
"../../../Engine/Content/Internationalization/icudt64l/region/kln.res" 1284
"../../../Engine/Content/Internationalization/icudt64l/lang/km.res" 1285
"../../../Engine/Content/Internationalization/icudt64l/region/km.res" 1286
"../../../Engine/Content/Internationalization/icudt64l/lang/kn.res" 1287
"../../../Engine/Content/Internationalization/icudt64l/region/kn.res" 1288
"../../../Engine/Content/Internationalization/icudt64l/lang/ko.res" 1289
"../../../Engine/Content/Internationalization/icudt64l/region/ko_KP.res" 1290
"../../../Engine/Content/Internationalization/icudt64l/region/ko.res" 1291
"../../../Engine/Content/Internationalization/icudt64l/lang/kok.res" 1292
"../../../Engine/Content/Internationalization/icudt64l/region/kok.res" 1293
"../../../Engine/Content/Internationalization/icudt64l/lang/ks.res" 1294
"../../../Engine/Content/Internationalization/icudt64l/region/ks.res" 1295
"../../../Engine/Content/Internationalization/icudt64l/lang/ksb.res" 1296
"../../../Engine/Content/Internationalization/icudt64l/region/ksb.res" 1297
"../../../Engine/Content/Internationalization/icudt64l/lang/ksf.res" 1298
"../../../Engine/Content/Internationalization/icudt64l/region/ksf.res" 1299
"../../../Engine/Content/Internationalization/icudt64l/lang/ksh.res" 1300
"../../../Engine/Content/Internationalization/icudt64l/region/ksh.res" 1301
"../../../Engine/Content/Internationalization/icudt64l/lang/ku.res" 1302
"../../../Engine/Content/Internationalization/icudt64l/region/ku.res" 1303
"../../../Engine/Content/Internationalization/icudt64l/lang/kw.res" 1304
"../../../Engine/Content/Internationalization/icudt64l/region/kw.res" 1305
"../../../Engine/Content/Internationalization/icudt64l/lang/ky.res" 1306
"../../../Engine/Content/Internationalization/icudt64l/region/ky.res" 1307
"../../../Engine/Content/Internationalization/icudt64l/lang/lag.res" 1308
"../../../Engine/Content/Internationalization/icudt64l/region/lag.res" 1309
"../../../Engine/Content/Internationalization/icudt64l/lang/lb.res" 1310
"../../../Engine/Content/Internationalization/icudt64l/region/lb.res" 1311
"../../../Engine/Content/Internationalization/icudt64l/lang/lg.res" 1312
"../../../Engine/Content/Internationalization/icudt64l/region/lg.res" 1313
"../../../Engine/Content/Internationalization/icudt64l/lang/lkt.res" 1314
"../../../Engine/Content/Internationalization/icudt64l/region/lkt.res" 1315
"../../../Engine/Content/Internationalization/icudt64l/lang/ln.res" 1316
"../../../Engine/Content/Internationalization/icudt64l/region/ln.res" 1317
"../../../Engine/Content/Internationalization/icudt64l/lang/lo.res" 1318
"../../../Engine/Content/Internationalization/icudt64l/region/lo.res" 1319
"../../../Engine/Content/Internationalization/icudt64l/lang/lrc.res" 1320
"../../../Engine/Content/Internationalization/icudt64l/region/lrc.res" 1321
"../../../Engine/Content/Internationalization/icudt64l/lang/lt.res" 1322
"../../../Engine/Content/Internationalization/icudt64l/region/lt.res" 1323
"../../../Engine/Content/Internationalization/icudt64l/lang/lu.res" 1324
"../../../Engine/Content/Internationalization/icudt64l/region/lu.res" 1325
"../../../Engine/Content/Internationalization/icudt64l/lang/luo.res" 1326
"../../../Engine/Content/Internationalization/icudt64l/region/luo.res" 1327
"../../../Engine/Content/Internationalization/icudt64l/lang/luy.res" 1328
"../../../Engine/Content/Internationalization/icudt64l/region/luy.res" 1329
"../../../Engine/Content/Internationalization/icudt64l/lang/lv.res" 1330
"../../../Engine/Content/Internationalization/icudt64l/region/lv.res" 1331
"../../../Engine/Content/Internationalization/icudt64l/lang/mas.res" 1332
"../../../Engine/Content/Internationalization/icudt64l/region/mas.res" 1333
"../../../Engine/Content/Internationalization/icudt64l/lang/mer.res" 1334
"../../../Engine/Content/Internationalization/icudt64l/region/mer.res" 1335
"../../../Engine/Content/Internationalization/icudt64l/lang/mfe.res" 1336
"../../../Engine/Content/Internationalization/icudt64l/region/mfe.res" 1337
"../../../Engine/Content/Internationalization/icudt64l/lang/mg.res" 1338
"../../../Engine/Content/Internationalization/icudt64l/region/mg.res" 1339
"../../../Engine/Content/Internationalization/icudt64l/lang/mgh.res" 1340
"../../../Engine/Content/Internationalization/icudt64l/region/mgh.res" 1341
"../../../Engine/Content/Internationalization/icudt64l/lang/mgo.res" 1342
"../../../Engine/Content/Internationalization/icudt64l/region/mgo.res" 1343
"../../../Engine/Content/Internationalization/icudt64l/lang/mi.res" 1344
"../../../Engine/Content/Internationalization/icudt64l/region/mi.res" 1345
"../../../Engine/Content/Internationalization/icudt64l/lang/mk.res" 1346
"../../../Engine/Content/Internationalization/icudt64l/region/mk.res" 1347
"../../../Engine/Content/Internationalization/icudt64l/lang/ml.res" 1348
"../../../Engine/Content/Internationalization/icudt64l/region/ml.res" 1349
"../../../Engine/Content/Internationalization/icudt64l/lang/mn.res" 1350
"../../../Engine/Content/Internationalization/icudt64l/region/mn.res" 1351
"../../../Engine/Content/Internationalization/icudt64l/lang/mr.res" 1352
"../../../Engine/Content/Internationalization/icudt64l/region/mr.res" 1353
"../../../Engine/Content/Internationalization/icudt64l/lang/ms.res" 1354
"../../../Engine/Content/Internationalization/icudt64l/region/ms.res" 1355
"../../../Engine/Content/Internationalization/icudt64l/lang/mt.res" 1356
"../../../Engine/Content/Internationalization/icudt64l/region/mt.res" 1357
"../../../Engine/Content/Internationalization/icudt64l/lang/mua.res" 1358
"../../../Engine/Content/Internationalization/icudt64l/region/mua.res" 1359
"../../../Engine/Content/Internationalization/icudt64l/lang/my.res" 1360
"../../../Engine/Content/Internationalization/icudt64l/region/my.res" 1361
"../../../Engine/Content/Internationalization/icudt64l/lang/mzn.res" 1362
"../../../Engine/Content/Internationalization/icudt64l/region/mzn.res" 1363
"../../../Engine/Content/Internationalization/icudt64l/lang/naq.res" 1364
"../../../Engine/Content/Internationalization/icudt64l/region/naq.res" 1365
"../../../Engine/Content/Internationalization/icudt64l/lang/nb.res" 1366
"../../../Engine/Content/Internationalization/icudt64l/lang/nb_NO.res" 1367
"../../../Engine/Content/Internationalization/icudt64l/region/nb_NO.res" 1368
"../../../Engine/Content/Internationalization/icudt64l/region/nb.res" 1369
"../../../Engine/Content/Internationalization/icudt64l/lang/nd.res" 1370
"../../../Engine/Content/Internationalization/icudt64l/region/nd.res" 1371
"../../../Engine/Content/Internationalization/icudt64l/lang/nds.res" 1372
"../../../Engine/Content/Internationalization/icudt64l/region/nds.res" 1373
"../../../Engine/Content/Internationalization/icudt64l/lang/ne.res" 1374
"../../../Engine/Content/Internationalization/icudt64l/region/ne.res" 1375
"../../../Engine/Content/Internationalization/icudt64l/lang/nl.res" 1376
"../../../Engine/Content/Internationalization/icudt64l/region/nl.res" 1377
"../../../Engine/Content/Internationalization/icudt64l/lang/nmg.res" 1378
"../../../Engine/Content/Internationalization/icudt64l/region/nmg.res" 1379
"../../../Engine/Content/Internationalization/icudt64l/lang/nn.res" 1380
"../../../Engine/Content/Internationalization/icudt64l/lang/nn_NO.res" 1381
"../../../Engine/Content/Internationalization/icudt64l/region/nn_NO.res" 1382
"../../../Engine/Content/Internationalization/icudt64l/region/nn.res" 1383
"../../../Engine/Content/Internationalization/icudt64l/lang/nnh.res" 1384
"../../../Engine/Content/Internationalization/icudt64l/region/nnh.res" 1385
"../../../Engine/Content/Internationalization/icudt64l/lang/nus.res" 1386
"../../../Engine/Content/Internationalization/icudt64l/region/nus.res" 1387
"../../../Engine/Content/Internationalization/icudt64l/lang/nyn.res" 1388
"../../../Engine/Content/Internationalization/icudt64l/region/nyn.res" 1389
"../../../Engine/Content/Internationalization/icudt64l/lang/om.res" 1390
"../../../Engine/Content/Internationalization/icudt64l/region/om.res" 1391
"../../../Engine/Content/Internationalization/icudt64l/lang/or.res" 1392
"../../../Engine/Content/Internationalization/icudt64l/region/or.res" 1393
"../../../Engine/Content/Internationalization/icudt64l/lang/os.res" 1394
"../../../Engine/Content/Internationalization/icudt64l/region/os.res" 1395
"../../../Engine/Content/Internationalization/icudt64l/lang/pa.res" 1396
"../../../Engine/Content/Internationalization/icudt64l/lang/pa_Arab.res" 1397
"../../../Engine/Content/Internationalization/icudt64l/lang/pa_PK.res" 1398
"../../../Engine/Content/Internationalization/icudt64l/lang/pa_Arab_PK.res" 1399
"../../../Engine/Content/Internationalization/icudt64l/region/pa_PK.res" 1400
"../../../Engine/Content/Internationalization/icudt64l/region/pa_Arab_PK.res" 1401
"../../../Engine/Content/Internationalization/icudt64l/region/pa_Arab.res" 1402
"../../../Engine/Content/Internationalization/icudt64l/lang/pa_Guru.res" 1403
"../../../Engine/Content/Internationalization/icudt64l/lang/pa_IN.res" 1404
"../../../Engine/Content/Internationalization/icudt64l/lang/pa_Guru_IN.res" 1405
"../../../Engine/Content/Internationalization/icudt64l/region/pa_IN.res" 1406
"../../../Engine/Content/Internationalization/icudt64l/region/pa_Guru_IN.res" 1407
"../../../Engine/Content/Internationalization/icudt64l/region/pa_Guru.res" 1408
"../../../Engine/Content/Internationalization/icudt64l/region/pa.res" 1409
"../../../Engine/Content/Internationalization/icudt64l/lang/pl.res" 1410
"../../../Engine/Content/Internationalization/icudt64l/region/pl.res" 1411
"../../../Engine/Content/Internationalization/icudt64l/lang/ps.res" 1412
"../../../Engine/Content/Internationalization/icudt64l/region/ps.res" 1413
"../../../Engine/Content/Internationalization/icudt64l/lang/ps_PK.res" 1414
"../../../Engine/Content/Internationalization/icudt64l/region/ps_PK.res" 1415
"../../../Engine/Content/Internationalization/icudt64l/lang/pt.res" 1416
"../../../Engine/Content/Internationalization/icudt64l/lang/pt_AO.res" 1417
"../../../Engine/Content/Internationalization/icudt64l/lang/pt_PT.res" 1418
"../../../Engine/Content/Internationalization/icudt64l/region/pt_AO.res" 1419
"../../../Engine/Content/Internationalization/icudt64l/region/pt_PT.res" 1420
"../../../Engine/Content/Internationalization/icudt64l/region/pt.res" 1421
"../../../Engine/Content/Internationalization/icudt64l/lang/pt_CH.res" 1422
"../../../Engine/Content/Internationalization/icudt64l/region/pt_CH.res" 1423
"../../../Engine/Content/Internationalization/icudt64l/lang/pt_CV.res" 1424
"../../../Engine/Content/Internationalization/icudt64l/region/pt_CV.res" 1425
"../../../Engine/Content/Internationalization/icudt64l/lang/pt_GQ.res" 1426
"../../../Engine/Content/Internationalization/icudt64l/region/pt_GQ.res" 1427
"../../../Engine/Content/Internationalization/icudt64l/lang/pt_GW.res" 1428
"../../../Engine/Content/Internationalization/icudt64l/region/pt_GW.res" 1429
"../../../Engine/Content/Internationalization/icudt64l/lang/pt_LU.res" 1430
"../../../Engine/Content/Internationalization/icudt64l/region/pt_LU.res" 1431
"../../../Engine/Content/Internationalization/icudt64l/lang/pt_MO.res" 1432
"../../../Engine/Content/Internationalization/icudt64l/region/pt_MO.res" 1433
"../../../Engine/Content/Internationalization/icudt64l/lang/pt_MZ.res" 1434
"../../../Engine/Content/Internationalization/icudt64l/region/pt_MZ.res" 1435
"../../../Engine/Content/Internationalization/icudt64l/lang/pt_ST.res" 1436
"../../../Engine/Content/Internationalization/icudt64l/region/pt_ST.res" 1437
"../../../Engine/Content/Internationalization/icudt64l/lang/pt_TL.res" 1438
"../../../Engine/Content/Internationalization/icudt64l/region/pt_TL.res" 1439
"../../../Engine/Content/Internationalization/icudt64l/lang/qu.res" 1440
"../../../Engine/Content/Internationalization/icudt64l/region/qu.res" 1441
"../../../Engine/Content/Internationalization/icudt64l/lang/rm.res" 1442
"../../../Engine/Content/Internationalization/icudt64l/region/rm.res" 1443
"../../../Engine/Content/Internationalization/icudt64l/lang/rn.res" 1444
"../../../Engine/Content/Internationalization/icudt64l/region/rn.res" 1445
"../../../Engine/Content/Internationalization/icudt64l/lang/ro.res" 1446
"../../../Engine/Content/Internationalization/icudt64l/lang/ro_MD.res" 1447
"../../../Engine/Content/Internationalization/icudt64l/region/ro_MD.res" 1448
"../../../Engine/Content/Internationalization/icudt64l/region/ro.res" 1449
"../../../Engine/Content/Internationalization/icudt64l/lang/rof.res" 1450
"../../../Engine/Content/Internationalization/icudt64l/region/rof.res" 1451
"../../../Engine/Content/Internationalization/icudt64l/lang/ru.res" 1452
"../../../Engine/Content/Internationalization/icudt64l/region/ru.res" 1453
"../../../Engine/Content/Internationalization/icudt64l/region/ru_UA.res" 1454
"../../../Engine/Content/Internationalization/icudt64l/lang/rw.res" 1455
"../../../Engine/Content/Internationalization/icudt64l/region/rw.res" 1456
"../../../Engine/Content/Internationalization/icudt64l/lang/rwk.res" 1457
"../../../Engine/Content/Internationalization/icudt64l/region/rwk.res" 1458
"../../../Engine/Content/Internationalization/icudt64l/lang/sah.res" 1459
"../../../Engine/Content/Internationalization/icudt64l/region/sah.res" 1460
"../../../Engine/Content/Internationalization/icudt64l/lang/saq.res" 1461
"../../../Engine/Content/Internationalization/icudt64l/region/saq.res" 1462
"../../../Engine/Content/Internationalization/icudt64l/lang/sbp.res" 1463
"../../../Engine/Content/Internationalization/icudt64l/region/sbp.res" 1464
"../../../Engine/Content/Internationalization/icudt64l/lang/sd.res" 1465
"../../../Engine/Content/Internationalization/icudt64l/region/sd.res" 1466
"../../../Engine/Content/Internationalization/icudt64l/lang/se.res" 1467
"../../../Engine/Content/Internationalization/icudt64l/lang/se_FI.res" 1468
"../../../Engine/Content/Internationalization/icudt64l/region/se_FI.res" 1469
"../../../Engine/Content/Internationalization/icudt64l/region/se.res" 1470
"../../../Engine/Content/Internationalization/icudt64l/lang/seh.res" 1471
"../../../Engine/Content/Internationalization/icudt64l/region/seh.res" 1472
"../../../Engine/Content/Internationalization/icudt64l/lang/ses.res" 1473
"../../../Engine/Content/Internationalization/icudt64l/region/ses.res" 1474
"../../../Engine/Content/Internationalization/icudt64l/lang/sg.res" 1475
"../../../Engine/Content/Internationalization/icudt64l/region/sg.res" 1476
"../../../Engine/Content/Internationalization/icudt64l/lang/shi.res" 1477
"../../../Engine/Content/Internationalization/icudt64l/lang/shi_Latn.res" 1478
"../../../Engine/Content/Internationalization/icudt64l/lang/shi_MA.res" 1479
"../../../Engine/Content/Internationalization/icudt64l/lang/shi_Tfng_MA.res" 1480
"../../../Engine/Content/Internationalization/icudt64l/lang/shi_Tfng.res" 1481
"../../../Engine/Content/Internationalization/icudt64l/region/shi_MA.res" 1482
"../../../Engine/Content/Internationalization/icudt64l/region/shi_Tfng_MA.res" 1483
"../../../Engine/Content/Internationalization/icudt64l/region/shi_Tfng.res" 1484
"../../../Engine/Content/Internationalization/icudt64l/region/shi.res" 1485
"../../../Engine/Content/Internationalization/icudt64l/region/shi_Latn.res" 1486
"../../../Engine/Content/Internationalization/icudt64l/lang/si.res" 1487
"../../../Engine/Content/Internationalization/icudt64l/region/si.res" 1488
"../../../Engine/Content/Internationalization/icudt64l/lang/sk.res" 1489
"../../../Engine/Content/Internationalization/icudt64l/region/sk.res" 1490
"../../../Engine/Content/Internationalization/icudt64l/lang/sl.res" 1491
"../../../Engine/Content/Internationalization/icudt64l/region/sl.res" 1492
"../../../Engine/Content/Internationalization/icudt64l/lang/smn.res" 1493
"../../../Engine/Content/Internationalization/icudt64l/region/smn.res" 1494
"../../../Engine/Content/Internationalization/icudt64l/lang/sn.res" 1495
"../../../Engine/Content/Internationalization/icudt64l/region/sn.res" 1496
"../../../Engine/Content/Internationalization/icudt64l/lang/so.res" 1497
"../../../Engine/Content/Internationalization/icudt64l/region/so.res" 1498
"../../../Engine/Content/Internationalization/icudt64l/lang/sq.res" 1499
"../../../Engine/Content/Internationalization/icudt64l/region/sq.res" 1500
"../../../Engine/Content/Internationalization/icudt64l/lang/sr.res" 1501
"../../../Engine/Content/Internationalization/icudt64l/lang/sr_Cyrl.res" 1502
"../../../Engine/Content/Internationalization/icudt64l/lang/sr_BA.res" 1503
"../../../Engine/Content/Internationalization/icudt64l/lang/sr_Cyrl_BA.res" 1504
"../../../Engine/Content/Internationalization/icudt64l/region/sr_BA.res" 1505
"../../../Engine/Content/Internationalization/icudt64l/region/sr_Cyrl_BA.res" 1506
"../../../Engine/Content/Internationalization/icudt64l/region/sr_Cyrl.res" 1507
"../../../Engine/Content/Internationalization/icudt64l/region/sr.res" 1508
"../../../Engine/Content/Internationalization/icudt64l/lang/sr_ME.res" 1509
"../../../Engine/Content/Internationalization/icudt64l/lang/sr_Latn_ME.res" 1510
"../../../Engine/Content/Internationalization/icudt64l/lang/sr_Latn.res" 1511
"../../../Engine/Content/Internationalization/icudt64l/region/sr_ME.res" 1512
"../../../Engine/Content/Internationalization/icudt64l/region/sr_Latn_ME.res" 1513
"../../../Engine/Content/Internationalization/icudt64l/region/sr_Latn.res" 1514
"../../../Engine/Content/Internationalization/icudt64l/lang/sr_Cyrl_ME.res" 1515
"../../../Engine/Content/Internationalization/icudt64l/region/sr_Cyrl_ME.res" 1516
"../../../Engine/Content/Internationalization/icudt64l/lang/sr_RS.res" 1517
"../../../Engine/Content/Internationalization/icudt64l/lang/sr_Cyrl_RS.res" 1518
"../../../Engine/Content/Internationalization/icudt64l/region/sr_RS.res" 1519
"../../../Engine/Content/Internationalization/icudt64l/region/sr_Cyrl_RS.res" 1520
"../../../Engine/Content/Internationalization/icudt64l/lang/sr_XK.res" 1521
"../../../Engine/Content/Internationalization/icudt64l/lang/sr_Cyrl_XK.res" 1522
"../../../Engine/Content/Internationalization/icudt64l/region/sr_XK.res" 1523
"../../../Engine/Content/Internationalization/icudt64l/region/sr_Cyrl_XK.res" 1524
"../../../Engine/Content/Internationalization/icudt64l/lang/sr_Latn_BA.res" 1525
"../../../Engine/Content/Internationalization/icudt64l/region/sr_Latn_BA.res" 1526
"../../../Engine/Content/Internationalization/icudt64l/lang/sr_Latn_RS.res" 1527
"../../../Engine/Content/Internationalization/icudt64l/region/sr_Latn_RS.res" 1528
"../../../Engine/Content/Internationalization/icudt64l/lang/sr_Latn_XK.res" 1529
"../../../Engine/Content/Internationalization/icudt64l/region/sr_Latn_XK.res" 1530
"../../../Engine/Content/Internationalization/icudt64l/lang/sv.res" 1531
"../../../Engine/Content/Internationalization/icudt64l/region/sv.res" 1532
"../../../Engine/Content/Internationalization/icudt64l/lang/sv_FI.res" 1533
"../../../Engine/Content/Internationalization/icudt64l/lang/sw.res" 1534
"../../../Engine/Content/Internationalization/icudt64l/lang/sw_CD.res" 1535
"../../../Engine/Content/Internationalization/icudt64l/region/sw_CD.res" 1536
"../../../Engine/Content/Internationalization/icudt64l/region/sw.res" 1537
"../../../Engine/Content/Internationalization/icudt64l/lang/sw_KE.res" 1538
"../../../Engine/Content/Internationalization/icudt64l/region/sw_KE.res" 1539
"../../../Engine/Content/Internationalization/icudt64l/lang/ta.res" 1540
"../../../Engine/Content/Internationalization/icudt64l/region/ta.res" 1541
"../../../Engine/Content/Internationalization/icudt64l/lang/te.res" 1542
"../../../Engine/Content/Internationalization/icudt64l/region/te.res" 1543
"../../../Engine/Content/Internationalization/icudt64l/lang/teo.res" 1544
"../../../Engine/Content/Internationalization/icudt64l/region/teo.res" 1545
"../../../Engine/Content/Internationalization/icudt64l/lang/tg.res" 1546
"../../../Engine/Content/Internationalization/icudt64l/region/tg.res" 1547
"../../../Engine/Content/Internationalization/icudt64l/lang/th.res" 1548
"../../../Engine/Content/Internationalization/icudt64l/lang/th_TH.res" 1549
"../../../Engine/Content/Internationalization/icudt64l/region/th_TH.res" 1550
"../../../Engine/Content/Internationalization/icudt64l/region/th.res" 1551
"../../../Engine/Content/Internationalization/icudt64l/lang/ti.res" 1552
"../../../Engine/Content/Internationalization/icudt64l/region/ti.res" 1553
"../../../Engine/Content/Internationalization/icudt64l/lang/tk.res" 1554
"../../../Engine/Content/Internationalization/icudt64l/region/tk.res" 1555
"../../../Engine/Content/Internationalization/icudt64l/lang/to.res" 1556
"../../../Engine/Content/Internationalization/icudt64l/region/to.res" 1557
"../../../Engine/Content/Internationalization/icudt64l/lang/tr.res" 1558
"../../../Engine/Content/Internationalization/icudt64l/region/tr.res" 1559
"../../../Engine/Content/Internationalization/icudt64l/lang/tt.res" 1560
"../../../Engine/Content/Internationalization/icudt64l/region/tt.res" 1561
"../../../Engine/Content/Internationalization/icudt64l/lang/twq.res" 1562
"../../../Engine/Content/Internationalization/icudt64l/region/twq.res" 1563
"../../../Engine/Content/Internationalization/icudt64l/lang/tzm.res" 1564
"../../../Engine/Content/Internationalization/icudt64l/region/tzm.res" 1565
"../../../Engine/Content/Internationalization/icudt64l/lang/ug.res" 1566
"../../../Engine/Content/Internationalization/icudt64l/region/ug.res" 1567
"../../../Engine/Content/Internationalization/icudt64l/lang/uk.res" 1568
"../../../Engine/Content/Internationalization/icudt64l/region/uk.res" 1569
"../../../Engine/Content/Internationalization/icudt64l/lang/ur.res" 1570
"../../../Engine/Content/Internationalization/icudt64l/lang/ur_IN.res" 1571
"../../../Engine/Content/Internationalization/icudt64l/region/ur_IN.res" 1572
"../../../Engine/Content/Internationalization/icudt64l/region/ur.res" 1573
"../../../Engine/Content/Internationalization/icudt64l/lang/uz.res" 1574
"../../../Engine/Content/Internationalization/icudt64l/lang/uz_Arab.res" 1575
"../../../Engine/Content/Internationalization/icudt64l/lang/uz_AF.res" 1576
"../../../Engine/Content/Internationalization/icudt64l/lang/uz_Arab_AF.res" 1577
"../../../Engine/Content/Internationalization/icudt64l/region/uz_AF.res" 1578
"../../../Engine/Content/Internationalization/icudt64l/region/uz_Arab_AF.res" 1579
"../../../Engine/Content/Internationalization/icudt64l/region/uz_Arab.res" 1580
"../../../Engine/Content/Internationalization/icudt64l/lang/uz_Cyrl.res" 1581
"../../../Engine/Content/Internationalization/icudt64l/lang/uz_UZ.res" 1582
"../../../Engine/Content/Internationalization/icudt64l/lang/uz_Latn_UZ.res" 1583
"../../../Engine/Content/Internationalization/icudt64l/lang/uz_Latn.res" 1584
"../../../Engine/Content/Internationalization/icudt64l/region/uz_UZ.res" 1585
"../../../Engine/Content/Internationalization/icudt64l/region/uz_Latn_UZ.res" 1586
"../../../Engine/Content/Internationalization/icudt64l/region/uz_Latn.res" 1587
"../../../Engine/Content/Internationalization/icudt64l/region/uz.res" 1588
"../../../Engine/Content/Internationalization/icudt64l/region/uz_Cyrl.res" 1589
"../../../Engine/Content/Internationalization/icudt64l/lang/vai.res" 1590
"../../../Engine/Content/Internationalization/icudt64l/lang/vai_Latn.res" 1591
"../../../Engine/Content/Internationalization/icudt64l/lang/vai_LR.res" 1592
"../../../Engine/Content/Internationalization/icudt64l/lang/vai_Vaii_LR.res" 1593
"../../../Engine/Content/Internationalization/icudt64l/lang/vai_Vaii.res" 1594
"../../../Engine/Content/Internationalization/icudt64l/region/vai_LR.res" 1595
"../../../Engine/Content/Internationalization/icudt64l/region/vai_Vaii_LR.res" 1596
"../../../Engine/Content/Internationalization/icudt64l/region/vai_Vaii.res" 1597
"../../../Engine/Content/Internationalization/icudt64l/region/vai.res" 1598
"../../../Engine/Content/Internationalization/icudt64l/region/vai_Latn.res" 1599
"../../../Engine/Content/Internationalization/icudt64l/lang/vi.res" 1600
"../../../Engine/Content/Internationalization/icudt64l/region/vi.res" 1601
"../../../Engine/Content/Internationalization/icudt64l/lang/vun.res" 1602
"../../../Engine/Content/Internationalization/icudt64l/region/vun.res" 1603
"../../../Engine/Content/Internationalization/icudt64l/lang/wae.res" 1604
"../../../Engine/Content/Internationalization/icudt64l/region/wae.res" 1605
"../../../Engine/Content/Internationalization/icudt64l/lang/wo.res" 1606
"../../../Engine/Content/Internationalization/icudt64l/region/wo.res" 1607
"../../../Engine/Content/Internationalization/icudt64l/lang/xh.res" 1608
"../../../Engine/Content/Internationalization/icudt64l/region/xh.res" 1609
"../../../Engine/Content/Internationalization/icudt64l/lang/xog.res" 1610
"../../../Engine/Content/Internationalization/icudt64l/region/xog.res" 1611
"../../../Engine/Content/Internationalization/icudt64l/lang/yav.res" 1612
"../../../Engine/Content/Internationalization/icudt64l/region/yav.res" 1613
"../../../Engine/Content/Internationalization/icudt64l/lang/yi.res" 1614
"../../../Engine/Content/Internationalization/icudt64l/region/yi.res" 1615
"../../../Engine/Content/Internationalization/icudt64l/lang/yo.res" 1616
"../../../Engine/Content/Internationalization/icudt64l/lang/yo_BJ.res" 1617
"../../../Engine/Content/Internationalization/icudt64l/region/yo_BJ.res" 1618
"../../../Engine/Content/Internationalization/icudt64l/region/yo.res" 1619
"../../../Engine/Content/Internationalization/icudt64l/lang/yue.res" 1620
"../../../Engine/Content/Internationalization/icudt64l/lang/yue_Hans.res" 1621
"../../../Engine/Content/Internationalization/icudt64l/lang/yue_CN.res" 1622
"../../../Engine/Content/Internationalization/icudt64l/lang/yue_Hans_CN.res" 1623
"../../../Engine/Content/Internationalization/icudt64l/region/yue_CN.res" 1624
"../../../Engine/Content/Internationalization/icudt64l/region/yue_Hans_CN.res" 1625
"../../../Engine/Content/Internationalization/icudt64l/region/yue_Hans.res" 1626
"../../../Engine/Content/Internationalization/icudt64l/lang/yue_Hant.res" 1627
"../../../Engine/Content/Internationalization/icudt64l/lang/yue_HK.res" 1628
"../../../Engine/Content/Internationalization/icudt64l/lang/yue_Hant_HK.res" 1629
"../../../Engine/Content/Internationalization/icudt64l/region/yue_HK.res" 1630
"../../../Engine/Content/Internationalization/icudt64l/region/yue_Hant_HK.res" 1631
"../../../Engine/Content/Internationalization/icudt64l/region/yue_Hant.res" 1632
"../../../Engine/Content/Internationalization/icudt64l/region/yue.res" 1633
"../../../Engine/Content/Internationalization/icudt64l/lang/zgh.res" 1634
"../../../Engine/Content/Internationalization/icudt64l/region/zgh.res" 1635
"../../../Engine/Content/Internationalization/icudt64l/lang/zh.res" 1636
"../../../Engine/Content/Internationalization/icudt64l/lang/zh_Hans.res" 1637
"../../../Engine/Content/Internationalization/icudt64l/lang/zh_CN.res" 1638
"../../../Engine/Content/Internationalization/icudt64l/lang/zh_Hans_CN.res" 1639
"../../../Engine/Content/Internationalization/icudt64l/region/zh_CN.res" 1640
"../../../Engine/Content/Internationalization/icudt64l/region/zh_Hans_CN.res" 1641
"../../../Engine/Content/Internationalization/icudt64l/region/zh_Hans.res" 1642
"../../../Engine/Content/Internationalization/icudt64l/region/zh.res" 1643
"../../../Engine/Content/Internationalization/icudt64l/lang/zh_HK.res" 1644
"../../../Engine/Content/Internationalization/icudt64l/lang/zh_Hant_HK.res" 1645
"../../../Engine/Content/Internationalization/icudt64l/lang/zh_Hant.res" 1646
"../../../Engine/Content/Internationalization/icudt64l/region/zh_HK.res" 1647
"../../../Engine/Content/Internationalization/icudt64l/region/zh_Hant_HK.res" 1648
"../../../Engine/Content/Internationalization/icudt64l/region/zh_Hant.res" 1649
"../../../Engine/Content/Internationalization/icudt64l/lang/zh_MO.res" 1650
"../../../Engine/Content/Internationalization/icudt64l/lang/zh_Hant_MO.res" 1651
"../../../Engine/Content/Internationalization/icudt64l/region/zh_MO.res" 1652
"../../../Engine/Content/Internationalization/icudt64l/region/zh_Hant_MO.res" 1653
"../../../Engine/Content/Internationalization/icudt64l/lang/zh_SG.res" 1654
"../../../Engine/Content/Internationalization/icudt64l/lang/zh_Hans_SG.res" 1655
"../../../Engine/Content/Internationalization/icudt64l/region/zh_SG.res" 1656
"../../../Engine/Content/Internationalization/icudt64l/region/zh_Hans_SG.res" 1657
"../../../Engine/Content/Internationalization/icudt64l/lang/zh_TW.res" 1658
"../../../Engine/Content/Internationalization/icudt64l/lang/zh_Hant_TW.res" 1659
"../../../Engine/Content/Internationalization/icudt64l/region/zh_TW.res" 1660
"../../../Engine/Content/Internationalization/icudt64l/region/zh_Hant_TW.res" 1661
"../../../Engine/Content/Internationalization/icudt64l/lang/zu.res" 1662
"../../../Engine/Content/Internationalization/icudt64l/region/zu.res" 1663
"../../../Engine/Content/Internationalization/icudt64l/lang/no.res" 1664
"../../../Engine/Content/Internationalization/icudt64l/lang/tl.res" 1665
"../../../Engine/Config/Android/DataDrivenPlatformInfo.ini" 1666
"../../../Engine/Config/HoloLens/DataDrivenPlatformInfo.ini" 1667
"../../../Engine/Config/IOS/DataDrivenPlatformInfo.ini" 1668
"../../../Engine/Config/Linux/DataDrivenPlatformInfo.ini" 1669
"../../../Engine/Config/LinuxArm64/DataDrivenPlatformInfo.ini" 1670
"../../../Engine/Config/Mac/DataDrivenPlatformInfo.ini" 1671
"../../../Engine/Config/TVOS/DataDrivenPlatformInfo.ini" 1672
"../../../Engine/Config/Unix/DataDrivenPlatformInfo.ini" 1673
"../../../Engine/Config/VulkanPC/DataDrivenPlatformInfo.ini" 1674
"../../../Engine/Config/Windows/DataDrivenPlatformInfo.ini" 1675
"../../../Engine/DerivedDataCache/Compressed.ddp" 1676
"C:/Users/franc/AppData/Local/UnrealEngine/Common/DerivedDataCache/TestData/0/TestData_4kb.dat" 1677
"C:/Users/franc/AppData/Local/UnrealEngine/Common/DerivedDataCache/TestData/1/TestData_4kb.dat" 1678
"C:/Users/franc/AppData/Local/UnrealEngine/Common/DerivedDataCache/TestData/0/TestData_8kb.dat" 1679
"C:/Users/franc/AppData/Local/UnrealEngine/Common/DerivedDataCache/TestData/1/TestData_8kb.dat" 1680
"C:/Users/franc/AppData/Local/UnrealEngine/Common/DerivedDataCache/TestData/0/TestData_16kb.dat" 1681
"C:/Users/franc/AppData/Local/UnrealEngine/Common/DerivedDataCache/TestData/1/TestData_16kb.dat" 1682
"C:/Users/franc/AppData/Local/UnrealEngine/Common/DerivedDataCache/TestData/0/TestData_64kb.dat" 1683
"C:/Users/franc/AppData/Local/UnrealEngine/Common/DerivedDataCache/TestData/1/TestData_64kb.dat" 1684
"C:/Users/franc/AppData/Local/UnrealEngine/Common/DerivedDataCache/TestData/0/TestData_128kb.dat" 1685
"C:/Users/franc/AppData/Local/UnrealEngine/Common/DerivedDataCache/TestData/1/TestData_128kb.dat" 1686
"C:/Users/franc/AppData/Local/UnrealEngine/Common/DerivedDataCache/TestData/0/TestData_256kb.dat" 1687
"C:/Users/franc/AppData/Local/UnrealEngine/Common/DerivedDataCache/TestData/1/TestData_256kb.dat" 1688
"../../../Engine/Plugins/FX/Niagara/Shaders/Private/NiagaraSpriteVertexFactory.ush" 1689
"../../../Engine/Shaders/Private/VertexFactoryCommon.ush" 1690
"../../../Engine/Shaders/Private/Common.ush" 1691
"../../../Engine/Shaders/Public/Platform.ush" 1692
"../../../Engine/Shaders/Public/FP16Math.ush" 1693
"../../../Engine/Shaders/Public/Platform/D3D/D3DCommon.ush" 1694
"../../../Engine/Shaders/Public/BindlessResources.ush" 1695
"../../../Engine/Shaders/Public/ShaderVersion.ush" 1696
"../../../Engine/Shaders/Private/GeneratedUniformBufferTypes.ush" 1697
"../../../Engine/Shaders/Private/Nanite/NanitePackedNaniteView.ush" 1698
"../../../Engine/Shaders/Private/HairStrands/HairStrandsVisibilityCommonStruct.ush" 1699
"../../../Engine/Shaders/Private/HairStrands/HairStrandsVoxelPageCommonStruct.ush" 1700
"../../../Engine/Shaders/Private/HairStrands/HairStrandsDeepShadowCommonStruct.ush" 1701
"../../../Engine/Shaders/Private/CommonViewUniformBuffer.ush" 1702
"../../../Engine/Shaders/Private/LargeWorldCoordinates.ush" 1703
"../../../Engine/Shaders/Private/LWCOperations.ush" 1704
"../../../Engine/Shaders/Private/InstancedStereo.ush" 1705
"../../../Engine/Shaders/Private/Definitions.usf" 1706
"../../../Engine/Shaders/Private/AssertionMacros.ush" 1707
"../../../Engine/Shaders/Private/FastMath.ush" 1708
"../../../Engine/Shaders/Private/FastMathThirdParty.ush" 1709
"../../../Engine/Shaders/Private/Random.ush" 1710
"../../../Engine/Shaders/Private/SceneData.ush" 1711
"../../../Engine/Shaders/Private/OctahedralCommon.ush" 1712
"../../../Engine/Shaders/Private/ParticleVertexFactoryCommon.ush" 1713
"../../../Engine/Plugins/FX/Niagara/Shaders/Private/NiagaraVFCommon.usf" 1714
"../../../Engine/Plugins/FX/Niagara/Shaders/Private/NiagaraVFParticleAccess.usf" 1715
"../../../Engine/Plugins/FX/Niagara/Shaders/Private/NiagaraParticleAccess.ush" 1716
"../../../Engine/Shaders/Private/VertexFactoryDefaultInterface.ush" 1717
"../../../Engine/Plugins/FX/Niagara/Shaders/Private/NiagaraRibbonVertexFactory.ush" 1718
"../../../Engine/Plugins/FX/Niagara/Shaders/Private/NiagaraMeshVertexFactory.ush" 1719
"../../../Engine/Plugins/FX/Niagara/Shaders/Private/NiagaraCommon.ush" 1720
"../../../Engine/Plugins/FX/Niagara/Shaders/Private/NiagaraMeshParticleUtils.ush" 1721
"../../../Engine/Shaders/Private/RayTracing/RayTracingCommon.ush" 1722
"../../../Engine/Shaders/Private/ShadingCommon.ush" 1723
"../../../Engine/Shaders/Shared/RayTracingDefinitions.h" 1724
"../../../Engine/Shaders/Private/Strata/Strata.ush" 1725
"../../../Engine/Shaders/Private/ShadingEnergyConservation.ush" 1726
"../../../Engine/Shaders/Private/ShadingEnergyConservationTemplate.ush" 1727
"../../../Engine/Shaders/Private/BRDF.ush" 1728
"../../../Engine/Shaders/Private/ColorSpace.ush" 1729
"../../../Engine/Shaders/Private/DeferredShadingCommon.ush" 1730
"../../../Engine/Shaders/Private/LightAccumulator.ush" 1731
"../../../Engine/Shaders/Private/SceneTexturesCommon.ush" 1732
"../../../Engine/Shaders/Private/MonteCarlo.ush" 1733
"../../../Engine/Shaders/Private/GBufferHelpers.ush" 1734
"../../../Engine/Shaders/Private/SceneTextureParameters.ush" 1735
"E:/Unreal Projects/LeagueJourney/Intermediate/ShaderAutogen/PCD3D_SM5/AutogenShaderHeaders.ush" 1736
"../../../Engine/Shaders/Private/ParticipatingMediaCommon.ush" 1737
"../../../Engine/Shaders/Private/ThinFilmBSDF.ush" 1738
"../../../Engine/Shaders/Private/MortonCode.ush" 1739
"../../../Engine/Shaders/Private/SubsurfaceProfileCommon.ush" 1740
"../../../Engine/Shaders/Private/BurleyNormalizedSSSCommon.ush" 1741
"../../../Engine/Shaders/Shared/StrataDefinitions.h" 1742
"../../../Engine/Shaders/Private/Strata/StrataStatisticalOperators.ush" 1743
"../../../Engine/Shaders/Private/PositionReconstructionCommon.ush" 1744
"../../../Engine/Shaders/Private/RayTracing/RayTracingHitGroupCommon.ush" 1745
"../../../Engine/Shaders/Shared/RayTracingBuiltInResources.h" 1746
"../../../Engine/Shaders/Private/VectorFieldVisualizationVertexFactory.ush" 1747
"../../../Engine/Shaders/Private/Nanite/NaniteVertexFactory.ush" 1748
"../../../Engine/Shaders/Private/LightmapData.ush" 1749
"../../../Engine/Shaders/Private/Nanite/NaniteDataDecode.ush" 1750
"../../../Engine/Shaders/Private/BitPacking.ush" 1751
"../../../Engine/Shaders/Private/BitStreamReaderImplementation.ush" 1752
"../../../Engine/Shaders/Shared/NaniteDefinitions.h" 1753
"../../../Engine/Shaders/Private/Nanite/NaniteAttributeDecode.ush" 1754
"../../../Engine/Shaders/Public/WaveBroadcastIntrinsics.ush" 1755
"../../../Engine/Shaders/Private/ParticleSpriteVertexFactory.ush" 1756
"../../../Engine/Shaders/Private/ParticleGPUSpriteVertexFactory.ush" 1757
"../../../Engine/Shaders/Private/ParticleBeamTrailVertexFactory.ush" 1758
"../../../Engine/Shaders/Private/MeshParticleVertexFactory.ush" 1759
"../../../Engine/Shaders/Private/LocalVertexFactory.ush" 1760
"../../../Engine/Shaders/Private/LocalVertexFactoryCommon.ush" 1761
"../../../Engine/Shaders/Private/GpuSkinCommon.ush" 1762
"../../../Engine/Shaders/Private/GpuSkinVertexFactory.ush" 1763
"../../../Engine/Shaders/Private/GeometryCollectionVertexFactory.ush" 1764
"../../../Engine/Shaders/Private/GeometryCacheVertexFactory.ush" 1765
"../../../Engine/Shaders/Private/LandscapeVertexFactory.ush" 1766
"../../../Engine/Plugins/Media/WmfMedia/Shaders/Private/MediaHardwareVideoDecoding.usf" 1767
"../../../Engine/Shaders/Private/GammaCorrectionCommon.ush" 1768
"../../../Engine/Shaders/Private/ColorUtils.ush" 1769
"../../../Engine/Plugins/Media/ImgMedia/Shaders/Private/ExrSwizzler.usf" 1770
"../../../Engine/Plugins/FX/Niagara/Shaders/Private/NiagaraFillIntBuffer.usf" 1771
"../../../Engine/Plugins/FX/Niagara/Shaders/Private/NiagaraComputeFreeIDs.usf" 1772
"../../../Engine/Plugins/FX/Niagara/Shaders/Private/NiagaraInitFreeIDBuffer.usf" 1773
"../../../Engine/Plugins/FX/Niagara/Shaders/Private/NiagaraEmitterInstanceShader.usf" 1774
"../../../Engine/Plugins/FX/Niagara/Shaders/Private/NiagaraShaderVersion.ush" 1775
"../../../Engine/Shaders/Private/DistanceField/GlobalDistanceFieldShared.ush" 1776
"../../../Engine/Plugins/FX/Niagara/Shaders/Private/NiagaraPhysicsCommon.ush" 1777
"../../../Engine/Plugins/FX/Niagara/Shaders/Private/Ribbons/NiagaraRibbonGenerateIndices.usf" 1778
"../../../Engine/Plugins/FX/Niagara/Shaders/Private/Ribbons/NiagaraRibbonCommon.ush" 1779
"../../../Engine/Plugins/FX/Niagara/Shaders/Private/Ribbons/NiagaraRibbonInitializeIndices.usf" 1780
"../../../Engine/Plugins/FX/Niagara/Shaders/Private/Ribbons/NiagaraRibbonRibbonUVParamCalculation.usf" 1781
"../../../Engine/Plugins/FX/Niagara/Shaders/Private/Ribbons/NiagaraRibbonVertexReductionFinalization.usf" 1782
"../../../Engine/Plugins/FX/Niagara/Shaders/Private/Ribbons/NiagaraRibbonVertexReductionPropagation.usf" 1783
"../../../Engine/Plugins/FX/Niagara/Shaders/Private/Ribbons/NiagaraRibbonVertexReductionInitialization.usf" 1784
"../../../Engine/Plugins/FX/Niagara/Shaders/Private/Ribbons/NiagaraRibbonSortParticles.usf" 1785
"../../../Engine/Plugins/FX/Niagara/Shaders/Private/NiagaraUpdateMeshGPUSceneInstances.usf" 1786
"../../../Engine/Shaders/Private/ComputeShaderUtils.ush" 1787
"../../../Engine/Shaders/Private/GPUScene/GPUSceneWriter.ush" 1788
"../../../Engine/Plugins/FX/Niagara/Shaders/Private/NiagaraGenerateMips.usf" 1789
"../../../Engine/Plugins/FX/Niagara/Shaders/Private/NiagaraDebugDraw.usf" 1790
"../../../Engine/Plugins/FX/Niagara/Shaders/Private/NiagaraDebugDraw.ush" 1791
"../../../Engine/Plugins/FX/Niagara/Shaders/Private/NiagaraVisualizeTexture.usf" 1792
"../../../Engine/Plugins/FX/Niagara/Shaders/Private/NiagaraClearCounts.usf" 1793
"../../../Engine/Plugins/FX/Niagara/Shaders/Private/NiagaraBatchedElements.usf" 1794
"../../../Engine/Plugins/FX/Niagara/Shaders/Private/NiagaraRayTracingShaders.usf" 1795
"../../../Engine/Plugins/FX/Niagara/Shaders/Private/NiagaraAsyncGpuTraceCommon.ush" 1796
"../../../Engine/Shaders/Private/HashTable.ush" 1797
"../../../Engine/Shaders/Private/Hash.ush" 1798
"../../../Engine/Shaders/Private/RayTracing/VFXTraceRay.ush" 1799
"../../../Engine/Plugins/FX/Niagara/Shaders/Private/NiagaraRayMarchingShaders.usf" 1800
"../../../Engine/Plugins/FX/Niagara/Shaders/Private/NiagaraRayTraceCollisionGroupShaders.usf" 1801
"../../../Engine/Plugins/FX/Niagara/Shaders/Private/NiagaraAsyncGpuTraceUtils.usf" 1802
"../../../Engine/Plugins/FX/Niagara/Shaders/Private/NiagaraSortKeyGen.usf" 1803
"../../../Engine/Plugins/FX/Niagara/Shaders/Private/NiagaraGPURayTracingTransforms.usf" 1804
"../../../Engine/Plugins/FX/Niagara/Shaders/Private/NiagaraDrawIndirectArgsGen.usf" 1805
"../../../Engine/Plugins/Enterprise/GLTFExporter/Shaders/Private/SimpleTexture2DPS.usf" 1806
"../../../Engine/Shaders/Private/SimpleElementNormalMapPixelShader.usf" 1807
"../../../Engine/Plugins/Enterprise/GLTFExporter/Shaders/Private/CubemapFacePS.usf" 1808
"../../../Engine/Plugins/Enterprise/GLTFExporter/Shaders/Private/CombinedTexturePS.usf" 1809
"../../../Engine/Shaders/Private/SlateElementPixelShader.usf" 1810
"../../../Engine/Shaders/Private/SlateShaderCommon.ush" 1811
"../../../Engine/Shaders/Private/MaterialTemplate.ush" 1812
"../../../Engine/Shaders/Private/EyeAdaptationCommon.ush" 1813
"../../../Engine/Shaders/Private/SobolRandom.ush" 1814
"../../../Engine/Shaders/Private/DepthOfFieldCommon.ush" 1815
"../../../Engine/Shaders/Private/CircleDOFCommon.ush" 1816
"../../../Engine/Shaders/Private/PhysicsFieldSampler.ush" 1817
"../../../Engine/Shaders/Private/PhysicsFieldShared.ush" 1818
"../../../Engine/Shaders/Private/HairShadingCommon.ush" 1819
"../../../Engine/Shaders/Private/HairStrands/HairCardsAttributeCommon.ush" 1820
"../../../Engine/Shaders/Private/HairStrands/HairStrandsVertexFactoryCommon.ush" 1821
"../../../Engine/Shaders/Private/HairStrands/HairStrandsAttributeCommon.ush" 1822
"../../../Engine/Shaders/Private/SpeedTreeCommon.ush" 1823
"../../../Engine/Shaders/Private/VirtualTextureCommon.ush" 1824
"../../../Engine/Shaders/Private/MaterialTexture.ush" 1825
"../../../Engine/Shaders/Private/MinMaterialTexCoords.ush" 1826
"../../../Engine/Shaders/Private/SkyAtmosphereCommon.ush" 1827
"../../../Engine/Shaders/Private/SingleLayerWaterCommon.ush" 1828
"../../../Engine/Shaders/Private/TextureSampling.ush" 1829
"../../../Engine/Shaders/Private/PaniniProjection.ush" 1830
"../../../Engine/Shaders/Private/DBufferNormalReprojection.ush" 1831
"../../../Engine/Shaders/Private/Strata/StrataTree.ush" 1832
"../../../Engine/Shaders/Private/Strata/StrataEvaluation.ush" 1833
"../../../Engine/Shaders/Private/SHCommon.ush" 1834
"../../../Engine/Shaders/Private/ShadingModels.ush" 1835
"../../../Engine/Shaders/Private/CapsuleLight.ush" 1836
"../../../Engine/Shaders/Private/RectLight.ush" 1837
"../../../Engine/Shaders/Private/AreaLightCommon.ush" 1838
"../../../Engine/Shaders/Private/TransmissionCommon.ush" 1839
"../../../Engine/Shaders/Private/HairBsdf.ush" 1840
"../../../Engine/Shaders/Private/MobileGGX.ush" 1841
"../../../Engine/Shaders/Private/ShadingModelsSampling.ush" 1842
"../../../Engine/Shaders/Private/HairStrands/HairBsdfSample.ush" 1843
"../../../Engine/Shaders/Private/HairStrands/HairStrandsCommon.ush" 1844
"../../../Engine/Shaders/Private/HairStrands/HairStrandsDeepTransmittanceCommon.ush" 1845
"../../../Engine/Shaders/Private/HairStrands/HairStrandsDeepTransmittanceDualScattering.ush" 1846
"../../../Engine/Shaders/Private/Strata/StrataLegacyConversion.ush" 1847
"../../../Engine/Shaders/Private/DBufferDecalShared.ush" 1848
"../../../Engine/Shaders/Private/CompositeUIPixelShader.usf" 1849
"../../../Engine/Shaders/Private/TonemapCommon.ush" 1850
"../../../Engine/Shaders/Private/ACES.ush" 1851
"../../../Engine/Shaders/Private/ColorDeficiency.ush" 1852
"../../../Engine/Shaders/Private/SlateMaskingShader.usf" 1853
"../../../Engine/Shaders/Private/SlatePostProcessColorDeficiencyPixelShader.usf" 1854
"../../../Engine/Shaders/Private/SlatePostProcessPixelShader.usf" 1855
"../../../Engine/Shaders/Private/SlateVertexShader.usf" 1856
"../../../Engine/Shaders/Private/TranslucentLightingShaders.usf" 1857
"../../../Engine/Shaders/Private/ShadowProjectionCommon.ush" 1858
"../../../Engine/Shaders/Private/CubemapCommon.ush" 1859
"../../../Engine/Shaders/Private/VectorFieldCompositeShaders.usf" 1860
"../../../Engine/Shaders/Private/UpdateTextureShaders.usf" 1861
"../../../Engine/Shaders/Private/StereoLayerShader.usf" 1862
"../../../Engine/Shaders/Private/MorphTargets.usf" 1863
"../../../Engine/Shaders/Private/SimpleElementColorChannelMaskPixelShader.usf" 1864
"../../../Engine/Shaders/Private/SimpleElementHitProxyPixelShader.usf" 1865
"../../../Engine/Shaders/Private/SimpleElementPixelShader.usf" 1866
"../../../Engine/Shaders/Private/IESLightProfilesCommon.ush" 1867
"../../../Engine/Shaders/Private/SimpleElementVertexShader.usf" 1868
"../../../Engine/Shaders/Private/ScreenPixelShaderOES.usf" 1869
"../../../Engine/Shaders/Private/ScreenVertexShader.usf" 1870
"../../../Engine/Shaders/Private/ScreenPixelShader.usf" 1871
"../../../Engine/Shaders/Private/SSProfilePreIntegratedMobile.usf" 1872
"../../../Engine/Shaders/Private/Nanite/NaniteClusterCulling.usf" 1873
"../../../Engine/Shaders/Private/Nanite/NaniteCulling.ush" 1874
"../../../Engine/Shaders/Private/Nanite/NaniteHierarchyTraversalCommon.ush" 1875
"../../../Engine/Shaders/Private/Nanite/NaniteHierarchyTraversal.ush" 1876
"../../../Engine/Shaders/Private/WaveOpUtil.ush" 1877
"../../../Engine/Shaders/Private/VirtualShadowMaps/VirtualShadowMapPageOverlap.ush" 1878
"../../../Engine/Shaders/Private/Nanite/NaniteHZBCull.ush" 1879
"../../../Engine/Shaders/Private/VirtualShadowMaps/VirtualShadowMapPageAccessCommon.ush" 1880
"../../../Engine/Shaders/Shared/VirtualShadowMapDefinitions.h" 1881
"../../../Engine/Shaders/Private/VirtualShadowMaps/VirtualShadowMapStaticCaching.ush" 1882
"../../../Engine/Shaders/Private/Nanite/NaniteCullingCommon.ush" 1883
"../../../Engine/Shaders/Private/GPUMessaging.ush" 1884
"../../../Engine/Shaders/Private/Nanite/NaniteTranscode.usf" 1885
"../../../Engine/Shaders/Private/VolumetricLightmapStreaming.usf" 1886
"../../../Engine/Shaders/Private/PhysicsFieldReset.usf" 1887
"../../../Engine/Shaders/Private/PhysicsFieldBuilder.usf" 1888
"../../../Engine/Shaders/Private/PhysicsFieldEval.ush" 1889
"../../../Engine/Shaders/Private/ParticleSortKeyGen.usf" 1890
"../../../Engine/Shaders/Private/ParticleBoundsShader.usf" 1891
"../../../Engine/Shaders/Private/ParticleSimVisualizeShader.usf" 1892
"../../../Engine/Shaders/Private/ParticleInjectionShader.usf" 1893
"../../../Engine/Shaders/Private/ParticleSimulationShader.usf" 1894
"../../../Engine/Shaders/Private/ParticleCurveInjectionShader.usf" 1895
"../../../Engine/Shaders/Private/CopyUIntBuffer.usf" 1896
"../../../Engine/Shaders/Private/RadixSortShaders.usf" 1897
"../../../Engine/Shaders/Private/RecomputeTangentsPerVertexPass.usf" 1898
"../../../Engine/Shaders/Private/RecomputeTangentsCommon.ush" 1899
"../../../Engine/Shaders/Private/RecomputeTangentsPerTrianglePass.usf" 1900
"../../../Engine/Shaders/Private/GpuSkinCacheComputeShader.usf" 1901
"../../../Engine/Shaders/Private/HeightFieldAtlasManagement.usf" 1902
"../../../Engine/Shaders/Private/LandscapePhysicalMaterial.usf" 1903
"../../../Engine/Shaders/Private/LandscapeGrassWeight.usf" 1904
"../../../Engine/Shaders/Private/Landscape/LandscapeLayersWeightmapsPS.usf" 1905
"../../../Engine/Shaders/Private/Landscape/LandscapeLayersHeightmapsPS.usf" 1906
"../../../Engine/Shaders/Private/Landscape/LandscapeCommon.ush" 1907
"../../../Engine/Shaders/Private/LandscapeLayersCS.usf" 1908
"../../../Engine/Shaders/Private/LandscapeLayersPS.usf" 1909
"../../../Engine/Shaders/Private/LandscapeLayersVS.usf" 1910
"../../../Engine/Shaders/Private/Landscape/LandscapeMergeHeightmapsPS.usf" 1911
"../../../Engine/Shaders/Private/WideCustomResolveShaders.usf" 1912
"../../../Engine/Shaders/Private/WideCustomResolve_Wide.ush" 1913
"../../../Engine/Shaders/Private/WideCustomResolve_Wider.ush" 1914
"../../../Engine/Shaders/Private/WideCustomResolve_Widest.ush" 1915
"../../../Engine/Shaders/Private/PageTableUpdate.usf" 1916
"../../../Engine/Shaders/Private/VirtualTextureCompress.usf" 1917
"../../../Engine/Shaders/Private/BlockCompressionCommon.ush" 1918
"../../../Engine/Shaders/Private/BCCompressionCommon.ush" 1919
"../../../Engine/Shaders/Private/ETCCompressionCommon.ush" 1920
"../../../Engine/Shaders/Private/VirtualTextureMaterial.usf" 1921
"../../../Engine/Shaders/Private/PixelShaderOutputCommon.ush" 1922
"../../../Engine/Shaders/Private/ShaderOutputCommon.ush" 1923
"../../../Engine/Shaders/Private/VolumetricRenderTarget.usf" 1924
"../../../Engine/Shaders/Private/VolumetricFogVoxelization.usf" 1925
"../../../Engine/Shaders/Private/VolumetricCloudMaterialPixelCommon.ush" 1926
"../../../Engine/Shaders/Private/VolumetricFogLightFunction.usf" 1927
"../../../Engine/Shaders/Private/LightFunctionCommon.ush" 1928
"../../../Engine/Shaders/Private/VolumetricFog.usf" 1929
"../../../Engine/Shaders/Private/DeferredLightingCommon.ush" 1930
"../../../Engine/Shaders/Private/DynamicLightingCommon.ush" 1931
"../../../Engine/Shaders/Private/CapsuleLightIntegrate.ush" 1932
"../../../Engine/Shaders/Private/CapsuleLightSampling.ush" 1933
"../../../Engine/Shaders/Private/RectLightIntegrate.ush" 1934
"../../../Engine/Shaders/Private/LightGridCommon.ush" 1935
"../../../Engine/Shaders/Private/HeightFogCommon.ush" 1936
"../../../Engine/Shaders/Private/DistanceFieldAOShared.ush" 1937
"../../../Engine/Shaders/Private/VolumeLightingCommon.ush" 1938
"../../../Engine/Shaders/Private/ShadowFilteringCommon.ush" 1939
"../../../Engine/Shaders/Private/PixelQuadMessagePassing.ush" 1940
"../../../Engine/Shaders/Private/VolumeLightingCommonSampling.ush" 1941
"../../../Engine/Shaders/Private/VolumetricLightmapShared.ush" 1942
"../../../Engine/Shaders/Private/ForwardShadowingCommon.ush" 1943
"../../../Engine/Shaders/Private/Lumen/LumenTranslucencyVolumeShared.ush" 1944
"../../../Engine/Shaders/Private/Lumen/LumenRadianceCacheInterpolation.ush" 1945
"../../../Engine/Shaders/Private/VirtualShadowMaps/VirtualShadowMapProjectionCommon.ush" 1946
"../../../Engine/Shaders/Private/VirtualShadowMaps/VirtualShadowMapProjectionStructs.ush" 1947
"../../../Engine/Shaders/Private/VolumetricCloudCommon.ush" 1948
"../../../Engine/Shaders/Private/VolumetricCloud.usf" 1949
"../../../Engine/Shaders/Private/ColorMap.ush" 1950
"../../../Engine/Shaders/Private/ShaderPrint.ush" 1951
"../../../Engine/Shaders/Private/ShaderPrintCommon.ush" 1952
"../../../Engine/Shaders/Private/MiniFontCommon.ush" 1953
"../../../Engine/Shaders/Private/ReflectionEnvironmentShared.ush" 1954
"../../../Engine/Shaders/Private/VisualizeVolumetricLightmap.usf" 1955
"../../../Engine/Shaders/Private/VirtualShadowMaps/VirtualShadowMapProjectionComposite.usf" 1956
"../../../Engine/Shaders/Private/LightShaderParameters.ush" 1957
"../../../Engine/Shaders/Private/VirtualShadowMaps/VirtualShadowMapMaskBitsCommon.ush" 1958
"../../../Engine/Shaders/Private/VirtualShadowMaps/VirtualShadowMapProjection.usf" 1959
"../../../Engine/Shaders/Private/HairStrands/HairStrandsVisibilityCommon.ush" 1960
"../../../Engine/Shaders/Private/Visualization.ush" 1961
"../../../Engine/Shaders/Private/VirtualShadowMaps/VirtualShadowMapProjectionDirectional.ush" 1962
"../../../Engine/Shaders/Private/PathTracing/Utilities/PathTracingRandomSequence.ush" 1963
"../../../Engine/Shaders/Private/VirtualShadowMaps/VirtualShadowMapSMRTCommon.ush" 1964
"../../../Engine/Shaders/Private/VirtualShadowMaps/VirtualShadowMapSMRTTemplate.ush" 1965
"../../../Engine/Shaders/Private/VirtualShadowMaps/VirtualShadowMapProjectionSpot.ush" 1966
"../../../Engine/Shaders/Private/VirtualShadowMaps/VirtualShadowMapTransmissionCommon.ush" 1967
"../../../Engine/Shaders/Private/HairStrands/HairStrandsVoxelPageCommon.ush" 1968
"../../../Engine/Shaders/Private/HairStrands/HairStrandsVoxelPageTraversal.ush" 1969
"../../../Engine/Shaders/Private/VirtualShadowMaps/VirtualShadowMapCacheManagement.usf" 1970
"../../../Engine/Shaders/Private/VirtualShadowMaps/VirtualShadowMapPageCacheCommon.ush" 1971
"../../../Engine/Shaders/Private/ScreenSpaceDenoise/SSDDefinitions.ush" 1972
"../../../Engine/Shaders/Private/InstanceCulling/InstanceCullingLoadBalancer.ush" 1973
"../../../Engine/Shaders/Private/VirtualShadowMaps/VirtualShadowMapCopyStats.usf" 1974
"../../../Engine/Shaders/Private/VirtualShadowMaps/VirtualShadowMapPageManagement.usf" 1975
"../../../Engine/Shaders/Private/HairStrands/HairStrandsTileCommon.ush" 1976
"../../../Engine/Shaders/Private/ReductionCommon.ush" 1977
"../../../Engine/Shaders/Private/VirtualShadowMaps/VirtualShadowMapStats.ush" 1978
"../../../Engine/Shaders/Private/VirtualShadowMaps/VirtualShadowMapBuildPerPageDrawCommands.usf" 1979
"../../../Engine/Shaders/Private/InstanceCulling/InstanceCullingCommon.ush" 1980
"../../../Engine/Shaders/Private/VirtualShadowMaps/VirtualShadowMapPrintStats.usf" 1981
"../../../Engine/Shaders/Private/VirtualShadowMaps/VirtualShadowMapDebug.usf" 1982
"../../../Engine/Shaders/Private/VelocityShader.usf" 1983
"../../../Engine/Shaders/Private/VelocityCommon.ush" 1984
"../../../Engine/Shaders/Private/VariableRateShading.usf" 1985
"../../../Engine/Shaders/Private/TranslucencyUpsampling.usf" 1986
"../../../Engine/Shaders/Private/ScreenPass.ush" 1987
"../../../Engine/Shaders/Private/ComposeSeparateTranslucency.usf" 1988
"../../../Engine/Shaders/Private/SeparateTranslucency.ush" 1989
"../../../Engine/Shaders/Private/TranslucentLightInjectionShaders.usf" 1990
"../../../Engine/Shaders/Private/TranslucentShadowDepthShaders.usf" 1991
"../../../Engine/Shaders/Private/ShadowDepthCommon.ush" 1992
"../../../Engine/Shaders/Private/RayTracing/RayTracingTest.usf" 1993
"../../../Engine/Shaders/Private/PostProcessSubsurfaceTile.usf" 1994
"../../../Engine/Shaders/Private/Strata/StrataVisualize.usf" 1995
"../../../Engine/Shaders/Private/Strata/StrataTile.ush" 1996
"../../../Engine/Shaders/Private/SkyLightingDiffuseShared.ush" 1997
"../../../Engine/Shaders/Private/SkyLightingShared.ush" 1998
"../../../Engine/Shaders/Private/ClearCoatCommon.ush" 1999
"../../../Engine/Shaders/Private/ReflectionEnvironmentComposite.ush" 2000
"../../../Engine/Shaders/Private/Strata/StrataLightingCommon.ush" 2001
"../../../Engine/Shaders/Private/Strata/StrataRoughRefraction.usf" 2002
"../../../Engine/Shaders/Private/PathTracing/Material/PathTracingFresnel.ush" 2003
"../../../Engine/Shaders/Private/PathTracing/Material/PathTracingGlossy.ush" 2004
"../../../Engine/Shaders/Private/Strata/StrataTile.usf" 2005
"../../../Engine/Shaders/Private/Strata/StrataMaterialClassification.usf" 2006
"../../../Engine/Shaders/Private/SkyAtmosphere.usf" 2007
"../../../Engine/Shaders/Private/CopyDepthTexture.usf" 2008
"../../../Engine/Shaders/Private/SingleLayerWaterComposite.usf" 2009
"../../../Engine/Shaders/Private/ShadowProjectionVertexShader.usf" 2010
"../../../Engine/Shaders/Private/ShadowProjectionPixelShader.usf" 2011
"../../../Engine/Shaders/Private/ShadowPercentageCloserFiltering.ush" 2012
"../../../Engine/Shaders/Private/TransmissionThickness.ush" 2013
"../../../Engine/Shaders/Private/CopyShadowMaps.usf" 2014
"../../../Engine/Shaders/Private/ShadowDepthPixelShader.usf" 2015
"../../../Engine/Shaders/Private/ShadowDepthVertexShader.usf" 2016
"../../../Engine/Shaders/Private/ShadingEnergyConservationTable.usf" 2017
"../../../Engine/Shaders/Shared/PathTracingDefinitions.h" 2018
"../../../Engine/Shaders/Private/ShadingFurnaceTest.usf" 2019
"../../../Engine/Shaders/Private/Strata/StrataDeferredLighting.ush" 2020
"../../../Engine/Shaders/Private/ShaderPrintDrawPrimitive.usf" 2021
"../../../Engine/Shaders/Private/ShaderPrintDraw.usf" 2022
"../../../Engine/Shaders/Private/SSRT/SSRTDiffuseIndirect.usf" 2023
"../../../Engine/Shaders/Private/SSRT/SSRTRayCast.ush" 2024
"../../../Engine/Shaders/Private/SSRT/SSRTTileClassificationBuffer.ush" 2025
"../../../Engine/Shaders/Private/SSRT/SSRTReflections.usf" 2026
"../../../Engine/Shaders/Private/ScreenSpaceDenoise/SSDPublic.ush" 2027
"../../../Engine/Shaders/Private/SSRT/SSRTTileClassification.usf" 2028
"../../../Engine/Shaders/Private/SSRT/SSRTPrevFrameReduction.usf" 2029
"../../../Engine/Shaders/Private/ScreenSpaceDenoise/SSDComposeHarmonics.usf" 2030
"../../../Engine/Shaders/Private/ScreenSpaceDenoise/SSDPublicHarmonics.ush" 2031
"../../../Engine/Shaders/Private/ScreenSpaceDenoise/SSDSignalFramework.ush" 2032
"../../../Engine/Shaders/Private/ScreenSpaceDenoise/SSDCommon.ush" 2033
"../../../Engine/Shaders/Private/SphericalGaussian.ush" 2034
"../../../Engine/Shaders/Private/ScreenSpaceDenoise/SSDMetadata.ush" 2035
"../../../Engine/Shaders/Private/ScreenSpaceDenoise/SSDSignalCore.ush" 2036
"../../../Engine/Shaders/Private/ScreenSpaceDenoise/DenoisingCommon.ush" 2037
"../../../Engine/Shaders/Private/ScreenSpaceDenoise/SSDSignalArray.ush" 2038
"../../../Engine/Shaders/Private/ScreenSpaceDenoise/SSDSignalBufferEncoding.ush" 2039
"../../../Engine/Shaders/Private/ScreenSpaceDenoise/SSDPublicBufferEncoding.ush" 2040
"../../../Engine/Shaders/Private/Lumen/LumenBufferEncoding.ush" 2041
"../../../Engine/Shaders/Private/ScreenSpaceDenoise/SSDTemporalAccumulation.usf" 2042
"../../../Engine/Shaders/Private/ScreenSpaceDenoise/SSDSpatialKernel.ush" 2043
"../../../Engine/Shaders/Private/ScreenSpaceDenoise/SSDSignalAccumulatorArray.ush" 2044
"../../../Engine/Shaders/Private/ScreenSpaceDenoise/SSDSignalAccumulator.ush" 2045
"../../../Engine/Shaders/Private/ScreenSpaceDenoise/SSDSignalCompression.ush" 2046
"../../../Engine/Shaders/Private/ScreenSpaceDenoise/SSDSpatialAccumulation.usf" 2047
"../../../Engine/Shaders/Private/ScreenSpaceDenoise/SSDInjest.usf" 2048
"../../../Engine/Shaders/Private/ScreenSpaceDenoise/SSDCompressMetadata.usf" 2049
"../../../Engine/Shaders/Private/DownsampleDepthPixelShader.usf" 2050
"../../../Engine/Shaders/Private/ScreenPass.usf" 2051
"../../../Engine/Shaders/Private/HZB.usf" 2052
"../../../Engine/Shaders/Private/HZBOcclusion.usf" 2053
"../../../Engine/Shaders/Private/OcclusionQueryPixelShader.usf" 2054
"../../../Engine/Shaders/Private/OcclusionQueryVertexShader.usf" 2055
"../../../Engine/Shaders/Private/HitProxyPixelShader.usf" 2056
"../../../Engine/Shaders/Private/HitProxyVertexShader.usf" 2057
"../../../Engine/Shaders/Private/SceneCapturePixelShader.usf" 2058
"../../../Engine/Shaders/Private/RTWriteMaskDecode.usf" 2059
"../../../Engine/Shaders/Private/ReflectionEnvironmentShaders.usf" 2060
"../../../Engine/Shaders/Private/RectLightAtlas.usf" 2061
"../../../Engine/Shaders/Private/RayTracing/TraceRayInlineStatistics.usf" 2062
"../../../Engine/Shaders/Private/RayTracing/TraceRayInlineCommon.ush" 2063
"../../../Engine/Shaders/Private/RayTracing/VisualizeSkyLightMipTreePS.usf" 2064
"../../../Engine/Shaders/Private/RayTracing/MipTreeCommon.ush" 2065
"../../../Engine/Shaders/Private/RayTracing/CompositeSkyLightPS.usf" 2066
"../../../Engine/Shaders/Private/RayTracing/GenerateSkyLightVisibilityRaysCS.usf" 2067
"../../../Engine/Shaders/Private/RayTracing/RayTracingSkyLightCommon.ush" 2068
"../../../Engine/Shaders/Private/RayTracing/SkyLightVisibilityRaysData.ush" 2069
"../../../Engine/Shaders/Private/Raytracing/RaytracingSkylightRGS.usf" 2070
"../../../Engine/Shaders/Private/HairStrands/HairStrandsRaytracing.ush" 2071
"../../../Engine/Shaders/Private/Raytracing/RayTracingSkyLightEvaluation.ush" 2072
"../../../Engine/Shaders/Private/Raytracing/RayTracingDeferredShadingCommon.ush" 2073
"../../../Engine/Shaders/Private/RayTracing/RayTracingOcclusionRGS.usf" 2074
"../../../Engine/Shaders/Private/RayTracing/RayTracingDirectionalLight.ush" 2075
"../../../Engine/Shaders/Private/RayTracing/RayTracingRectLight.ush" 2076
"../../../Engine/Shaders/Private/RayTracing/RayTracingSphereLight.ush" 2077
"../../../Engine/Shaders/Private/RayTracing/RayTracingCapsuleLight.ush" 2078
"../../../Engine/Shaders/Private/RayTracing/SplitImaginaryReflectionGBufferCS.usf" 2079
"../../../Engine/Shaders/Private/RayTracing/RayTracingReflectionsCommon.ush" 2080
"../../../Engine/Shaders/Private/RayTracing/RayTracingReflections.usf" 2081
"../../../Engine/Shaders/Private/RayTracing/RayTracingLightingCommon.ush" 2082
"../../../Engine/Shaders/Private/RayTracing/RayTracingLightCullingCommon.ush" 2083
"../../../Engine/Shaders/Private/RayTracing/RayTracingReflectionEnvironment.ush" 2084
"../../../Engine/Shaders/Private/RayTracing/RayTracingPrimaryRays.usf" 2085
"../../../Engine/Shaders/Private/RayTracing/RayTracingMaterialDefaultHitShaders.usf" 2086
"../../../Engine/Shaders/Private/RayTracing/RayTracingMaterialHitShaders.usf" 2087
"../../../Engine/Shaders/Private/RayTracing/RayTracingCalcInterpolants.ush" 2088
"../../../Engine/Shaders/Private/LightmapCommon.ush" 2089
"../../../Engine/Shaders/Private/Lumen/LumenHardwareRayTracingPayloadCommon.ush" 2090
"../../../Engine/Shaders/Private/Strata/StrataExport.ush" 2091
"../../../Engine/Shaders/Private/RayTracing/RayTracingLightingMS.usf" 2092
"../../../Engine/Shaders/Private/RayTracing/RayTracingLightFunctionCommon.ush" 2093
"../../../Engine/Shaders/Private/RayTracing/GenerateCulledLightListCS.usf" 2094
"../../../Engine/Shaders/Private/Raytracing/RayTracingInstanceBufferUtil.usf" 2095
"../../../Engine/Shaders/Private/RayTracing/RayTracingFinalGatherRGS.usf" 2096
"../../../Engine/Shaders/Private/RayTracing/RayTracingGatherPoints.ush" 2097
"../../../Engine/Shaders/Private/PathTracing/Light/PathTracingLightSampling.ush" 2098
"../../../Engine/Shaders/Private/PathTracing/Light/PathTracingLightCommon.ush" 2099
"../../../Engine/Shaders/Shared/RayTracingTypes.h" 2100
"../../../Engine/Shaders/Private/PathTracing/Light/PathTracingDirectionalLight.ush" 2101
"../../../Engine/Shaders/Private/PathTracing/Light/PathTracingPointLight.ush" 2102
"../../../Engine/Shaders/Private/PathTracing/Light/PathTracingCapsuleLight.ush" 2103
"../../../Engine/Shaders/Private/PathTracing/Light/PathTracingRectLight.ush" 2104
"../../../Engine/Shaders/Private/PathTracing/Light/PathTracingSkyLight.ush" 2105
"../../../Engine/Shaders/Private/PathTracing/Light/PathTracingSpotLight.ush" 2106
"../../../Engine/Shaders/Private/PathTracing/Material/PathTracingMaterialSampling.ush" 2107
"../../../Engine/Shaders/Private/PathTracing/Material/PathTracingMaterialCommon.ush" 2108
"../../../Engine/Shaders/Private/PathTracing/PathTracingCommon.ush" 2109
"../../../Engine/Shaders/Private/PathTracing/Material/PathTracingLambert.ush" 2110
"../../../Engine/Shaders/Private/PathTracing/Material/PathTracingRadianceProbe.ush" 2111
"../../../Engine/Shaders/Private/PathTracing/Material/FirstBounceRayGuidingCommon.ush" 2112
"../../../Engine/Shaders/Private/PathTracing/Material/PathTracingSpecularReflection.ush" 2113
"../../../Engine/Shaders/Private/PathTracing/Material/PathTracingSpecularTransmission.ush" 2114
"../../../Engine/Shaders/Private/PathTracing/Material/PathTracingSolidGlass.ush" 2115
"../../../Engine/Shaders/Private/PathTracing/Material/PathTracingEnergyConservation.ush" 2116
"../../../Engine/Shaders/Private/PathTracing/Material/PathTracingThinGlass.ush" 2117
"../../../Engine/Shaders/Private/PathTracing/Material/PathTracingDefaultLit.ush" 2118
"../../../Engine/Shaders/Private/PathTracing/Material/PathTracingClearCoat.ush" 2119
"../../../Engine/Shaders/Private/PathTracing/Material/PathTracingTwoSidedFoliage.ush" 2120
"../../../Engine/Shaders/Private/PathTracing/Material/PathTracingCloth.ush" 2121
"../../../Engine/Shaders/Private/PathTracing/Material/PathTracingSubsurfaceProfile.ush" 2122
"../../../Engine/Shaders/Private/PathTracing/Material/PathTracingEye.ush" 2123
"../../../Engine/Shaders/Private/PathTracing/Material/PathTracingHair.ush" 2124
"../../../Engine/Shaders/Private/PathTracing/Material/PathTracingMedium.ush" 2125
"../../../Engine/Shaders/Private/RayTracing/RayTracingCreateGatherPointsRGS.usf" 2126
"../../../Engine/Shaders/Private/RayTracing/RayTracingGlobalIlluminationRGS.usf" 2127
"../../../Engine/Shaders/Private/RayTracing/RayTracingDynamicMesh.usf" 2128
"../../../Engine/Shaders/Private/RayTracing/RayTracingDeferredReflections.usf" 2129
"../../../Engine/Shaders/Private/RayTracing/RayTracingDeferredMaterials.ush" 2130
"../../../Engine/Shaders/Shared/ThirdParty/AMD/ags_shader_intrinsics_dx12.h" 2131
"../../../Engine/Shaders/Private/RayTracing/RayTracingDeferredReflections.ush" 2132
"../../../Engine/Shaders/Private/RayTracing/RayTracingReflectionResolve.usf" 2133
"../../../Engine/Shaders/Private/RayTracing/RayTracingReflectionsGenerateRaysCS.usf" 2134
"../../../Engine/Shaders/Private/RayTracing/MaterialSort.usf" 2135
"../../../Engine/Shaders/Private/RayTracing/RayTracingDeferredMaterials.usf" 2136
"../../../Engine/Shaders/Private/RayTracing/RayTracingDecalMaterialShader.usf" 2137
"../../../Engine/Shaders/Private/RayTracing/RayTracingBuildDecalGrid.usf" 2138
"../../../Engine/Shaders/Private/RayTracing/RayTracingDebug.usf" 2139
"../../../Engine/Shaders/Shared/RayTracingDebugDefinitions.h" 2140
"../../../Engine/Shaders/Shared/RayTracingDebugTypes.h" 2141
"../../../Engine/Shaders/Private/RayTracing/RayTracingDebugTraversal.usf" 2142
"../../../Engine/Shaders/Private/Nanite/NaniteRayTrace.ush" 2143
"../../../Engine/Shaders/Shared/ThirdParty/RayTriangleIntersection.h" 2144
"../../../Engine/Shaders/Private/RayTracing/TraceRayInline.ush" 2145
"../../../Engine/Shaders/Private/RayTracing/TraceRayInlineVulkan.ush" 2146
"../../../Engine/Shaders/Private/RayTracing/RayTracingBarycentrics.usf" 2147
"../../../Engine/Shaders/Private/RayTracing/RayTracingAmbientOcclusionRGS.usf" 2148
"../../../Engine/Shaders/Private/VisualizeShadingModels.usf" 2149
"../../../Engine/Shaders/Private/PostProcessCommon.ush" 2150
"../../../Engine/Shaders/Private/MotionBlur/VisualizeMotionVectors.usf" 2151
"../../../Engine/Shaders/Private/TemporalSuperResolution/TSRDebugHistory.usf" 2152
"../../../Engine/Shaders/Private/TemporalSuperResolution/TSRCommon.ush" 2153
"../../../Engine/Shaders/Public/DualPixelVectorization.ush" 2154
"../../../Engine/Shaders/Private/TemporalSuperResolution/TSRResolveHistory.usf" 2155
"../../../Engine/Shaders/Private/TemporalSuperResolution/TSRUpdateHistory.usf" 2156
"../../../Engine/Shaders/Private/TemporalSuperResolution/TSRFilterAntiAliasing.usf" 2157
"../../../Engine/Shaders/Private/TemporalSuperResolution/TSRSpatialAntiAliasing.usf" 2158
"../../../Engine/Shaders/Private/TemporalSuperResolution/TSRRejectShading.usf" 2159
"../../../Engine/Shaders/Public/LaneVectorization.ush" 2160
"../../../Engine/Shaders/Private/TemporalSuperResolution/TSRCompareTranslucency.usf" 2161
"../../../Engine/Shaders/Private/TemporalSuperResolution/TSRDecimateHistory.usf" 2162
"../../../Engine/Shaders/Private/TemporalSuperResolution/TSRDilateVelocity.usf" 2163
"../../../Engine/Shaders/Private/MotionBlur/MotionBlurVelocityFlatten.ush" 2164
"../../../Engine/Shaders/Private/MotionBlur/MotionBlurCommon.ush" 2165
"../../../Engine/Shaders/Private/TemporalSuperResolution/TSRClearPrevTextures.usf" 2166
"../../../Engine/Shaders/Private/TemporalSuperResolution/TSRComputeMoireLuma.usf" 2167
"../../../Engine/Shaders/Private/TemporalAA.usf" 2168
"../../../Engine/Shaders/Private/FilterPixelShader.usf" 2169
"../../../Engine/Shaders/Private/FilterVertexShader.usf" 2170
"../../../Engine/Shaders/Private/PostProcessVisualizeBuffer.usf" 2171
"../../../Engine/Shaders/Private/PostProcessVisualizeLocalExposure.usf" 2172
"../../../Engine/Shaders/Private/PostProcessHistogramCommon.ush" 2173
"../../../Engine/Shaders/Private/PostProcessVisualizeLevelInstance.usf" 2174
"../../../Engine/Shaders/Private/PostProcessVisualizeHDR.usf" 2175
"../../../Engine/Shaders/Private/ShaderComplexityApplyPixelShader.usf" 2176
"../../../Engine/Shaders/Private/QuadOverdraw.ush" 2177
"../../../Engine/Shaders/Private/PostProcessUpscale.usf" 2178
"../../../Engine/Shaders/Private/PostProcessTonemap.usf" 2179
"../../../Engine/Shaders/Private/PostProcessing/FilmGrainPackConstants.usf" 2180
"../../../Engine/Shaders/Private/PostProcessing/FilmGrainReduce.usf" 2181
"../../../Engine/Shaders/Private/PostProcessTestImage.usf" 2182
"../../../Engine/Shaders/Private/PostProcessSubsurface.usf" 2183
"../../../Engine/Shaders/Private/SeparableSSS.ush" 2184
"../../../Engine/Shaders/Private/SubsurfaceBurleyNormalized.ush" 2185
"../../../Engine/Shaders/Private/PostProcessSelectionOutline.usf" 2186
"../../../Engine/Shaders/Private/PostProcessPixelProjectedReflectionMobile.usf" 2187
"../../../Engine/Shaders/Private/MotionBlur/MotionBlurVisualize.usf" 2188
"../../../Engine/Shaders/Private/MotionBlur/MotionBlurApply.usf" 2189
"../../../Engine/Shaders/Private/MotionBlur/MotionBlurFilterTileClassify.usf" 2190
"../../../Engine/Shaders/Private/MotionBlur/MotionBlurTileScatter.usf" 2191
"../../../Engine/Shaders/Private/MotionBlur/MotionBlurTileGather.usf" 2192
"../../../Engine/Shaders/Private/MotionBlur/MotionBlurVelocityFlatten.usf" 2193
"../../../Engine/Shaders/Private/PostProcessMobile.usf" 2194
"../../../Engine/Shaders/Private/PostProcessMitchellNetravali.usf" 2195
"../../../Engine/Shaders/Private/PostProcessMaterialShaders.usf" 2196
"../../../Engine/Shaders/Private/PostProcessLocalExposure.usf" 2197
"../../../Engine/Shaders/Private/PostProcessLensFlares.usf" 2198
"../../../Engine/Shaders/Private/PostProcessHMD.usf" 2199
"../../../Engine/Shaders/Private/Histogram.usf" 2200
"../../../Engine/Shaders/Private/PostProcessHistogramReduce.usf" 2201
"../../../Engine/Shaders/Private/PostProcessHistogram.usf" 2202
"../../../Engine/Shaders/Private/PostProcessGBufferHints.usf" 2203
"../../../Engine/Shaders/Private/Bloom/BloomFinalizeApplyConstants.usf" 2204
"../../../Engine/Shaders/Private/Bloom/BloomCommon.ush" 2205
"../../../Engine/Shaders/Private/Bloom/BloomResizeKernel.usf" 2206
"../../../Engine/Shaders/Private/Bloom/BloomClampKernel.usf" 2207
"../../../Engine/Shaders/Private/Bloom/BloomPackKernelConstants.usf" 2208
"../../../Engine/Shaders/Private/Bloom/BloomSumScatterDispersionEnergy.usf" 2209
"../../../Engine/Shaders/Private/Bloom/BloomReduceKernelSurvey.usf" 2210
"../../../Engine/Shaders/Private/Bloom/BloomSurveyKernelCenterEnergy.usf" 2211
"../../../Engine/Shaders/Private/Bloom/BloomSurveyMaxScatterDispersion.usf" 2212
"../../../Engine/Shaders/Private/Bloom/BloomFindKernelCenter.usf" 2213
"../../../Engine/Shaders/Private/PostProcessEyeAdaptation.usf" 2214
"../../../Engine/Shaders/Private/PostProcessDownsample.usf" 2215
"../../../Engine/Shaders/Private/PostProcessDOF.usf" 2216
"../../../Engine/Shaders/Private/PostProcessDeviceEncodingOnly.usf" 2217
"../../../Engine/Shaders/Private/PostProcessCompositeEditorPrimitives.usf" 2218
"../../../Engine/Shaders/Private/PostProcessCombineLUTs.usf" 2219
"../../../Engine/Shaders/Private/PostProcessVisualizeDOF.usf" 2220
"../../../Engine/Shaders/Private/PostProcessBloom.usf" 2221
"../../../Engine/Shaders/Private/PostProcessAmbientOcclusionMobile.usf" 2222
"../../../Engine/Shaders/Private/PostProcessAmbientOcclusionCommon.ush" 2223
"../../../Engine/Shaders/Private/FXAAShader.usf" 2224
"../../../Engine/Shaders/Private/Fxaa3_11.ush" 2225
"../../../Engine/Shaders/Private/DiaphragmDOF/DOFRecombine.usf" 2226
"../../../Engine/Shaders/Private/DiaphragmDOF/DOFCommon.ush" 2227
"../../../Engine/Shaders/Private/DiaphragmDOF/DOFHybridScatterPixelShader.usf" 2228
"../../../Engine/Shaders/Private/DiaphragmDOF/DOFHybridScatterCommon.ush" 2229
"../../../Engine/Shaders/Private/DiaphragmDOF/DOFHybridScatterVertexShader.usf" 2230
"../../../Engine/Shaders/Private/DiaphragmDOF/DOFPostfiltering.usf" 2231
"../../../Engine/Shaders/Private/DiaphragmDOF/DOFGatherTileSuggest.ush" 2232
"../../../Engine/Shaders/Private/DiaphragmDOF/DOFCocTileCommon.ush" 2233
"../../../Engine/Shaders/Private/DiaphragmDOF/DOFGatherPass.usf" 2234
"../../../Engine/Shaders/Private/DiaphragmDOF/DOFGatherCommon.ush" 2235
"../../../Engine/Shaders/Private/DiaphragmDOF/DOFGatherAccumulator.ush" 2236
"../../../Engine/Shaders/Private/DiaphragmDOF/DOFGatherKernel.ush" 2237
"../../../Engine/Shaders/Private/DiaphragmDOF/DOFBokehLUT.usf" 2238
"../../../Engine/Shaders/Private/DiaphragmDOF/DOFHybridScatterCompilation.usf" 2239
"../../../Engine/Shaders/Private/DiaphragmDOF/DOFReduce.usf" 2240
"../../../Engine/Shaders/Private/DiaphragmDOF/DOFDownsample.ush" 2241
"../../../Engine/Shaders/Private/DiaphragmDOF/DOFHybridScatterCompilation.ush" 2242
"../../../Engine/Shaders/Private/DiaphragmDOF/DOFDownsample.usf" 2243
"../../../Engine/Shaders/Private/DiaphragmDOF/DOFCocTileDilate.usf" 2244
"../../../Engine/Shaders/Private/DiaphragmDOF/DOFCocTileFlatten.usf" 2245
"../../../Engine/Shaders/Private/DiaphragmDOF/DOFSetup.usf" 2246
"../../../Engine/Shaders/Private/PlanarReflectionShaders.usf" 2247
"../../../Engine/Shaders/Private/PlanarReflectionShared.ush" 2248
"../../../Engine/Shaders/Private/PhysicsFieldVisualizer.usf" 2249
"../../../Engine/Shaders/Private/PathTracing/PathTracingSpatialTemporalDenoising.usf" 2250
"../../../Engine/Shaders/Private/ColorDifference.ush" 2251
"../../../Engine/Shaders/Private/PathTracing/PathTracingCompositingPixelShader.usf" 2252
"../../../Engine/Shaders/Private/PathTracing/PathTracingMaterialHitShader.usf" 2253
"../../../Engine/Shaders/Private/PathTracing/PathTracingLightingMissShader.usf" 2254
"../../../Engine/Shaders/Private/PathTracing/PathTracingMissShader.usf" 2255
"../../../Engine/Shaders/Private/PathTracing/PathTracingBuildAtmosphereLUT.usf" 2256
"../../../Engine/Shaders/Private/PathTracing/Volume/PathTracingAtmosphereCommon.ush" 2257
"../../../Engine/Shaders/Private/PathTracing/PathTracingSwizzleScanlines.usf" 2258
"../../../Engine/Shaders/Private/PathTracing/PathTracingIESAtlas.usf" 2259
"../../../Engine/Shaders/Private/PathTracing/PathTracingInitExtinctionCoefficient.usf" 2260
"../../../Engine/Shaders/Private/PathTracing/PathTracing.usf" 2261
"../../../Engine/Shaders/Private/PathTracing/PathTracingCore.ush" 2262
"../../../Engine/Shaders/Private/RayTracing/RayTracingDecalGrid.ush" 2263
"../../../Engine/Shaders/Private/PathTracing/Utilities/PathTracingRIS.ush" 2264
"../../../Engine/Shaders/Private/PathTracing/Light/PathTracingLightGrid.ush" 2265
"../../../Engine/Shaders/Private/PathTracing/Volume/PathTracingVolume.ush" 2266
"../../../Engine/Shaders/Private/PathTracing/Volume/PathTracingVolumeCommon.ush" 2267
"../../../Engine/Shaders/Private/PathTracing/Volume/PathTracingAtmosphere.ush" 2268
"../../../Engine/Shaders/Private/DoubleWordMath.ush" 2269
"../../../Engine/Shaders/Private/PathTracing/Volume/PathTracingFog.ush" 2270
"../../../Engine/Shaders/Private/PathTracing/Volume/PathTracingVolumeSampling.ush" 2271
"../../../Engine/Shaders/Private/PathTracing/PathTracingBuildLightGrid.usf" 2272
"../../../Engine/Shaders/Private/PathTracing/PathTracingSkylightMISCompensation.usf" 2273
"../../../Engine/Shaders/Private/PathTracing/PathTracingSkylightPrepare.usf" 2274
"../../../Engine/Shaders/Private/OIT/OITSorting.usf" 2275
"../../../Engine/Shaders/Private/OITCombine.usf" 2276
"../../../Engine/Shaders/Private/OITCommon.ush" 2277
"../../../Engine/Shaders/Private/HTileVisualize.usf" 2278
"../../../Engine/Shaders/Private/HTileEncoding.ush" 2279
"../../../Engine/Shaders/Private/Nanite/NaniteDebugViews.usf" 2280
"../../../Engine/Shaders/Private/Nanite/NaniteMaterialComplexity.usf" 2281
"../../../Engine/Shaders/Private/Nanite/NaniteVisualize.usf" 2282
"../../../Engine/Shaders/Private/Nanite/NaniteStreamOut.usf" 2283
"../../../Engine/Shaders/Private/Nanite/NaniteMaterialCulling.usf" 2284
"../../../Engine/Shaders/Private/Nanite/NaniteDepthExport.usf" 2285
"../../../Engine/Shaders/Private/Nanite/NaniteExportGBuffer.usf" 2286
"../../../Engine/Shaders/Private/Nanite/NaniteRasterizer.usf" 2287
"../../../Engine/Shaders/Private/Nanite/NaniteWritePixel.ush" 2288
"../../../Engine/Shaders/Private/WorkDistribution.ush" 2289
"../../../Engine/Shaders/Private/Nanite/NaniteRasterBinning.usf" 2290
"../../../Engine/Shaders/Private/Nanite/NaniteInstanceCulling.usf" 2291
"../../../Engine/Shaders/Private/Nanite/NaniteImposter.ush" 2292
"../../../Engine/Shaders/Private/Nanite/NanitePrimitiveFilter.usf" 2293
"../../../Engine/Shaders/Private/Nanite/NanitePrintStats.usf" 2294
"../../../Engine/Shaders/Private/Nanite/NaniteEmitShadow.usf" 2295
"../../../Engine/Shaders/Private/MobileDeferredUtils.usf" 2296
"../../../Engine/Shaders/Private/MobileFog.usf" 2297
"../../../Engine/Shaders/Private/DistortApplyScreenPS.usf" 2298
"../../../Engine/Shaders/Private/MobileDeferredShading.usf" 2299
"../../../Engine/Shaders/Private/MobileLightingCommon.ush" 2300
"../../../Engine/Shaders/Private/MobileBasePassPixelShader.usf" 2301
"../../../Engine/Shaders/Private/MobileBasePassCommon.ush" 2302
"../../../Engine/Shaders/Private/BasePassCommon.ush" 2303
"../../../Engine/Shaders/Private/ShadingModelsMaterial.ush" 2304
"../../../Engine/Shaders/Private/SingleLayerWaterShading.ush" 2305
"../../../Engine/Shaders/Private/DistortionCommon.ush" 2306
"../../../Engine/Shaders/Private/MobileBasePassVertexShader.usf" 2307
"../../../Engine/Shaders/Private/Lumen/LumenVisualizeRadianceCache.usf" 2308
"../../../Engine/Shaders/Private/Lumen/LumenRadianceCacheCommon.ush" 2309
"../../../Engine/Shaders/Private/Lumen/LumenVisualizeHardwareRayTracing.usf" 2310
"../../../Engine/Shaders/Private/Lumen/LumenCardCommon.ush" 2311
"../../../Engine/Shaders/Private/Lumen/LumenTracingCommon.ush" 2312
"../../../Engine/Shaders/Private/DistanceField/GlobalDistanceFieldUtils.ush" 2313
"../../../Engine/Shaders/Private/DistanceField/GlobalDistanceFieldObjectGrid.ush" 2314
"../../../Engine/Shaders/Private/DistanceFieldLightingShared.ush" 2315
"../../../Engine/Shaders/Private/Lumen/SurfaceCache/LumenSurfaceCacheSampling.ush" 2316
"../../../Engine/Shaders/Private/Lumen/SurfaceCache/LumenSurfaceCache.ush" 2317
"../../../Engine/Shaders/Private/Lumen/LumenVisualize.ush" 2318
"../../../Engine/Shaders/Private/Lumen/LumenHardwareRayTracingCommon.ush" 2319
"../../../Engine/Shaders/Private/Lumen/LumenHardwareRayTracingPipelineCommon.ush" 2320
"../../../Engine/Shaders/Private/Lumen/LumenHardwareRayTracingPlatformCommon.ush" 2321
"../../../Engine/Shaders/Private/Lumen/LumenVisualize.usf" 2322
"../../../Engine/Shaders/Private/Lumen/LumenVisualizeTraces.ush" 2323
"../../../Engine/Shaders/Private/Lumen/LumenTranslucencyVolumeLighting.usf" 2324
"../../../Engine/Shaders/Private/Lumen/LumenRadianceCacheMarkCommon.ush" 2325
"../../../Engine/Shaders/Private/Lumen/LumenTranslucencyVolumeLightingShared.ush" 2326
"../../../Engine/Shaders/Private/Lumen/LumenScreenProbeCommon.ush" 2327
"../../../Engine/Shaders/Private/BlueNoise.ush" 2328
"../../../Engine/Shaders/Private/Lumen/LumenTranslucencyVolumeHardwareRayTracing.usf" 2329
"../../../Engine/Shaders/Private/Lumen/LumenTranslucencyRadianceCacheMarkShaders.usf" 2330
"../../../Engine/Shaders/Private/Lumen/SurfaceCache/LumenSurfaceCacheFeedback.usf" 2331
"../../../Engine/Shaders/Private/Lumen/SurfaceCache/LumenSurfaceCache.usf" 2332
"../../../Engine/Shaders/Private/Lumen/LumenScreenSpaceBentNormal.usf" 2333
"../../../Engine/Shaders/Private/Lumen/LumenMaterial.ush" 2334
"../../../Engine/Shaders/Private/Lumen/LumenScreenTracing.ush" 2335
"../../../Engine/Shaders/Private/Lumen/LumenScreenProbeTracing.usf" 2336
"../../../Engine/Shaders/Private/Lumen/LumenScreenProbeTracingCommon.ush" 2337
"../../../Engine/Shaders/Private/Lumen/LumenHairTracing.ush" 2338
"../../../Engine/Shaders/Private/Lumen/LumenScreenProbeImportanceSampling.usf" 2339
"../../../Engine/Shaders/Private/Lumen/LumenScreenProbeImportanceSamplingShared.ush" 2340
"../../../Engine/Shaders/Private/Lumen/LumenScreenProbeHardwareRayTracing.usf" 2341
"../../../Engine/Shaders/Private/Lumen/LumenScreenProbeGather.usf" 2342
"../../../Engine/Shaders/Private/Lumen/LumenScreenSpaceBentNormal.ush" 2343
"../../../Engine/Shaders/Private/Lumen/LumenScreenProbeLightSampling.usf" 2344
"../../../Engine/Shaders/Private/Lumen/LumenScreenProbeFiltering.usf" 2345
"../../../Engine/Shaders/Private/Lumen/LumenSceneLighting.usf" 2346
"../../../Engine/Shaders/Private/Lumen/LumenCardTile.ush" 2347
"../../../Engine/Shaders/Private/Lumen/LumenSceneLighting.ush" 2348
"../../../Engine/Shaders/Private/Lumen/Radiosity/LumenRadiosity.ush" 2349
"../../../Engine/Shaders/Private/Lumen/LumenCardPixelShader.usf" 2350
"../../../Engine/Shaders/Private/Lumen/LumenCardVertexShader.usf" 2351
"../../../Engine/Shaders/Private/Lumen/LumenSceneLightingDebug.usf" 2352
"../../../Engine/Shaders/Private/Lumen/LumenSceneDirectLightingHardwareRayTracing.usf" 2353
"../../../Engine/Shaders/Private/Lumen/LumenReflectionCommon.ush" 2354
"../../../Engine/Shaders/Private/Lumen/LumenSceneDirectLighting.ush" 2355
"../../../Engine/Shaders/Private/Lumen/LumenSceneDirectLightingSoftwareRayTracing.usf" 2356
"../../../Engine/Shaders/Private/DistanceFieldShadowingShared.ush" 2357
"../../../Engine/Shaders/Private/Lumen/LumenSceneDirectLightingPerLightShadowCommon.ush" 2358
"../../../Engine/Shaders/Private/Lumen/LumenSceneDirectLightingShadowMask.usf" 2359
"../../../Engine/Shaders/Private/Lumen/LumenSceneDirectLighting.usf" 2360
"../../../Engine/Shaders/Private/Lumen/LumenSceneDirectLightingCulling.usf" 2361
"../../../Engine/Shaders/Private/Lumen/LumenReflectionTracing.usf" 2362
"../../../Engine/Shaders/Private/Lumen/LumenReflections.usf" 2363
"../../../Engine/Shaders/Private/Lumen/LumenReflectionHardwareRayTracing.usf" 2364
"../../../Engine/Shaders/Private/Lumen/Radiosity/LumenVisualizeRadiosityProbes.usf" 2365
"../../../Engine/Shaders/Private/Lumen/Radiosity/LumenRadiosity.usf" 2366
"../../../Engine/Shaders/Private/RayTracing/RayGenUtils.ush" 2367
"../../../Engine/Shaders/Private/Lumen/Radiosity/LumenRadiosityHardwareRayTracing.usf" 2368
"../../../Engine/Shaders/Private/Lumen/Radiosity/LumenRadiosityCulling.usf" 2369
"../../../Engine/Shaders/Private/Lumen/LumenRadianceCacheHardwareRayTracing.usf" 2370
"../../../Engine/Shaders/Private/Lumen/LumenRadianceCacheTracingCommon.ush" 2371
"../../../Engine/Shaders/Private/Lumen/LumenRadianceCache.usf" 2372
"../../../Engine/Shaders/Private/Lumen/LumenRadianceCacheUpdate.ush" 2373
"../../../Engine/Shaders/Private/Lumen/LumenRadianceCacheDebug.usf" 2374
"../../../Engine/Shaders/Private/Lumen/LumenRadianceCacheUpdate.usf" 2375
"../../../Engine/Shaders/Private/Lumen/LumenMeshSDFCulling.usf" 2376
"../../../Engine/Shaders/Private/HybridIndirectLighting.ush" 2377
"../../../Engine/Shaders/Private/MeshDistanceFieldCommon.ush" 2378
"../../../Engine/Shaders/Private/Lumen/LumenIrradianceFieldGather.usf" 2379
"../../../Engine/Shaders/Private/Lumen/LumenHardwareRayTracingMaterials.usf" 2380
"../../../Engine/Shaders/Private/Lumen/LumenHardwareRayTracingPipeline.usf" 2381
"../../../Engine/Shaders/Private/Lumen/LumenFrontLayerTranslucency.usf" 2382
"../../../Engine/Shaders/Private/LightShaftShader.usf" 2383
"../../../Engine/Shaders/Private/StationaryLightOverlapShaders.usf" 2384
"../../../Engine/Shaders/Private/DeferredLightPixelShaders.usf" 2385
"../../../Engine/Shaders/Private/HairStrands/HairStrandsVisibilityUtils.ush" 2386
"../../../Engine/Shaders/Private/DeferredLightVertexShaders.usf" 2387
"../../../Engine/Shaders/Private/LightMapDensityShader.usf" 2388
"../../../Engine/Shaders/Private/LightGridInjection.usf" 2389
"../../../Engine/Shaders/Private/LightFunctionPixelShader.usf" 2390
"../../../Engine/Shaders/Private/LightFunctionVertexShader.usf" 2391
"../../../Engine/Shaders/Private/InstanceCulling/BuildInstanceDrawCommands.usf" 2392
"../../../Engine/Shaders/Private/InstanceCulling/InstanceCompactionCommon.ush" 2393
"../../../Engine/Shaders/Private/InstanceCulling/CompactVisibleInstances.usf" 2394
"../../../Engine/Shaders/Private/ThreadGroupPrefixSum.ush" 2395
"../../../Engine/Shaders/Private/ReflectionEnvironmentPixelShader.usf" 2396
"../../../Engine/Shaders/Private/Strata/StrataEnvironmentLighting.ush" 2397
"../../../Engine/Shaders/Private/AmbientCubemapComposite.usf" 2398
"../../../Engine/Shaders/Private/DiffuseIndirectComposite.usf" 2399
"../../../Engine/Shaders/Private/HeterogeneousVolumes/HeterogeneousVolumesSparseVoxelPipeline.usf" 2400
"../../../Engine/Shaders/Private/HeterogeneousVolumes/HeterogeneousVolumesSparseVoxelUtils.ush" 2401
"../../../Engine/Shaders/Private/HeterogeneousVolumes/HeterogeneousVolumesSparseVoxelUniformBufferUtils.ush" 2402
"../../../Engine/Shaders/Private/HeterogeneousVolumes/HeterogeneousVolumesPreshadingPipeline.usf" 2403
"../../../Engine/Shaders/Private/HeterogeneousVolumes/HeterogeneousVolumesTracingUtils.ush" 2404
"../../../Engine/Shaders/Private/HeterogeneousVolumes/HeterogeneousVolumesLightingUtils.ush" 2405
"../../../Engine/Shaders/Private/HeterogeneousVolumes/HeterogeneousVolumesRayMarchingUtils.ush" 2406
"../../../Engine/Shaders/Private/HeterogeneousVolumes/HeterogeneousVolumesTransmittanceVolumeUtils.ush" 2407
"../../../Engine/Shaders/Private/HeterogeneousVolumes/HeterogeneousVolumesMaterialBakingPipeline.usf" 2408
"../../../Engine/Shaders/Private/HeterogeneousVolumes/HeterogeneousVolumesLiveShadingUtils.ush" 2409
"../../../Engine/Shaders/Private/HeterogeneousVolumes/HeterogeneousVolumesLiveShadingPipeline.usf" 2410
"../../../Engine/Shaders/Private/HeterogeneousVolumes/HeterogeneousVolumesHardwareRayTracing.usf" 2411
"../../../Engine/Shaders/Private/HeterogeneousVolumes/HeterogeneousVolumesComposite.usf" 2412
"../../../Engine/Shaders/Private/HdrCustomResolveShaders.usf" 2413
"../../../Engine/Shaders/Private/HairStrands/HairStrandsVoxelMip.usf" 2414
"../../../Engine/Shaders/Private/HairStrands/HairStrandsVoxelRasterCompute.usf" 2415
"../../../Engine/Shaders/Private/HairStrands/HairStrandsClusterCommon.ush" 2416
"../../../Engine/Shaders/Private/HairStrands/HairStrandsVoxelPageAllocation.usf" 2417
"../../../Engine/Shaders/Private/Matrices.ush" 2418
"../../../Engine/Shaders/Private/HairStrands/HairStrandsAABBCommon.ush" 2419
"../../../Engine/Shaders/Private/HairStrands/HairStrandsVoxelOpaque.usf" 2420
"../../../Engine/Shaders/Private/HairStrands/HairStrandsRaytracingGeometry.usf" 2421
"../../../Engine/Shaders/Private/HairStrands/HairStrandsHitProxy.usf" 2422
"../../../Engine/Shaders/Private/HairStrands/HairStrandsVisibilityRasterComputeNaive.usf" 2423
"../../../Engine/Shaders/Private/HairStrands/HairStrandsVisibilityRasterHW.usf" 2424
"../../../Engine/Shaders/Private/HairStrands/HairStrandsVisibilityRasterCompute.usf" 2425
"../../../Engine/Shaders/Private/HairStrands/HairStrandsVisibilityRasterClassification.usf" 2426
"../../../Engine/Shaders/Private/HairStrands/HairStrandsCoverage.usf" 2427
"../../../Engine/Shaders/Private/HairStrands/HairStrandsVisibilityDepthPS.usf" 2428
"../../../Engine/Shaders/Private/HairStrands/HairStrandsVisibilityTransmittanceDepthPS.usf" 2429
"../../../Engine/Shaders/Private/HairStrands/HairStrandsVisibilityFillOpaqueDepthPS.usf" 2430
"../../../Engine/Shaders/Private/HairStrands/HairStrandsVisibilityCompactionComputeRaster.usf" 2431
"../../../Engine/Shaders/Private/HairStrands/HairStrandsVisibilityCompaction.usf" 2432
"../../../Engine/Shaders/Private/HairStrands/HairStrandsVisibilityCopyIndirectArg.usf" 2433
"../../../Engine/Shaders/Private/HairStrands/HairStrandsVisibilityClearPS.usf" 2434
"../../../Engine/Shaders/Private/HairStrands/HairStrandsVisibilityPS.usf" 2435
"../../../Engine/Shaders/Private/HairStrands/HairStrandsVisibilityVS.usf" 2436
"../../../Engine/Shaders/Private/HairStrands/HairStrandsVelocity.usf" 2437
"../../../Engine/Shaders/Private/HairStrands/HairStrandsVisibilityComputeSampleCoverage.usf" 2438
"../../../Engine/Shaders/Private/HairStrands/HairStrandsMaterialPS.usf" 2439
"../../../Engine/Shaders/Private/HairStrands/HairStrandsMaterialCommon.ush" 2440
"../../../Engine/Shaders/Private/HairStrands/HairStrandsMaterialVS.usf" 2441
"../../../Engine/Shaders/Private/HairStrands/HairStrandsLightSample.usf" 2442
"../../../Engine/Shaders/Private/HairStrands/HairStrandsDeepShadowMask.usf" 2443
"../../../Engine/Shaders/Private/HairStrands/HairStrandsDeepShadowCommon.ush" 2444
"../../../Engine/Shaders/Private/HairStrands/HairStrandsDeepTransmittanceMask.usf" 2445
"../../../Engine/Shaders/Private/HairStrands/HairStrandsVisibilityTile.usf" 2446
"../../../Engine/Shaders/Private/HairStrands/HairStrandsDeepShadowPS.usf" 2447
"../../../Engine/Shaders/Private/HairStrands/HairStrandsDeepShadowVS.usf" 2448
"../../../Engine/Shaders/Private/HairStrands/HairStrandsLUT.usf" 2449
"../../../Engine/Shaders/Private/HairStrands/HairStrandsEnvironmentLighting.usf" 2450
"../../../Engine/Shaders/Private/HairStrands/HairStrandsEnvironmentLightingCommon.ush" 2451
"../../../Engine/Shaders/Private/HairStrands/HairStrandsDebugCommonStruct.ush" 2452
"../../../Engine/Shaders/Private/HairStrands/HairStrandsEnvironmentAO.usf" 2453
"../../../Engine/Shaders/Private/HairStrands/HairStrandsDeepShadowAllocation.usf" 2454
"../../../Engine/Shaders/Private/HairStrands/HairStrandsVoxelDepthInjection.usf" 2455
"../../../Engine/Shaders/Private/HairStrands/HairStrandsClusterCulling.usf" 2456
"../../../Engine/Shaders/Private/HairStrands/HairStrandsDebug.usf" 2457
"../../../Engine/Shaders/Private/HairStrands/HairStrandsMeshProjectionCommon.ush" 2458
"../../../Engine/Shaders/Private/HairStrands/HairStrandsVoxelPageRayMarching.usf" 2459
"../../../Engine/Shaders/Private/HairStrands/HairStrandsGBufferWrite.usf" 2460
"../../../Engine/Shaders/Private/HairStrands/HairStrandsGBufferCommon.ush" 2461
"../../../Engine/Shaders/Private/HairStrands/HairStrandsVisibilityComposeSubPixelPS.usf" 2462
"../../../Engine/Shaders/Private/HairStrands/HairStrandsAABB.usf" 2463
"../../../Engine/Shaders/Private/GPUScene/GPUSceneDataManagement.usf" 2464
"../../../Engine/Shaders/Private/GPUSceneDebugRender.usf" 2465
"../../../Engine/Shaders/Private/GPUFastFourierTransform.usf" 2466
"../../../Engine/Shaders/Private/GPUFastFourierTransform2DCore.ush" 2467
"../../../Engine/Shaders/Private/GPUFastFourierTransformCore.ush" 2468
"../../../Engine/Shaders/Private/GPUBenchmark.usf" 2469
"../../../Engine/Shaders/Private/DistanceField/GlobalDistanceFieldDebug.usf" 2470
"../../../Engine/Shaders/Private/DistanceField/GlobalDistanceFieldMip.usf" 2471
"../../../Engine/Shaders/Private/DistanceField/GlobalDistanceField.usf" 2472
"../../../Engine/Shaders/Private/DistanceField/GlobalDistanceFieldUpdate.ush" 2473
"../../../Engine/Shaders/Private/DistanceField/GlobalDistanceFieldCompositeObjects.usf" 2474
"../../../Engine/Shaders/Private/DistanceField/GlobalDistanceFieldHeightfields.usf" 2475
"../../../Engine/Shaders/Private/HeightfieldLightingShared.ush" 2476
"../../../Engine/Shaders/Private/GenerateConservativeDepth.usf" 2477
"../../../Engine/Shaders/Private/HeightFogPixelShader.usf" 2478
"../../../Engine/Shaders/Private/HeightFogVertexShader.usf" 2479
"../../../Engine/Shaders/Private/DistortFiltering.usf" 2480
"../../../Engine/Shaders/Private/DistortAccumulatePS.usf" 2481
"../../../Engine/Shaders/Private/DistortAccumulateVS.usf" 2482
"../../../Engine/Shaders/Private/DistanceFieldVisualization.usf" 2483
"../../../Engine/Shaders/Private/DistanceFieldStreaming.usf" 2484
"../../../Engine/Shaders/Private/DistanceFieldShadowing.usf" 2485
"../../../Engine/Shaders/Private/DistanceFieldScreenGridLighting.usf" 2486
"../../../Engine/Shaders/Private/DistanceFieldObjectCulling.usf" 2487
"../../../Engine/Shaders/Private/DistanceFieldLightingPost.usf" 2488
"../../../Engine/Shaders/Private/DitheredTransitionStencil.usf" 2489
"../../../Engine/Shaders/Private/DepthOnlyPixelShader.usf" 2490
"../../../Engine/Shaders/Private/DepthOnlyVertexShader.usf" 2491
"../../../Engine/Shaders/Private/PositionOnlyDepthVertexShader.usf" 2492
"../../../Engine/Shaders/Private/DeferredDecal.usf" 2493
"../../../Engine/Shaders/Private/DecalCommon.ush" 2494
"../../../Engine/Shaders/Private/DebugViewModeVertexShader.usf" 2495
"../../../Engine/Shaders/Private/DebugViewModeCommon.ush" 2496
"../../../Engine/Shaders/Private/DebugViewModePixelShader.usf" 2497
"../../../Engine/Shaders/Private/DebugProbes.usf" 2498
"../../../Engine/Shaders/Private/MeshDecals.usf" 2499
"../../../Engine/Shaders/Private/PostProcessAmbientOcclusion.usf" 2500
"../../../Engine/Shaders/Private/ClusteredDeferredShadingPixelShader.usf" 2501
"../../../Engine/Shaders/Private/ClusteredDeferredShadingVertexShader.usf" 2502
"../../../Engine/Shaders/Private/CapsuleShadowShaders.usf" 2503
"../../../Engine/Shaders/Private/BasePassPixelShader.usf" 2504
"../../../Engine/Shaders/Private/ThinTranslucentCommon.ush" 2505
"../../../Engine/Shaders/Private/ForwardLightingCommon.ush" 2506
"../../../Engine/Shaders/Private/Strata/StrataForwardLighting.ush" 2507
"../../../Engine/Shaders/Private/ComputeShaderOutputCommon.ush" 2508
"../../../Engine/Shaders/Private/BasePassVertexShader.usf" 2509
"../../../Engine/Shaders/Private/BasePassVertexCommon.ush" 2510
"../../../Engine/Shaders/Private/AnisotropyPassShader.usf" 2511
"../../../Engine/Shaders/Private/SimpleElementVolumeTexturePreviewPixelShader.usf" 2512
"../../../Engine/Shaders/Private/SimpleElementTexture2DPreviewPixelShader.usf" 2513
"../../../Engine/Shaders/Private/meshpaintdilatepixelshader.usf" 2514
"../../../Engine/Shaders/Private/meshpaintdilatevertexshader.usf" 2515
"../../../Engine/Shaders/Private/MeshPaintPixelShader.usf" 2516
"../../../Engine/Shaders/Private/MeshPaintVertexShader.usf" 2517
"../../../Engine/Shaders/Private/Tools/VisualizeTexture.usf" 2518
"../../../Engine/Shaders/Private/ByteBuffer.usf" 2519
"../../../Engine/Shaders/Private/ResolveVertexShader.usf" 2520
"../../../Engine/Shaders/Private/ResolvePixelShader.usf" 2521
"../../../Engine/Shaders/Private/Tools/SetupIndirectArgs.usf" 2522
"../../../Engine/Shaders/Private/Tools/ClearUAV.usf" 2523
"../../../Engine/Shaders/Private/ClearReplacementShaders.usf" 2524
"../../../Engine/Shaders/Private/Tools/DrawTexture.usf" 2525
"../../../Engine/Shaders/Private/RayTracing/RayTracingValidation.usf" 2526
"../../../Engine/Shaders/Private/RenderGraphUtilities.usf" 2527
"../../../Engine/Shaders/Private/OneColorShader.usf" 2528
"../../../Engine/Shaders/Private/OculusShaders.usf" 2529
"../../../Engine/Shaders/Private/MediaShaders.usf" 2530
"../../../Engine/Shaders/Private/GPUMessaging.usf" 2531
"../../../Engine/Shaders/Private/NullPixelShader.usf" 2532
"../../../Engine/Shaders/Private/ComputeGenerateMips.usf" 2533
"../../../Engine/Shaders/Private/Tools/DumpTexture.usf" 2534
"../../../Engine/Shaders/Private/CopyTextureShaders.usf" 2535
"../../../Engine/Shaders/Private/Tools/FullscreenVertexShader.usf" 2536
"../../../Engine/Shaders/Private/RayTracing/RayTracingDispatchDesc.usf" 2537
"../../../Engine/Shaders/Private/RayTracing/RayTracingBuiltInShaders.usf" 2538
"../../../Engine/Shaders/Private/Bink.usf" 2539
"../../../Engine/Content/EditorResources/S_Actor.uasset" 2540
"C:/Users/franc/AppData/Local/UnrealEngine/Common/DerivedDataCache/Buckets/BulkDataList/ba/0b/e578c2dd9b58af66ca49b0acac5119bbb22a.udd" 2541
"E:/Unreal Projects/LeagueJourney/Intermediate/ShaderAutogen/PCD3D_SM6/AutogenShaderHeaders.ush" 2542
"E:/Unreal Projects/LeagueJourney/Intermediate/ShaderAutogen/PCD3D_ES3_1/AutogenShaderHeaders.ush" 2543
"../../../Engine/Content/EditorResources/S_BoxReflectionCapture.uasset" 2544
"C:/Users/franc/AppData/Local/UnrealEngine/Common/DerivedDataCache/Buckets/BulkDataList/ee/46/a941004a712cceb37ef0dedcffc17274fa83.udd" 2545
"../../../Engine/Content/EngineResources/DefaultTexture.uasset" 2546
"C:/Users/franc/AppData/Local/UnrealEngine/Common/DerivedDataCache/Buckets/BulkDataList/73/4d/42b7a1e90e6ccd08936b3436def9d8d7abd6.udd" 2547
"../../../Engine/Content/EngineResources/DefaultTextureCube.uasset" 2548
"C:/Users/franc/AppData/Local/UnrealEngine/Common/DerivedDataCache/Buckets/BulkDataList/a8/db/830dea2e4a74eb4a8c0e89a650242f484547.udd" 2549
"../../../Engine/Content/EngineResources/DefaultVolumeTexture.uasset" 2550
"../../../Engine/Content/EngineResources/DefaultVolumeTexture2D.uasset" 2551
"C:/Users/franc/AppData/Local/UnrealEngine/Common/DerivedDataCache/Buckets/BulkDataList/cb/7c/9dfe61661ff716dbd7f83489ffd488b486e2.udd" 2552
"C:/Users/franc/AppData/Local/UnrealEngine/Common/DerivedDataCache/Buckets/BulkDataList/91/42/ec30710849d9ecd164b251cf07d0be75acb0.udd" 2553
"../../../Engine/Content/EngineFonts/RobotoDistanceField.uasset" 2554
"C:/Users/franc/AppData/Local/UnrealEngine/Common/DerivedDataCache/Buckets/BulkDataList/ac/95/a57645dfb3705a9130371773dd09988e9066.udd" 2555
"../../../Engine/Content/EngineMaterials/DefaultTextMaterialOpaque.uasset" 2556
"../../../Engine/Content/Functions/Engine_MaterialFunctions01/Shading/PowerToRoughness.uasset" 2557
"../../../Engine/Content/Functions/Engine_MaterialFunctions01/Shading/ConvertFromDiffSpec.uasset" 2558
"../../../Engine/Content/EngineMaterials/WorldGridMaterial.uasset" 2559
"../../../Engine/Content/Functions/Engine_MaterialFunctions01/Opacity/CameraDepthFade.uasset" 2560
"../../../Engine/Content/EngineMaterials/T_Default_Material_Grid_M.uasset" 2561
"../../../Engine/Content/EngineMaterials/T_Default_Material_Grid_N.uasset" 2562
"../../../Engine/Content/EngineMaterials/DefaultDeferredDecalMaterial.uasset" 2563
"../../../Engine/Content/EngineMaterials/DefaultDiffuse.uasset" 2564
"../../../Engine/Content/EngineMaterials/DefaultLightFunctionMaterial.uasset" 2565
"../../../Engine/Content/EngineMaterials/DefaultPostProcessMaterial.uasset" 2566
"../../../Engine/Content/Functions/Engine_MaterialFunctions02/Utility/BreakOutFloat2Components.uasset" 2567
"C:/Users/franc/AppData/Local/UnrealEngine/Common/DerivedDataCache/Buckets/BulkDataList/33/c1/59bc35edaae41ecd9ee6a57a57ad8966f551.udd" 2568
"C:/Users/franc/AppData/Local/UnrealEngine/Common/DerivedDataCache/Buckets/BulkDataList/c1/5e/ea128500bb5f507c52e8b6eea7aaa7d35dae.udd" 2569
"C:/Users/franc/AppData/Local/UnrealEngine/Common/DerivedDataCache/Buckets/BulkDataList/61/b7/38369ebfdbc4098d4ce8e93a36539b68be63.udd" 2570
"../../../Engine/Content/EditorResources/S_Trigger.uasset" 2571
"C:/Users/franc/AppData/Local/UnrealEngine/Common/DerivedDataCache/Buckets/BulkDataList/ff/03/fc737005ff1c504e52e961ffe9054c9a95dc.udd" 2572
"../../../Engine/Content/EditorResources/S_TriggerBox.uasset" 2573
"C:/Users/franc/AppData/Local/UnrealEngine/Common/DerivedDataCache/Buckets/BulkDataList/83/f4/4c95434096785475d200429daaeb5bea872a.udd" 2574
"../../../Engine/Content/EditorResources/S_TriggerCapsule.uasset" 2575
"C:/Users/franc/AppData/Local/UnrealEngine/Common/DerivedDataCache/Buckets/BulkDataList/8f/4e/37a8273dbaf43fd3fb2707a1245e01832a83.udd" 2576
"../../../Engine/Content/EditorResources/S_TriggerSphere.uasset" 2577
"C:/Users/franc/AppData/Local/UnrealEngine/Common/DerivedDataCache/Buckets/BulkDataList/ff/c1/663856b040e3775843f9bbf42de1bf11e491.udd" 2578
"../../../Engine/Content/EngineDamageTypes/DmgTypeBP_Environmental.uasset" 2579
"../../../Engine/Content/EngineSky/VolumetricClouds/m_SimpleVolumetricCloud_Inst.uasset" 2580
"../../../Engine/Content/EngineSky/VolumetricClouds/m_SimpleVolumetricCloud.uasset" 2581
"../../../Engine/Content/Functions/Engine_MaterialFunctions02/Utility/MakeFloat2.uasset" 2582
"../../../Engine/Content/EngineSky/VolumetricClouds/CloudGradientTexture.uasset" 2583
"../../../Engine/Content/EngineSky/VolumetricClouds/CloudWeatherTexture.uasset" 2584
"../../../Engine/Content/EngineSky/VolumetricClouds/T_VolumeNoiseErosion32.uasset" 2585
"../../../Engine/Content/EngineSky/VolumetricClouds/T_NoiseErosion.uasset" 2586
"../../../Engine/Content/EngineSky/VolumetricClouds/T_VolumeNoiseShape64.uasset" 2587
"../../../Engine/Content/EngineSky/VolumetricClouds/T_NoiseShape64.uasset" 2588
"C:/Users/franc/AppData/Local/UnrealEngine/Common/DerivedDataCache/Buckets/BulkDataList/97/3e/7f40bc048cb9d981e90d05ef37ff4e7771f8.udd" 2589
"C:/Users/franc/AppData/Local/UnrealEngine/Common/DerivedDataCache/Buckets/BulkDataList/aa/a4/d6b034798ce37b0a4dd0701f54c8710288ca.udd" 2590
"C:/Users/franc/AppData/Local/UnrealEngine/Common/DerivedDataCache/Buckets/BulkDataList/35/07/7c4b762e2bf0c9b0762db1f17f0138f87edc.udd" 2591
"C:/Users/franc/AppData/Local/UnrealEngine/Common/DerivedDataCache/Buckets/BulkDataList/13/6d/27cc1a1d84ab6aa6da72e04503165bfa2726.udd" 2592
"C:/Users/franc/AppData/Local/UnrealEngine/Common/DerivedDataCache/Buckets/BulkDataList/78/77/c7547d1204735b18e3446ce432706a73a7da.udd" 2593
"C:/Users/franc/AppData/Local/UnrealEngine/Common/DerivedDataCache/Buckets/BulkDataList/69/51/965ae0635d3f4b360430dfefb3829d26fe6e.udd" 2594
"../../../Engine/Content/EngineMeshes/Sphere.uasset" 2595
"C:/Users/franc/AppData/Local/UnrealEngine/Common/DerivedDataCache/Buckets/LegacyNavCollision/94/37/4c3f5535d8f986b34ca221a8b4758dc6b152.udd" 2596
"../../../Engine/Content/EngineResources/WhiteSquareTexture.uasset" 2597
"C:/Users/franc/AppData/Local/UnrealEngine/Common/DerivedDataCache/Buckets/BulkDataList/af/7c/18c777653a587be6a1f2439c50807277d476.udd" 2598
"../../../Engine/Content/EngineResources/GradientTexture0.uasset" 2599
"C:/Users/franc/AppData/Local/UnrealEngine/Common/DerivedDataCache/Buckets/BulkDataList/66/ad/70d690891d33bfc9d995ceebf1334f686e8d.udd" 2600
"../../../Engine/Content/EngineResources/Black.uasset" 2601
"C:/Users/franc/AppData/Local/UnrealEngine/Common/DerivedDataCache/Buckets/BulkDataList/84/d3/a703e84882560bc2d5db7fda4f44e5510536.udd" 2602
"../../../Engine/Content/EditorMaterials/WorldPartition/WorldPartitionSpatialHashGridPreviewMaterial.uasset" 2603
"../../../Engine/Content/Functions/Engine_MaterialFunctions02/Utility/BreakOutFloat3Components.uasset" 2604
"../../../Engine/Content/Functions/Engine_MaterialFunctions02/Utility/MakeFloat3.uasset" 2605
"../../../Engine/Content/Functions/Engine_MaterialFunctions02/Utility/MakeFloat4.uasset" 2606
"../../../Engine/Content/EngineMaterials/Widget3DPassThrough_Translucent.uasset" 2607
"../../../Engine/Content/EngineMaterials/Widget3DPassThrough.uasset" 2608
"../../../Engine/Content/EngineMaterials/Widget3DPassThrough_Translucent_OneSided.uasset" 2609
"../../../Engine/Content/EngineMaterials/Widget3DPassThrough_Opaque.uasset" 2610
"../../../Engine/Content/EngineMaterials/Widget3DPassThrough_Opaque_OneSided.uasset" 2611
"../../../Engine/Content/EngineMaterials/Widget3DPassThrough_Masked.uasset" 2612
"../../../Engine/Content/EngineMaterials/Widget3DPassThrough_Masked_OneSided.uasset" 2613
"E:/Unreal Projects/LeagueJourney/Content/Localization/Game/Game.csv" 2614
"../../../Engine/Content/VREditor/TransformGizmo/PlaneTranslationHandle.uasset" 2615
"../../../Engine/Content/VREditor/TransformGizmo/TransformGizmoMaterial.uasset" 2616
"../../../Engine/Content/VREditor/LaserPointer/VR_LaserPower_01.uasset" 2617
"../../../Engine/Content/VREditor/TransformGizmo/TranslucentTransformGizmoMaterial.uasset" 2618
"C:/Users/franc/AppData/Local/UnrealEngine/Common/DerivedDataCache/Buckets/BulkDataList/19/de/059f250b3ab4a01292a38a31c8c39403674c.udd" 2619
"../../../Engine/Content/VREditor/TransformGizmo/BoundingBoxCorner.uasset" 2620
"../../../Engine/Content/VREditor/TransformGizmo/BoundingBoxEdge.uasset" 2621
"../../../Engine/Content/VREditor/TransformGizmo/SM_Sequencer_Node.uasset" 2622
"../../../Engine/Content/VREditor/TransformGizmo/Main.uasset" 2623
"../../../Engine/Content/VREditor/TransformGizmo/Xray.uasset" 2624
"../../../Engine/Content/EditorMeshes/Camera/SM_CraneRig_Base.uasset" 2625
"../../../Engine/Content/EditorMaterials/Camera/MI_CineMat_Rig.uasset" 2626
"../../../Engine/Content/EditorMaterials/Camera/CineMat.uasset" 2627
"../../../Engine/Content/EditorMeshes/Camera/SM_CraneRig_Arm.uasset" 2628
"../../../Engine/Content/EditorMeshes/Camera/SM_CraneRig_Mount.uasset" 2629
"../../../Engine/Content/EditorMeshes/Camera/SM_CraneRig_Body.uasset" 2630
"../../../Engine/Content/EditorMeshes/Camera/SM_RailRig_Track.uasset" 2631
"../../../Engine/Content/EditorMeshes/Camera/SM_RailRig_Mount.uasset" 2632
"../../../Engine/Content/ArtTools/RenderToTexture/Meshes/S_1_Unit_Plane.uasset" 2633
"../../../Engine/Content/EngineDebugMaterials/M_SimpleUnlitTranslucent.uasset" 2634
"../../../Engine/Content/EngineFonts/Roboto.uasset" 2635
"../../../Engine/Content/EngineFonts/Faces/DroidSansFallback.uasset" 2636
"../../../Engine/Content/EngineFonts/Faces/RobotoBold.uasset" 2637
"../../../Engine/Content/EngineFonts/Faces/RobotoBoldItalic.uasset" 2638
"../../../Engine/Content/EngineFonts/Faces/RobotoItalic.uasset" 2639
"../../../Engine/Content/EngineFonts/Faces/RobotoLight.uasset" 2640
"../../../Engine/Content/EngineFonts/Faces/RobotoRegular.uasset" 2641
"../../../Engine/Content/EditorMaterials/ParticleSystems/PSysThumbnail_NoImage.uasset" 2642
"C:/Users/franc/AppData/Local/UnrealEngine/Common/DerivedDataCache/Buckets/BulkDataList/6e/19/a62e661f2bf6683fb840e4756cce41f24a88.udd" 2643
"../../../Engine/Content/EditorMaterials/ParticleSystems/PSysThumbnail_OOD.uasset" 2644
"C:/Users/franc/AppData/Local/UnrealEngine/Common/DerivedDataCache/Buckets/BulkDataList/54/72/9372ea111a766690228cd9994058a83d0161.udd" 2645
"../../../Engine/Content/EditorLandscapeResources/SplineEditorMesh.uasset" 2646
"../../../Engine/Content/EditorLandscapeResources/SplineEditorMeshMat.uasset" 2647
"../../../Engine/Content/EditorLandscapeResources/DataLayer.uasset" 2648
"../../../Engine/Content/EditorResources/S_Solver.uasset" 2649
"C:/Users/franc/AppData/Local/UnrealEngine/Common/DerivedDataCache/Buckets/BulkDataList/c6/5e/d3c05f0a2939547be71a683334b83dec05d0.udd" 2650
"../../../Engine/Content/EngineDebugMaterials/VolumeToRender.uasset" 2651
"C:/Users/franc/AppData/Local/UnrealEngine/Common/DerivedDataCache/Buckets/BulkDataList/b8/d0/4535a94e6bb6beb70ebed9234adf1ea35b60.udd" 2652
"../../../Engine/Content/EngineDebugMaterials/M_VolumeRenderSphereTracePP.uasset" 2653
"../../../Engine/Content/Functions/Engine_MaterialFunctions02/Utility/CameraDirectionVector.uasset" 2654
"../../../Engine/Content/Internationalization/icudt64l/coll/ucadata.icu" 2655
"../../../Engine/Content/Internationalization/icudt64l/coll/en.res" 2656
"../../../Engine/Content/Internationalization/icudt64l/coll/root.res" 2657
"../../../Engine/Content/Animation/DefaultAnimBoneCompressionSettings.uasset" 2658
"../../../Engine/Content/Animation/DefaultRecorderBoneCompression.uasset" 2659
"../../../Engine/Content/Animation/DefaultAnimCurveCompressionSettings.uasset" 2660
"../../Plugins/2D/Paper2D/Content/MaskedUnlitSpriteMaterial.uasset" 2661
"../../Plugins/2D/Paper2D/Content/DefaultSpriteMaterial.uasset" 2662
"../../Plugins/2D/Paper2D/Content/PlaceholderTextures/DummySpriteTexture.uasset" 2663
"C:/Users/franc/AppData/Local/UnrealEngine/Common/DerivedDataCache/Buckets/BulkDataList/d5/4f/b8c4ff99f27d8fa986fd06819e20cd88aeab.udd" 2664
"../../Plugins/2D/Paper2D/Content/OpaqueUnlitSpriteMaterial.uasset" 2665
"../../Plugins/2D/Paper2D/Content/DefaultPaperTerrainMaterial.uasset" 2666
"../../Plugins/2D/Paper2D/Content/DummySprite.uasset" 2667
"../../Plugins/Animation/ControlRig/Content/Controls/ControlRigXRayMaterial.uasset" 2668
"../../Plugins/Animation/ControlRig/Content/Controls/DefaultGizmoLibraryNormalized.uasset" 2669
"../../Plugins/Animation/ControlRig/Content/M_Manip.uasset" 2670
"../../../Engine/Content/Functions/Engine_MaterialFunctions02/WorldPositionOffset/CameraOffset.uasset" 2671
"E:/Unreal Projects/LeagueJourney/Content/Levels/StadiumMCB.umap" 2672
"E:/Unreal Projects/LeagueJourney/Content/Props/NewPaperSprite.uasset" 2673
"E:/Unreal Projects/LeagueJourney/Content/Props/NewBlueprint.uasset" 2674
"E:/Unreal Projects/LeagueJourney/Content/Props/BP_Crowd.uasset" 2675
"E:/Unreal Projects/LeagueJourney/Content/Props/Environment/BP_BigSpotlightOld.uasset" 2676
"E:/Unreal Projects/LeagueJourney/Content/Props/Sprites/esfesf_Sprite.uasset" 2677
"E:/Unreal Projects/LeagueJourney/Content/Props/Sprites/wfa_Sprite.uasset" 2678
"E:/Unreal Projects/LeagueJourney/Content/Props/Sprites/esfesf_Flipbook.uasset" 2679
"E:/Unreal Projects/LeagueJourney/Content/ThirdPerson/Blueprints/BP_ThirdPersonCharacter.uasset" 2680
"E:/Unreal Projects/LeagueJourney/Content/Characters/Mannequins/Animations/ABP_Quinn.uasset" 2681
"E:/Unreal Projects/LeagueJourney/Content/Characters/Mannequins/Animations/ABP_Manny.uasset" 2682
"E:/Unreal Projects/LeagueJourney/Content/Characters/Mannequins/Animations/Manny/MM_Fall_Loop.uasset" 2683
"E:/Unreal Projects/LeagueJourney/Content/Characters/Mannequins/Meshes/SK_Mannequin.uasset" 2684
"E:/Unreal Projects/LeagueJourney/Content/Characters/Mannequins/Animations/Manny/MM_Idle.uasset" 2685
"E:/Unreal Projects/LeagueJourney/Content/Characters/Mannequins/Animations/Manny/MM_Jump.uasset" 2686
"E:/Unreal Projects/LeagueJourney/Content/Characters/Mannequins/Animations/Manny/MM_Land.uasset" 2687
"E:/Unreal Projects/LeagueJourney/Content/Characters/Mannequins/Animations/Manny/BS_MM_WalkRun.uasset" 2688
"E:/Unreal Projects/LeagueJourney/Content/Characters/Mannequins/Animations/Manny/MM_Run_Fwd.uasset" 2689
"E:/Unreal Projects/LeagueJourney/Content/Characters/Mannequins/Animations/Manny/MM_Walk_Fwd.uasset" 2690
"E:/Unreal Projects/LeagueJourney/Content/Characters/Mannequins/Animations/Manny/MM_Walk_InPlace.uasset" 2691
"E:/Unreal Projects/LeagueJourney/Content/Characters/Mannequins/Rigs/CR_Mannequin_BasicFootIK.uasset" 2692
"../../Plugins/Animation/ControlRig/Content/Controls/DefaultGizmoLibrary.uasset" 2693
"E:/Unreal Projects/LeagueJourney/Content/Characters/Mannequins/Animations/Quinn/MF_Idle.uasset" 2694
"E:/Unreal Projects/LeagueJourney/Content/Characters/Mannequins/Animations/Quinn/BS_MF_Unarmed_WalkRun.uasset" 2695
"E:/Unreal Projects/LeagueJourney/Content/Characters/Mannequins/Animations/Quinn/MF_Run_Fwd.uasset" 2696
"E:/Unreal Projects/LeagueJourney/Content/Characters/Mannequins/Animations/Quinn/MF_Walk_Fwd.uasset" 2697
"../../../Engine/Content/EditorBlueprintResources/StandardMacros.uasset" 2698
"E:/Unreal Projects/LeagueJourney/Content/ThirdPerson/Input/Actions/IA_Jump.uasset" 2699
"E:/Unreal Projects/LeagueJourney/Content/ThirdPerson/Input/Actions/IA_Look.uasset" 2700
"E:/Unreal Projects/LeagueJourney/Content/ThirdPerson/Input/Actions/IA_Move.uasset" 2701
"E:/Unreal Projects/LeagueJourney/Content/ThirdPerson/Input/IMC_Default.uasset" 2702
"E:/Unreal Projects/LeagueJourney/Content/Characters/Mannequins/Meshes/SKM_Quinn_Simple.uasset" 2703
"E:/Unreal Projects/LeagueJourney/Content/Characters/Mannequins/Materials/Instances/Quinn/MI_Quinn_01.uasset" 2704
"E:/Unreal Projects/LeagueJourney/Content/Characters/Mannequins/Materials/M_Mannequin.uasset" 2705
"E:/Unreal Projects/LeagueJourney/Content/Characters/Mannequins/Materials/Functions/MF_Diffraction.uasset" 2706
"E:/Unreal Projects/LeagueJourney/Content/Characters/Mannequins/Materials/Functions/ChromaticCurve.uasset" 2707
"E:/Unreal Projects/LeagueJourney/Content/Characters/Mannequins/Materials/Functions/CA_Mannequin.uasset" 2708
"E:/Unreal Projects/LeagueJourney/Content/Characters/Mannequins/Materials/Functions/MF_logo3layers.uasset" 2709
"../../../Engine/Content/Functions/Engine_MaterialFunctions01/Texturing/ScaleUVsByCenter.uasset" 2710
"E:/Unreal Projects/LeagueJourney/Content/Characters/Mannequins/Textures/Shared/T_UE_Logo_M.uasset" 2711
"E:/Unreal Projects/LeagueJourney/Content/Characters/Mannequins/Materials/Functions/ML_BaseColorFallOff.uasset" 2712
"E:/Unreal Projects/LeagueJourney/Content/Characters/Mannequins/Textures/Manny/T_Manny_01_ASAOPMASK_MSK.uasset" 2713
"E:/Unreal Projects/LeagueJourney/Content/Characters/Mannequins/Textures/Manny/T_Manny_01_BN.uasset" 2714
"E:/Unreal Projects/LeagueJourney/Content/Characters/Mannequins/Textures/Manny/T_Manny_01_CCRCCPlastic_MSK.uasset" 2715
"E:/Unreal Projects/LeagueJourney/Content/Characters/Mannequins/Textures/Manny/T_Manny_01_D.uasset" 2716
"E:/Unreal Projects/LeagueJourney/Content/Characters/Mannequins/Textures/Manny/T_Manny_01_MSR_MSK.uasset" 2717
"E:/Unreal Projects/LeagueJourney/Content/Characters/Mannequins/Textures/Manny/T_Manny_01_N.uasset" 2718
"E:/Unreal Projects/LeagueJourney/Content/Characters/Mannequins/Textures/Manny/T_Manny_01_Tan.uasset" 2719
"E:/Unreal Projects/LeagueJourney/Content/Characters/Mannequins/Textures/Quinn/T_Quinn_01_ASAOMASK_MSK.uasset" 2720
"E:/Unreal Projects/LeagueJourney/Content/Characters/Mannequins/Textures/Quinn/T_Quinn_01_CCRCCPlastic_MSK.uasset" 2721
"E:/Unreal Projects/LeagueJourney/Content/Characters/Mannequins/Textures/Quinn/T_Quinn_01ID_BN.uasset" 2722
"E:/Unreal Projects/LeagueJourney/Content/Characters/Mannequins/Textures/Quinn/T_Quinn_01ID_D.uasset" 2723
"E:/Unreal Projects/LeagueJourney/Content/Characters/Mannequins/Textures/Quinn/T_Quinn_01ID_MSR_MSK.uasset" 2724
"E:/Unreal Projects/LeagueJourney/Content/Characters/Mannequins/Textures/Quinn/T_Quinn_01ID_N.uasset" 2725
"E:/Unreal Projects/LeagueJourney/Content/Characters/Mannequins/Textures/Quinn/T_Quinn_01ID_Tan.uasset" 2726
"E:/Unreal Projects/LeagueJourney/Content/Characters/Mannequins/Materials/Instances/Quinn/MI_Quinn_02.uasset" 2727
"E:/Unreal Projects/LeagueJourney/Content/Characters/Mannequins/Textures/Quinn/T_Quinn_02_ASAOMASK_MSK.uasset" 2728
"E:/Unreal Projects/LeagueJourney/Content/Characters/Mannequins/Textures/Quinn/T_Quinn_02_CCRCCPlastic_MSK.uasset" 2729
"E:/Unreal Projects/LeagueJourney/Content/Characters/Mannequins/Textures/Quinn/T_Quinn_02ID_BN.uasset" 2730
"E:/Unreal Projects/LeagueJourney/Content/Characters/Mannequins/Textures/Quinn/T_Quinn_02ID_D.uasset" 2731
"E:/Unreal Projects/LeagueJourney/Content/Characters/Mannequins/Textures/Quinn/T_Quinn_02ID_MSR_MSK.uasset" 2732
"E:/Unreal Projects/LeagueJourney/Content/Characters/Mannequins/Textures/Quinn/T_Quinn_02ID_N.uasset" 2733
"E:/Unreal Projects/LeagueJourney/Content/Characters/Mannequins/Textures/Quinn/T_Quinn_02ID_Tan.uasset" 2734
"E:/Unreal Projects/LeagueJourney/Content/Characters/Mannequins/Rigs/PA_Mannequin.uasset" 2735
"C:/Users/franc/AppData/Local/UnrealEngine/Common/DerivedDataCache/Buckets/BulkDataList/79/99/814a5658c2b0afda7eb1793675d8e6e62cd5.udd" 2736
"C:/Users/franc/AppData/Local/UnrealEngine/Common/DerivedDataCache/Buckets/BulkDataList/ea/96/27148c3f15476f4881fb025d14180a587cb4.udd" 2737
"C:/Users/franc/AppData/Local/UnrealEngine/Common/DerivedDataCache/Buckets/BulkDataList/0e/84/e1051c03fa3783f9b5fa88f2a689d7e909bb.udd" 2738
"C:/Users/franc/AppData/Local/UnrealEngine/Common/DerivedDataCache/Buckets/BulkDataList/b1/6d/c03e9f6a6dcd5753ce3e3d4cc64c4a93bec2.udd" 2739
"C:/Users/franc/AppData/Local/UnrealEngine/Common/DerivedDataCache/Buckets/BulkDataList/2d/4b/7a219d67b39b5a114cb7ea7f8582d22f6b00.udd" 2740
"C:/Users/franc/AppData/Local/UnrealEngine/Common/DerivedDataCache/Buckets/BulkDataList/d6/ff/593958111cf1e13a4498af5bf7b45685f918.udd" 2741
"C:/Users/franc/AppData/Local/UnrealEngine/Common/DerivedDataCache/Buckets/BulkDataList/84/af/4d1d6cdccc6caf6e8d321c7e8f63d2c3c775.udd" 2742
"C:/Users/franc/AppData/Local/UnrealEngine/Common/DerivedDataCache/Buckets/BulkDataList/b1/7f/5d2e3cd88901c64371ce2bea0adf8ce6a26e.udd" 2743
"C:/Users/franc/AppData/Local/UnrealEngine/Common/DerivedDataCache/Buckets/BulkDataList/1d/f8/e8032fa6d54ee4333eda8bf169bd1cb57880.udd" 2744
"C:/Users/franc/AppData/Local/UnrealEngine/Common/DerivedDataCache/Buckets/BulkDataList/ca/e3/f6f4a017cc6cdc24f61d4434004471a7b9f3.udd" 2745
"C:/Users/franc/AppData/Local/UnrealEngine/Common/DerivedDataCache/Buckets/BulkDataList/a9/f1/23b2e04061aaa424333d61c441f7fb25efa3.udd" 2746
"C:/Users/franc/AppData/Local/UnrealEngine/Common/DerivedDataCache/Buckets/BulkDataList/d2/14/83cdaeb3d586dffaed34f35e30e839ca89f4.udd" 2747
"C:/Users/franc/AppData/Local/UnrealEngine/Common/DerivedDataCache/Buckets/BulkDataList/ae/b7/943adb9d955169e1efe1f6d88acc43a60b40.udd" 2748
"C:/Users/franc/AppData/Local/UnrealEngine/Common/DerivedDataCache/Buckets/BulkDataList/66/a4/a3e2a9d24c90c54994150c2830bb61f1faf8.udd" 2749
"C:/Users/franc/AppData/Local/UnrealEngine/Common/DerivedDataCache/Buckets/BulkDataList/b4/7b/5e2f9f145bbfa55aa89b00e515e2476514b7.udd" 2750
"C:/Users/franc/AppData/Local/UnrealEngine/Common/DerivedDataCache/Buckets/BulkDataList/d7/1e/ee4dcbc51e762042482e6f5c3d577931e9c0.udd" 2751
"C:/Users/franc/AppData/Local/UnrealEngine/Common/DerivedDataCache/Buckets/BulkDataList/3c/c8/e3c9753c19705ab8ff90aad678e575655d99.udd" 2752
"C:/Users/franc/AppData/Local/UnrealEngine/Common/DerivedDataCache/Buckets/BulkDataList/c5/fc/360de2181cf980d79a363bf7797965328fa9.udd" 2753
"C:/Users/franc/AppData/Local/UnrealEngine/Common/DerivedDataCache/Buckets/BulkDataList/e3/33/0f2b0448b1a46c56d1fb1c05bd415688ec3b.udd" 2754
"C:/Users/franc/AppData/Local/UnrealEngine/Common/DerivedDataCache/Buckets/BulkDataList/49/5c/c60767ac8d939ce3a2040f051294461dde4d.udd" 2755
"C:/Users/franc/AppData/Local/UnrealEngine/Common/DerivedDataCache/Buckets/BulkDataList/1e/62/a54427db7e6e7e1a0d1710c8dc7cd4e98bc2.udd" 2756
"C:/Users/franc/AppData/Local/UnrealEngine/Common/DerivedDataCache/Buckets/BulkDataList/7a/90/c2349f0e912fe1c37011f681b6da68448a81.udd" 2757
"C:/Users/franc/AppData/Local/UnrealEngine/Common/DerivedDataCache/Buckets/BulkDataList/69/80/0ce1db685ea4906cb70d4094a9873bb5de66.udd" 2758
"../../Plugins/Editor/SpeedTreeImporter/Content/SpeedTree9/SpeedTreeMaster.uasset" 2759
"../../../Engine/Content/Functions/Engine_MaterialFunctions02/ObjectLocalBounds.uasset" 2760
"../../../Engine/Content/Functions/Engine_MaterialFunctions02/SafeNormalize.uasset" 2761
"../../../Engine/Content/Functions/Engine_MaterialFunctions02/Utility/VectorLength.uasset" 2762
"../../../Engine/Content/Functions/Engine_MaterialFunctions02/UVs/BoundingBoxBased_0-1_UVW.uasset" 2763
"../../../Engine/Content/Functions/Engine_MaterialFunctions02/WorldPositionOffset/ObjectScale.uasset" 2764
"../../Plugins/Editor/SpeedTreeImporter/Content/SpeedTree9/SpeedTreeBranchMotion.uasset" 2765
"../../Plugins/Editor/SpeedTreeImporter/Content/SpeedTree9/SpeedTreeWindMotion.uasset" 2766
"../../Plugins/Editor/SpeedTreeImporter/Content/SpeedTree9/game_wind_noise.uasset" 2767
"../../Plugins/Editor/SpeedTreeImporter/Content/SpeedTree9/UnpackDirection.uasset" 2768
"../../Plugins/Editor/SpeedTreeImporter/Content/SpeedTree9/UnpackInteger3.uasset" 2769
"../../Plugins/Editor/SpeedTreeImporter/Content/SpeedTree9/SpeedTreeCameraFacing.uasset" 2770
"../../Plugins/Editor/SpeedTreeImporter/Content/SpeedTree9/SpeedTreeWind.uasset" 2771
"../../Plugins/Editor/SpeedTreeImporter/Content/SpeedTree9/Empty.uasset" 2772
"../../Plugins/Editor/SpeedTreeImporter/Content/SpeedTree9/EmptyNormal.uasset" 2773
"C:/Users/franc/AppData/Local/UnrealEngine/Common/DerivedDataCache/Buckets/BulkDataList/15/0d/dcfebb57ce5b2690566e6d2ee28e4ff5880b.udd" 2774
"C:/Users/franc/AppData/Local/UnrealEngine/Common/DerivedDataCache/Buckets/BulkDataList/fa/11/b4aa74992160a4b098a364d70bdc6b0ff175.udd" 2775
"C:/Users/franc/AppData/Local/UnrealEngine/Common/DerivedDataCache/Buckets/BulkDataList/11/1d/b214f6c1d006fa6aea5f8d7ff1faf2c4be89.udd" 2776
"../../Plugins/Editor/SpeedTreeImporter/Content/SpeedTree9/SpeedTreeBillboardMaster.uasset" 2777
"../../Plugins/Editor/SpeedTreeImporter/Content/SpeedTree9/SpeedTreeBillboard.uasset" 2778
"../../Plugins/Media/MediaPlate/Content/SM_MediaPlateScreen.uasset" 2779
"E:/Unreal Projects/LeagueJourney/Saved/Config/WindowsEditor/ObjectMixerSerializedData.ini" 2780
"../../../Engine/Content/EngineMaterials/RemoveSurfaceMaterial.uasset" 2781
"../../../Engine/Content/EngineDebugMaterials/DebugMeshMaterial.uasset" 2782
"../../../Engine/Content/EngineMaterials/EmissiveMeshMaterial.uasset" 2783
"../../../Engine/Content/EngineMaterials/DefaultWhiteGrid_Low.uasset" 2784
"C:/Users/franc/AppData/Local/UnrealEngine/Common/DerivedDataCache/Buckets/BulkDataList/d7/52/279199a5d735036e37f160a6a6a15a6f13c6.udd" 2785
"../../../Engine/Content/EngineMaterials/M_InvalidLightmapSettings.uasset" 2786
"../../../Engine/Content/EngineMaterials/InvalidLightmapSettings.uasset" 2787
"C:/Users/franc/AppData/Local/UnrealEngine/Common/DerivedDataCache/Buckets/BulkDataList/ce/02/3f857e573df7630ade28bef949f01bc54693.udd" 2788
"../../../Engine/Content/EngineMaterials/GizmoMaterial.uasset" 2789
"../../../Engine/Content/EngineMaterials/PhAT_JointLimitMaterial.uasset" 2790
"../../../Engine/Content/EngineMaterials/FlattenMaterial.uasset" 2791
"../../../Engine/Content/EngineMaterials/BaseFlattenDiffuseMap.uasset" 2792
"../../../Engine/Content/EngineMaterials/BaseFlattenEmissiveMap.uasset" 2793
"../../../Engine/Content/EngineMaterials/BaseFlattenGrayscaleMap.uasset" 2794
"../../../Engine/Content/EngineMaterials/BaseFlattenLinearColor.uasset" 2795
"../../../Engine/Content/EngineMaterials/BaseFlattenNormalMap.uasset" 2796
"../../../Engine/Content/Functions/Engine_MaterialFunctions02/PivotPainter2/Black_1x1_EXR_Texture.uasset" 2797
"C:/Users/franc/AppData/Local/UnrealEngine/Common/DerivedDataCache/Buckets/BulkDataList/11/68/96dc9f79a2c6b4236853d48cfa3bf7135375.udd" 2798
"C:/Users/franc/AppData/Local/UnrealEngine/Common/DerivedDataCache/Buckets/BulkDataList/11/8a/ad599c61a3092a38e929a54b0456db705bde.udd" 2799
"C:/Users/franc/AppData/Local/UnrealEngine/Common/DerivedDataCache/Buckets/BulkDataList/97/c7/2c27ba01f3dc03b1bd7a5b470d5469f14fc1.udd" 2800
"C:/Users/franc/AppData/Local/UnrealEngine/Common/DerivedDataCache/Buckets/BulkDataList/26/f0/6c562b62eabd608ae0b447fff8f876747782.udd" 2801
"C:/Users/franc/AppData/Local/UnrealEngine/Common/DerivedDataCache/Buckets/BulkDataList/7c/9d/81e8611fbdd34c6a25188a3cb56e5730ac0b.udd" 2802
"C:/Users/franc/AppData/Local/UnrealEngine/Common/DerivedDataCache/Buckets/BulkDataList/0b/16/3a315f3cda37c608d3b3baf7338e3c00b0eb.udd" 2803
"../../../Engine/Content/EngineMaterials/FlattenMaterial_VT.uasset" 2804
"../../../Engine/Content/EngineMaterials/BaseFlattenDiffuseMap_VT.uasset" 2805
"../../../Engine/Content/EngineMaterials/BaseFlattenEmissiveMap_VT.uasset" 2806
"../../../Engine/Content/EngineMaterials/BaseFlattenGrayscaleMap_VT.uasset" 2807
"../../../Engine/Content/EngineMaterials/BaseFlattenLinearColor_VT.uasset" 2808
"../../../Engine/Content/EngineMaterials/BaseFlattenNormalMap_VT.uasset" 2809
"../../../Engine/Content/EngineMaterials/Black_1x1_EXR_Texture_VT.uasset" 2810
"C:/Users/franc/AppData/Local/UnrealEngine/Common/DerivedDataCache/Buckets/BulkDataList/f6/0c/514ff251591baf304168fa01ea9e7a4f15b9.udd" 2811
"C:/Users/franc/AppData/Local/UnrealEngine/Common/DerivedDataCache/Buckets/BulkDataList/38/9f/e22ba994cc58d6f6fb9bb5ecf84496b72849.udd" 2812
"C:/Users/franc/AppData/Local/UnrealEngine/Common/DerivedDataCache/Buckets/BulkDataList/20/77/723a188fd50473e161331ce97fd4627d0fdf.udd" 2813
"C:/Users/franc/AppData/Local/UnrealEngine/Common/DerivedDataCache/Buckets/BulkDataList/a9/fa/3bbde91ad47adf650538d10273199914e23f.udd" 2814
"C:/Users/franc/AppData/Local/UnrealEngine/Common/DerivedDataCache/Buckets/BulkDataList/bd/7a/195d8e0ba2f01bb04a3cf5ab5f30b32283cc.udd" 2815
"C:/Users/franc/AppData/Local/UnrealEngine/Common/DerivedDataCache/Buckets/BulkDataList/3c/7b/2b9b4905153e39dfa6d4b6bc6fc8dc9ef48d.udd" 2816
"../../../Engine/Content/EngineMaterials/FlattenMaterial_WS_Normal_VT.uasset" 2817
"../../../Engine/Content/EngineMaterials/Good64x64TilingNoiseHighFreq.uasset" 2818
"C:/Users/franc/AppData/Local/UnrealEngine/Common/DerivedDataCache/Buckets/BulkDataList/b0/c2/a40603efb316a36be718481edbb33724689d.udd" 2819
"../../../Engine/Content/EngineMaterials/DefaultBokeh.uasset" 2820
"C:/Users/franc/AppData/Local/UnrealEngine/Common/DerivedDataCache/Buckets/BulkDataList/fb/2d/16ad4935c7f2162481397c01d01439c7feb1.udd" 2821
"../../../Engine/Content/EngineMaterials/PreintegratedSkinBRDF.uasset" 2822
"C:/Users/franc/AppData/Local/UnrealEngine/Common/DerivedDataCache/Buckets/BulkDataList/2e/ce/abb7fb37e7e3acfee6d2af2a94d4005c8ee9.udd" 2823
"../../../Engine/Content/EngineMaterials/MiniFont.uasset" 2824
"C:/Users/franc/AppData/Local/UnrealEngine/Common/DerivedDataCache/Buckets/BulkDataList/b3/24/f09f8c2d9edde9ac599f4c6442e960c841f6.udd" 2825
"../../../Engine/Content/EngineMaterials/WeightMapPlaceholderTexture.uasset" 2826
"C:/Users/franc/AppData/Local/UnrealEngine/Common/DerivedDataCache/Buckets/BulkDataList/2b/b7/4375c0877647dbb1c9082c4bad5152e2c847.udd" 2827
"../../../Engine/Content/EngineMaterials/DefaultWhiteGrid.uasset" 2828
"C:/Users/franc/AppData/Local/UnrealEngine/Common/DerivedDataCache/Buckets/BulkDataList/4a/a8/af71e101780b04e266dfc45ae2507cab8653.udd" 2829
"../../../Engine/Content/EngineMaterials/DefaultPhysicalMaterial.uasset" 2830
"../../../Engine/Content/EngineMaterials/DefaultDestructiblePhysicalMaterial.uasset" 2831
"../../../Engine/Content/EditorLandscapeResources/DefaultAlphaTexture.uasset" 2832
"C:/Users/franc/AppData/Local/UnrealEngine/Common/DerivedDataCache/Buckets/BulkDataList/ab/68/1f989cab19b21293064e58e69843feeb787f.udd" 2833
"../../../Engine/Content/EditorResources/S_Terrain.uasset" 2834
"C:/Users/franc/AppData/Local/UnrealEngine/Common/DerivedDataCache/Buckets/BulkDataList/78/fe/2903889bde1414a36bc0cf391ff4f915b073.udd" 2835
"../../../Engine/Content/BasicShapes/Cube.uasset" 2836
"../../../Engine/Content/BasicShapes/Sphere.uasset" 2837
"../../../Engine/Content/EngineMaterials/DefaultMaterial.uasset" 2838
"../../../Engine/Content/BasicShapes/Cylinder.uasset" 2839
"../../../Engine/Content/BasicShapes/Cone.uasset" 2840
"../../../Engine/Content/BasicShapes/Plane.uasset" 2841
"../../Plugins/Runtime/MeshModelingToolset/Content/Materials/M_DynamicMeshComponentVtxColor.uasset" 2842
"../../Plugins/FX/Niagara/Content/ParameterDefinitions/SpriteRenderer.uasset" 2843
"../../Plugins/FX/Niagara/Content/ParameterDefinitions/RibbonRenderer.uasset" 2844
"../../Plugins/FX/Niagara/Content/ParameterDefinitions/MeshRenderer.uasset" 2845
"../../Plugins/FX/Niagara/Content/ParameterDefinitions/LightRenderer.uasset" 2846
"../../Plugins/FX/Niagara/Content/ParameterDefinitions/CoreParameters.uasset" 2847
"../../../Engine/Content/EditorResources/SequenceRecorder/Countdown.uasset" 2848
"C:/Users/franc/AppData/Local/UnrealEngine/Common/DerivedDataCache/Buckets/BulkDataList/bd/5e/69263fa5b270556fc0f954744db532b640c8.udd" 2849
"../../../Engine/Content/EditorResources/SequenceRecorder/RecordingIndicator.uasset" 2850
"C:/Users/franc/AppData/Local/UnrealEngine/Common/DerivedDataCache/Buckets/BulkDataList/e5/aa/4b5e26c26baa3ee454153384f2812b3b6f98.udd" 2851
"../../../Engine/Content/EditorMaterials/PhAT_UnselectedMaterial.uasset" 2852
"../../../Engine/Content/EditorMaterials/PhAT_NoCollisionMaterial.uasset" 2853
"C:/Users/franc/AppData/Local/UnrealEngine/Common/DerivedDataCache/Buckets/GlobalShaderMap/68/b9/3687c1b49b8caf75248391d0ca7722d1e648.udd" 2854
"C:/Users/franc/AppData/Local/UnrealEngine/Common/DerivedDataCache/Buckets/GlobalShaderMap/4e/76/3d28a7c88812f31321388671bcf262ed62c2.udd" 2855
"C:/Users/franc/AppData/Local/UnrealEngine/Common/DerivedDataCache/Buckets/GlobalShaderMap/dc/9e/4565b93d86b0945893a37bb38557d58d4431.udd" 2856
"C:/Users/franc/AppData/Local/UnrealEngine/Common/DerivedDataCache/Buckets/GlobalShaderMap/c6/b6/64e141bb9a3ff1ec001c1b87182c4fafca03.udd" 2857
"C:/Users/franc/AppData/Local/UnrealEngine/Common/DerivedDataCache/Buckets/GlobalShaderMap/5d/58/919172bc834daa55b9fbc609fe13bf497074.udd" 2858
"C:/Users/franc/AppData/Local/UnrealEngine/Common/DerivedDataCache/Buckets/GlobalShaderMap/e6/0d/d9280e7760c56b39191173a196a992d42739.udd" 2859
"C:/Users/franc/AppData/Local/UnrealEngine/Common/DerivedDataCache/Buckets/GlobalShaderMap/ef/f0/c1bd5eff6352146e61a5ac9717475e89c6ba.udd" 2860
"C:/Users/franc/AppData/Local/UnrealEngine/Common/DerivedDataCache/Buckets/GlobalShaderMap/63/cf/791ab2125261dbedcedaad929792137f6513.udd" 2861
"C:/Users/franc/AppData/Local/UnrealEngine/Common/DerivedDataCache/Buckets/GlobalShaderMap/ce/aa/d292792cddc7cbde63c6dab013f97b294cf9.udd" 2862
"C:/Users/franc/AppData/Local/UnrealEngine/Common/DerivedDataCache/Buckets/GlobalShaderMap/83/66/38b1c57624c9f19555f22f7e10f98803a5f9.udd" 2863
"C:/Users/franc/AppData/Local/UnrealEngine/Common/DerivedDataCache/Buckets/GlobalShaderMap/00/d7/2316c941fe0c4ef27a518289c2a5f0e7177a.udd" 2864
"C:/Users/franc/AppData/Local/UnrealEngine/Common/DerivedDataCache/Buckets/GlobalShaderMap/79/20/2e3dbe214f397ed2bd6e226beab9b308a68d.udd" 2865
"C:/Users/franc/AppData/Local/UnrealEngine/Common/DerivedDataCache/Buckets/GlobalShaderMap/a9/91/de857a318c2823475bd5bcefb248ce544509.udd" 2866
"C:/Users/franc/AppData/Local/UnrealEngine/Common/DerivedDataCache/Buckets/GlobalShaderMap/b5/8b/c011e83ccb076d3c0497c4a46dba35bb38dc.udd" 2867
"C:/Users/franc/AppData/Local/UnrealEngine/Common/DerivedDataCache/Buckets/GlobalShaderMap/c0/e5/b24de9d2547411cb0c81be5dddc20de5ade8.udd" 2868
"C:/Users/franc/AppData/Local/UnrealEngine/Common/DerivedDataCache/Buckets/GlobalShaderMap/30/19/085a581e86c4316b076330cc0e4331de2fc8.udd" 2869
"C:/Users/franc/AppData/Local/UnrealEngine/Common/DerivedDataCache/Buckets/GlobalShaderMap/b3/94/362b3a0f2f83364c9ab1613e49e4c7659e64.udd" 2870
"C:/Users/franc/AppData/Local/UnrealEngine/Common/DerivedDataCache/Buckets/GlobalShaderMap/9d/11/dea2578b153c51463834f6b888e2f8bf2d6b.udd" 2871
"C:/Users/franc/AppData/Local/UnrealEngine/Common/DerivedDataCache/Buckets/GlobalShaderMap/22/d6/ad6f270e677d74bf046809edc42de99773f8.udd" 2872
"C:/Users/franc/AppData/Local/UnrealEngine/Common/DerivedDataCache/Buckets/GlobalShaderMap/5e/9e/c5f6b457e535c257b2b0a30ceb6410251c86.udd" 2873
"C:/Users/franc/AppData/Local/UnrealEngine/Common/DerivedDataCache/Buckets/GlobalShaderMap/36/54/2a60f7c236876b42ce1ce35f65634e6d7206.udd" 2874
"C:/Users/franc/AppData/Local/UnrealEngine/Common/DerivedDataCache/Buckets/GlobalShaderMap/21/03/dafa56d151ee2e5f77cf6e0abf41cdade300.udd" 2875
"C:/Users/franc/AppData/Local/UnrealEngine/Common/DerivedDataCache/Buckets/GlobalShaderMap/a3/0b/46ad7f9d53275b0b212f2861f78396490d25.udd" 2876
"C:/Users/franc/AppData/Local/UnrealEngine/Common/DerivedDataCache/Buckets/GlobalShaderMap/f3/08/daae133f0dac4f360f8a0b87441211e8165b.udd" 2877
"C:/Users/franc/AppData/Local/UnrealEngine/Common/DerivedDataCache/Buckets/GlobalShaderMap/19/e2/1c82109e22105344a24cef149ccd164b045e.udd" 2878
"C:/Users/franc/AppData/Local/UnrealEngine/Common/DerivedDataCache/Buckets/GlobalShaderMap/24/7b/9d4e0854f6343e2697eb82676edb144b6fbd.udd" 2879
"C:/Users/franc/AppData/Local/UnrealEngine/Common/DerivedDataCache/Buckets/GlobalShaderMap/0d/aa/cf3ab1957faa3a617efebebbef3bb8240be4.udd" 2880
"C:/Users/franc/AppData/Local/UnrealEngine/Common/DerivedDataCache/Content/31/0e/ee9b8817b6b3ba20b562b45f6bd1086e2202.udd" 2881
"C:/Users/franc/AppData/Local/UnrealEngine/Common/DerivedDataCache/Buckets/GlobalShaderMap/72/f5/4dd65842e4d72de836be8ddcf2b17ff7fbcc.udd" 2882
"C:/Users/franc/AppData/Local/UnrealEngine/Common/DerivedDataCache/Buckets/GlobalShaderMap/52/bf/71740914836da6f55ab6c9db15dea6b9d85a.udd" 2883
"C:/Users/franc/AppData/Local/UnrealEngine/Common/DerivedDataCache/Buckets/GlobalShaderMap/2e/48/105eea8a12b00d454955d77af9302d5c4f9b.udd" 2884
"C:/Users/franc/AppData/Local/UnrealEngine/Common/DerivedDataCache/Buckets/GlobalShaderMap/e1/1f/88d1757dadb1d12f86f640f2e7f5fa215010.udd" 2885
"C:/Users/franc/AppData/Local/UnrealEngine/Common/DerivedDataCache/Buckets/GlobalShaderMap/00/89/84815e3d2b2b6b10055d6c03900b8daf7552.udd" 2886
"C:/Users/franc/AppData/Local/UnrealEngine/Common/DerivedDataCache/Buckets/GlobalShaderMap/23/37/7dcc9122e609bf2888e7a55bfa48d78565d1.udd" 2887
"C:/Users/franc/AppData/Local/UnrealEngine/Common/DerivedDataCache/Buckets/GlobalShaderMap/f3/64/245959a05e75f185183f9a564869f70d7112.udd" 2888
"C:/Users/franc/AppData/Local/UnrealEngine/Common/DerivedDataCache/Buckets/GlobalShaderMap/5b/f2/967814833dd173181f855d5e4f18b1fa6a7b.udd" 2889
"C:/Users/franc/AppData/Local/UnrealEngine/Common/DerivedDataCache/Buckets/GlobalShaderMap/a0/8b/62bf22b41b8b8e33a692844d5858cd0f9d23.udd" 2890
"C:/Users/franc/AppData/Local/UnrealEngine/Common/DerivedDataCache/Buckets/GlobalShaderMap/d4/ac/1c60ad77ae69993c82995dfa7a57bc969a19.udd" 2891
"C:/Users/franc/AppData/Local/UnrealEngine/Common/DerivedDataCache/Buckets/GlobalShaderMap/fa/9f/907ac020959d02be0eea806cdd3d398bff61.udd" 2892
"C:/Users/franc/AppData/Local/UnrealEngine/Common/DerivedDataCache/Buckets/GlobalShaderMap/7d/75/32da606533b08dc14b9044a308ecdd7ebd7b.udd" 2893
"C:/Users/franc/AppData/Local/UnrealEngine/Common/DerivedDataCache/Buckets/GlobalShaderMap/13/64/57ac4b207c8c1a2d36d2dcfe8eef2d40da83.udd" 2894
"C:/Users/franc/AppData/Local/UnrealEngine/Common/DerivedDataCache/Buckets/GlobalShaderMap/77/4c/473acafbfff2659f10d2197d0ba85bd378cf.udd" 2895
"C:/Users/franc/AppData/Local/UnrealEngine/Common/DerivedDataCache/Buckets/GlobalShaderMap/15/f3/283cdf787bdee09eda7afa33a32d37f5b345.udd" 2896
"C:/Users/franc/AppData/Local/UnrealEngine/Common/DerivedDataCache/Buckets/GlobalShaderMap/2e/1f/b2253233edd1c89e1c70b41cf0f4822e4f54.udd" 2897
"C:/Users/franc/AppData/Local/UnrealEngine/Common/DerivedDataCache/Buckets/GlobalShaderMap/87/30/fd97a7116fe1ab0fd452210ec04369739db8.udd" 2898
"C:/Users/franc/AppData/Local/UnrealEngine/Common/DerivedDataCache/Buckets/GlobalShaderMap/a0/c2/ed7a3f000396834fa2b7f6b54903b05b59fd.udd" 2899
"C:/Users/franc/AppData/Local/UnrealEngine/Common/DerivedDataCache/Buckets/GlobalShaderMap/3e/43/c891d13fe74a8643c2476e3b42acd74b13e4.udd" 2900
"C:/Users/franc/AppData/Local/UnrealEngine/Common/DerivedDataCache/Buckets/GlobalShaderMap/40/b2/43e1dfd65b2ba2ff5709cc9eb6d13f99be01.udd" 2901
"C:/Users/franc/AppData/Local/UnrealEngine/Common/DerivedDataCache/Buckets/GlobalShaderMap/70/7f/e4835e374bdf07432cc142315051ef27361f.udd" 2902
"C:/Users/franc/AppData/Local/UnrealEngine/Common/DerivedDataCache/Buckets/GlobalShaderMap/c7/7d/5615b7c3796fde51cc430dc6acc33e015a14.udd" 2903
"C:/Users/franc/AppData/Local/UnrealEngine/Common/DerivedDataCache/Buckets/GlobalShaderMap/be/40/d3df0adf5c1b395721b59106d48c26dd4055.udd" 2904
"C:/Users/franc/AppData/Local/UnrealEngine/Common/DerivedDataCache/Buckets/GlobalShaderMap/c2/d0/7bee7169712becf26ebac0a83303ab38dc59.udd" 2905
"C:/Users/franc/AppData/Local/UnrealEngine/Common/DerivedDataCache/Buckets/GlobalShaderMap/d4/4c/e04988b8487d88332b221e4d258cd04f3515.udd" 2906
"C:/Users/franc/AppData/Local/UnrealEngine/Common/DerivedDataCache/Buckets/GlobalShaderMap/77/04/3a234d4f4e4b55e916a8915bfdc2a1843e73.udd" 2907
"C:/Users/franc/AppData/Local/UnrealEngine/Common/DerivedDataCache/Buckets/GlobalShaderMap/82/69/bd8f5999abb426fb835da68b05e23641e9a4.udd" 2908
"C:/Users/franc/AppData/Local/UnrealEngine/Common/DerivedDataCache/Buckets/GlobalShaderMap/27/00/7f352c666a24f4caf08d35bf594f2395d1d6.udd" 2909
"C:/Users/franc/AppData/Local/UnrealEngine/Common/DerivedDataCache/Buckets/GlobalShaderMap/46/9b/62a7d46d3b413f1de62dd9d24ec71f1e7413.udd" 2910
"C:/Users/franc/AppData/Local/UnrealEngine/Common/DerivedDataCache/Buckets/GlobalShaderMap/2c/06/1fecbba37900d9e4b5e9fc8fffcd889e59e6.udd" 2911
"C:/Users/franc/AppData/Local/UnrealEngine/Common/DerivedDataCache/Buckets/GlobalShaderMap/20/1a/43d9c2956dbeaadcf63ddf01fbae314b5b85.udd" 2912
"C:/Users/franc/AppData/Local/UnrealEngine/Common/DerivedDataCache/Buckets/GlobalShaderMap/dd/50/ec2ec4479f0b74d59787af6b44b06f1df5ca.udd" 2913
"C:/Users/franc/AppData/Local/UnrealEngine/Common/DerivedDataCache/Buckets/GlobalShaderMap/5d/a9/9e994a1ab286a69bfe574dadd124d7ec46ad.udd" 2914
"C:/Users/franc/AppData/Local/UnrealEngine/Common/DerivedDataCache/Buckets/GlobalShaderMap/86/01/1e64f4bc82526a8bfe227f29fbe651d7db5f.udd" 2915
"C:/Users/franc/AppData/Local/UnrealEngine/Common/DerivedDataCache/Buckets/GlobalShaderMap/a3/b4/e828d150db3329e783e092f714834be26d91.udd" 2916
"C:/Users/franc/AppData/Local/UnrealEngine/Common/DerivedDataCache/Buckets/GlobalShaderMap/40/31/0390f51a3d92f1616445dc5ca9004783b708.udd" 2917
"C:/Users/franc/AppData/Local/UnrealEngine/Common/DerivedDataCache/Buckets/GlobalShaderMap/37/2e/30db4bc29c49a58bfa86aa78a7000e901565.udd" 2918
"C:/Users/franc/AppData/Local/UnrealEngine/Common/DerivedDataCache/Buckets/GlobalShaderMap/6d/7e/b499808a7fe7fe78caf4cdbc94caf353b480.udd" 2919
"C:/Users/franc/AppData/Local/UnrealEngine/Common/DerivedDataCache/Buckets/GlobalShaderMap/0d/68/f84ae9a89870be7631575f77b8931c798733.udd" 2920
"C:/Users/franc/AppData/Local/UnrealEngine/Common/DerivedDataCache/Buckets/GlobalShaderMap/fe/bc/c3681b767ed304cb4394987f6d14b036106f.udd" 2921
"C:/Users/franc/AppData/Local/UnrealEngine/Common/DerivedDataCache/Buckets/GlobalShaderMap/22/7d/f26fe769f43eae0f54d75196646bbc791e8f.udd" 2922
"C:/Users/franc/AppData/Local/UnrealEngine/Common/DerivedDataCache/Buckets/GlobalShaderMap/08/00/a95308c1630515bcdaed1382203140bd6fc7.udd" 2923
"C:/Users/franc/AppData/Local/UnrealEngine/Common/DerivedDataCache/Buckets/GlobalShaderMap/e3/97/6f0a056c613ae2aee95840718a3c048aadfd.udd" 2924
"C:/Users/franc/AppData/Local/UnrealEngine/Common/DerivedDataCache/Buckets/GlobalShaderMap/29/be/fb5d4a68fb22c418bdbe603e49ed02f28149.udd" 2925
"C:/Users/franc/AppData/Local/UnrealEngine/Common/DerivedDataCache/Buckets/GlobalShaderMap/32/41/ea92f53f520d7b96c39a095ca561c0b80b7b.udd" 2926
"C:/Users/franc/AppData/Local/UnrealEngine/Common/DerivedDataCache/Buckets/GlobalShaderMap/b6/98/7dbe7f0d06026a553854d632700d1053a4fd.udd" 2927
"C:/Users/franc/AppData/Local/UnrealEngine/Common/DerivedDataCache/Buckets/GlobalShaderMap/59/69/0d18c55ed06640e3856c60ac47483bc15a3e.udd" 2928
"C:/Users/franc/AppData/Local/UnrealEngine/Common/DerivedDataCache/Buckets/GlobalShaderMap/7c/9a/39287dea8c1742162cc495bbd480ee1f8d5f.udd" 2929
"C:/Users/franc/AppData/Local/UnrealEngine/Common/DerivedDataCache/Buckets/GlobalShaderMap/89/61/d6e618db93693587f5f0ab607c8327c8f462.udd" 2930
"C:/Users/franc/AppData/Local/UnrealEngine/Common/DerivedDataCache/Buckets/GlobalShaderMap/6e/f7/e6484a8da60911c583fec5a6348b08310e39.udd" 2931
"C:/Users/franc/AppData/Local/UnrealEngine/Common/DerivedDataCache/Buckets/GlobalShaderMap/04/70/50503ca94d23f66686e08db6bfd328853c22.udd" 2932
"C:/Users/franc/AppData/Local/UnrealEngine/Common/DerivedDataCache/Buckets/GlobalShaderMap/f1/e2/1ddc015eea04cf360db2101c011c8cb26a81.udd" 2933
"C:/Users/franc/AppData/Local/UnrealEngine/Common/DerivedDataCache/Buckets/GlobalShaderMap/1c/79/a7a9769872cd4ca1dcb977dd6bd46f139a5a.udd" 2934
"C:/Users/franc/AppData/Local/UnrealEngine/Common/DerivedDataCache/Buckets/GlobalShaderMap/c6/83/1917068c4df54b21f39f99b0e8d4a08da983.udd" 2935
"C:/Users/franc/AppData/Local/UnrealEngine/Common/DerivedDataCache/Buckets/GlobalShaderMap/0e/04/b0a765a952cb1db20b262992522104a2cd4c.udd" 2936
"C:/Users/franc/AppData/Local/UnrealEngine/Common/DerivedDataCache/Buckets/GlobalShaderMap/a3/42/32ad6fce7521c18d11ff2c1ac916b3ae9511.udd" 2937
"C:/Users/franc/AppData/Local/UnrealEngine/Common/DerivedDataCache/Buckets/GlobalShaderMap/9a/d4/17fd4720029da23a1c69a1c520b4cb7492b0.udd" 2938
"C:/Users/franc/AppData/Local/UnrealEngine/Common/DerivedDataCache/Buckets/GlobalShaderMap/20/b5/014a364b0efc53214ea699ef0e6f42390fcb.udd" 2939
"C:/Users/franc/AppData/Local/UnrealEngine/Common/DerivedDataCache/Buckets/GlobalShaderMap/0e/87/4a91ac0a92dc099db1a5c1dd5249c721c610.udd" 2940
"C:/Users/franc/AppData/Local/UnrealEngine/Common/DerivedDataCache/Buckets/GlobalShaderMap/48/ab/e9760aebb41c80b08276ae9d546179016277.udd" 2941
"C:/Users/franc/AppData/Local/UnrealEngine/Common/DerivedDataCache/Buckets/GlobalShaderMap/7b/40/6666bbb1ba4b4d7ddadfa071c773f71004aa.udd" 2942
"C:/Users/franc/AppData/Local/UnrealEngine/Common/DerivedDataCache/Buckets/GlobalShaderMap/be/0a/c5adcfdbf14161cdbc128e27e8b82b7bfec6.udd" 2943
"C:/Users/franc/AppData/Local/UnrealEngine/Common/DerivedDataCache/Buckets/GlobalShaderMap/e0/a0/be8d104bc6d483fdc102b3804b06e36d8c41.udd" 2944
"C:/Users/franc/AppData/Local/UnrealEngine/Common/DerivedDataCache/Buckets/GlobalShaderMap/a1/5c/57c9643979ebaaefb100b911d17695143ba2.udd" 2945
"C:/Users/franc/AppData/Local/UnrealEngine/Common/DerivedDataCache/Buckets/GlobalShaderMap/43/ed/84269bd40b4ca8872f6bd8be3874b24dcf11.udd" 2946
"C:/Users/franc/AppData/Local/UnrealEngine/Common/DerivedDataCache/Buckets/GlobalShaderMap/69/d0/aa2acbf763a451b72c679816e72a25be1c85.udd" 2947
"C:/Users/franc/AppData/Local/UnrealEngine/Common/DerivedDataCache/Buckets/GlobalShaderMap/3d/21/e92a73a27934c59b1a283bb667ae2ace79df.udd" 2948
"C:/Users/franc/AppData/Local/UnrealEngine/Common/DerivedDataCache/Buckets/GlobalShaderMap/39/b1/14a95109edd11b597cd3961c2ece3e4def91.udd" 2949
"C:/Users/franc/AppData/Local/UnrealEngine/Common/DerivedDataCache/Buckets/GlobalShaderMap/6d/64/3fcc1be976a5faa3c97e1830d9d5e9e98fd5.udd" 2950
"C:/Users/franc/AppData/Local/UnrealEngine/Common/DerivedDataCache/Buckets/GlobalShaderMap/ff/6c/8b2a418bbe8a3b475357f0c5bc66ca67e643.udd" 2951
"C:/Users/franc/AppData/Local/UnrealEngine/Common/DerivedDataCache/Buckets/GlobalShaderMap/83/18/fd8e7e01e33722eff551852d26f9f5eb60e2.udd" 2952
"C:/Users/franc/AppData/Local/UnrealEngine/Common/DerivedDataCache/Buckets/GlobalShaderMap/5c/f7/51b9d2f8baf133ae363dc762601970cefa17.udd" 2953
"C:/Users/franc/AppData/Local/UnrealEngine/Common/DerivedDataCache/Buckets/GlobalShaderMap/e2/88/713767dce8f7cdd172947dcf1431839764b6.udd" 2954
"C:/Users/franc/AppData/Local/UnrealEngine/Common/DerivedDataCache/Buckets/GlobalShaderMap/d5/76/a0b78a13d6f79e0a13d21f401b47dbd3389c.udd" 2955
"C:/Users/franc/AppData/Local/UnrealEngine/Common/DerivedDataCache/Buckets/GlobalShaderMap/5d/82/5a8d558b544d3c6ed07adb60a3c098f919b2.udd" 2956
"C:/Users/franc/AppData/Local/UnrealEngine/Common/DerivedDataCache/Buckets/GlobalShaderMap/8a/2e/9532cbd9b44a65f955ce8c09c9af6d863f6a.udd" 2957
"C:/Users/franc/AppData/Local/UnrealEngine/Common/DerivedDataCache/Buckets/GlobalShaderMap/81/a4/8aa4f92601cf7c0f31be9d3b666023ab86b2.udd" 2958
"C:/Users/franc/AppData/Local/UnrealEngine/Common/DerivedDataCache/Buckets/GlobalShaderMap/47/dc/8eee49c0e1b2ff2739b3fa6e31c23d3de57d.udd" 2959
"C:/Users/franc/AppData/Local/UnrealEngine/Common/DerivedDataCache/Buckets/GlobalShaderMap/fe/41/197fb2ae3e092362192e213ab71f408a1bba.udd" 2960
"C:/Users/franc/AppData/Local/UnrealEngine/Common/DerivedDataCache/Buckets/GlobalShaderMap/ca/15/7aabd8ce6e226c48700c23dadf8ab5b364ce.udd" 2961
"C:/Users/franc/AppData/Local/UnrealEngine/Common/DerivedDataCache/Buckets/GlobalShaderMap/dd/eb/3d15c97c2fac43bed01d67eab80614763e56.udd" 2962
"C:/Users/franc/AppData/Local/UnrealEngine/Common/DerivedDataCache/Buckets/GlobalShaderMap/66/6b/c8bad3139462de3b65b25fe4a0f37d87ee17.udd" 2963
"C:/Users/franc/AppData/Local/UnrealEngine/Common/DerivedDataCache/Buckets/GlobalShaderMap/17/0d/ba20fa5aa62364d913412e8d0f49b402183e.udd" 2964
"C:/Users/franc/AppData/Local/UnrealEngine/Common/DerivedDataCache/Buckets/GlobalShaderMap/4e/60/8beb6c81daf7ca4923cfaf134a57da478c48.udd" 2965
"C:/Users/franc/AppData/Local/UnrealEngine/Common/DerivedDataCache/Buckets/GlobalShaderMap/47/31/f9960785beb4c25079f493e29bbfd3a38998.udd" 2966
"C:/Users/franc/AppData/Local/UnrealEngine/Common/DerivedDataCache/Buckets/GlobalShaderMap/46/56/d83ef95bdd3505e15ab11857cfd3dfc2a1e6.udd" 2967
"C:/Users/franc/AppData/Local/UnrealEngine/Common/DerivedDataCache/Buckets/GlobalShaderMap/cb/8c/c25b2c6caedceec62e1e97f025537dc55d82.udd" 2968
"C:/Users/franc/AppData/Local/UnrealEngine/Common/DerivedDataCache/Buckets/GlobalShaderMap/ec/47/2bbac0ba62b3ce921d2b24a95a5d9bc96346.udd" 2969
"C:/Users/franc/AppData/Local/UnrealEngine/Common/DerivedDataCache/Buckets/GlobalShaderMap/a9/1e/816e55274e04abb00b1ccefd45c1bb3ccbf3.udd" 2970
"C:/Users/franc/AppData/Local/UnrealEngine/Common/DerivedDataCache/Buckets/GlobalShaderMap/2e/d7/da9676d0ccc9b44ef4dbebd83ed1c41dd1ae.udd" 2971
"C:/Users/franc/AppData/Local/UnrealEngine/Common/DerivedDataCache/Buckets/GlobalShaderMap/ce/1e/de96f56b2e44f52553a59a5d3e4e7bf2d4dd.udd" 2972
"C:/Users/franc/AppData/Local/UnrealEngine/Common/DerivedDataCache/Buckets/GlobalShaderMap/29/1f/bfa1d3131b61dcadca8b0c2a098d24c9f31b.udd" 2973
"C:/Users/franc/AppData/Local/UnrealEngine/Common/DerivedDataCache/Buckets/GlobalShaderMap/52/ee/120027d15c7aac38bb3af7bb453c1ba43a36.udd" 2974
"C:/Users/franc/AppData/Local/UnrealEngine/Common/DerivedDataCache/Buckets/GlobalShaderMap/a9/58/fcd19739e23aa819a9fc50cd283260e376f3.udd" 2975
"C:/Users/franc/AppData/Local/UnrealEngine/Common/DerivedDataCache/Buckets/GlobalShaderMap/87/14/7c093ea6ed7a73c482e2cd4f6b8e37f940ea.udd" 2976
"C:/Users/franc/AppData/Local/UnrealEngine/Common/DerivedDataCache/Buckets/GlobalShaderMap/d9/76/a5446adc0f99afaa437c7dd019f1cfb7249d.udd" 2977
"C:/Users/franc/AppData/Local/UnrealEngine/Common/DerivedDataCache/Buckets/GlobalShaderMap/f4/03/1e9a287012d95bdbe003ee6add3d35e7feeb.udd" 2978
"C:/Users/franc/AppData/Local/UnrealEngine/Common/DerivedDataCache/Buckets/GlobalShaderMap/a3/1b/89999b89e91efc9bb2932ec9175dea4e9e76.udd" 2979
"C:/Users/franc/AppData/Local/UnrealEngine/Common/DerivedDataCache/Buckets/GlobalShaderMap/f8/37/3a550ae89e399ca458713f4d1bc1e6974982.udd" 2980
"C:/Users/franc/AppData/Local/UnrealEngine/Common/DerivedDataCache/Buckets/GlobalShaderMap/23/81/8fadb2ef3ea7dfcbde754569b14a4ae0e8f1.udd" 2981
"C:/Users/franc/AppData/Local/UnrealEngine/Common/DerivedDataCache/Buckets/GlobalShaderMap/9c/e2/20772ce94f80082d65eed7ebd3e41da7f522.udd" 2982
"C:/Users/franc/AppData/Local/UnrealEngine/Common/DerivedDataCache/Buckets/GlobalShaderMap/a9/ad/75777bdb1ef619b6bfc2712ae552405e9939.udd" 2983
"C:/Users/franc/AppData/Local/UnrealEngine/Common/DerivedDataCache/Buckets/GlobalShaderMap/e5/d7/79ed84525e94566b6e63644a4428bb761fa8.udd" 2984
"C:/Users/franc/AppData/Local/UnrealEngine/Common/DerivedDataCache/Buckets/GlobalShaderMap/fd/0d/17b830dc87c3d8269222b0b52cc5e4299760.udd" 2985
"C:/Users/franc/AppData/Local/UnrealEngine/Common/DerivedDataCache/Buckets/GlobalShaderMap/bc/41/a60b7a46499c692d2875bdc2d014188eeb48.udd" 2986
"C:/Users/franc/AppData/Local/UnrealEngine/Common/DerivedDataCache/Buckets/GlobalShaderMap/4c/57/9009328a0871c34cdef2a5add6fbad9ab977.udd" 2987
"C:/Users/franc/AppData/Local/UnrealEngine/Common/DerivedDataCache/Buckets/GlobalShaderMap/b4/df/ad6b28ed8f6205d8a8d81d1a6a689aeadb50.udd" 2988
"C:/Users/franc/AppData/Local/UnrealEngine/Common/DerivedDataCache/Buckets/GlobalShaderMap/66/9f/f4d045edaf5ccb6649a791f1a9968d88ea8c.udd" 2989
"C:/Users/franc/AppData/Local/UnrealEngine/Common/DerivedDataCache/Buckets/GlobalShaderMap/59/90/b213cd508d520ab33e066f6fe245d922f174.udd" 2990
"C:/Users/franc/AppData/Local/UnrealEngine/Common/DerivedDataCache/Buckets/GlobalShaderMap/bb/d0/fc458f4f5c7eafc7dc48d09457502d4e1571.udd" 2991
"C:/Users/franc/AppData/Local/UnrealEngine/Common/DerivedDataCache/Buckets/GlobalShaderMap/38/9f/611fc3e67d3fdb227ac5075245e183776333.udd" 2992
"C:/Users/franc/AppData/Local/UnrealEngine/Common/DerivedDataCache/Buckets/GlobalShaderMap/fc/bb/a83437c4db838dfb75ea31ee4fd5cdbc7bb3.udd" 2993
"C:/Users/franc/AppData/Local/UnrealEngine/Common/DerivedDataCache/Buckets/GlobalShaderMap/65/5c/511536a3001389f1b34f3fc4db6b3c79c1b0.udd" 2994
"C:/Users/franc/AppData/Local/UnrealEngine/Common/DerivedDataCache/Buckets/GlobalShaderMap/78/1c/de50af904841c6122c8b5f0702670c04116f.udd" 2995
"C:/Users/franc/AppData/Local/UnrealEngine/Common/DerivedDataCache/Buckets/GlobalShaderMap/19/35/f565f4898fc73a7484676da486e11217f7b8.udd" 2996
"C:/Users/franc/AppData/Local/UnrealEngine/Common/DerivedDataCache/Buckets/GlobalShaderMap/ed/9b/6beafe4705fab43ae6346cf927e5399de55e.udd" 2997
"C:/Users/franc/AppData/Local/UnrealEngine/Common/DerivedDataCache/Buckets/GlobalShaderMap/fe/cf/b1133ca746f1ad918c0b8c1ce08123638a69.udd" 2998
"C:/Users/franc/AppData/Local/UnrealEngine/Common/DerivedDataCache/Buckets/GlobalShaderMap/e2/d1/2bfbca0f95cdec96f797e7b46b9ebdad3d9e.udd" 2999
"C:/Users/franc/AppData/Local/UnrealEngine/Common/DerivedDataCache/Buckets/GlobalShaderMap/8b/a6/8a36f4f6d55c86e738af6cf789333c0f529c.udd" 3000
"C:/Users/franc/AppData/Local/UnrealEngine/Common/DerivedDataCache/Buckets/GlobalShaderMap/06/5c/da394852e2c00fd433de3a8f0b0090c3aa8e.udd" 3001
"C:/Users/franc/AppData/Local/UnrealEngine/Common/DerivedDataCache/Buckets/GlobalShaderMap/5d/7a/ef8d61c4b3075f0a96ba88da55116b7a7e95.udd" 3002
"C:/Users/franc/AppData/Local/UnrealEngine/Common/DerivedDataCache/Buckets/GlobalShaderMap/18/7f/c974fccb52cefc4429e347d57fbaad4d6342.udd" 3003
"C:/Users/franc/AppData/Local/UnrealEngine/Common/DerivedDataCache/Buckets/GlobalShaderMap/a0/63/fd1cb411c069322bc70e025346ae6639649a.udd" 3004
"C:/Users/franc/AppData/Local/UnrealEngine/Common/DerivedDataCache/Buckets/GlobalShaderMap/91/56/cbabf502587485cc547f983943ebf777aeb7.udd" 3005
"C:/Users/franc/AppData/Local/UnrealEngine/Common/DerivedDataCache/Buckets/GlobalShaderMap/20/09/b0496ecf94298495e365c62f2b47f8c46601.udd" 3006
"C:/Users/franc/AppData/Local/UnrealEngine/Common/DerivedDataCache/Buckets/GlobalShaderMap/da/dd/fe9eecda2eb1f3c1c6e5f9f5cf6afa1e022f.udd" 3007
"C:/Users/franc/AppData/Local/UnrealEngine/Common/DerivedDataCache/Buckets/GlobalShaderMap/86/01/c55b01369d82203184884d4f8e9afe4df41c.udd" 3008
"C:/Users/franc/AppData/Local/UnrealEngine/Common/DerivedDataCache/Buckets/GlobalShaderMap/71/70/5bda35462451c6f0321ed8b166f6b9a6ee82.udd" 3009
"C:/Users/franc/AppData/Local/UnrealEngine/Common/DerivedDataCache/Buckets/GlobalShaderMap/9c/ff/2b1bdffbd5588efd1ea9429e5384cecfc687.udd" 3010
"C:/Users/franc/AppData/Local/UnrealEngine/Common/DerivedDataCache/Buckets/GlobalShaderMap/2c/d7/eabb433de42b3d5a32fc0a5cae4cc4865f32.udd" 3011
"C:/Users/franc/AppData/Local/UnrealEngine/Common/DerivedDataCache/Buckets/GlobalShaderMap/de/52/22ef8dae51de49b815f3107766fa252f2a97.udd" 3012
"C:/Users/franc/AppData/Local/UnrealEngine/Common/DerivedDataCache/Buckets/GlobalShaderMap/84/01/f887f7ed39263ccaa9d6187117954f9af529.udd" 3013
"C:/Users/franc/AppData/Local/UnrealEngine/Common/DerivedDataCache/Buckets/GlobalShaderMap/03/67/397ec91629dbecf78beabb40bee33f6dfb45.udd" 3014
"C:/Users/franc/AppData/Local/UnrealEngine/Common/DerivedDataCache/Buckets/GlobalShaderMap/04/42/84c5468082c49d3baaf260d0143ff5c7e41b.udd" 3015
"C:/Users/franc/AppData/Local/UnrealEngine/Common/DerivedDataCache/Buckets/GlobalShaderMap/23/82/b2a7c8c34f0bba61858b26655401f9a9bd82.udd" 3016
"C:/Users/franc/AppData/Local/UnrealEngine/Common/DerivedDataCache/Buckets/GlobalShaderMap/8c/63/12c16ea0bb2a9d52aa8d4454be03ff02b180.udd" 3017
"C:/Users/franc/AppData/Local/UnrealEngine/Common/DerivedDataCache/Buckets/GlobalShaderMap/80/2f/0acf7d135f9703f6ec5ee964f1303bfaaaf0.udd" 3018
"C:/Users/franc/AppData/Local/UnrealEngine/Common/DerivedDataCache/Buckets/GlobalShaderMap/f7/1b/3949fc3fe6d0a0fd9470b7d39d3573ba4320.udd" 3019
"C:/Users/franc/AppData/Local/UnrealEngine/Common/DerivedDataCache/Buckets/GlobalShaderMap/14/00/47db68582835033d89288af08dd9174c711b.udd" 3020
"C:/Users/franc/AppData/Local/UnrealEngine/Common/DerivedDataCache/Buckets/GlobalShaderMap/f1/e1/3a97816538a2f8e8932b13636387eb539016.udd" 3021
"C:/Users/franc/AppData/Local/UnrealEngine/Common/DerivedDataCache/Buckets/GlobalShaderMap/b7/cc/fe1fb96aaacfad04e79dd5efbd3ec53fa6f3.udd" 3022
"C:/Users/franc/AppData/Local/UnrealEngine/Common/DerivedDataCache/Buckets/GlobalShaderMap/13/01/30b3298cae16fc19c89b4ed8e60330ab4d95.udd" 3023
"C:/Users/franc/AppData/Local/UnrealEngine/Common/DerivedDataCache/Buckets/GlobalShaderMap/fa/d7/479e9491b42157edd11e6d68d196cb207e0d.udd" 3024
"C:/Users/franc/AppData/Local/UnrealEngine/Common/DerivedDataCache/Buckets/GlobalShaderMap/21/f8/580903e98e5c3756b2afd38192453c39fa7f.udd" 3025
"C:/Users/franc/AppData/Local/UnrealEngine/Common/DerivedDataCache/Buckets/GlobalShaderMap/31/9e/cb0b6a464343cc8e88d6150f8dc0f942668f.udd" 3026
"C:/Users/franc/AppData/Local/UnrealEngine/Common/DerivedDataCache/Buckets/GlobalShaderMap/29/63/8c5bf8eebfaa05b513afe46f6b7c27dc6b45.udd" 3027
"C:/Users/franc/AppData/Local/UnrealEngine/Common/DerivedDataCache/Buckets/GlobalShaderMap/f5/b1/cef8ab28ff1e4fa751b243902921a045bae5.udd" 3028
"C:/Users/franc/AppData/Local/UnrealEngine/Common/DerivedDataCache/Buckets/GlobalShaderMap/c8/78/490bb84b2aaa54636797fb95db1768ec3879.udd" 3029
"C:/Users/franc/AppData/Local/UnrealEngine/Common/DerivedDataCache/Buckets/GlobalShaderMap/9a/a1/ccdea834af7edfe0ddc17c257bd886a22307.udd" 3030
"C:/Users/franc/AppData/Local/UnrealEngine/Common/DerivedDataCache/Buckets/GlobalShaderMap/5f/e9/6ce21370a235a15839a689fccf07d5788aef.udd" 3031
"C:/Users/franc/AppData/Local/UnrealEngine/Common/DerivedDataCache/Buckets/GlobalShaderMap/9c/fb/9b2510ebc557f48263ff87930f4b71b446a3.udd" 3032
"C:/Users/franc/AppData/Local/UnrealEngine/Common/DerivedDataCache/Buckets/GlobalShaderMap/d9/61/0d03249e5ddbb7e5d3d87227978fa4eb2154.udd" 3033
"C:/Users/franc/AppData/Local/UnrealEngine/Common/DerivedDataCache/Buckets/GlobalShaderMap/ac/01/fa9c841dd8372dbe0087ea2fad245ef8f609.udd" 3034
"C:/Users/franc/AppData/Local/UnrealEngine/Common/DerivedDataCache/Buckets/GlobalShaderMap/36/de/be6ed12e290de2db32284718325061c8f472.udd" 3035
"C:/Users/franc/AppData/Local/UnrealEngine/Common/DerivedDataCache/Buckets/GlobalShaderMap/62/82/1c47b4bccd6708fa5ba5750b768036d6b1e7.udd" 3036
"C:/Users/franc/AppData/Local/UnrealEngine/Common/DerivedDataCache/Buckets/GlobalShaderMap/ce/94/0588c9c7267da0344f8ef19396d751d59ed1.udd" 3037
"C:/Users/franc/AppData/Local/UnrealEngine/Common/DerivedDataCache/Buckets/GlobalShaderMap/8d/58/31165067859049053d49e88a3026a95b3c1a.udd" 3038
"C:/Users/franc/AppData/Local/UnrealEngine/Common/DerivedDataCache/Buckets/GlobalShaderMap/9d/49/15c9d86c7a75b793b8ddc2f43b9d966b10bc.udd" 3039
"C:/Users/franc/AppData/Local/UnrealEngine/Common/DerivedDataCache/Buckets/GlobalShaderMap/2d/93/1ecdb83954ec245557774f5b3159866a06fd.udd" 3040
"C:/Users/franc/AppData/Local/UnrealEngine/Common/DerivedDataCache/Buckets/GlobalShaderMap/09/d3/a7bfb1873d08ab6ed8e1650d1628aa8a1c47.udd" 3041
"C:/Users/franc/AppData/Local/UnrealEngine/Common/DerivedDataCache/Buckets/GlobalShaderMap/0d/9b/b703fd7a914933f3de7a7f139339b115fb6d.udd" 3042
"C:/Users/franc/AppData/Local/UnrealEngine/Common/DerivedDataCache/Buckets/GlobalShaderMap/cd/7e/f04fb38a3bb64cdc8c665bd8a9615b44c104.udd" 3043
"C:/Users/franc/AppData/Local/UnrealEngine/Common/DerivedDataCache/Buckets/GlobalShaderMap/4e/4b/51551434475b1485e10fb82c0cb4311652bf.udd" 3044
"C:/Users/franc/AppData/Local/UnrealEngine/Common/DerivedDataCache/Buckets/GlobalShaderMap/bf/6d/fe73e4cffe0087a01dd32fb0367a0814bf08.udd" 3045
"C:/Users/franc/AppData/Local/UnrealEngine/Common/DerivedDataCache/Buckets/GlobalShaderMap/f7/2e/a444482b9e873dbd28ed8b62553f54e56910.udd" 3046
"C:/Users/franc/AppData/Local/UnrealEngine/Common/DerivedDataCache/Buckets/GlobalShaderMap/70/c0/8bf7520fc427cbd2ae8ff574f3130b171c5a.udd" 3047
"C:/Users/franc/AppData/Local/UnrealEngine/Common/DerivedDataCache/Buckets/GlobalShaderMap/9b/7d/e7558b83e1d3fceb772e3d724cf5684670a8.udd" 3048
"C:/Users/franc/AppData/Local/UnrealEngine/Common/DerivedDataCache/Buckets/GlobalShaderMap/84/59/1f20ccdf461d237f3fa6b7b8e518f02aeb57.udd" 3049
"C:/Users/franc/AppData/Local/UnrealEngine/Common/DerivedDataCache/Buckets/GlobalShaderMap/93/da/88c8a3c0f1b052a8aa34d242319529055b80.udd" 3050
"C:/Users/franc/AppData/Local/UnrealEngine/Common/DerivedDataCache/Buckets/GlobalShaderMap/6a/58/23969a6204d12759b32dd60068ad3895134a.udd" 3051
"C:/Users/franc/AppData/Local/UnrealEngine/Common/DerivedDataCache/Buckets/GlobalShaderMap/13/2d/01556003369372693328d74d700a9de68fc4.udd" 3052
"C:/Users/franc/AppData/Local/UnrealEngine/Common/DerivedDataCache/Buckets/GlobalShaderMap/b1/a3/e3db5fcce75176a0109ff31281b17f42433c.udd" 3053
"C:/Users/franc/AppData/Local/UnrealEngine/Common/DerivedDataCache/Buckets/GlobalShaderMap/e5/ee/fe2178c68e499f965d3e741c388ac6571845.udd" 3054
"C:/Users/franc/AppData/Local/UnrealEngine/Common/DerivedDataCache/Buckets/GlobalShaderMap/cb/2a/1e1a24ae245dc54352c026fb708753150fd3.udd" 3055
"C:/Users/franc/AppData/Local/UnrealEngine/Common/DerivedDataCache/Buckets/GlobalShaderMap/d8/02/2b8d25d143839899d412d323b14b44fc4384.udd" 3056
"C:/Users/franc/AppData/Local/UnrealEngine/Common/DerivedDataCache/Buckets/GlobalShaderMap/e0/46/cc68df7be2943ace3ddeaf454cea5e281cf4.udd" 3057
"C:/Users/franc/AppData/Local/UnrealEngine/Common/DerivedDataCache/Buckets/GlobalShaderMap/98/5a/2eaea0fc3668282ca4e91a0327836e6a2eb5.udd" 3058
"C:/Users/franc/AppData/Local/UnrealEngine/Common/DerivedDataCache/Buckets/GlobalShaderMap/f6/2c/c8fe9b7864e3edca7830a90df99431c42992.udd" 3059
"C:/Users/franc/AppData/Local/UnrealEngine/Common/DerivedDataCache/Buckets/GlobalShaderMap/f8/ed/9442a89b0026b214c88171e958665aee312e.udd" 3060
"C:/Users/franc/AppData/Local/UnrealEngine/Common/DerivedDataCache/Buckets/GlobalShaderMap/90/f3/077dcdf275ff89e598cd9ef10c621051ebeb.udd" 3061
"C:/Users/franc/AppData/Local/UnrealEngine/Common/DerivedDataCache/Buckets/GlobalShaderMap/38/11/7b1b8a4f10748053cd1c2fcfdeadbb7faed3.udd" 3062
"C:/Users/franc/AppData/Local/UnrealEngine/Common/DerivedDataCache/Buckets/GlobalShaderMap/bb/a6/0f509a48f8e4d27f78feae0644fd77a90622.udd" 3063
"C:/Users/franc/AppData/Local/UnrealEngine/Common/DerivedDataCache/Buckets/GlobalShaderMap/47/99/f6a2e58756605746d710085c5e0db4cb6d82.udd" 3064
"C:/Users/franc/AppData/Local/UnrealEngine/Common/DerivedDataCache/Buckets/GlobalShaderMap/9a/cc/169607aebd88231db291e2bd0b632ade3e91.udd" 3065
"C:/Users/franc/AppData/Local/UnrealEngine/Common/DerivedDataCache/Buckets/GlobalShaderMap/a2/05/bb14a8bb8e1353e4cf54953aa9726cf5999f.udd" 3066
"C:/Users/franc/AppData/Local/UnrealEngine/Common/DerivedDataCache/Buckets/GlobalShaderMap/fe/1c/c5b391830be27bd2f1feac880a2961f69860.udd" 3067
"C:/Users/franc/AppData/Local/UnrealEngine/Common/DerivedDataCache/Buckets/GlobalShaderMap/a4/ec/255c3d69e874b9eac5dc4bb834a32f80138b.udd" 3068
"C:/Users/franc/AppData/Local/UnrealEngine/Common/DerivedDataCache/Buckets/GlobalShaderMap/3a/d9/359242603fbd1b5d4a58efb73bc6493c1f97.udd" 3069
"C:/Users/franc/AppData/Local/UnrealEngine/Common/DerivedDataCache/Buckets/GlobalShaderMap/d8/13/23c4ca2556b21f70fd49f716516cd9b25ce2.udd" 3070
"C:/Users/franc/AppData/Local/UnrealEngine/Common/DerivedDataCache/Buckets/GlobalShaderMap/ba/a6/8695b737ffc284b6686461ff3d8df783e19f.udd" 3071
"C:/Users/franc/AppData/Local/UnrealEngine/Common/DerivedDataCache/Buckets/GlobalShaderMap/bf/af/d8c7a37e14f93fc6c772293e94c94877920c.udd" 3072
"C:/Users/franc/AppData/Local/UnrealEngine/Common/DerivedDataCache/Buckets/GlobalShaderMap/8e/15/a6329bcf8c8b633d4ecdbc54f2b294e58deb.udd" 3073
"C:/Users/franc/AppData/Local/UnrealEngine/Common/DerivedDataCache/Buckets/GlobalShaderMap/52/10/0002dc26ae6a4e027192d62879c61f65cc2f.udd" 3074
"C:/Users/franc/AppData/Local/UnrealEngine/Common/DerivedDataCache/Buckets/GlobalShaderMap/48/bc/88bc52e8ce6386f5878abfd0866be9009af2.udd" 3075
"C:/Users/franc/AppData/Local/UnrealEngine/Common/DerivedDataCache/Buckets/GlobalShaderMap/dc/7a/102e48a7e69a2ef55455c856aa2a3b90aae5.udd" 3076
"C:/Users/franc/AppData/Local/UnrealEngine/Common/DerivedDataCache/Buckets/GlobalShaderMap/88/bb/7568a01e9ea9fe329fb3ee919da58e9cb880.udd" 3077
"C:/Users/franc/AppData/Local/UnrealEngine/Common/DerivedDataCache/Buckets/GlobalShaderMap/ed/af/6c908ccb9ebf0bc0c0d20425997b2acef476.udd" 3078
"C:/Users/franc/AppData/Local/UnrealEngine/Common/DerivedDataCache/Buckets/GlobalShaderMap/92/45/fe03c20cb033fc3304ae93060b0d3ad7c8bd.udd" 3079
"C:/Users/franc/AppData/Local/UnrealEngine/Common/DerivedDataCache/Buckets/GlobalShaderMap/ef/d2/009db995a3b0809d6beff64e6b5ca79b6388.udd" 3080
"C:/Users/franc/AppData/Local/UnrealEngine/Common/DerivedDataCache/Buckets/GlobalShaderMap/64/9b/6d7d5c7a15c05f0df28664d3d580a344a378.udd" 3081
"C:/Users/franc/AppData/Local/UnrealEngine/Common/DerivedDataCache/Buckets/GlobalShaderMap/84/4c/cd514e8e67d14248a369548feac0cfafb9e7.udd" 3082
"C:/Users/franc/AppData/Local/UnrealEngine/Common/DerivedDataCache/Buckets/GlobalShaderMap/bf/d1/c27182e057bd56e514d5f20d2d3830ba58ff.udd" 3083
"C:/Users/franc/AppData/Local/UnrealEngine/Common/DerivedDataCache/Buckets/GlobalShaderMap/13/5d/14f3362d7337797716670b67310ef3ab7722.udd" 3084
"C:/Users/franc/AppData/Local/UnrealEngine/Common/DerivedDataCache/Buckets/GlobalShaderMap/b4/c9/90346d617c52c727ca3262bba586c080d87c.udd" 3085
"C:/Users/franc/AppData/Local/UnrealEngine/Common/DerivedDataCache/Buckets/GlobalShaderMap/15/5a/0c266b060d4c40c1f27ff1c88e2d6afeb599.udd" 3086
"C:/Users/franc/AppData/Local/UnrealEngine/Common/DerivedDataCache/Buckets/GlobalShaderMap/1d/3e/e4683d609a0695a4362bed32bc0c606e1161.udd" 3087
"C:/Users/franc/AppData/Local/UnrealEngine/Common/DerivedDataCache/Buckets/GlobalShaderMap/c3/a4/705e37c2b50190a2d01f6e7ccf534122dd1c.udd" 3088
"C:/Users/franc/AppData/Local/UnrealEngine/Common/DerivedDataCache/Buckets/GlobalShaderMap/03/1e/69d49b31d73cc9c125668297b62a17eb367a.udd" 3089
"C:/Users/franc/AppData/Local/UnrealEngine/Common/DerivedDataCache/Content/e0/65/aa30d0617396d57b9a7936267fb53f507ee4.udd" 3090
"C:/Users/franc/AppData/Local/UnrealEngine/Common/DerivedDataCache/Buckets/GlobalShaderMap/9c/c4/18b39507df3e2f7864ec475dcdb6c35562b5.udd" 3091
"C:/Users/franc/AppData/Local/UnrealEngine/Common/DerivedDataCache/Buckets/GlobalShaderMap/f1/92/f23bf8e763bda98ef7fce1b74112dd1b2633.udd" 3092
"C:/Users/franc/AppData/Local/UnrealEngine/Common/DerivedDataCache/Buckets/GlobalShaderMap/1c/3f/ea200c280ad4edd35a5efe9e770d69f0d074.udd" 3093
"C:/Users/franc/AppData/Local/UnrealEngine/Common/DerivedDataCache/Buckets/GlobalShaderMap/cf/fd/4a09fb9138b83b4d931dad220d673253f9e8.udd" 3094
"C:/Users/franc/AppData/Local/UnrealEngine/Common/DerivedDataCache/Buckets/GlobalShaderMap/0a/71/e014ca02d57d0e92bfff83d32ec8d9199a45.udd" 3095
"C:/Users/franc/AppData/Local/UnrealEngine/Common/DerivedDataCache/Buckets/GlobalShaderMap/8b/13/661e2c597aa16847a8fe5697de521afd9e69.udd" 3096
"C:/Users/franc/AppData/Local/UnrealEngine/Common/DerivedDataCache/Buckets/GlobalShaderMap/8b/97/0930c7b0a2f614e0a29396bf65e3a014c46a.udd" 3097
"C:/Users/franc/AppData/Local/UnrealEngine/Common/DerivedDataCache/Buckets/GlobalShaderMap/cb/74/81d02fb3d0cad67b426a8b368b2fda93e94c.udd" 3098
"C:/Users/franc/AppData/Local/UnrealEngine/Common/DerivedDataCache/Buckets/GlobalShaderMap/8e/3e/21204c53ecbf414528269dc496f07e567644.udd" 3099
"C:/Users/franc/AppData/Local/UnrealEngine/Common/DerivedDataCache/Buckets/GlobalShaderMap/ec/20/598fe1139779a8afc62760a4586dfee26baa.udd" 3100
"C:/Users/franc/AppData/Local/UnrealEngine/Common/DerivedDataCache/Buckets/GlobalShaderMap/2c/e1/e9891e218e2134cc83918f9a67ef4b257071.udd" 3101
"C:/Users/franc/AppData/Local/UnrealEngine/Common/DerivedDataCache/Buckets/GlobalShaderMap/90/6f/3302335412cd9f80258610bb84de75acf90d.udd" 3102
"C:/Users/franc/AppData/Local/UnrealEngine/Common/DerivedDataCache/Buckets/GlobalShaderMap/6f/0b/bbeadb8d81b36c92712f5e2ae932908fcf01.udd" 3103
"C:/Users/franc/AppData/Local/UnrealEngine/Common/DerivedDataCache/Buckets/GlobalShaderMap/59/06/a64c3ef5549a02e01762b32c49c5657ca747.udd" 3104
"C:/Users/franc/AppData/Local/UnrealEngine/Common/DerivedDataCache/Buckets/GlobalShaderMap/a8/92/83a4dae90888dea64f63cc3e6ec1cde2570d.udd" 3105
"C:/Users/franc/AppData/Local/UnrealEngine/Common/DerivedDataCache/Buckets/GlobalShaderMap/72/70/b27a2ec9f7f985cd420bbd31b369bfdc94d6.udd" 3106
"C:/Users/franc/AppData/Local/UnrealEngine/Common/DerivedDataCache/Buckets/GlobalShaderMap/cd/5f/b2bcb8839f052e4dfc464bc624b4767dc489.udd" 3107
"C:/Users/franc/AppData/Local/UnrealEngine/Common/DerivedDataCache/Buckets/GlobalShaderMap/0c/b6/e18152254f944a50229b282436bf1debcc65.udd" 3108
"C:/Users/franc/AppData/Local/UnrealEngine/Common/DerivedDataCache/Buckets/GlobalShaderMap/75/ea/b17772d3dd063d4828f6bf8b586b26c9e39e.udd" 3109
"C:/Users/franc/AppData/Local/UnrealEngine/Common/DerivedDataCache/Buckets/GlobalShaderMap/5c/e3/d7ba56dbebc16f298cdb5be9df163792d7ef.udd" 3110
"C:/Users/franc/AppData/Local/UnrealEngine/Common/DerivedDataCache/Buckets/GlobalShaderMap/2e/4d/a0330ad3c10f8407082d753d31d132e5709a.udd" 3111
"C:/Users/franc/AppData/Local/UnrealEngine/Common/DerivedDataCache/Buckets/GlobalShaderMap/71/fa/ea52a2f62edc9ebfeddb156d33bf9d033ab6.udd" 3112
"C:/Users/franc/AppData/Local/UnrealEngine/Common/DerivedDataCache/Buckets/GlobalShaderMap/a1/7f/c8dd51b0eab39e079989f250f85ffaebcb7f.udd" 3113
"C:/Users/franc/AppData/Local/UnrealEngine/Common/DerivedDataCache/Buckets/GlobalShaderMap/2c/7b/1fd43e1dea8699298e9a6849d4805e4e0f03.udd" 3114
"C:/Users/franc/AppData/Local/UnrealEngine/Common/DerivedDataCache/Buckets/GlobalShaderMap/89/55/dad80c3b8ea44b60955f8cb3d2bc3c646c71.udd" 3115
"C:/Users/franc/AppData/Local/UnrealEngine/Common/DerivedDataCache/Buckets/GlobalShaderMap/87/29/7218a2cc79dcad14c256551ae79b687c4077.udd" 3116
"C:/Users/franc/AppData/Local/UnrealEngine/Common/DerivedDataCache/Buckets/GlobalShaderMap/62/9d/7e7a992c8cb87c49461b8a7bf7539791c309.udd" 3117
"C:/Users/franc/AppData/Local/UnrealEngine/Common/DerivedDataCache/Buckets/GlobalShaderMap/93/57/4aee04863d6e3eb523b0db78573b33a33b53.udd" 3118
"C:/Users/franc/AppData/Local/UnrealEngine/Common/DerivedDataCache/Buckets/GlobalShaderMap/f6/92/89d2e46e62c35c13dbf116077d9e9a553e36.udd" 3119
"C:/Users/franc/AppData/Local/UnrealEngine/Common/DerivedDataCache/Buckets/GlobalShaderMap/2e/af/4e39999cff834b8b6cef65df657bb108ee7e.udd" 3120
"C:/Users/franc/AppData/Local/UnrealEngine/Common/DerivedDataCache/Buckets/GlobalShaderMap/ae/97/663c489f1707195bbface118a263b86b1ff8.udd" 3121
"C:/Users/franc/AppData/Local/UnrealEngine/Common/DerivedDataCache/Buckets/GlobalShaderMap/0b/71/37a73676f7e1b5fcd6871f2c93ea6dd292f6.udd" 3122
"C:/Users/franc/AppData/Local/UnrealEngine/Common/DerivedDataCache/Buckets/GlobalShaderMap/fd/8c/5a64fe69da5efb4bc724bfb593526c4fa2c3.udd" 3123
"C:/Users/franc/AppData/Local/UnrealEngine/Common/DerivedDataCache/Buckets/GlobalShaderMap/5e/64/42d2e9dfb56e01f657255597919f7855a3c8.udd" 3124
"C:/Users/franc/AppData/Local/UnrealEngine/Common/DerivedDataCache/Buckets/GlobalShaderMap/d2/8e/27ef2549ad2f2b70a840035b92ed43ce2af3.udd" 3125
"C:/Users/franc/AppData/Local/UnrealEngine/Common/DerivedDataCache/Buckets/GlobalShaderMap/54/1e/b0bbabef71936cfd579cc50ee216699ea0dc.udd" 3126
"C:/Users/franc/AppData/Local/UnrealEngine/Common/DerivedDataCache/Buckets/GlobalShaderMap/93/9a/906d6c4c5455a9fc74dd2f79c98e09a953c2.udd" 3127
"C:/Users/franc/AppData/Local/UnrealEngine/Common/DerivedDataCache/Buckets/GlobalShaderMap/68/a2/4c8b3b43be5fcebfc4e10972002b1356993c.udd" 3128
"C:/Users/franc/AppData/Local/UnrealEngine/Common/DerivedDataCache/Buckets/GlobalShaderMap/ff/60/5afaff96ac3bba4497ca6c63b5675cf79ec6.udd" 3129
"C:/Users/franc/AppData/Local/UnrealEngine/Common/DerivedDataCache/Buckets/GlobalShaderMap/3c/74/fdbef9539d431397b169b6e121a3b89c83a6.udd" 3130
"C:/Users/franc/AppData/Local/UnrealEngine/Common/DerivedDataCache/Buckets/GlobalShaderMap/88/25/9b04bd078fa078576eb588a030d7bfb438e3.udd" 3131
"C:/Users/franc/AppData/Local/UnrealEngine/Common/DerivedDataCache/Buckets/GlobalShaderMap/30/ce/bb233e5dc9949b5c0edfabc3f7a6f1105391.udd" 3132
"C:/Users/franc/AppData/Local/UnrealEngine/Common/DerivedDataCache/Buckets/GlobalShaderMap/97/97/acc0a682548ba93776c03286b04c404a05e6.udd" 3133
"C:/Users/franc/AppData/Local/UnrealEngine/Common/DerivedDataCache/Buckets/GlobalShaderMap/02/7d/fb15453f1f4090ba254d03d1822df3d01947.udd" 3134
"C:/Users/franc/AppData/Local/UnrealEngine/Common/DerivedDataCache/Buckets/GlobalShaderMap/02/85/fbe5d3d3c523321dd2fe87273e1d50265796.udd" 3135
"C:/Users/franc/AppData/Local/UnrealEngine/Common/DerivedDataCache/Buckets/GlobalShaderMap/d9/86/fd108499c9727ad309b8cff756395ec0422e.udd" 3136
"C:/Users/franc/AppData/Local/UnrealEngine/Common/DerivedDataCache/Buckets/GlobalShaderMap/ac/cc/a11d25623c60245de6427638c5c764181810.udd" 3137
"C:/Users/franc/AppData/Local/UnrealEngine/Common/DerivedDataCache/Buckets/GlobalShaderMap/a4/4a/0c2dfa4e6ae7d3d854a93d2cdd27f21bc87e.udd" 3138
"C:/Users/franc/AppData/Local/UnrealEngine/Common/DerivedDataCache/Buckets/GlobalShaderMap/93/21/3f50b5669653ce05e36e1c8f5f280818de79.udd" 3139
"C:/Users/franc/AppData/Local/UnrealEngine/Common/DerivedDataCache/Buckets/GlobalShaderMap/04/7c/94035d538b4e2b4aa1260537fa59432ae30f.udd" 3140
"C:/Users/franc/AppData/Local/UnrealEngine/Common/DerivedDataCache/Buckets/GlobalShaderMap/12/83/77e7885b062ed66bf25dd6ffcd6df77698c3.udd" 3141
"C:/Users/franc/AppData/Local/UnrealEngine/Common/DerivedDataCache/Buckets/GlobalShaderMap/0a/5c/6c2dde0ca1f93eb6687aaec08baebe828b41.udd" 3142
"C:/Users/franc/AppData/Local/UnrealEngine/Common/DerivedDataCache/Buckets/GlobalShaderMap/c0/bd/42cce2710350b8eaf9d300427f860b49df58.udd" 3143
"C:/Users/franc/AppData/Local/UnrealEngine/Common/DerivedDataCache/Buckets/GlobalShaderMap/ef/bd/3b4a9990cdd8a49d5e82f71e66aeb9dcc91d.udd" 3144
"C:/Users/franc/AppData/Local/UnrealEngine/Common/DerivedDataCache/Buckets/GlobalShaderMap/3a/fc/ba0919bf087ea4d087d3cd6d4b82d70a2189.udd" 3145
"C:/Users/franc/AppData/Local/UnrealEngine/Common/DerivedDataCache/Buckets/GlobalShaderMap/ba/1d/6f82e64518d3b7eeb8ea00a9d76c08d4b600.udd" 3146
"C:/Users/franc/AppData/Local/UnrealEngine/Common/DerivedDataCache/Buckets/GlobalShaderMap/c0/39/696eb3befa89d95ebac1c1d6ae6a53839704.udd" 3147
"C:/Users/franc/AppData/Local/UnrealEngine/Common/DerivedDataCache/Buckets/GlobalShaderMap/36/ad/9bffbc374b84280b0d8d8cd1c04d57dde16e.udd" 3148
"C:/Users/franc/AppData/Local/UnrealEngine/Common/DerivedDataCache/Buckets/GlobalShaderMap/7c/bc/23652445e98614b32dc2fad10b545cf21107.udd" 3149
"C:/Users/franc/AppData/Local/UnrealEngine/Common/DerivedDataCache/Buckets/GlobalShaderMap/03/ae/b5c90a2d4fabe71d2ac6e0c2294d37b3241f.udd" 3150
"C:/Users/franc/AppData/Local/UnrealEngine/Common/DerivedDataCache/Buckets/GlobalShaderMap/f9/d8/09beb5bbfa3986029d810f17421d94c9d6ca.udd" 3151
"C:/Users/franc/AppData/Local/UnrealEngine/Common/DerivedDataCache/Buckets/GlobalShaderMap/87/f9/33c508caa8fa0966e37e94aea86ad6b35369.udd" 3152
"C:/Users/franc/AppData/Local/UnrealEngine/Common/DerivedDataCache/Buckets/GlobalShaderMap/68/01/44d043bfcf89f8df318f24dc962fb9d78c3f.udd" 3153
"C:/Users/franc/AppData/Local/UnrealEngine/Common/DerivedDataCache/Buckets/GlobalShaderMap/21/c0/67b70d0d94a8d974fae107103ef06830d7c3.udd" 3154
"C:/Users/franc/AppData/Local/UnrealEngine/Common/DerivedDataCache/Buckets/GlobalShaderMap/b4/24/e3bcd039817ffd15b0f1c1c1dd0d460c63b2.udd" 3155
"C:/Users/franc/AppData/Local/UnrealEngine/Common/DerivedDataCache/Buckets/GlobalShaderMap/dd/28/39191f2482e9d16aac4e8375a85ba333d4e5.udd" 3156
"C:/Users/franc/AppData/Local/UnrealEngine/Common/DerivedDataCache/Buckets/GlobalShaderMap/71/03/f19f418ce7f11df4c8c9a09aa7e9830e18cb.udd" 3157
"C:/Users/franc/AppData/Local/UnrealEngine/Common/DerivedDataCache/Buckets/GlobalShaderMap/ea/65/3de9705398b0077ad60e63a1b9a3ee6ce116.udd" 3158
"C:/Users/franc/AppData/Local/UnrealEngine/Common/DerivedDataCache/Buckets/GlobalShaderMap/6a/47/76e10e63c181dbe24687379094120f93bbe7.udd" 3159
"C:/Users/franc/AppData/Local/UnrealEngine/Common/DerivedDataCache/Buckets/GlobalShaderMap/48/60/13123d363bd46bfbd1fd4d034a876c3d9e9c.udd" 3160
"C:/Users/franc/AppData/Local/UnrealEngine/Common/DerivedDataCache/Buckets/GlobalShaderMap/8d/9e/6bc94302cb71b2e52268e021d86bfbf36f24.udd" 3161
"C:/Users/franc/AppData/Local/UnrealEngine/Common/DerivedDataCache/Buckets/GlobalShaderMap/8c/c3/3e414dcfddbde4569ca71638a6a00f0d81a2.udd" 3162
"C:/Users/franc/AppData/Local/UnrealEngine/Common/DerivedDataCache/Buckets/GlobalShaderMap/a6/6c/9b764f6c962257a7cb12444c8dabf201c373.udd" 3163
"C:/Users/franc/AppData/Local/UnrealEngine/Common/DerivedDataCache/Buckets/GlobalShaderMap/d0/4b/046df137bcd2a608e1a28056a14be787bfd1.udd" 3164
"C:/Users/franc/AppData/Local/UnrealEngine/Common/DerivedDataCache/Buckets/GlobalShaderMap/35/fa/0e2df988ccd95732b877526f7122fa3592d5.udd" 3165
"C:/Users/franc/AppData/Local/UnrealEngine/Common/DerivedDataCache/Buckets/GlobalShaderMap/67/4a/940690f91275e65e44f764b31057265b826b.udd" 3166
"C:/Users/franc/AppData/Local/UnrealEngine/Common/DerivedDataCache/Buckets/GlobalShaderMap/40/11/347591a4b86d65a698fe0314805900f021fd.udd" 3167
"C:/Users/franc/AppData/Local/UnrealEngine/Common/DerivedDataCache/Buckets/GlobalShaderMap/a3/c1/45f49383644228aa70b2852a21ededc1adc2.udd" 3168
"C:/Users/franc/AppData/Local/UnrealEngine/Common/DerivedDataCache/Buckets/GlobalShaderMap/c1/18/729efb2e6065f984b63668adb571e89640d4.udd" 3169
"C:/Users/franc/AppData/Local/UnrealEngine/Common/DerivedDataCache/Buckets/GlobalShaderMap/52/c7/d54e34537ef454d99452e87bfaca9085bc11.udd" 3170
"C:/Users/franc/AppData/Local/UnrealEngine/Common/DerivedDataCache/Buckets/GlobalShaderMap/04/a7/07cd0588a2d0ca253bf47a00e81fa8c05c81.udd" 3171
"C:/Users/franc/AppData/Local/UnrealEngine/Common/DerivedDataCache/Buckets/GlobalShaderMap/bb/7a/e8d88394df09fc5a590773d94f1bcbb83635.udd" 3172
"C:/Users/franc/AppData/Local/UnrealEngine/Common/DerivedDataCache/Buckets/GlobalShaderMap/60/05/1204a379bf60b13cab4c667b71db0e4accc1.udd" 3173
"C:/Users/franc/AppData/Local/UnrealEngine/Common/DerivedDataCache/Buckets/GlobalShaderMap/41/64/f6952e2047c052c567cd653fd4bc6a0f92c0.udd" 3174
"C:/Users/franc/AppData/Local/UnrealEngine/Common/DerivedDataCache/Buckets/GlobalShaderMap/f0/c0/ae77f687231cb2c782da32fcbb9f6db44247.udd" 3175
"C:/Users/franc/AppData/Local/UnrealEngine/Common/DerivedDataCache/Buckets/GlobalShaderMap/50/25/c462acc63439a3f242810db0c0bb2e37206f.udd" 3176
"C:/Users/franc/AppData/Local/UnrealEngine/Common/DerivedDataCache/Buckets/GlobalShaderMap/11/5e/2e9cabaa1c7fbd8c2ff8c9e8ccb62a47a847.udd" 3177
"C:/Users/franc/AppData/Local/UnrealEngine/Common/DerivedDataCache/Buckets/GlobalShaderMap/bc/c9/146620a71325a9e53b49886abd9afdbd1957.udd" 3178
"C:/Users/franc/AppData/Local/UnrealEngine/Common/DerivedDataCache/Buckets/GlobalShaderMap/91/00/db894cdd23af5f292c25a7bc161f8a7bd8f9.udd" 3179
"C:/Users/franc/AppData/Local/UnrealEngine/Common/DerivedDataCache/Buckets/GlobalShaderMap/61/7e/c7c64cae0786e4607f8c3680778e57d75e1d.udd" 3180
"C:/Users/franc/AppData/Local/UnrealEngine/Common/DerivedDataCache/Buckets/GlobalShaderMap/41/e2/5ca853aeaf3b4e16f7ce0b7fe06819699229.udd" 3181
"C:/Users/franc/AppData/Local/UnrealEngine/Common/DerivedDataCache/Buckets/GlobalShaderMap/2b/40/7622de0c09aba7a907fd803028bfbe2dceae.udd" 3182
"C:/Users/franc/AppData/Local/UnrealEngine/Common/DerivedDataCache/Buckets/GlobalShaderMap/a9/b5/4452b3c0b10b3025a35409cb6628a7d3dcae.udd" 3183
"C:/Users/franc/AppData/Local/UnrealEngine/Common/DerivedDataCache/Buckets/GlobalShaderMap/0a/5d/080b11a20511ff5ad9fd836ef58845f86cc7.udd" 3184
"C:/Users/franc/AppData/Local/UnrealEngine/Common/DerivedDataCache/Buckets/GlobalShaderMap/c6/63/2fe09639a87b24d03dc063ebc09e97191a19.udd" 3185
"C:/Users/franc/AppData/Local/UnrealEngine/Common/DerivedDataCache/Buckets/GlobalShaderMap/1e/ba/13c6adca6182f30d028c3bee665cb2313898.udd" 3186
"C:/Users/franc/AppData/Local/UnrealEngine/Common/DerivedDataCache/Buckets/GlobalShaderMap/a7/0c/ac03f4f5ca63fe5a226f995e16c382dc3d09.udd" 3187
"C:/Users/franc/AppData/Local/UnrealEngine/Common/DerivedDataCache/Buckets/GlobalShaderMap/cb/ef/0dd7c4f121c008aceb4b7240e940dfd026f2.udd" 3188
"C:/Users/franc/AppData/Local/UnrealEngine/Common/DerivedDataCache/Buckets/GlobalShaderMap/73/55/3d1cb515186a6832c61f927a6ae9acd609a8.udd" 3189
"C:/Users/franc/AppData/Local/UnrealEngine/Common/DerivedDataCache/Buckets/GlobalShaderMap/11/66/4afbc1a5f9cbcc22f66f90e7c84346489a51.udd" 3190
"C:/Users/franc/AppData/Local/UnrealEngine/Common/DerivedDataCache/Buckets/GlobalShaderMap/6e/3d/bdfc5f5ac43bdbd3fa839870bbd27535b70f.udd" 3191
"C:/Users/franc/AppData/Local/UnrealEngine/Common/DerivedDataCache/Buckets/GlobalShaderMap/83/f2/453039db0e3c85ced78e981e031ee2b0d2ab.udd" 3192
"C:/Users/franc/AppData/Local/UnrealEngine/Common/DerivedDataCache/Buckets/GlobalShaderMap/27/81/3a00f6c930a7687b26e97055b5c47c374621.udd" 3193
"C:/Users/franc/AppData/Local/UnrealEngine/Common/DerivedDataCache/Buckets/GlobalShaderMap/01/20/20db7ea6e08676a099811d8b03a561288f57.udd" 3194
"C:/Users/franc/AppData/Local/UnrealEngine/Common/DerivedDataCache/Buckets/GlobalShaderMap/39/cc/42e9d4b9f710647d3b0e99ad70638bb3a68e.udd" 3195
"C:/Users/franc/AppData/Local/UnrealEngine/Common/DerivedDataCache/Buckets/GlobalShaderMap/80/8c/c64b58ebd4594c601ddff72b46d06ad56329.udd" 3196
"C:/Users/franc/AppData/Local/UnrealEngine/Common/DerivedDataCache/Buckets/GlobalShaderMap/1a/62/5aa99e619b9268970fe7843fe01278d896cb.udd" 3197
"C:/Users/franc/AppData/Local/UnrealEngine/Common/DerivedDataCache/Buckets/GlobalShaderMap/42/3f/b5f97fbaf41f1e0c5767f9c64a1d35723d58.udd" 3198
"C:/Users/franc/AppData/Local/UnrealEngine/Common/DerivedDataCache/Buckets/GlobalShaderMap/e5/4e/2cff8086332bc8628264426c3e76b7f712d8.udd" 3199
"C:/Users/franc/AppData/Local/UnrealEngine/Common/DerivedDataCache/Buckets/GlobalShaderMap/0a/78/9a15847d420c5e75417fa9f1f6bf6964421d.udd" 3200
"C:/Users/franc/AppData/Local/UnrealEngine/Common/DerivedDataCache/Buckets/GlobalShaderMap/83/6d/6d970b40844cd7d5d8551bcb54ca7cb6ac2b.udd" 3201
"C:/Users/franc/AppData/Local/UnrealEngine/Common/DerivedDataCache/Buckets/GlobalShaderMap/10/0e/b3e5713f64fb3719b6e8a942ca3b768af7dc.udd" 3202
"C:/Users/franc/AppData/Local/UnrealEngine/Common/DerivedDataCache/Buckets/GlobalShaderMap/52/48/4a71c6da04cd1036b32681253353c924a9ba.udd" 3203
"C:/Users/franc/AppData/Local/UnrealEngine/Common/DerivedDataCache/Buckets/GlobalShaderMap/3f/87/f1d84882fe4884519a0a769aace11e833650.udd" 3204
"C:/Users/franc/AppData/Local/UnrealEngine/Common/DerivedDataCache/Buckets/GlobalShaderMap/d4/2a/637927a9d490b0a3e3c3d63acaa75e9836f9.udd" 3205
"C:/Users/franc/AppData/Local/UnrealEngine/Common/DerivedDataCache/Buckets/GlobalShaderMap/cc/cc/c2524d326213f393dad9e25a6ba87cd33ac5.udd" 3206
"C:/Users/franc/AppData/Local/UnrealEngine/Common/DerivedDataCache/Buckets/GlobalShaderMap/41/52/7fb1ca64f0f2e13f6690109f06b402b891b3.udd" 3207
"C:/Users/franc/AppData/Local/UnrealEngine/Common/DerivedDataCache/Buckets/GlobalShaderMap/ad/c8/96262c5539a8b83a90227c48e241ca349ca8.udd" 3208
"C:/Users/franc/AppData/Local/UnrealEngine/Common/DerivedDataCache/Buckets/GlobalShaderMap/1e/2c/501a83c88c96265248cf5001af1e42e3f40c.udd" 3209
"C:/Users/franc/AppData/Local/UnrealEngine/Common/DerivedDataCache/Buckets/GlobalShaderMap/ca/d3/84ac162bf536c87bc2488643f62c87c060b0.udd" 3210
"C:/Users/franc/AppData/Local/UnrealEngine/Common/DerivedDataCache/Buckets/GlobalShaderMap/65/99/0a89f5072214ea0ee3f32bb00d8166997dc2.udd" 3211
"C:/Users/franc/AppData/Local/UnrealEngine/Common/DerivedDataCache/Buckets/GlobalShaderMap/a7/e5/fe7c446093ea37d61de9e12e8e022b7c4256.udd" 3212
"C:/Users/franc/AppData/Local/UnrealEngine/Common/DerivedDataCache/Buckets/GlobalShaderMap/56/63/5999c50d7b357ee1630b715378f39f62ed0c.udd" 3213
"C:/Users/franc/AppData/Local/UnrealEngine/Common/DerivedDataCache/Buckets/GlobalShaderMap/94/39/ed56c48e7179dedf62471c03ef41ab84ef4e.udd" 3214
"C:/Users/franc/AppData/Local/UnrealEngine/Common/DerivedDataCache/Buckets/GlobalShaderMap/1e/47/b3e34aabdbb8ff315fa5f4942240c170cd47.udd" 3215
"C:/Users/franc/AppData/Local/UnrealEngine/Common/DerivedDataCache/Buckets/GlobalShaderMap/23/b2/9ef86a6fdbefb100912d50f91026165b8c59.udd" 3216
"C:/Users/franc/AppData/Local/UnrealEngine/Common/DerivedDataCache/Buckets/GlobalShaderMap/eb/4c/ca750eaafd5d9266b2aba3aeb43042e06365.udd" 3217
"C:/Users/franc/AppData/Local/UnrealEngine/Common/DerivedDataCache/Buckets/GlobalShaderMap/02/d8/91fe5bdd50e2e8f96169e33ae70c2f0488b0.udd" 3218
"C:/Users/franc/AppData/Local/UnrealEngine/Common/DerivedDataCache/Buckets/GlobalShaderMap/6c/f2/c3d166db9ca4f1ba046c401e188303604b5c.udd" 3219
"C:/Users/franc/AppData/Local/UnrealEngine/Common/DerivedDataCache/Buckets/GlobalShaderMap/b4/39/486f1e6bbb1ce2478ac9beeed0bc437decdd.udd" 3220
"C:/Users/franc/AppData/Local/UnrealEngine/Common/DerivedDataCache/Buckets/GlobalShaderMap/dc/f4/8bd48e9d766f8a7d71a232b914557b037622.udd" 3221
"C:/Users/franc/AppData/Local/UnrealEngine/Common/DerivedDataCache/Buckets/GlobalShaderMap/95/4f/59940751e0b1311dea623d95c65d2a72f8c4.udd" 3222
"C:/Users/franc/AppData/Local/UnrealEngine/Common/DerivedDataCache/Buckets/GlobalShaderMap/a7/d2/ccd65a058628c46879aa21e54873a938852a.udd" 3223
"C:/Users/franc/AppData/Local/UnrealEngine/Common/DerivedDataCache/Buckets/GlobalShaderMap/42/5f/467d956185229f57411711155b1fc452edbc.udd" 3224
"C:/Users/franc/AppData/Local/UnrealEngine/Common/DerivedDataCache/Buckets/GlobalShaderMap/15/e0/c7efafbf1f9999c6f828d3c00cd343242359.udd" 3225
"C:/Users/franc/AppData/Local/UnrealEngine/Common/DerivedDataCache/Buckets/GlobalShaderMap/0d/a5/6dbe11bc5370033173c60c0e977cadcee28c.udd" 3226
"C:/Users/franc/AppData/Local/UnrealEngine/Common/DerivedDataCache/Buckets/GlobalShaderMap/88/a0/5b0c69008163cc3a919b82be3894b07e6454.udd" 3227
"C:/Users/franc/AppData/Local/UnrealEngine/Common/DerivedDataCache/Buckets/GlobalShaderMap/ed/46/0b0f4a18f29ad53251e736e39361429251e5.udd" 3228
"C:/Users/franc/AppData/Local/UnrealEngine/Common/DerivedDataCache/Buckets/GlobalShaderMap/6d/6e/417e9c8de20583f979d3ef59bee1517e350b.udd" 3229
"C:/Users/franc/AppData/Local/UnrealEngine/Common/DerivedDataCache/Buckets/GlobalShaderMap/2e/92/3cd439cfa6625c1f4df53a1368f601237435.udd" 3230
"C:/Users/franc/AppData/Local/UnrealEngine/Common/DerivedDataCache/Buckets/GlobalShaderMap/9a/51/1e66ed7f28aca437cc8a377899a0513d811a.udd" 3231
"C:/Users/franc/AppData/Local/UnrealEngine/Common/DerivedDataCache/Buckets/GlobalShaderMap/e9/42/d8b0ad49ba91e5d3136b04c5e38262232c13.udd" 3232
"C:/Users/franc/AppData/Local/UnrealEngine/Common/DerivedDataCache/Buckets/GlobalShaderMap/c8/f5/2577e62ab23f7003e4b7f4391eb49514078d.udd" 3233
"C:/Users/franc/AppData/Local/UnrealEngine/Common/DerivedDataCache/Buckets/GlobalShaderMap/6f/36/3abd9371f4b0381b999afd31fa99feafb383.udd" 3234
"C:/Users/franc/AppData/Local/UnrealEngine/Common/DerivedDataCache/Buckets/GlobalShaderMap/34/62/09452863a5fe1c8cd51358c047b6817aceb2.udd" 3235
"C:/Users/franc/AppData/Local/UnrealEngine/Common/DerivedDataCache/Buckets/GlobalShaderMap/bd/d9/65d41784ee93734d9739d0bd29f419b9f010.udd" 3236
"C:/Users/franc/AppData/Local/UnrealEngine/Common/DerivedDataCache/Buckets/GlobalShaderMap/ef/25/c951cfd11bdd1585ebb8b88c9f55cef6b033.udd" 3237
"C:/Users/franc/AppData/Local/UnrealEngine/Common/DerivedDataCache/Buckets/GlobalShaderMap/11/d1/c15296c53eb8434b70d9dc78bf6a74b12bc4.udd" 3238
"C:/Users/franc/AppData/Local/UnrealEngine/Common/DerivedDataCache/Buckets/GlobalShaderMap/56/6d/baa13f22b2c5bb1cad1c0692bd1b7eff4496.udd" 3239
"C:/Users/franc/AppData/Local/UnrealEngine/Common/DerivedDataCache/Buckets/GlobalShaderMap/fa/dd/ead090b3e8cd2c9326fa6336042a7ca96138.udd" 3240
"C:/Users/franc/AppData/Local/UnrealEngine/Common/DerivedDataCache/Buckets/GlobalShaderMap/70/df/8aa37d967e849dfb3f2544f7a7f3a9ccaa25.udd" 3241
"C:/Users/franc/AppData/Local/UnrealEngine/Common/DerivedDataCache/Buckets/GlobalShaderMap/91/52/7002e6ec2521e9bf6ec8187c81b679710d2c.udd" 3242
"C:/Users/franc/AppData/Local/UnrealEngine/Common/DerivedDataCache/Buckets/GlobalShaderMap/ed/98/e903dcafe1ff91e26527fe25fbc0837dba2e.udd" 3243
"C:/Users/franc/AppData/Local/UnrealEngine/Common/DerivedDataCache/Buckets/GlobalShaderMap/ea/e7/9cac0705ca229dc53dec995ef3b51bcb6e9e.udd" 3244
"C:/Users/franc/AppData/Local/UnrealEngine/Common/DerivedDataCache/Buckets/GlobalShaderMap/6b/05/aee03a6982ab06a558f5aa8b57610d4be3cb.udd" 3245
"C:/Users/franc/AppData/Local/UnrealEngine/Common/DerivedDataCache/Buckets/GlobalShaderMap/25/5d/d7c8951a6dfb05980848d026be5d9c945f02.udd" 3246
"C:/Users/franc/AppData/Local/UnrealEngine/Common/DerivedDataCache/Buckets/GlobalShaderMap/ea/a8/c7380996013f6bd8d81588cb008fa8f3d37a.udd" 3247
"C:/Users/franc/AppData/Local/UnrealEngine/Common/DerivedDataCache/Buckets/GlobalShaderMap/4c/62/b56fe587c84ffe46423ada13d376bb044aaf.udd" 3248
"C:/Users/franc/AppData/Local/UnrealEngine/Common/DerivedDataCache/Buckets/GlobalShaderMap/2c/5d/858b6a7b6303e10267bd06b49a52fb9ceaac.udd" 3249
"C:/Users/franc/AppData/Local/UnrealEngine/Common/DerivedDataCache/Buckets/GlobalShaderMap/96/a9/af44a5df90163299ac074f488ca1d80d1f77.udd" 3250
"C:/Users/franc/AppData/Local/UnrealEngine/Common/DerivedDataCache/Buckets/GlobalShaderMap/47/34/08a17eca2d71124e48780ba4ad91bcbbc0a4.udd" 3251
"C:/Users/franc/AppData/Local/UnrealEngine/Common/DerivedDataCache/Buckets/GlobalShaderMap/9a/99/1d2fff966e807fac943854f7082ba01754bc.udd" 3252
"C:/Users/franc/AppData/Local/UnrealEngine/Common/DerivedDataCache/Buckets/GlobalShaderMap/95/a6/599b5dc78d0f89e9f7eb3a0d16d1ece23cfa.udd" 3253
"C:/Users/franc/AppData/Local/UnrealEngine/Common/DerivedDataCache/Buckets/GlobalShaderMap/1f/94/bb2454dcf23d9fe84f747f0248114770e8c0.udd" 3254
"C:/Users/franc/AppData/Local/UnrealEngine/Common/DerivedDataCache/Buckets/GlobalShaderMap/df/73/061aa9fab28bc21996cdf16393c6dec1f8f9.udd" 3255
"C:/Users/franc/AppData/Local/UnrealEngine/Common/DerivedDataCache/Buckets/GlobalShaderMap/90/fb/96ae59c1cfc709bb2aafa9ef801c7a7b1d84.udd" 3256
"C:/Users/franc/AppData/Local/UnrealEngine/Common/DerivedDataCache/Buckets/GlobalShaderMap/d1/5c/0f12e9724d9347b97999c2b97d29a34a2324.udd" 3257
"C:/Users/franc/AppData/Local/UnrealEngine/Common/DerivedDataCache/Buckets/GlobalShaderMap/a9/47/493df713e964b0394dd5f587f356c84ca330.udd" 3258
"C:/Users/franc/AppData/Local/UnrealEngine/Common/DerivedDataCache/Buckets/GlobalShaderMap/1e/a0/c3ce151465d0ae3a31984b2ec8b41a12bd96.udd" 3259
"C:/Users/franc/AppData/Local/UnrealEngine/Common/DerivedDataCache/Buckets/GlobalShaderMap/ff/1d/81b56ed2df5afc5aa16081aa11bb4db51803.udd" 3260
"C:/Users/franc/AppData/Local/UnrealEngine/Common/DerivedDataCache/Buckets/GlobalShaderMap/77/4d/88e5f0506c4740a644ca2f344e24ba71153c.udd" 3261
"C:/Users/franc/AppData/Local/UnrealEngine/Common/DerivedDataCache/Buckets/GlobalShaderMap/34/6b/c267308a07b9a5a4aa0977c65f57cf067029.udd" 3262
"C:/Users/franc/AppData/Local/UnrealEngine/Common/DerivedDataCache/Buckets/GlobalShaderMap/99/35/783bbcf5223da454706ee94f80a6267fd1ad.udd" 3263
"C:/Users/franc/AppData/Local/UnrealEngine/Common/DerivedDataCache/Buckets/GlobalShaderMap/87/1d/53330ae5a73c1f4b31920a315c2229589b36.udd" 3264
"C:/Users/franc/AppData/Local/UnrealEngine/Common/DerivedDataCache/Buckets/GlobalShaderMap/96/ea/341bd24d6e73173e5e0eeeb683eee7bdd674.udd" 3265
"C:/Users/franc/AppData/Local/UnrealEngine/Common/DerivedDataCache/Buckets/GlobalShaderMap/e8/eb/50c203ec600a02e7d91c1efd9ee19c777600.udd" 3266
"C:/Users/franc/AppData/Local/UnrealEngine/Common/DerivedDataCache/Buckets/GlobalShaderMap/0f/a8/d9a27ed2ed224fbfbde4a64775c839583bbb.udd" 3267
"C:/Users/franc/AppData/Local/UnrealEngine/Common/DerivedDataCache/Buckets/GlobalShaderMap/b5/75/4aff834e4b97396bdcc58a5cb341aa2fe451.udd" 3268
"C:/Users/franc/AppData/Local/UnrealEngine/Common/DerivedDataCache/Buckets/GlobalShaderMap/9c/55/15dcfaffaaaee0d592ae6a160705a535df6d.udd" 3269
"C:/Users/franc/AppData/Local/UnrealEngine/Common/DerivedDataCache/Buckets/GlobalShaderMap/3a/2a/b371a7d8c451f5102df78a879ea01702f36b.udd" 3270
"C:/Users/franc/AppData/Local/UnrealEngine/Common/DerivedDataCache/Buckets/GlobalShaderMap/64/e3/ea4a23cce1c3162658a9a6d7a2f91c48e8d5.udd" 3271
"C:/Users/franc/AppData/Local/UnrealEngine/Common/DerivedDataCache/Buckets/GlobalShaderMap/b5/d9/ce265eabccfd33a737032aa320b60c4bac45.udd" 3272
"C:/Users/franc/AppData/Local/UnrealEngine/Common/DerivedDataCache/Buckets/GlobalShaderMap/b6/38/75e694e188f6a57053791a005bec07b05852.udd" 3273
"C:/Users/franc/AppData/Local/UnrealEngine/Common/DerivedDataCache/Buckets/GlobalShaderMap/61/b8/ec31ed8bb8b769cf12d3a38aeba98d6bd5ba.udd" 3274
"C:/Users/franc/AppData/Local/UnrealEngine/Common/DerivedDataCache/Buckets/GlobalShaderMap/55/d5/298e80c350f46dcae3038a0dc33483a7bc38.udd" 3275
"C:/Users/franc/AppData/Local/UnrealEngine/Common/DerivedDataCache/Buckets/GlobalShaderMap/fb/dd/351bd2fd768afbfe1c8ce33e098a1013a416.udd" 3276
"C:/Users/franc/AppData/Local/UnrealEngine/Common/DerivedDataCache/Buckets/GlobalShaderMap/fa/c1/effc7a3c3be8ef7ef53a14805402ba9c5be0.udd" 3277
"C:/Users/franc/AppData/Local/UnrealEngine/Common/DerivedDataCache/Buckets/GlobalShaderMap/46/bb/4f576eb9343d368be83b6131a85fefab458e.udd" 3278
"C:/Users/franc/AppData/Local/UnrealEngine/Common/DerivedDataCache/Buckets/GlobalShaderMap/67/79/40fd9ab57ec08512ea2d2dcdadca81a0563b.udd" 3279
"C:/Users/franc/AppData/Local/UnrealEngine/Common/DerivedDataCache/Buckets/GlobalShaderMap/12/49/3b5c1b7840191b7e0115c9bd92c68910ca60.udd" 3280
"C:/Users/franc/AppData/Local/UnrealEngine/Common/DerivedDataCache/Buckets/GlobalShaderMap/c0/2d/28128e98af174dadfde2a891808abc0a64c9.udd" 3281
"C:/Users/franc/AppData/Local/UnrealEngine/Common/DerivedDataCache/Buckets/GlobalShaderMap/96/0a/c55ce67b90d43e356981437fc843098ec64f.udd" 3282
"C:/Users/franc/AppData/Local/UnrealEngine/Common/DerivedDataCache/Buckets/GlobalShaderMap/d5/55/31fdc1a5fcd4f396171a2e5ac006a5658e92.udd" 3283
"C:/Users/franc/AppData/Local/UnrealEngine/Common/DerivedDataCache/Buckets/GlobalShaderMap/11/83/49e6c28729122bb6c4357b6bd09fee819f40.udd" 3284
"C:/Users/franc/AppData/Local/UnrealEngine/Common/DerivedDataCache/Buckets/GlobalShaderMap/d3/10/e557639868057a43a22ccc5da312d1eb0370.udd" 3285
"C:/Users/franc/AppData/Local/UnrealEngine/Common/DerivedDataCache/Buckets/GlobalShaderMap/fb/71/aaa1f86410ca40b70ec4b638b5d4ce53d175.udd" 3286
"C:/Users/franc/AppData/Local/UnrealEngine/Common/DerivedDataCache/Buckets/GlobalShaderMap/97/d3/3f95c7916d4f1159c62c1e25deea85badcde.udd" 3287
"C:/Users/franc/AppData/Local/UnrealEngine/Common/DerivedDataCache/Buckets/GlobalShaderMap/94/43/7b6183e74bfb3646d1bd623fc936c7d89a92.udd" 3288
"C:/Users/franc/AppData/Local/UnrealEngine/Common/DerivedDataCache/Buckets/GlobalShaderMap/6e/21/8ef55ed3594cc0676d45a771f19d026841ef.udd" 3289
"C:/Users/franc/AppData/Local/UnrealEngine/Common/DerivedDataCache/Buckets/GlobalShaderMap/74/fd/092904132420940bfcf24df2c2c71c9d2026.udd" 3290
"C:/Users/franc/AppData/Local/UnrealEngine/Common/DerivedDataCache/Buckets/GlobalShaderMap/e4/4d/0eba1523baebb70dbe474524f3f0adff44c9.udd" 3291
"C:/Users/franc/AppData/Local/UnrealEngine/Common/DerivedDataCache/Buckets/GlobalShaderMap/0c/44/02a780051d12e5b46597545b8a58dcb614f3.udd" 3292
"C:/Users/franc/AppData/Local/UnrealEngine/Common/DerivedDataCache/Buckets/GlobalShaderMap/a0/ce/49ae59928bc0e1241c2ff625c09bee9704dd.udd" 3293
"C:/Users/franc/AppData/Local/UnrealEngine/Common/DerivedDataCache/Buckets/GlobalShaderMap/da/a4/02de2f1cdad338b0e0d7fba8164305290ae6.udd" 3294
"C:/Users/franc/AppData/Local/UnrealEngine/Common/DerivedDataCache/Buckets/GlobalShaderMap/e9/af/982f48c742ab440908358c8f75ff6c437048.udd" 3295
"C:/Users/franc/AppData/Local/UnrealEngine/Common/DerivedDataCache/Buckets/GlobalShaderMap/1f/9e/390db309f803f7327b9b5f9936eb91d1457e.udd" 3296
"C:/Users/franc/AppData/Local/UnrealEngine/Common/DerivedDataCache/Buckets/GlobalShaderMap/33/68/be186b799d6b50fec6228f6ec8b5154a6207.udd" 3297
"C:/Users/franc/AppData/Local/UnrealEngine/Common/DerivedDataCache/Buckets/GlobalShaderMap/af/a9/5c4db071f73a643ccdb759b25196e3d0c0dc.udd" 3298
"C:/Users/franc/AppData/Local/UnrealEngine/Common/DerivedDataCache/Buckets/GlobalShaderMap/01/82/0c6390fcd9edff31cafb03369f2a89051f02.udd" 3299
"C:/Users/franc/AppData/Local/UnrealEngine/Common/DerivedDataCache/Buckets/GlobalShaderMap/e1/d5/74b620ffb4cc7f56d2f56370686d8b4f31df.udd" 3300
"C:/Users/franc/AppData/Local/UnrealEngine/Common/DerivedDataCache/Buckets/GlobalShaderMap/bd/63/7ee2caec84b9eb2cf87f57e38210a55cd6bf.udd" 3301
"C:/Users/franc/AppData/Local/UnrealEngine/Common/DerivedDataCache/Buckets/GlobalShaderMap/27/3f/9f05752a2a45891343dbe3a7353c08639fa7.udd" 3302
"C:/Users/franc/AppData/Local/UnrealEngine/Common/DerivedDataCache/Buckets/GlobalShaderMap/78/f3/aff9b0cf7173f09b1d5881a4717dd01d8643.udd" 3303
"C:/Users/franc/AppData/Local/UnrealEngine/Common/DerivedDataCache/Buckets/GlobalShaderMap/52/3c/3427c269c68d85631e538a374655c3f75e4f.udd" 3304
"C:/Users/franc/AppData/Local/UnrealEngine/Common/DerivedDataCache/Buckets/GlobalShaderMap/98/16/294585bb20765fa2b51de4e28842c6613b91.udd" 3305
"C:/Users/franc/AppData/Local/UnrealEngine/Common/DerivedDataCache/Buckets/GlobalShaderMap/35/f7/bead56b7a0a94591fb9fd5fdc834ae0fb3b8.udd" 3306
"C:/Users/franc/AppData/Local/UnrealEngine/Common/DerivedDataCache/Buckets/GlobalShaderMap/51/b0/6e2a7e2499e1b47059f629410546c42886cd.udd" 3307
"C:/Users/franc/AppData/Local/UnrealEngine/Common/DerivedDataCache/Buckets/GlobalShaderMap/78/58/02b989ebe6922785f80fb64b8593a6be741b.udd" 3308
"C:/Users/franc/AppData/Local/UnrealEngine/Common/DerivedDataCache/Buckets/GlobalShaderMap/e3/3c/29455d7da4656a0eda181a93d8b5f88b50f0.udd" 3309
"C:/Users/franc/AppData/Local/UnrealEngine/Common/DerivedDataCache/Buckets/GlobalShaderMap/d2/a9/811fbc900e33f7ae56592e19a7cac35bba6d.udd" 3310
"C:/Users/franc/AppData/Local/UnrealEngine/Common/DerivedDataCache/Buckets/GlobalShaderMap/55/66/e1abb9cfe399b01cde0babda2e1e868d4f9f.udd" 3311
"C:/Users/franc/AppData/Local/UnrealEngine/Common/DerivedDataCache/Buckets/GlobalShaderMap/3e/8d/396eec2d420e8b068723209e464993bffa80.udd" 3312
"C:/Users/franc/AppData/Local/UnrealEngine/Common/DerivedDataCache/Buckets/GlobalShaderMap/b2/4b/1d0edcfd46f44d43e1c1e78baaf2ac37a944.udd" 3313
"C:/Users/franc/AppData/Local/UnrealEngine/Common/DerivedDataCache/Buckets/GlobalShaderMap/6e/33/d9f0e5e976caf4876d0f644899e54e9f3048.udd" 3314
"C:/Users/franc/AppData/Local/UnrealEngine/Common/DerivedDataCache/Buckets/GlobalShaderMap/c9/f4/134e2d2757a73b55b749fe2524114b887cca.udd" 3315
"C:/Users/franc/AppData/Local/UnrealEngine/Common/DerivedDataCache/Buckets/GlobalShaderMap/9c/64/b464793c79d62d50a8c592e540448485dbe8.udd" 3316
"C:/Users/franc/AppData/Local/UnrealEngine/Common/DerivedDataCache/Buckets/GlobalShaderMap/1e/63/da5df8f89cfee24d7ef7cdfc080d63e0425e.udd" 3317
"C:/Users/franc/AppData/Local/UnrealEngine/Common/DerivedDataCache/Buckets/GlobalShaderMap/9a/bf/97a9c234da00d7723c615a4d850305718a7c.udd" 3318
"C:/Users/franc/AppData/Local/UnrealEngine/Common/DerivedDataCache/Buckets/GlobalShaderMap/8d/9b/abd68fc80bee3d4a934e6722f17be71903a3.udd" 3319
"C:/Users/franc/AppData/Local/UnrealEngine/Common/DerivedDataCache/Buckets/GlobalShaderMap/2a/a4/e9acc80e27b5e3ef11b9675a1e22418994bf.udd" 3320
"C:/Users/franc/AppData/Local/UnrealEngine/Common/DerivedDataCache/Buckets/GlobalShaderMap/80/d8/7c8de3243f99a517dfa9bdf27ec5afb999d8.udd" 3321
"C:/Users/franc/AppData/Local/UnrealEngine/Common/DerivedDataCache/Buckets/GlobalShaderMap/ef/c9/a9ea6cd46ed34eefd5458a6c8685eee856ad.udd" 3322
"C:/Users/franc/AppData/Local/UnrealEngine/Common/DerivedDataCache/Buckets/GlobalShaderMap/ed/3f/634cf93e2a37c267af65975f395e42fcb01e.udd" 3323
"C:/Users/franc/AppData/Local/UnrealEngine/Common/DerivedDataCache/Buckets/GlobalShaderMap/fe/0d/3301bc2fc400950e9396ebbdc8109daebf36.udd" 3324
"C:/Users/franc/AppData/Local/UnrealEngine/Common/DerivedDataCache/Buckets/GlobalShaderMap/e7/de/7a03e0855e56f700a287ecbda17f835fb477.udd" 3325
"C:/Users/franc/AppData/Local/UnrealEngine/Common/DerivedDataCache/Buckets/GlobalShaderMap/0c/8b/2f6d72c461889c29178d93a29eca55c93a84.udd" 3326
"C:/Users/franc/AppData/Local/UnrealEngine/Common/DerivedDataCache/Buckets/GlobalShaderMap/e3/d7/1edf6e8e50c5d03b8089b760329de81a5ea3.udd" 3327
"C:/Users/franc/AppData/Local/UnrealEngine/Common/DerivedDataCache/Buckets/GlobalShaderMap/ad/23/5acff6cabc787da903ade69a64ebddd0072d.udd" 3328
"C:/Users/franc/AppData/Local/UnrealEngine/Common/DerivedDataCache/Buckets/GlobalShaderMap/d6/fe/ffbefeb22fa102b79154b9132bcbccab46c1.udd" 3329
"C:/Users/franc/AppData/Local/UnrealEngine/Common/DerivedDataCache/Buckets/GlobalShaderMap/26/10/a11e697a4e487a64747ceda60a1189065110.udd" 3330
"C:/Users/franc/AppData/Local/UnrealEngine/Common/DerivedDataCache/Buckets/GlobalShaderMap/ef/6a/42d2b4cd3e0c49cff625c1b7a1bc0b284af1.udd" 3331
"C:/Users/franc/AppData/Local/UnrealEngine/Common/DerivedDataCache/Buckets/GlobalShaderMap/ad/c9/16a67bedd15559e67292acb7e85500cdcfdf.udd" 3332
"C:/Users/franc/AppData/Local/UnrealEngine/Common/DerivedDataCache/Buckets/GlobalShaderMap/07/e1/0e01b908cfce35994c0d84c1cbafffedfce1.udd" 3333
"C:/Users/franc/AppData/Local/UnrealEngine/Common/DerivedDataCache/Buckets/GlobalShaderMap/12/e3/b9aa0cdcf4b1ab242c920b3c4f2b8aced9c2.udd" 3334
"C:/Users/franc/AppData/Local/UnrealEngine/Common/DerivedDataCache/Buckets/GlobalShaderMap/2a/94/2284b1c99b4d4bf36e3d5e3d0a4b2deafa90.udd" 3335
"C:/Users/franc/AppData/Local/UnrealEngine/Common/DerivedDataCache/Buckets/GlobalShaderMap/40/22/b0e91455f2637e3fb06cb2260a48c76e2ad7.udd" 3336
"C:/Users/franc/AppData/Local/UnrealEngine/Common/DerivedDataCache/Buckets/GlobalShaderMap/8a/e9/22bbfa3c7fbc6ddcb26f5927d3a6768ab7ee.udd" 3337
"C:/Users/franc/AppData/Local/UnrealEngine/Common/DerivedDataCache/Buckets/GlobalShaderMap/39/7e/03deb3f18361744b721b84b3a762e32ee00c.udd" 3338
"C:/Users/franc/AppData/Local/UnrealEngine/Common/DerivedDataCache/Buckets/GlobalShaderMap/1a/74/ab68deef443659a4b348db8f75bd99bc54b3.udd" 3339
"C:/Users/franc/AppData/Local/UnrealEngine/Common/DerivedDataCache/Buckets/GlobalShaderMap/cb/7f/798dcafc32e7d63a9dde37df15d35ab4c24a.udd" 3340
"C:/Users/franc/AppData/Local/UnrealEngine/Common/DerivedDataCache/Buckets/GlobalShaderMap/dc/48/48a91e68e781ceb99b8ef202c89a49d40174.udd" 3341
"C:/Users/franc/AppData/Local/UnrealEngine/Common/DerivedDataCache/Buckets/GlobalShaderMap/74/4c/79fc69d1766e6bc23988bee5b79d83aa674a.udd" 3342
"C:/Users/franc/AppData/Local/UnrealEngine/Common/DerivedDataCache/Buckets/GlobalShaderMap/3b/97/57af796b21478aeb3ce7c8c62dc68442c941.udd" 3343
"C:/Users/franc/AppData/Local/UnrealEngine/Common/DerivedDataCache/Buckets/GlobalShaderMap/ff/15/870eb9f606affbeaff442527e9688de04361.udd" 3344
"C:/Users/franc/AppData/Local/UnrealEngine/Common/DerivedDataCache/Buckets/GlobalShaderMap/f5/35/26b179921fe8b45034affed09110cefcc1c1.udd" 3345
"C:/Users/franc/AppData/Local/UnrealEngine/Common/DerivedDataCache/Buckets/GlobalShaderMap/7b/ae/01a4b54198a4e04f65030673dc52f86adf0a.udd" 3346
"C:/Users/franc/AppData/Local/UnrealEngine/Common/DerivedDataCache/Buckets/GlobalShaderMap/31/6d/bd93f15a072ac7b2004b5b7efcb128bac2ae.udd" 3347
"C:/Users/franc/AppData/Local/UnrealEngine/Common/DerivedDataCache/Buckets/GlobalShaderMap/dd/18/28dea239531bbb90e3518c64b212736b6ea8.udd" 3348
"C:/Users/franc/AppData/Local/UnrealEngine/Common/DerivedDataCache/Buckets/GlobalShaderMap/30/11/674f70ee38440f3e44a2864d51722d537cc3.udd" 3349
"C:/Users/franc/AppData/Local/UnrealEngine/Common/DerivedDataCache/Buckets/GlobalShaderMap/bf/6c/2df543aa0d69ec2d61d1bff57080c258aacf.udd" 3350
"C:/Users/franc/AppData/Local/UnrealEngine/Common/DerivedDataCache/Buckets/GlobalShaderMap/5b/ab/93a0051443057338dc50370bec88721158cd.udd" 3351
"C:/Users/franc/AppData/Local/UnrealEngine/Common/DerivedDataCache/Buckets/GlobalShaderMap/7c/34/1daba287d9c899b64580f191dc8df28336f5.udd" 3352
"C:/Users/franc/AppData/Local/UnrealEngine/Common/DerivedDataCache/Buckets/GlobalShaderMap/a1/39/5f70e5307ee723fef61911b6decd1dc95821.udd" 3353
"C:/Users/franc/AppData/Local/UnrealEngine/Common/DerivedDataCache/Buckets/GlobalShaderMap/18/4d/40b9ed0598220e6a7757ff3412b83f0e96c9.udd" 3354
"C:/Users/franc/AppData/Local/UnrealEngine/Common/DerivedDataCache/Buckets/GlobalShaderMap/da/73/4434d9c595695705a1fafd11189020779ec6.udd" 3355
"C:/Users/franc/AppData/Local/UnrealEngine/Common/DerivedDataCache/Buckets/GlobalShaderMap/ed/dc/cf40948a8f68a0c92f63cc95dcc405d3d94e.udd" 3356
"C:/Users/franc/AppData/Local/UnrealEngine/Common/DerivedDataCache/Buckets/GlobalShaderMap/06/61/b8bce6db2e06a022153d337e4d951bed1b4f.udd" 3357
"C:/Users/franc/AppData/Local/UnrealEngine/Common/DerivedDataCache/Buckets/GlobalShaderMap/ff/d3/06e94b8764a9549b4d89e450f2eff1f6f4cc.udd" 3358
"C:/Users/franc/AppData/Local/UnrealEngine/Common/DerivedDataCache/Buckets/GlobalShaderMap/31/c8/8d5f4bf5d20e96bba4d07f695fe317104352.udd" 3359
"C:/Users/franc/AppData/Local/UnrealEngine/Common/DerivedDataCache/Buckets/GlobalShaderMap/50/b2/4c0d8918d4f6e50b9e3c48c90040914aa599.udd" 3360
"C:/Users/franc/AppData/Local/UnrealEngine/Common/DerivedDataCache/Buckets/GlobalShaderMap/c2/b0/b39b3f2bcc0482fccc3d677f68efbb60b09d.udd" 3361
"C:/Users/franc/AppData/Local/UnrealEngine/Common/DerivedDataCache/Buckets/GlobalShaderMap/74/8e/89f06db1cbb7c82740a1ccddf498b01939aa.udd" 3362
"C:/Users/franc/AppData/Local/UnrealEngine/Common/DerivedDataCache/Buckets/GlobalShaderMap/95/3b/fa048c1a4da564c1763af141f984ae1270a4.udd" 3363
"C:/Users/franc/AppData/Local/UnrealEngine/Common/DerivedDataCache/Buckets/GlobalShaderMap/ec/6b/d65cb3a8e0ea7f31847d7eaa336f9fcf50b7.udd" 3364
"C:/Users/franc/AppData/Local/UnrealEngine/Common/DerivedDataCache/Buckets/GlobalShaderMap/70/af/b0c9d15748b9598017feb2db2a1d25632bba.udd" 3365
"C:/Users/franc/AppData/Local/UnrealEngine/Common/DerivedDataCache/Buckets/GlobalShaderMap/e7/de/1713ae67a81e6ee6c393af7e57e8107004e3.udd" 3366
"C:/Users/franc/AppData/Local/UnrealEngine/Common/DerivedDataCache/Buckets/GlobalShaderMap/f0/9e/f0c9b8c63bdf973f097d9b432ee28f17ede7.udd" 3367
"../../../Engine/Plugins/Animation/ControlRig/Content/Controls/ControlRigGizmoMaterial.uasset" 3368
"../../../Engine/Plugins/Interchange/Runtime/Content/Pipelines/DefaultSceneLevelPipeline.uasset" 3369
"../../../Engine/Plugins/Interchange/Runtime/Content/Pipelines/DefaultSceneAssetsPipeline.uasset" 3370
"../../../Engine/Plugins/Interchange/Runtime/Content/Pipelines/DefaultMaterialPipeline.uasset" 3371
"../../../Engine/Plugins/Interchange/Runtime/Content/Pipelines/DefaultTexturePipeline.uasset" 3372
"../../../Engine/Plugins/Interchange/Runtime/Content/Pipelines/DefaultAssetsPipeline.uasset" 3373
"../../../Engine/Content/EngineSounds/Master.uasset" 3374
"../../../Engine/Content/EngineMaterials/STBlueNoise_vec2_128x128x64.uasset" 3375
"../../../Engine/Content/EngineMaterials/STBlueNoise_scalar_128x128x64.uasset" 3376
"../../../Engine/Content/EngineDebugMaterials/DebugEditorMaterial.uasset" 3377
"../../../Engine/Content/EngineResources/FilmGrains/Marcie_Grain_v3_128_M2_000.uasset" 3378
"../../../Engine/Content/EngineMaterials/DefaultBloomKernel.uasset" 3379
"../../../Engine/Content/EditorResources/BSPVertex.uasset" 3380
"C:/Users/franc/AppData/Local/UnrealEngine/Common/DerivedDataCache/Buckets/BulkDataList/45/0b/b9c5f4899d6c6712e74a85beb85be5244eb1.udd" 3381
"C:/Users/franc/AppData/Local/UnrealEngine/Common/DerivedDataCache/Buckets/BulkDataList/fb/77/834781cb3984bcbc6a1d74be320c279ab281.udd" 3382
"C:/Users/franc/AppData/Local/UnrealEngine/Common/DerivedDataCache/Buckets/BulkDataList/d2/cc/f6a8cc927e92b334e9b9476a42c5208bf137.udd" 3383
"C:/Users/franc/AppData/Local/UnrealEngine/Common/DerivedDataCache/Buckets/BulkDataList/16/a8/864ce3d51be3007f187b9489c92d9c31ee97.udd" 3384
"C:/Users/franc/AppData/Local/UnrealEngine/Common/DerivedDataCache/Buckets/BulkDataList/c7/40/b2bb9ad9f4d0939447d21c0c605009f0a960.udd" 3385
"C:/Users/franc/AppData/Local/UnrealEngine/Common/DerivedDataCache/Buckets/MaterialShaderMap/13/e3/218c900429abf4ebd58bdba44f854bb19414.udd" 3386
"C:/Users/franc/AppData/Local/UnrealEngine/Common/DerivedDataCache/Buckets/MaterialShaderMap/76/09/5b6bbcdd581cf13094b6b1137070d3bf5e5b.udd" 3387
"C:/Users/franc/AppData/Local/UnrealEngine/Common/DerivedDataCache/Buckets/MaterialShaderMap/0a/03/0bf66555a71a2d4630c1f321388e5988deec.udd" 3388
"C:/Users/franc/AppData/Local/UnrealEngine/Common/DerivedDataCache/Buckets/MaterialShaderMap/d6/61/142d1dce1c0dfe5dfaf4961d1abf0e02816f.udd" 3389
"C:/Users/franc/AppData/Local/UnrealEngine/Common/DerivedDataCache/Buckets/MaterialShaderMap/51/ab/050908e9aabb8729244e65182011df750c9b.udd" 3390
"C:/Users/franc/AppData/Local/UnrealEngine/Common/DerivedDataCache/Buckets/MaterialShaderMap/6e/87/2ce6d7cac1f985475a42941992bac65a732b.udd" 3391
"C:/Users/franc/AppData/Local/UnrealEngine/Common/DerivedDataCache/Buckets/MaterialShaderMap/8f/cc/50c0aa1175c47d3c2c85f0d3ef3db8cfb97e.udd" 3392
"C:/Users/franc/AppData/Local/UnrealEngine/Common/DerivedDataCache/Buckets/MaterialShaderMap/fb/66/9c9a53e39a9fa6b9a98eb67bf3f42806b75d.udd" 3393
"C:/Users/franc/AppData/Local/UnrealEngine/Common/DerivedDataCache/Buckets/MaterialShaderMap/46/f1/df0f250892eadb950858739042ffe9c1a925.udd" 3394
"C:/Users/franc/AppData/Local/UnrealEngine/Common/DerivedDataCache/Buckets/MaterialShaderMap/1a/d6/fa941f0864db885216ca963f7c8b3c0809eb.udd" 3395
"C:/Users/franc/AppData/Local/UnrealEngine/Common/DerivedDataCache/Buckets/MaterialShaderMap/1b/89/ed5497dcff9e4820f9e549e0674727f8cae7.udd" 3396
"C:/Users/franc/AppData/Local/UnrealEngine/Common/DerivedDataCache/Buckets/MaterialShaderMap/f7/ac/3612c050a73b22a2acfa28ce641998a6f5ba.udd" 3397
"C:/Users/franc/AppData/Local/UnrealEngine/Common/DerivedDataCache/Buckets/MaterialShaderMap/e0/de/4b0d3f6f8f2f522521ae0ba46d458e2b2335.udd" 3398
"C:/Users/franc/AppData/Local/UnrealEngine/Common/DerivedDataCache/Buckets/MaterialShaderMap/f7/5b/117f4e80cb209321bbe5af17ae59c92fa8ec.udd" 3399
"C:/Users/franc/AppData/Local/UnrealEngine/Common/DerivedDataCache/Buckets/MaterialShaderMap/f6/ab/f6af1288601627e326b2bd58d1b9f05084af.udd" 3400
"C:/Users/franc/AppData/Local/UnrealEngine/Common/DerivedDataCache/Buckets/MaterialShaderMap/66/97/82a65fc126d29ecfbaa3e17eb64d6a9f7b00.udd" 3401
"C:/Users/franc/AppData/Local/UnrealEngine/Common/DerivedDataCache/Buckets/MaterialShaderMap/b9/b3/4a11c6d9b84f58cb358550379b9366d97105.udd" 3402
"C:/Users/franc/AppData/Local/UnrealEngine/Common/DerivedDataCache/Buckets/MaterialShaderMap/c3/e8/0e578dd68990fc97fa577a1b8b095a27fc15.udd" 3403
"C:/Users/franc/AppData/Local/UnrealEngine/Common/DerivedDataCache/Buckets/MaterialShaderMap/91/69/ca251cf779684c4b4b267898c7d39f20add9.udd" 3404
"C:/Users/franc/AppData/Local/UnrealEngine/Common/DerivedDataCache/Buckets/MaterialShaderMap/97/84/95ed8834f61a576f56ee4166300d2239a0a4.udd" 3405
"C:/Users/franc/AppData/Local/UnrealEngine/Common/DerivedDataCache/Buckets/MaterialShaderMap/5a/57/d24e19357564de6a16d2b7b0d4e2b9ddd728.udd" 3406
"C:/Users/franc/AppData/Local/UnrealEngine/Common/DerivedDataCache/Buckets/MaterialShaderMap/7e/9c/ece59445899b995561fe88b0ff0c4a1c9ec7.udd" 3407
"C:/Users/franc/AppData/Local/UnrealEngine/Common/DerivedDataCache/Buckets/MaterialShaderMap/46/33/2f1e929d1eaf5897c144af8068525db6497e.udd" 3408
"C:/Users/franc/AppData/Local/UnrealEngine/Common/DerivedDataCache/Buckets/MaterialShaderMap/06/1d/d9bf08a505042a58e18e46e34246b7f156d5.udd" 3409
"C:/Users/franc/AppData/Local/UnrealEngine/Common/DerivedDataCache/Buckets/MaterialShaderMap/29/a4/16c4688d3767c25b1abf8724dc4ecd333252.udd" 3410
"C:/Users/franc/AppData/Local/UnrealEngine/Common/DerivedDataCache/Buckets/MaterialShaderMap/43/9d/8e8c2e92a5ebc9a286a535efbeabc62ab8e7.udd" 3411
"C:/Users/franc/AppData/Local/UnrealEngine/Common/DerivedDataCache/Buckets/MaterialShaderMap/9b/b6/1772b3b1b3acbe68ad3b2bac86a33fe5e8fd.udd" 3412
"C:/Users/franc/AppData/Local/UnrealEngine/Common/DerivedDataCache/Buckets/MaterialShaderMap/5a/9d/6173ceb39c1eb1d0c4170612a9864f5088ab.udd" 3413
"C:/Users/franc/AppData/Local/UnrealEngine/Common/DerivedDataCache/Buckets/MaterialShaderMap/25/56/1edf88fb4902c84fa528bdd10ee6a4705787.udd" 3414
"C:/Users/franc/AppData/Local/UnrealEngine/Common/DerivedDataCache/Buckets/MaterialShaderMap/5c/f3/cdf33df14d7a8e975ea0b9af0a187dbf1dee.udd" 3415
"E:/Unreal Projects/LeagueJourney/Content/MyFootballMatchInstance.uasset" 3416
"E:/Unreal Projects/LeagueJourney/Content/__ExternalObjects__/ThirdPerson/Maps/ThirdPersonMap/E/GP/22PD314FCWY4ZK61DE3XZC.uasset" 3417
"E:/Unreal Projects/LeagueJourney/Content/__ExternalObjects__/ThirdPerson/Maps/ThirdPersonMap/C/7N/FDH7Y28CQFXDK8P6MM1HXM.uasset" 3418
"E:/Unreal Projects/LeagueJourney/Content/__ExternalObjects__/ThirdPerson/Maps/ThirdPersonMap/9/KN/KHZG97SS6AL73U7AXDWH6J.uasset" 3419
"E:/Unreal Projects/LeagueJourney/Content/__ExternalObjects__/ThirdPerson/Maps/ThirdPersonMap/6/TK/PIQ0B2FNWR15P52TECP27A.uasset" 3420
"E:/Unreal Projects/LeagueJourney/Content/__ExternalObjects__/ThirdPerson/Maps/ThirdPersonMap/6/D8/3MZ6M1DB94VN44C87D65WR.uasset" 3421
"C:/Users/franc/AppData/Local/UnrealEngine/Common/DerivedDataCache/Buckets/MaterialShaderMap/72/14/f9eb938741b54348ec60b90d5f20e65e76dc.udd" 3422
"C:/Users/franc/AppData/Local/UnrealEngine/Common/DerivedDataCache/Buckets/MaterialShaderMap/6c/9f/91563cf2c097b2417729a764146585a9f7f8.udd" 3423
"E:/Unreal Projects/LeagueJourney/Content/__ExternalObjects__/ThirdPerson/Maps/ThirdPersonMap/4/VW/TY7TSUER9KKGHX2BMKSL0L.uasset" 3424
"E:/Unreal Projects/LeagueJourney/Content/Visual/Textures/T_Turf_Roughness.uasset" 3425
"E:/Unreal Projects/LeagueJourney/Content/Visual/Textures/T_Turf_Normal.uasset" 3426
"E:/Unreal Projects/LeagueJourney/Content/Visual/Textures/T_Turf_Lines.uasset" 3427
"E:/Unreal Projects/LeagueJourney/Content/Visual/Textures/T_Turf_AO.uasset" 3428
"E:/Unreal Projects/LeagueJourney/Content/Visual/Textures/T_Turf_Albedo.uasset" 3429
"E:/Unreal Projects/LeagueJourney/Content/Visual/Textures/T_RoundStone_Roughness.uasset" 3430
"E:/Unreal Projects/LeagueJourney/Content/Visual/Textures/T_RoundStone_Normal.uasset" 3431
"E:/Unreal Projects/LeagueJourney/Content/Visual/Textures/T_RoundStone_AO.uasset" 3432
"E:/Unreal Projects/LeagueJourney/Content/Visual/Textures/T_RoundStone_Albedo.uasset" 3433
"E:/Unreal Projects/LeagueJourney/Content/Visual/Textures/T_road_2K_Roughness.uasset" 3434
"E:/Unreal Projects/LeagueJourney/Content/ThirdPerson/Maps/ThirdPersonMap.umap" 3435
"E:/Unreal Projects/LeagueJourney/Content/ThirdPerson/Blueprints/BP_ThirdPersonGameMode.uasset" 3436
"../../../Engine/Content/Maps/Templates/HLODs/HLODLayer_Instanced.uasset" 3437
"E:/Unreal Projects/LeagueJourney/Content/__ExternalActors__/ThirdPerson/Maps/ThirdPersonMap/0/43/HYQWORMY4JDQ5X3OKZXFLC.uasset" 3438
"E:/Unreal Projects/LeagueJourney/Content/Visual/Textures/T_road_2K_Normal.uasset" 3439
"E:/Unreal Projects/LeagueJourney/Content/Visual/Textures/T_road_2K_AO.uasset" 3440
"E:/Unreal Projects/LeagueJourney/Content/Visual/Textures/T_road_2K_Albedo.uasset" 3441
"E:/Unreal Projects/LeagueJourney/Content/Visual/Textures/T_OldBrick_Roughness.uasset" 3442
"E:/Unreal Projects/LeagueJourney/Content/Visual/Textures/T_OldBrick_Normal.uasset" 3443
"C:/Users/franc/AppData/Local/UnrealEngine/Common/DerivedDataCache/Buckets/BulkDataList/02/92/18b9c33b0b58422f023482bfcabcf1fe1a4a.udd" 3444
"C:/Users/franc/AppData/Local/UnrealEngine/Common/DerivedDataCache/Buckets/BulkDataList/96/7b/51b38d80e37a9eb6c180bdb2b7a997d2c6ff.udd" 3445
"C:/Users/franc/AppData/Local/UnrealEngine/Common/DerivedDataCache/Buckets/BulkDataList/25/89/0a8888aa05c59fbddfe98bf182f9aa1e2a88.udd" 3446
"C:/Users/franc/AppData/Local/UnrealEngine/Common/DerivedDataCache/Buckets/BulkDataList/0f/68/0460edef5af6e1b1c9f338a8d05823a422fe.udd" 3447
"C:/Users/franc/AppData/Local/UnrealEngine/Common/DerivedDataCache/Buckets/BulkDataList/47/2b/20b45363ea11e75890921487c36e522f2952.udd" 3448
"C:/Users/franc/AppData/Local/UnrealEngine/Common/DerivedDataCache/Buckets/BulkDataList/1d/91/dc7673a2d36f99e3797a66171f9e06d3c43d.udd" 3449
"E:/Unreal Projects/LeagueJourney/Content/Visual/Textures/T_OldBrick_AO.uasset" 3450
"E:/Unreal Projects/LeagueJourney/Content/Visual/Textures/T_OldBrick_Albedo.uasset" 3451
"E:/Unreal Projects/LeagueJourney/Content/Visual/Textures/T_BadConcrete_Roughness.uasset" 3452
"E:/Unreal Projects/LeagueJourney/Content/Visual/Textures/T_BadConcrete_Normal.uasset" 3453
"E:/Unreal Projects/LeagueJourney/Content/Visual/Textures/T_BadConcrete_AO.uasset" 3454
"E:/Unreal Projects/LeagueJourney/Content/Visual/Textures/T_BadConcrete_Albedo.uasset" 3455
"E:/Unreal Projects/LeagueJourney/Content/Visual/Materials/M_Plastic.uasset" 3456
"C:/Users/franc/AppData/Local/UnrealEngine/Common/DerivedDataCache/Buckets/BulkDataList/f7/70/39507825f41459e94e7a0a58e8cab41f4780.udd" 3457
"E:/Unreal Projects/LeagueJourney/Content/Visual/Materials/M_Light.uasset" 3458
"E:/Unreal Projects/LeagueJourney/Content/Visual/Materials/M_Glass.uasset" 3459
"E:/Unreal Projects/LeagueJourney/Content/UserInteface/Menu/PlayScreen/portorrivel.uasset" 3460
"E:/Unreal Projects/LeagueJourney/Content/UserInteface/Menu/PlayScreen/MiniMCB.uasset" 3461
"E:/Unreal Projects/LeagueJourney/Content/UserInteface/Menu/PlayScreen/maxresdefault.uasset" 3462
"C:/Users/franc/AppData/Local/UnrealEngine/Common/DerivedDataCache/Buckets/BulkDataList/85/1e/2cebb15ab32176466b9dc602e1eb9ce643bb.udd" 3463
"C:/Users/franc/AppData/Local/UnrealEngine/Common/DerivedDataCache/Buckets/BulkDataList/bc/a7/d0085a59db18b5c076ac27276253286566b8.udd" 3464
"C:/Users/franc/AppData/Local/UnrealEngine/Common/DerivedDataCache/Buckets/BulkDataList/78/51/9566eab77551b2cf7087825af91dda69aab4.udd" 3465
"C:/Users/franc/AppData/Local/UnrealEngine/Common/DerivedDataCache/Buckets/BulkDataList/92/ee/63ef93176f5e97431519a6410a808d41b1d2.udd" 3466
"C:/Users/franc/AppData/Local/UnrealEngine/Common/DerivedDataCache/Buckets/BulkDataList/8e/aa/a8d1bed4bf6081d8b5f2993a11e790a47247.udd" 3467
"E:/Unreal Projects/LeagueJourney/Content/UserInteface/Menu/PlayScreen/Football_stadium_svg.uasset" 3468
"E:/Unreal Projects/LeagueJourney/Content/UserInteface/Menu/PlayScreen/benficoptero.uasset" 3469
"C:/Users/franc/AppData/Local/UnrealEngine/Common/DerivedDataCache/Buckets/BulkDataList/88/64/cec46ca4a1281d3a735b200f08120a6d8a47.udd" 3470
"C:/Users/franc/AppData/Local/UnrealEngine/Common/DerivedDataCache/Buckets/BulkDataList/bf/e1/569229c054dc6ae88a4936cd311448ed88e8.udd" 3471
"E:/Unreal Projects/LeagueJourney/Content/UserInteface/Menu/Input/GetCurrentController.uasset" 3472
"C:/Users/franc/AppData/Local/UnrealEngine/Common/DerivedDataCache/Buckets/BulkDataList/ba/07/5bd07bf38949afee6fbd398371abc40f368f.udd" 3473
"C:/Users/franc/AppData/Local/UnrealEngine/Common/DerivedDataCache/Buckets/BulkDataList/f9/ed/faf3c70285f28e7fd7e7591da63eaab36245.udd" 3474
"C:/Users/franc/AppData/Local/UnrealEngine/Common/DerivedDataCache/Buckets/BulkDataList/a1/05/c30233b495321531b478b4fdc337c51b4e32.udd" 3475
"C:/Users/franc/AppData/Local/UnrealEngine/Common/DerivedDataCache/Buckets/BulkDataList/03/b3/ee2deca7e424d5ed55009275ead767722ab1.udd" 3476
"C:/Users/franc/AppData/Local/UnrealEngine/Common/DerivedDataCache/Buckets/BulkDataList/db/6c/77409df0966a6f1569394273bdf336e523ff.udd" 3477
"C:/Users/franc/AppData/Local/UnrealEngine/Common/DerivedDataCache/Buckets/BulkDataList/b0/6f/5258baf64c0e3c6d5faf987005338a6f12b2.udd" 3478
"C:/Users/franc/AppData/Local/UnrealEngine/Common/DerivedDataCache/Buckets/BulkDataList/30/c8/b36b9a5c93b2c468b7051566d98ab9c14883.udd" 3479
"../../../Engine/Content/Maps/Templates/HLODs/HLODLayer_Merged.uasset" 3480
"E:/Unreal Projects/LeagueJourney/Content/UserInteface/Menu/images/TacticUI.uasset" 3481
"E:/Unreal Projects/LeagueJourney/Content/UserInteface/Menu/images/StadiumUI.uasset" 3482
"E:/Unreal Projects/LeagueJourney/Content/UserInteface/Menu/images/SettingsUI.uasset" 3483
"E:/Unreal Projects/LeagueJourney/Content/UserInteface/Menu/images/SetaUI1.uasset" 3484
"E:/Unreal Projects/LeagueJourney/Content/UserInteface/Menu/images/SetaUI.uasset" 3485
"E:/Unreal Projects/LeagueJourney/Content/UserInteface/Menu/images/SaveUI.uasset" 3486
"E:/Unreal Projects/LeagueJourney/Content/UserInteface/Menu/images/QuitUI.uasset" 3487
"E:/Unreal Projects/LeagueJourney/Content/UserInteface/Menu/images/KickOffUI.uasset" 3488
"E:/Unreal Projects/LeagueJourney/Content/UserInteface/Menu/images/itchio-logo-white.uasset" 3489
"C:/Users/franc/AppData/Local/UnrealEngine/Common/DerivedDataCache/Buckets/BulkDataList/be/16/dc2502f82883802ba30c8aae5b7a3155dba6.udd" 3490
"E:/Unreal Projects/LeagueJourney/Content/UserInteface/Menu/images/InfoUI.uasset" 3491
"E:/Unreal Projects/LeagueJourney/Content/UserInteface/Menu/images/icon_set.uasset" 3492
"C:/Users/franc/AppData/Local/UnrealEngine/Common/DerivedDataCache/Buckets/BulkDataList/81/a7/4b572b125ef42f0e97b7215ef3804a86ee8f.udd" 3493
"C:/Users/franc/AppData/Local/UnrealEngine/Common/DerivedDataCache/Buckets/BulkDataList/cc/4a/42267948434e3b9cad40faa10b97807b9852.udd" 3494
"E:/Unreal Projects/LeagueJourney/Content/UserInteface/Menu/images/icon_quit.uasset" 3495
"C:/Users/franc/AppData/Local/UnrealEngine/Common/DerivedDataCache/Buckets/BulkDataList/2e/ae/b608be53f34791d7d60773396da2d445cf6b.udd" 3496
"E:/Unreal Projects/LeagueJourney/Content/UserInteface/Menu/images/Icon_Pa.uasset" 3497
"C:/Users/franc/AppData/Local/UnrealEngine/Common/DerivedDataCache/Buckets/BulkDataList/ff/56/ba3cee1517c77108baa2d441dce24c382e84.udd" 3498
"E:/Unreal Projects/LeagueJourney/Content/UserInteface/Menu/images/icon_lj.uasset" 3499
"E:/Unreal Projects/LeagueJourney/Content/UserInteface/Menu/images/icon_ko.uasset" 3500
"C:/Users/franc/AppData/Local/UnrealEngine/Common/DerivedDataCache/Buckets/BulkDataList/d2/f0/6df6c118288aa6a4becc1bb7b1d6fedea95a.udd" 3501
"C:/Users/franc/AppData/Local/UnrealEngine/Common/DerivedDataCache/Buckets/BulkDataList/77/5f/1838fb60063bd9687f31c47dcf671ae823d9.udd" 3502
"C:/Users/franc/AppData/Local/UnrealEngine/Common/DerivedDataCache/Buckets/BulkDataList/9b/14/2f6e3afe7a505c6b506cc1d64f8182d86b49.udd" 3503
"C:/Users/franc/AppData/Local/UnrealEngine/Common/DerivedDataCache/Buckets/BulkDataList/32/0b/cd1e01823dd818960f3d231df79de9823677.udd" 3504
"C:/Users/franc/AppData/Local/UnrealEngine/Common/DerivedDataCache/Buckets/BulkDataList/d4/d6/5692bd6f111224b210a8e6c5402a896333d7.udd" 3505
"C:/Users/franc/AppData/Local/UnrealEngine/Common/DerivedDataCache/Buckets/BulkDataList/77/28/ad5f89de977abdf672fa461b35b6bb733159.udd" 3506
"C:/Users/franc/AppData/Local/UnrealEngine/Common/DerivedDataCache/Buckets/MaterialShaderMap/6f/39/84424dd179282092e9289794a32f8320a720.udd" 3507
"C:/Users/franc/AppData/Local/UnrealEngine/Common/DerivedDataCache/Buckets/MaterialShaderMap/5a/22/e85b1a4e5b1a0a1cffada0a08679aebfa83f.udd" 3508
"C:/Users/franc/AppData/Local/UnrealEngine/Common/DerivedDataCache/Buckets/MaterialShaderMap/35/c0/3a3f9a59447c020d6f0600a59de6dcf5a91c.udd" 3509
"C:/Users/franc/AppData/Local/UnrealEngine/Common/DerivedDataCache/Buckets/MaterialShaderMap/4e/03/290e2c61a3bb7c4d73e8c6f0fb8289c5542f.udd" 3510
"C:/Users/franc/AppData/Local/UnrealEngine/Common/DerivedDataCache/Buckets/MaterialShaderMap/78/b8/b505a67259107a91ae4175f87da496d7118c.udd" 3511
"C:/Users/franc/AppData/Local/UnrealEngine/Common/DerivedDataCache/Buckets/MaterialShaderMap/0d/96/cc49f1412f292e9d9f0e9186f8f788ca7753.udd" 3512
"C:/Users/franc/AppData/Local/UnrealEngine/Common/DerivedDataCache/Buckets/BulkDataList/d7/7d/e7fe09990835dc62420c0fc20bd487a140d8.udd" 3513
"E:/Unreal Projects/LeagueJourney/Content/UserInteface/Menu/images/icon_info.uasset" 3514
"E:/Unreal Projects/LeagueJourney/Content/UserInteface/Menu/images/icon_flag.uasset" 3515
"E:/Unreal Projects/LeagueJourney/Content/UserInteface/Menu/images/FormationUI.uasset" 3516
"E:/Unreal Projects/LeagueJourney/Content/UserInteface/Menu/images/awdwad.uasset" 3517
"E:/Unreal Projects/LeagueJourney/Content/UserInteface/Menu/images/AealUI.uasset" 3518
"E:/Unreal Projects/LeagueJourney/Content/UserInteface/Menu/Debug/DebugMenu.uasset" 3519
"E:/Unreal Projects/LeagueJourney/Content/UserInteface/Menu/Miss_Alissa.uasset" 3520
"E:/Unreal Projects/LeagueJourney/Content/UserInteface/Menu/LeagueJoruneyTransperant.uasset" 3521
"C:/Users/franc/AppData/Local/UnrealEngine/Common/DerivedDataCache/Buckets/BulkDataList/d2/2a/45fd9fbaf3e84305eb210444a640093475c0.udd" 3522
"E:/Unreal Projects/LeagueJourney/Content/UserInteface/Fonts/Uni_Sans_Thin_Italic.uasset" 3523
"E:/Unreal Projects/LeagueJourney/Content/UserInteface/Fonts/Uni_Sans_Thin.uasset" 3524
"C:/Users/franc/AppData/Local/UnrealEngine/Common/DerivedDataCache/Buckets/BulkDataList/7f/1e/f80fe5858ae4a285900878b5ec29667bf9bb.udd" 3525
"E:/Unreal Projects/LeagueJourney/Content/UserInteface/Fonts/Uni_Sans_Heavy_Italic.uasset" 3526
"C:/Users/franc/AppData/Local/UnrealEngine/Common/DerivedDataCache/Buckets/BulkDataList/9e/04/11a825048e04b78721ebf514322db2c354e8.udd" 3527
"C:/Users/franc/AppData/Local/UnrealEngine/Common/DerivedDataCache/Buckets/BulkDataList/29/94/cec2e0433f0536001cb5d398b3067893a454.udd" 3528
"E:/Unreal Projects/LeagueJourney/Content/UserInteface/Fonts/Uni_Sans_Heavy.uasset" 3529
"E:/Unreal Projects/LeagueJourney/Content/UserInteface/DuringMatch/Xbox_Series/XboxSeriesX_Y.uasset" 3530
"C:/Users/franc/AppData/Local/UnrealEngine/Common/DerivedDataCache/Buckets/BulkDataList/9b/80/aa59c71c98b6f2b408cca8a9e0f9a278946b.udd" 3531
"C:/Users/franc/AppData/Local/UnrealEngine/Common/DerivedDataCache/Buckets/BulkDataList/38/ff/66baf25da74d65eb9f484a8a65dd43a97f3c.udd" 3532
"E:/Unreal Projects/LeagueJourney/Content/UserInteface/DuringMatch/Xbox_Series/XboxSeriesX_X.uasset" 3533
"C:/Users/franc/AppData/Local/UnrealEngine/Common/DerivedDataCache/Buckets/BulkDataList/b8/a2/b229ea0f43f21d2f4032f875d507914c2cca.udd" 3534
"E:/Unreal Projects/LeagueJourney/Content/UserInteface/DuringMatch/Xbox_Series/XboxSeriesX_View.uasset" 3535
"E:/Unreal Projects/LeagueJourney/Content/UserInteface/DuringMatch/Xbox_Series/XboxSeriesX_Share.uasset" 3536
"C:/Users/franc/AppData/Local/UnrealEngine/Common/DerivedDataCache/Buckets/BulkDataList/1a/eb/aeacbf994894fcbedc91403c93c8d89515ff.udd" 3537
"C:/Users/franc/AppData/Local/UnrealEngine/Common/DerivedDataCache/Buckets/BulkDataList/1a/47/3faf7fdd0948654bc3c9b6c10972cbeb16c1.udd" 3538
"C:/Users/franc/AppData/Local/UnrealEngine/Common/DerivedDataCache/Buckets/BulkDataList/d6/ca/c33ddb07678b3347f955c491791dabf00b99.udd" 3539
"C:/Users/franc/AppData/Local/UnrealEngine/Common/DerivedDataCache/Buckets/BulkDataList/58/9d/46f17d359b2361c54167ca341bfc7738a963.udd" 3540
"C:/Users/franc/AppData/Local/UnrealEngine/Common/DerivedDataCache/Buckets/BulkDataList/a4/86/3754303134186f8ff42c1e3ddac9c4f256bf.udd" 3541
"C:/Users/franc/AppData/Local/UnrealEngine/Common/DerivedDataCache/Buckets/BulkDataList/cd/ca/62286ec39d6f52265a015ae93afc2cfac066.udd" 3542
"C:/Users/franc/AppData/Local/UnrealEngine/Common/DerivedDataCache/Buckets/BulkDataList/1e/dc/6478ce7297f73ea60b9aa4d77693df2a9a9b.udd" 3543
"C:/Users/franc/AppData/Local/UnrealEngine/Common/DerivedDataCache/Buckets/BulkDataList/a3/26/9f2018d31dc18c9d03ce42514c0d01223c90.udd" 3544
"E:/Unreal Projects/LeagueJourney/Content/UserInteface/DuringMatch/Xbox_Series/XboxSeriesX_RT.uasset" 3545
"E:/Unreal Projects/LeagueJourney/Content/UserInteface/DuringMatch/Xbox_Series/XboxSeriesX_Right_Stick_Click.uasset" 3546
"E:/Unreal Projects/LeagueJourney/Content/UserInteface/DuringMatch/Xbox_Series/XboxSeriesX_Right_Stick.uasset" 3547
"E:/Unreal Projects/LeagueJourney/Content/UserInteface/DuringMatch/Xbox_Series/XboxSeriesX_RB.uasset" 3548
"E:/Unreal Projects/LeagueJourney/Content/UserInteface/DuringMatch/Xbox_Series/XboxSeriesX_Menu.uasset" 3549
"E:/Unreal Projects/LeagueJourney/Content/UserInteface/DuringMatch/Xbox_Series/XboxSeriesX_LT.uasset" 3550
"E:/Unreal Projects/LeagueJourney/Content/UserInteface/DuringMatch/Xbox_Series/XboxSeriesX_Left_Stick_Click.uasset" 3551
"E:/Unreal Projects/LeagueJourney/Content/UserInteface/DuringMatch/Xbox_Series/XboxSeriesX_Left_Stick.uasset" 3552
"E:/Unreal Projects/LeagueJourney/Content/UserInteface/DuringMatch/Xbox_Series/XboxSeriesX_LB.uasset" 3553
"E:/Unreal Projects/LeagueJourney/Content/UserInteface/DuringMatch/Xbox_Series/XboxSeriesX_Dpad_Up.uasset" 3554
"E:/Unreal Projects/LeagueJourney/Content/UserInteface/DuringMatch/Xbox_Series/XboxSeriesX_Dpad_Right.uasset" 3555
"E:/Unreal Projects/LeagueJourney/Content/UserInteface/DuringMatch/Xbox_Series/XboxSeriesX_Dpad_Left.uasset" 3556
"C:/Users/franc/AppData/Local/UnrealEngine/Common/DerivedDataCache/Buckets/BulkDataList/8e/19/4f817b5972f0c19e6705be1c29e00269ddc1.udd" 3557
"E:/Unreal Projects/LeagueJourney/Content/UserInteface/DuringMatch/Xbox_Series/XboxSeriesX_Dpad_Down.uasset" 3558
"C:/Users/franc/AppData/Local/UnrealEngine/Common/DerivedDataCache/Buckets/BulkDataList/e5/3f/6ca05a64cbd53597bbd30327deef65d8c2a2.udd" 3559
"E:/Unreal Projects/LeagueJourney/Content/UserInteface/DuringMatch/Xbox_Series/XboxSeriesX_Dpad.uasset" 3560
"C:/Users/franc/AppData/Local/UnrealEngine/Common/DerivedDataCache/Buckets/BulkDataList/17/12/1bbff1b3b247bc8406c6a63223614c0759bf.udd" 3561
"E:/Unreal Projects/LeagueJourney/Content/UserInteface/DuringMatch/Xbox_Series/XboxSeriesX_Diagram_Simple.uasset" 3562
"C:/Users/franc/AppData/Local/UnrealEngine/Common/DerivedDataCache/Buckets/BulkDataList/e5/c6/45475c5023d69d54967b6b21c62b888584a4.udd" 3563
"E:/Unreal Projects/LeagueJourney/Content/UserInteface/DuringMatch/Xbox_Series/XboxSeriesX_Diagram.uasset" 3564
"C:/Users/franc/AppData/Local/UnrealEngine/Common/DerivedDataCache/Buckets/BulkDataList/49/0f/c35808d889d31ba46d5a1c5f96620b305266.udd" 3565
"C:/Users/franc/AppData/Local/UnrealEngine/Common/DerivedDataCache/Buckets/BulkDataList/4e/36/54cebb19bfde93f5515ea4481262afbdba70.udd" 3566
"C:/Users/franc/AppData/Local/UnrealEngine/Common/DerivedDataCache/Buckets/BulkDataList/f7/31/f772254456b54c301de0d38b3827b2060095.udd" 3567
"C:/Users/franc/AppData/Local/UnrealEngine/Common/DerivedDataCache/Buckets/BulkDataList/9f/88/7754955e50c4c1223bc54e61335a39350241.udd" 3568
"C:/Users/franc/AppData/Local/UnrealEngine/Common/DerivedDataCache/Buckets/BulkDataList/fb/06/29aa0b8d2b3bc07fd77b22e6f2411d4698de.udd" 3569
"C:/Users/franc/AppData/Local/UnrealEngine/Common/DerivedDataCache/Buckets/BulkDataList/59/15/dc4ecfbcfe6e96eedeb78c6030e8c4b69ce0.udd" 3570
"C:/Users/franc/AppData/Local/UnrealEngine/Common/DerivedDataCache/Buckets/BulkDataList/eb/ee/2a7195fa6433218bb112477612a31e71a5cf.udd" 3571
"C:/Users/franc/AppData/Local/UnrealEngine/Common/DerivedDataCache/Buckets/BulkDataList/05/3b/efd2810e1b72b14e880f40b86ccffa8f15dc.udd" 3572
"E:/Unreal Projects/LeagueJourney/Content/UserInteface/DuringMatch/Xbox_Series/XboxSeriesX_B.uasset" 3573
"E:/Unreal Projects/LeagueJourney/Content/UserInteface/DuringMatch/Xbox_Series/XboxSeriesX_A.uasset" 3574
"E:/Unreal Projects/LeagueJourney/Content/UserInteface/DuringMatch/Fonts/monofonto_rg.uasset" 3575
"E:/Unreal Projects/LeagueJourney/Content/UserInteface/DuringMatch/NewBlueprint.uasset" 3576
"E:/Unreal Projects/LeagueJourney/Content/UserInteface/DuringMatch/logo_2x.uasset" 3577
"E:/Unreal Projects/LeagueJourney/Content/UserInteface/DuringMatch/loadbar.uasset" 3578
"E:/Unreal Projects/LeagueJourney/Content/UserInteface/DuringMatch/629028__imataco__race-countdown.uasset" 3579
"E:/Unreal Projects/LeagueJourney/Content/UserInteface/DuringMatch/218318__splicesound__referee-whistle-blow-gymnasium.uasset" 3580
"C:/Users/franc/AppData/Local/UnrealEngine/Common/DerivedDataCache/Buckets/BulkDataList/92/94/2fb4f262c1fa66898a9cf66ffec613480197.udd" 3581
"E:/Unreal Projects/LeagueJourney/Content/UserInteface/StadCam.uasset" 3582
"E:/Unreal Projects/LeagueJourney/Content/ThirdPerson/Maps/ThirdPersonMap_BuiltData.uasset" 3583
"C:/Users/franc/AppData/Local/UnrealEngine/Common/DerivedDataCache/Buckets/BulkDataList/fa/71/d88167fc249f839d7489f4e3372ef4b1db24.udd" 3584
"C:/Users/franc/AppData/Local/UnrealEngine/Common/DerivedDataCache/Buckets/BulkDataList/55/e2/0ddcfef92ba6510862b026c7275902be4311.udd" 3585
"E:/Unreal Projects/LeagueJourney/Content/StarterContent/Textures/T_Wood_Walnut_N.uasset" 3586
"C:/Users/franc/AppData/Local/UnrealEngine/Common/DerivedDataCache/Buckets/BulkDataList/20/4b/8bca1d3b02d3299aca99e208c78d0650cff5.udd" 3587
"E:/Unreal Projects/LeagueJourney/Content/StarterContent/Textures/T_Wood_Walnut_D.uasset" 3588
"C:/Users/franc/AppData/Local/UnrealEngine/Common/DerivedDataCache/Buckets/BulkDataList/99/9c/6515bee202c93e7e324e44157418c272cb6a.udd" 3589
"E:/Unreal Projects/LeagueJourney/Content/StarterContent/Textures/T_Wood_Pine_N.uasset" 3590
"C:/Users/franc/AppData/Local/UnrealEngine/Common/DerivedDataCache/Buckets/BulkDataList/9c/63/2a145f38c20990c4631614e900c182a65abb.udd" 3591
"E:/Unreal Projects/LeagueJourney/Content/StarterContent/Textures/T_Wood_Pine_D.uasset" 3592
"E:/Unreal Projects/LeagueJourney/Content/StarterContent/Textures/T_Wood_Oak_N.uasset" 3593
"C:/Users/franc/AppData/Local/UnrealEngine/Common/DerivedDataCache/Buckets/BulkDataList/e7/84/cc255dbbaa1ca8706e204d54e39ed80d0689.udd" 3594
"E:/Unreal Projects/LeagueJourney/Content/StarterContent/Textures/T_Wood_Oak_D.uasset" 3595
"C:/Users/franc/AppData/Local/UnrealEngine/Common/DerivedDataCache/Buckets/BulkDataList/93/39/dd2751fa8bbb4ed8526f4e26f786dd85a054.udd" 3596
"C:/Users/franc/AppData/Local/UnrealEngine/Common/DerivedDataCache/Buckets/BulkDataList/7a/78/910371524ed70d71ae72768d15ecf39d74cf.udd" 3597
"C:/Users/franc/AppData/Local/UnrealEngine/Common/DerivedDataCache/Buckets/BulkDataList/82/d3/b339754435d1954073fac39180ab14f2564a.udd" 3598
"C:/Users/franc/AppData/Local/UnrealEngine/Common/DerivedDataCache/Buckets/BulkDataList/3b/e0/4ae9faded4b89f1741ad98b2f462c961ffca.udd" 3599
"C:/Users/franc/AppData/Local/UnrealEngine/Common/DerivedDataCache/Buckets/BulkDataList/e8/14/2c11789d709aa73957ba9832fa1614ace61d.udd" 3600
"C:/Users/franc/AppData/Local/UnrealEngine/Common/DerivedDataCache/Buckets/BulkDataList/da/9e/a8de9eb4dc3b6581891bece0c13ce204e975.udd" 3601
"C:/Users/franc/AppData/Local/UnrealEngine/Common/DerivedDataCache/Buckets/BulkDataList/42/0c/5944d52f0839964e327cc65269791de68e7f.udd" 3602
"E:/Unreal Projects/LeagueJourney/Content/StarterContent/Textures/T_Wood_Floor_Walnut_N.uasset" 3603
"E:/Unreal Projects/LeagueJourney/Content/StarterContent/Textures/T_Wood_Floor_Walnut_M.uasset" 3604
"E:/Unreal Projects/LeagueJourney/Content/StarterContent/Textures/T_Wood_Floor_Walnut_D.uasset" 3605
"E:/Unreal Projects/LeagueJourney/Content/StarterContent/Textures/T_Water_N.uasset" 3606
"E:/Unreal Projects/LeagueJourney/Content/StarterContent/Textures/T_Water_M.uasset" 3607
"E:/Unreal Projects/LeagueJourney/Content/StarterContent/Textures/T_Tech_Panel_N.uasset" 3608
"E:/Unreal Projects/LeagueJourney/Content/StarterContent/Textures/T_Tech_Panel_M.uasset" 3609
"E:/Unreal Projects/LeagueJourney/Content/StarterContent/Textures/T_Tech_Hex_Tile_N.uasset" 3610
"E:/Unreal Projects/LeagueJourney/Content/StarterContent/Textures/T_Tech_Hex_Tile_M.uasset" 3611
"C:/Users/franc/AppData/Local/UnrealEngine/Common/DerivedDataCache/Buckets/BulkDataList/2e/19/39a8c6c954874d7b2cec789d7f8c4df6d2c2.udd" 3612
"E:/Unreal Projects/LeagueJourney/Content/StarterContent/Textures/T_Tech_Dot_N.uasset" 3613
"C:/Users/franc/AppData/Local/UnrealEngine/Common/DerivedDataCache/Buckets/BulkDataList/b3/51/fcd191d8447a14c7a077d91af85d95c86e38.udd" 3614
"E:/Unreal Projects/LeagueJourney/Content/StarterContent/Textures/T_Tech_Dot_M.uasset" 3615
"C:/Users/franc/AppData/Local/UnrealEngine/Common/DerivedDataCache/Buckets/BulkDataList/6e/f5/ee3e4a88ef4d199046113633a8526ddb0e68.udd" 3616
"E:/Unreal Projects/LeagueJourney/Content/StarterContent/Textures/T_TableRound_N.uasset" 3617
"C:/Users/franc/AppData/Local/UnrealEngine/Common/DerivedDataCache/Buckets/BulkDataList/49/13/c3575ac73e58f1d4e0e54b5ae595821cd012.udd" 3618
"E:/Unreal Projects/LeagueJourney/Content/StarterContent/Textures/T_TableRound_M.uasset" 3619
"C:/Users/franc/AppData/Local/UnrealEngine/Common/DerivedDataCache/Buckets/BulkDataList/f8/b7/4817a00638714754fc7c572f76488f255894.udd" 3620
"E:/Unreal Projects/LeagueJourney/Content/StarterContent/Textures/T_Statue_N.uasset" 3621
"C:/Users/franc/AppData/Local/UnrealEngine/Common/DerivedDataCache/Buckets/BulkDataList/6a/e9/19da27da5a8856231ac0d6f9e272e35819de.udd" 3622
"E:/Unreal Projects/LeagueJourney/Content/StarterContent/Textures/T_Statue_M.uasset" 3623
"C:/Users/franc/AppData/Local/UnrealEngine/Common/DerivedDataCache/Buckets/BulkDataList/cd/e3/84694c316714149c6e731c6386933e4f9dfd.udd" 3624
"E:/Unreal Projects/LeagueJourney/Content/StarterContent/Textures/T_Spark_Core.uasset" 3625
"C:/Users/franc/AppData/Local/UnrealEngine/Common/DerivedDataCache/Buckets/BulkDataList/13/a8/475765e00eb6535abdfef7acd897e026fc45.udd" 3626
"C:/Users/franc/AppData/Local/UnrealEngine/Common/DerivedDataCache/Buckets/BulkDataList/b8/c0/1feff20a6ea875b6fe865761cd2e45e35f9e.udd" 3627
"C:/Users/franc/AppData/Local/UnrealEngine/Common/DerivedDataCache/Buckets/BulkDataList/6f/8b/b71813f61ce354a7922f66afe320b6125933.udd" 3628
"C:/Users/franc/AppData/Local/UnrealEngine/Common/DerivedDataCache/Buckets/BulkDataList/06/97/0bb6e33a1ffc5ba309048ac59dd5755ef8a2.udd" 3629
"C:/Users/franc/AppData/Local/UnrealEngine/Common/DerivedDataCache/Buckets/BulkDataList/5f/c5/977994fdb45b18051dafe4004fe323088a28.udd" 3630
"C:/Users/franc/AppData/Local/UnrealEngine/Common/DerivedDataCache/Buckets/BulkDataList/d0/4b/42e015eb928ef6828c8672140ac69e6866d6.udd" 3631
"C:/Users/franc/AppData/Local/UnrealEngine/Common/DerivedDataCache/Buckets/BulkDataList/9a/ab/9b4b3d463c509220774e7044c5a2995cffcb.udd" 3632
"C:/Users/franc/AppData/Local/UnrealEngine/Common/DerivedDataCache/Buckets/BulkDataList/d0/28/ec235cf743385407a161ae7621374ed19a34.udd" 3633
"E:/Unreal Projects/LeagueJourney/Content/StarterContent/Textures/T_Smoke_Tiled_D.uasset" 3634
"E:/Unreal Projects/LeagueJourney/Content/StarterContent/Textures/T_Smoke_SubUV.uasset" 3635
"E:/Unreal Projects/LeagueJourney/Content/StarterContent/Textures/T_Single_Tile_N.uasset" 3636
"E:/Unreal Projects/LeagueJourney/Content/StarterContent/Textures/T_Shelf_N.uasset" 3637
"E:/Unreal Projects/LeagueJourney/Content/StarterContent/Textures/T_Shelf_M.uasset" 3638
"E:/Unreal Projects/LeagueJourney/Content/StarterContent/Textures/T_Rock_Smooth_Granite_D.uasset" 3639
"E:/Unreal Projects/LeagueJourney/Content/StarterContent/Textures/T_Rock_Slate_N.uasset" 3640
"E:/Unreal Projects/LeagueJourney/Content/StarterContent/Textures/T_Rock_Slate_D.uasset" 3641
"C:/Users/franc/AppData/Local/UnrealEngine/Common/DerivedDataCache/Buckets/BulkDataList/68/5a/ef315c6050aec1e3115d3a7ac39482f2b299.udd" 3642
"E:/Unreal Projects/LeagueJourney/Content/StarterContent/Textures/T_Rock_Sandstone_N.uasset" 3643
"E:/Unreal Projects/LeagueJourney/Content/StarterContent/Textures/T_Rock_Sandstone_D.uasset" 3644
"C:/Users/franc/AppData/Local/UnrealEngine/Common/DerivedDataCache/Buckets/BulkDataList/c9/72/89ea8af482a60f1612422cf3a817f08e09aa.udd" 3645
"C:/Users/franc/AppData/Local/UnrealEngine/Common/DerivedDataCache/Buckets/BulkDataList/39/93/ba676ec0d5185a80fc3dca6861cbf56ce71a.udd" 3646
"E:/Unreal Projects/LeagueJourney/Content/StarterContent/Textures/T_Rock_Marble_Polished_D.uasset" 3647
"C:/Users/franc/AppData/Local/UnrealEngine/Common/DerivedDataCache/Buckets/BulkDataList/bc/e6/0520aefc2d295b87aee49a905713ad4ba185.udd" 3648
"E:/Unreal Projects/LeagueJourney/Content/StarterContent/Textures/T_Rock_Basalt_N.uasset" 3649
"C:/Users/franc/AppData/Local/UnrealEngine/Common/DerivedDataCache/Buckets/BulkDataList/94/3a/68f9415a19085f2d1a4619dddb05cf5d6b7c.udd" 3650
"E:/Unreal Projects/LeagueJourney/Content/StarterContent/Textures/T_Rock_Basalt_D.uasset" 3651
"E:/Unreal Projects/LeagueJourney/Content/StarterContent/Textures/T_RockMesh_N.uasset" 3652
"C:/Users/franc/AppData/Local/UnrealEngine/Common/DerivedDataCache/Buckets/BulkDataList/4a/06/c635f5cbcec0f8553535a24b995a806738d2.udd" 3653
"E:/Unreal Projects/LeagueJourney/Content/StarterContent/Textures/T_RockMesh_M.uasset" 3654
"C:/Users/franc/AppData/Local/UnrealEngine/Common/DerivedDataCache/Buckets/BulkDataList/f8/ab/ff17f4d5b0b809cd3f92372bf5e5c9e71785.udd" 3655
"E:/Unreal Projects/LeagueJourney/Content/StarterContent/Textures/T_Perlin_Noise_M.uasset" 3656
"C:/Users/franc/AppData/Local/UnrealEngine/Common/DerivedDataCache/Buckets/BulkDataList/ec/4a/bed76fc35285b79f17dbe3c6e20e8e59dd68.udd" 3657
"C:/Users/franc/AppData/Local/UnrealEngine/Common/DerivedDataCache/Buckets/BulkDataList/6c/f7/e353706272c36fa0159baf4bbd845b47e883.udd" 3658
"C:/Users/franc/AppData/Local/UnrealEngine/Common/DerivedDataCache/Buckets/BulkDataList/cf/e4/cf2e9b7e79269b493c96a90ef27400f59e49.udd" 3659
"C:/Users/franc/AppData/Local/UnrealEngine/Common/DerivedDataCache/Buckets/BulkDataList/21/68/48c08a72622d0cb13f5e00891cbd62e66d6e.udd" 3660
"C:/Users/franc/AppData/Local/UnrealEngine/Common/DerivedDataCache/Buckets/BulkDataList/36/42/d88e653515ff837581725192b39dd3f3298b.udd" 3661
"C:/Users/franc/AppData/Local/UnrealEngine/Common/DerivedDataCache/Buckets/BulkDataList/b9/9c/024d7492a27d5620bea09aeb2c2a7ea54b5c.udd" 3662
"C:/Users/franc/AppData/Local/UnrealEngine/Common/DerivedDataCache/Buckets/BulkDataList/c9/fa/d999dd3aa54bc247e1c1ff8d4c2509cf0b9c.udd" 3663
"C:/Users/franc/AppData/Local/UnrealEngine/Common/DerivedDataCache/Buckets/BulkDataList/93/72/42f5971c4586370d387c4703a5ffe6eaf736.udd" 3664
"C:/Users/franc/AppData/Local/UnrealEngine/Common/DerivedDataCache/Buckets/BulkDataList/6f/d9/c635cc55d96251bcaf649ba099a69c2b7001.udd" 3665
"E:/Unreal Projects/LeagueJourney/Content/StarterContent/Textures/T_Metal_Steel_N.uasset" 3666
"E:/Unreal Projects/LeagueJourney/Content/StarterContent/Textures/T_Metal_Steel_D.uasset" 3667
"E:/Unreal Projects/LeagueJourney/Content/StarterContent/Textures/T_Metal_Rust_N.uasset" 3668
"E:/Unreal Projects/LeagueJourney/Content/StarterContent/Textures/T_Metal_Rust_D.uasset" 3669
"E:/Unreal Projects/LeagueJourney/Content/StarterContent/Textures/T_Metal_Gold_N.uasset" 3670
"E:/Unreal Projects/LeagueJourney/Content/StarterContent/Textures/T_Metal_Gold_D.uasset" 3671
"E:/Unreal Projects/LeagueJourney/Content/StarterContent/Textures/T_Metal_Copper_D.uasset" 3672
"E:/Unreal Projects/LeagueJourney/Content/StarterContent/Textures/T_Metal_Aluminum_D.uasset" 3673
"E:/Unreal Projects/LeagueJourney/Content/StarterContent/Textures/T_MacroVariation.uasset" 3674
"C:/Users/franc/AppData/Local/UnrealEngine/Common/DerivedDataCache/Buckets/BulkDataList/a9/6d/370cd9fa5e85aa156c4286e222a58e3ccd43.udd" 3675
"C:/Users/franc/AppData/Local/UnrealEngine/Common/DerivedDataCache/Buckets/BulkDataList/97/64/1396d5e4097cc5a55661860add62b899e9ce.udd" 3676
"E:/Unreal Projects/LeagueJourney/Content/StarterContent/Textures/T_Lamp_N.uasset" 3677
"C:/Users/franc/AppData/Local/UnrealEngine/Common/DerivedDataCache/Buckets/BulkDataList/c8/ed/20649bf875d45a7003abbe80515852af73fd.udd" 3678
"E:/Unreal Projects/LeagueJourney/Content/StarterContent/Textures/T_Lamp_M.uasset" 3679
"C:/Users/franc/AppData/Local/UnrealEngine/Common/DerivedDataCache/Buckets/BulkDataList/53/00/bfc2a5f06b9ee4a9214aa7e0fc999fa0c137.udd" 3680
"E:/Unreal Projects/LeagueJourney/Content/StarterContent/Textures/T_Ground_Moss_N.uasset" 3681
"E:/Unreal Projects/LeagueJourney/Content/StarterContent/Textures/T_ground_Moss_D.uasset" 3682
"C:/Users/franc/AppData/Local/UnrealEngine/Common/DerivedDataCache/Buckets/BulkDataList/0a/f1/7e9e791ecc96abc66eb90f64567cb4e02ccc.udd" 3683
"E:/Unreal Projects/LeagueJourney/Content/StarterContent/Textures/T_Ground_Gravel_N.uasset" 3684
"C:/Users/franc/AppData/Local/UnrealEngine/Common/DerivedDataCache/Buckets/BulkDataList/a4/75/b44f98c6c615ad0f8c2664a5d233e60afcf4.udd" 3685
"C:/Users/franc/AppData/Local/UnrealEngine/Common/DerivedDataCache/Buckets/BulkDataList/a7/0b/a968840ccb2c77fa19ebae4c94526d5a2805.udd" 3686
"E:/Unreal Projects/LeagueJourney/Content/StarterContent/Textures/T_Ground_Gravel_D.uasset" 3687
"E:/Unreal Projects/LeagueJourney/Content/StarterContent/Textures/T_Ground_Grass_N.uasset" 3688
"C:/Users/franc/AppData/Local/UnrealEngine/Common/DerivedDataCache/Buckets/BulkDataList/c4/2b/dd6818db0e6792de9cd88cb8b4edc81a2ad6.udd" 3689
"C:/Users/franc/AppData/Local/UnrealEngine/Common/DerivedDataCache/Buckets/BulkDataList/59/2f/61aea9a09bcc4aee0269c2f848a4a044d966.udd" 3690
"C:/Users/franc/AppData/Local/UnrealEngine/Common/DerivedDataCache/Buckets/BulkDataList/ce/5c/09b438cf563e84b2a3a9c01d8809d5dc579f.udd" 3691
"C:/Users/franc/AppData/Local/UnrealEngine/Common/DerivedDataCache/Buckets/BulkDataList/14/e8/27b5433ecc6bdf30634be1aa22057da7a42c.udd" 3692
"C:/Users/franc/AppData/Local/UnrealEngine/Common/DerivedDataCache/Buckets/BulkDataList/c5/5a/77012681e2c20b6694905d7215eec6932f0d.udd" 3693
"C:/Users/franc/AppData/Local/UnrealEngine/Common/DerivedDataCache/Buckets/BulkDataList/0d/ca/0dfff8bad1ed6ac1b1e1b4c01852adf7e234.udd" 3694
"C:/Users/franc/AppData/Local/UnrealEngine/Common/DerivedDataCache/Buckets/BulkDataList/15/8e/3c1a202494a56ad3088bad5a136fb654cb29.udd" 3695
"C:/Users/franc/AppData/Local/UnrealEngine/Common/DerivedDataCache/Buckets/BulkDataList/38/1a/620938b16ffcf666f10644d7db8fc3f93a3a.udd" 3696
"C:/Users/franc/AppData/Local/UnrealEngine/Common/DerivedDataCache/Buckets/BulkDataList/bb/07/9f79fe6c331d3d35af6ead0ddd931eed3fed.udd" 3697
"E:/Unreal Projects/LeagueJourney/Content/StarterContent/Textures/T_Ground_Grass_D.uasset" 3698
"E:/Unreal Projects/LeagueJourney/Content/StarterContent/Textures/T_Gradinet_01.uasset" 3699
"E:/Unreal Projects/LeagueJourney/Content/StarterContent/Textures/T_Frame_N.uasset" 3700
"E:/Unreal Projects/LeagueJourney/Content/StarterContent/Textures/T_Frame_M.uasset" 3701
"E:/Unreal Projects/LeagueJourney/Content/StarterContent/Textures/T_Fire_Tiled_D.uasset" 3702
"E:/Unreal Projects/LeagueJourney/Content/StarterContent/Textures/T_Fire_SubUV.uasset" 3703
"E:/Unreal Projects/LeagueJourney/Content/StarterContent/Textures/T_Explosion_SubUV.uasset" 3704
"E:/Unreal Projects/LeagueJourney/Content/StarterContent/Textures/T_Dust_Particle_D.uasset" 3705
"C:/Users/franc/AppData/Local/UnrealEngine/Common/DerivedDataCache/Buckets/BulkDataList/d0/c7/2f56e55eef200fc7aa12d4c39dea469f174e.udd" 3706
"E:/Unreal Projects/LeagueJourney/Content/StarterContent/Textures/T_Door_N.uasset" 3707
"E:/Unreal Projects/LeagueJourney/Content/StarterContent/Textures/T_Door_M.uasset" 3708
"C:/Users/franc/AppData/Local/UnrealEngine/Common/DerivedDataCache/Buckets/BulkDataList/e0/d8/c5ba0b899a17878533aaba7a27a02d79d6eb.udd" 3709
"E:/Unreal Projects/LeagueJourney/Content/StarterContent/Textures/T_Detail_Rocky_N.uasset" 3710
"C:/Users/franc/AppData/Local/UnrealEngine/Common/DerivedDataCache/Buckets/BulkDataList/50/a5/c20d1de1c8e3295fb600ad332f6ca61d1977.udd" 3711
"E:/Unreal Projects/LeagueJourney/Content/StarterContent/Textures/T_Concrete_Tiles_Variation_M.uasset" 3712
"C:/Users/franc/AppData/Local/UnrealEngine/Common/DerivedDataCache/Buckets/BulkDataList/43/51/dea25a713a4de7f0ae931d0d1cfe1d455f42.udd" 3713
"E:/Unreal Projects/LeagueJourney/Content/StarterContent/Textures/T_Concrete_Tiles_N.uasset" 3714
"C:/Users/franc/AppData/Local/UnrealEngine/Common/DerivedDataCache/Buckets/BulkDataList/5a/f6/52fcec6bc9a2a856227972a202e5c0f6e2f8.udd" 3715
"E:/Unreal Projects/LeagueJourney/Content/StarterContent/Textures/T_Concrete_Tiles_M.uasset" 3716
"C:/Users/franc/AppData/Local/UnrealEngine/Common/DerivedDataCache/Buckets/BulkDataList/3f/36/8604a60661c8a9fb63ddeef9c8641ad517f4.udd" 3717
"E:/Unreal Projects/LeagueJourney/Content/StarterContent/Textures/T_Concrete_Tiles_D.uasset" 3718
"C:/Users/franc/AppData/Local/UnrealEngine/Common/DerivedDataCache/Buckets/BulkDataList/20/91/012e03697546c32667b2f298d69462b97511.udd" 3719
"C:/Users/franc/AppData/Local/UnrealEngine/Common/DerivedDataCache/Buckets/BulkDataList/21/55/c35551c8acc8af8161155b996e89f29b80f8.udd" 3720
"E:/Unreal Projects/LeagueJourney/Content/StarterContent/Textures/T_Concrete_Poured_N.uasset" 3721
"C:/Users/franc/AppData/Local/UnrealEngine/Common/DerivedDataCache/Buckets/BulkDataList/2b/a6/0b3c3f77743bbef05bed021ff1c0227b69ef.udd" 3722
"C:/Users/franc/AppData/Local/UnrealEngine/Common/DerivedDataCache/Buckets/BulkDataList/dc/21/0031f8165d7153ba0c1dd89ae1aebc6bf0c6.udd" 3723
"C:/Users/franc/AppData/Local/UnrealEngine/Common/DerivedDataCache/Buckets/BulkDataList/7a/51/8e3ba017f5b728f734a557a18603bb68e6a3.udd" 3724
"C:/Users/franc/AppData/Local/UnrealEngine/Common/DerivedDataCache/Buckets/BulkDataList/9a/ca/5bdb15fb5ec355d6abeefa23afcbf73036d3.udd" 3725
"C:/Users/franc/AppData/Local/UnrealEngine/Common/DerivedDataCache/Buckets/BulkDataList/8b/8d/8e5e32447e0bd6705d882c178b1abaedcd8b.udd" 3726
"C:/Users/franc/AppData/Local/UnrealEngine/Common/DerivedDataCache/Buckets/BulkDataList/2d/74/486aaecf94f942ef3f4f1ccb61dbef271632.udd" 3727
"C:/Users/franc/AppData/Local/UnrealEngine/Common/DerivedDataCache/Buckets/BulkDataList/a8/41/d52f5c609fe54dd4bbf2049a024b65481e7b.udd" 3728
"C:/Users/franc/AppData/Local/UnrealEngine/Common/DerivedDataCache/Buckets/BulkDataList/f9/15/8b31175e4287abd0e87525fa572ba11d6d32.udd" 3729
"E:/Unreal Projects/LeagueJourney/Content/StarterContent/Textures/T_Concrete_Poured_D.uasset" 3730
"E:/Unreal Projects/LeagueJourney/Content/StarterContent/Textures/T_Concrete_Panels_N.uasset" 3731
"E:/Unreal Projects/LeagueJourney/Content/StarterContent/Textures/T_Concrete_Panels_D.uasset" 3732
"E:/Unreal Projects/LeagueJourney/Content/StarterContent/Textures/T_Concrete_Grime_D.uasset" 3733
"E:/Unreal Projects/LeagueJourney/Content/StarterContent/Textures/T_CobbleStone_Smooth_N.uasset" 3734
"E:/Unreal Projects/LeagueJourney/Content/StarterContent/Textures/T_CobbleStone_Smooth_M.uasset" 3735
"E:/Unreal Projects/LeagueJourney/Content/StarterContent/Textures/T_CobbleStone_Smooth_D.uasset" 3736
"E:/Unreal Projects/LeagueJourney/Content/StarterContent/Textures/T_CobbleStone_Rough_N.uasset" 3737
"C:/Users/franc/AppData/Local/UnrealEngine/Common/DerivedDataCache/Buckets/BulkDataList/00/68/840910824acdd6ff6fe098613726c2114a19.udd" 3738
"E:/Unreal Projects/LeagueJourney/Content/StarterContent/Textures/T_CobbleStone_Rough_D.uasset" 3739
"E:/Unreal Projects/LeagueJourney/Content/StarterContent/Textures/T_CobbleStone_Pebble_N.uasset" 3740
"C:/Users/franc/AppData/Local/UnrealEngine/Common/DerivedDataCache/Buckets/BulkDataList/53/64/6976eda8831e9f824e5225a761f4764cc0ae.udd" 3741
"C:/Users/franc/AppData/Local/UnrealEngine/Common/DerivedDataCache/Buckets/BulkDataList/d5/1c/853d4c7365df4700368eb36e0c2e0df52680.udd" 3742
"E:/Unreal Projects/LeagueJourney/Content/StarterContent/Textures/T_CobbleStone_Pebble_M.uasset" 3743
"C:/Users/franc/AppData/Local/UnrealEngine/Common/DerivedDataCache/Buckets/BulkDataList/8c/c4/2577f0f31f5abd6ef86b82aaa7e9e02624d2.udd" 3744
"E:/Unreal Projects/LeagueJourney/Content/StarterContent/Textures/T_CobbleStone_Pebble_D.uasset" 3745
"E:/Unreal Projects/LeagueJourney/Content/StarterContent/Textures/T_Checker_Noise_M.uasset" 3746
"C:/Users/franc/AppData/Local/UnrealEngine/Common/DerivedDataCache/Buckets/BulkDataList/b1/e2/ffeff285e27eab5bce93ad8862d6e099b84b.udd" 3747
"E:/Unreal Projects/LeagueJourney/Content/StarterContent/Textures/T_Chair_N.uasset" 3748
"C:/Users/franc/AppData/Local/UnrealEngine/Common/DerivedDataCache/Buckets/BulkDataList/39/6c/b4520338a12424c60a3790dda0a60eb15309.udd" 3749
"C:/Users/franc/AppData/Local/UnrealEngine/Common/DerivedDataCache/Buckets/BulkDataList/98/87/772f9ea7c72778857ddd564b5f73147eafbb.udd" 3750
"E:/Unreal Projects/LeagueJourney/Content/StarterContent/Textures/T_Chair_M.uasset" 3751
"C:/Users/franc/AppData/Local/UnrealEngine/Common/DerivedDataCache/Buckets/BulkDataList/7a/76/cc3e0d111cbc31276691e74f6e6e2863a467.udd" 3752
"E:/Unreal Projects/LeagueJourney/Content/StarterContent/Textures/T_Ceramic_Tile_N.uasset" 3753
"C:/Users/franc/AppData/Local/UnrealEngine/Common/DerivedDataCache/Buckets/BulkDataList/6a/45/3ab74a124bcc22335b7aaca680423cdbd044.udd" 3754
"C:/Users/franc/AppData/Local/UnrealEngine/Common/DerivedDataCache/Buckets/BulkDataList/1d/dd/0cc5af55306574221c4fb4d45b03d1260e20.udd" 3755
"C:/Users/franc/AppData/Local/UnrealEngine/Common/DerivedDataCache/Buckets/BulkDataList/22/68/27a9d6bb42af8c8c1ab6843d29ee44c62831.udd" 3756
"C:/Users/franc/AppData/Local/UnrealEngine/Common/DerivedDataCache/Buckets/BulkDataList/03/22/0e43fb82d2b5d4b5f35048f1d56a69365038.udd" 3757
"C:/Users/franc/AppData/Local/UnrealEngine/Common/DerivedDataCache/Buckets/BulkDataList/5f/00/3652a330b6b539148d5d592041dc570597a2.udd" 3758
"C:/Users/franc/AppData/Local/UnrealEngine/Common/DerivedDataCache/Buckets/BulkDataList/01/ed/0269027942615bc8ec3f169f6d28f4e27ef4.udd" 3759
"C:/Users/franc/AppData/Local/UnrealEngine/Common/DerivedDataCache/Buckets/BulkDataList/0b/51/d0d27b38c4d23453c71099e0de2cabb55dde.udd" 3760
"C:/Users/franc/AppData/Local/UnrealEngine/Common/DerivedDataCache/Buckets/BulkDataList/2e/89/49356d7f99fd878571341c7b73bf5ad96e0f.udd" 3761
"E:/Unreal Projects/LeagueJourney/Content/StarterContent/Textures/T_Ceramic_Tile_M.uasset" 3762
"E:/Unreal Projects/LeagueJourney/Content/StarterContent/Textures/T_Bush_N.uasset" 3763
"E:/Unreal Projects/LeagueJourney/Content/StarterContent/Textures/T_Bush_D.uasset" 3764
"E:/Unreal Projects/LeagueJourney/Content/StarterContent/Textures/T_Burst_M.uasset" 3765
"E:/Unreal Projects/LeagueJourney/Content/StarterContent/Textures/T_Brick_Hewn_Stone_N.uasset" 3766
"E:/Unreal Projects/LeagueJourney/Content/StarterContent/Textures/T_Brick_Hewn_Stone_M.uasset" 3767
"E:/Unreal Projects/LeagueJourney/Content/StarterContent/Textures/T_Brick_Hewn_Stone_D.uasset" 3768
"E:/Unreal Projects/LeagueJourney/Content/StarterContent/Textures/T_Brick_Cut_Stone_N.uasset" 3769
"C:/Users/franc/AppData/Local/UnrealEngine/Common/DerivedDataCache/Buckets/BulkDataList/40/c3/e6638c1d45cb77dd53b4f427a1beb8cfa07b.udd" 3770
"E:/Unreal Projects/LeagueJourney/Content/StarterContent/Textures/T_Brick_Cut_Stone_D.uasset" 3771
"E:/Unreal Projects/LeagueJourney/Content/StarterContent/Textures/T_Brick_Clay_Old_N.uasset" 3772
"C:/Users/franc/AppData/Local/UnrealEngine/Common/DerivedDataCache/Buckets/BulkDataList/c1/d3/22bdeebe89fcbf59fdad53f1320cb3958a61.udd" 3773
"E:/Unreal Projects/LeagueJourney/Content/StarterContent/Textures/T_Brick_Clay_Old_D.uasset" 3774
"C:/Users/franc/AppData/Local/UnrealEngine/Common/DerivedDataCache/Buckets/BulkDataList/1f/7f/0488f7d5a3650b793910a02d84957fb18d43.udd" 3775
"E:/Unreal Projects/LeagueJourney/Content/StarterContent/Textures/T_Brick_Clay_New_N.uasset" 3776
"C:/Users/franc/AppData/Local/UnrealEngine/Common/DerivedDataCache/Buckets/BulkDataList/28/af/107e381adb343fbf63add17a5e3ae6e3d0a5.udd" 3777
"E:/Unreal Projects/LeagueJourney/Content/StarterContent/Textures/T_Brick_Clay_New_M.uasset" 3778
"C:/Users/franc/AppData/Local/UnrealEngine/Common/DerivedDataCache/Buckets/BulkDataList/a4/3b/39625da9f7c80cd1b1b7d10ee5a41f16ee72.udd" 3779
"E:/Unreal Projects/LeagueJourney/Content/StarterContent/Textures/T_Brick_Clay_New_D.uasset" 3780
"C:/Users/franc/AppData/Local/UnrealEngine/Common/DerivedDataCache/Buckets/BulkDataList/09/de/3455e20e783a665591f86d6185f69a0d5724.udd" 3781
"E:/Unreal Projects/LeagueJourney/Content/StarterContent/Textures/T_Brick_Clay_Beveled_N.uasset" 3782
"C:/Users/franc/AppData/Local/UnrealEngine/Common/DerivedDataCache/Buckets/BulkDataList/2f/4c/8b154a802e3130e708296eea6ac8ae8d1712.udd" 3783
"C:/Users/franc/AppData/Local/UnrealEngine/Common/DerivedDataCache/Buckets/BulkDataList/9e/91/3308deaa17e1c116d86d02ca8ec3d14cbfe9.udd" 3784
"E:/Unreal Projects/LeagueJourney/Content/StarterContent/Textures/T_Brick_Clay_Beveled_M.uasset" 3785
"C:/Users/franc/AppData/Local/UnrealEngine/Common/DerivedDataCache/Buckets/BulkDataList/c0/71/165b70112f2d9e47af6637fe1135d919b4d7.udd" 3786
"C:/Users/franc/AppData/Local/UnrealEngine/Common/DerivedDataCache/Buckets/BulkDataList/38/15/b8bb468f97b8986aedef31cb6033ec80e2b2.udd" 3787
"C:/Users/franc/AppData/Local/UnrealEngine/Common/DerivedDataCache/Buckets/BulkDataList/ea/05/27b0c2bc04e91e60d75d14279dd28c687c7b.udd" 3788
"C:/Users/franc/AppData/Local/UnrealEngine/Common/DerivedDataCache/Buckets/BulkDataList/0f/eb/78adb3b796466a1f38f7dab30a69dcc32895.udd" 3789
"C:/Users/franc/AppData/Local/UnrealEngine/Common/DerivedDataCache/Buckets/BulkDataList/bd/df/86ecb9ebcf56b0e39833b3f3cf86d0aa55b1.udd" 3790
"C:/Users/franc/AppData/Local/UnrealEngine/Common/DerivedDataCache/Buckets/BulkDataList/c2/ba/79646e3eac843788e6edf3824743d64a1fa6.udd" 3791
"C:/Users/franc/AppData/Local/UnrealEngine/Common/DerivedDataCache/Buckets/BulkDataList/12/1f/146fa8face9a72c33e8c3a67b078b5844aba.udd" 3792
"C:/Users/franc/AppData/Local/UnrealEngine/Common/DerivedDataCache/Buckets/BulkDataList/01/04/f2efa7ac016c063f5f02b3938ed9d321ae06.udd" 3793
"E:/Unreal Projects/LeagueJourney/Content/StarterContent/Textures/T_Brick_Clay_Beveled_D.uasset" 3794
"E:/Unreal Projects/LeagueJourney/Content/StarterContent/Particles/Materials/m_flare_01.uasset" 3795
"E:/Unreal Projects/LeagueJourney/Content/StarterContent/Materials/M_Glass.uasset" 3796
"E:/Unreal Projects/LeagueJourney/Content/StarterContent/Materials/M_Basic_Wall.uasset" 3797
"E:/Unreal Projects/LeagueJourney/Content/StarterContent/Materials/M_Basic_Floor.uasset" 3798
"E:/Unreal Projects/LeagueJourney/Content/StarterContent/Materials/M_AssetPlatform.uasset" 3799
"E:/Unreal Projects/LeagueJourney/Content/StarterContent/Maps/StarterMap_BuiltData.uasset" 3800
"E:/Unreal Projects/LeagueJourney/Content/StarterContent/Maps/Minimal_Default_BuiltData.uasset" 3801
"E:/Unreal Projects/LeagueJourney/Content/StarterContent/Maps/Advanced_Lighting_BuiltData.uasset" 3802
"C:/Users/franc/AppData/Local/UnrealEngine/Common/DerivedDataCache/Buckets/BulkDataList/fc/4e/3bd077f27689d5d27d6aa41a514a6babab0c.udd" 3803
"E:/Unreal Projects/LeagueJourney/Content/StarterContent/HDRI/HDRI_Epic_Courtyard_Daylight.uasset" 3804
"C:/Users/franc/AppData/Local/UnrealEngine/Common/DerivedDataCache/Buckets/BulkDataList/ce/5d/d46d39bba624c6d270f1e4598ec53a7fec33.udd" 3805
"C:/Users/franc/AppData/Local/UnrealEngine/Common/DerivedDataCache/Buckets/BulkDataList/87/4a/498002b03e947ffe78668f91ca7c671961b3.udd" 3806
"E:/Unreal Projects/LeagueJourney/Content/StarterContent/Blueprints/Assets/SunlightColorLUT.uasset" 3807
"C:/Users/franc/AppData/Local/UnrealEngine/Common/DerivedDataCache/Buckets/BulkDataList/35/37/78141c32fecdb4329900c80c67615cef2896.udd" 3808
"E:/Unreal Projects/LeagueJourney/Content/StarterContent/Blueprints/Assets/M_LightStage_Arrows.uasset" 3809
"C:/Users/franc/AppData/Local/UnrealEngine/Common/DerivedDataCache/Buckets/BulkDataList/94/09/2303f1b69987be06fb43f95b5e26b1e13fb9.udd" 3810
"E:/Unreal Projects/LeagueJourney/Content/StarterContent/Blueprints/Assets/FogBrightnessLUT.uasset" 3811
"E:/Unreal Projects/LeagueJourney/Content/StarterContent/Audio/Steam01_Cue.uasset" 3812
"C:/Users/franc/AppData/Local/UnrealEngine/Common/DerivedDataCache/Buckets/BulkDataList/f6/fc/7b3c67885558b9a7c58192edc3f16a204872.udd" 3813
"C:/Users/franc/AppData/Local/UnrealEngine/Common/DerivedDataCache/Buckets/BulkDataList/7a/91/e43e459b542858219fd1c80af6d541e5be34.udd" 3814
"E:/Unreal Projects/LeagueJourney/Content/StarterContent/Audio/Steam01.uasset" 3815
"E:/Unreal Projects/LeagueJourney/Content/StarterContent/Audio/Starter_Wind06.uasset" 3816
"C:/Users/franc/AppData/Local/UnrealEngine/Common/DerivedDataCache/Buckets/BulkDataList/97/7e/a7e5f7a69ec0d2471cc9517c5da3e28fcae4.udd" 3817
"C:/Users/franc/AppData/Local/UnrealEngine/Common/DerivedDataCache/Buckets/BulkDataList/d4/e0/effbf198f6109c43c92706042c41f67f5226.udd" 3818
"C:/Users/franc/AppData/Local/UnrealEngine/Common/DerivedDataCache/Buckets/BulkDataList/05/f5/875b3b1f1a0e1e151f0e7960a7df1c669aee.udd" 3819
"C:/Users/franc/AppData/Local/UnrealEngine/Common/DerivedDataCache/Buckets/BulkDataList/68/6d/fd14d961910203c93bf30589f9a910f6d6b1.udd" 3820
"C:/Users/franc/AppData/Local/UnrealEngine/Common/DerivedDataCache/Buckets/MaterialShaderMap/c2/e7/221740a4e43f729d9f5acdd088b5a4c957c7.udd" 3821
"C:/Users/franc/AppData/Local/UnrealEngine/Common/DerivedDataCache/Buckets/MaterialShaderMap/8a/03/2040a442d5968ce3f2c4ddfed0c9b71b63af.udd" 3822
"C:/Users/franc/AppData/Local/UnrealEngine/Common/DerivedDataCache/Buckets/MaterialShaderMap/b5/74/22789af987b2e5d7133d6d4a257a436d1087.udd" 3823
"C:/Users/franc/AppData/Local/UnrealEngine/Common/DerivedDataCache/Buckets/MaterialShaderMap/f5/59/fdf8a16937419b2a90b70a16f947772718e5.udd" 3824
"C:/Users/franc/AppData/Local/UnrealEngine/Common/DerivedDataCache/Buckets/MaterialShaderMap/19/8a/ac24acd27fb873a99ba97ec6d0092d7640e1.udd" 3825
"C:/Users/franc/AppData/Local/UnrealEngine/Common/DerivedDataCache/Buckets/MaterialShaderMap/19/54/e491a953988d22bae74ac76a1b06226a0b3c.udd" 3826
"C:/Users/franc/AppData/Local/UnrealEngine/Common/DerivedDataCache/Buckets/MaterialShaderMap/de/d7/3c175f75dc5013537578a6fcbd91399da3a6.udd" 3827
"C:/Users/franc/AppData/Local/UnrealEngine/Common/DerivedDataCache/Buckets/MaterialShaderMap/c1/11/1aca5369e212e1112f6552e9e5b41b959c03.udd" 3828
"C:/Users/franc/AppData/Local/UnrealEngine/Common/DerivedDataCache/Buckets/MaterialShaderMap/74/e5/9eebe720223416ae8b6bb6382087747253c9.udd" 3829
"C:/Users/franc/AppData/Local/UnrealEngine/Common/DerivedDataCache/Buckets/MaterialShaderMap/5f/1f/78c775b6012446cc18985e555f32922876f3.udd" 3830
"E:/Unreal Projects/LeagueJourney/Content/StarterContent/Audio/Starter_Wind05.uasset" 3831
"E:/Unreal Projects/LeagueJourney/Content/StarterContent/Audio/Starter_Music_Cue.uasset" 3832
"E:/Unreal Projects/LeagueJourney/Content/StarterContent/Audio/Starter_Music01.uasset" 3833
"E:/Unreal Projects/LeagueJourney/Content/StarterContent/Audio/Starter_Birds01.uasset" 3834
"E:/Unreal Projects/LeagueJourney/Content/StarterContent/Audio/Starter_Background_Cue.uasset" 3835
"E:/Unreal Projects/LeagueJourney/Content/StarterContent/Audio/Smoke01_Cue.uasset" 3836
"E:/Unreal Projects/LeagueJourney/Content/StarterContent/Audio/Smoke01.uasset" 3837
"E:/Unreal Projects/LeagueJourney/Content/StarterContent/Audio/Light02_Cue.uasset" 3838
"C:/Users/franc/AppData/Local/UnrealEngine/Common/DerivedDataCache/Buckets/BulkDataList/e9/84/2d5dd254ae74f11cfb9b633ad7e95ce008da.udd" 3839
"E:/Unreal Projects/LeagueJourney/Content/StarterContent/Audio/Light02.uasset" 3840
"C:/Users/franc/AppData/Local/UnrealEngine/Common/DerivedDataCache/Buckets/BulkDataList/66/c0/e822c9d6a790bf448733ada33c0da0f3b435.udd" 3841
"E:/Unreal Projects/LeagueJourney/Content/StarterContent/Audio/Light01_Cue.uasset" 3842
"E:/Unreal Projects/LeagueJourney/Content/StarterContent/Audio/Light01.uasset" 3843
"E:/Unreal Projects/LeagueJourney/Content/StarterContent/Audio/Fire_Sparks01_Cue.uasset" 3844
"E:/Unreal Projects/LeagueJourney/Content/StarterContent/Audio/Fire_Sparks01.uasset" 3845
"C:/Users/franc/AppData/Local/UnrealEngine/Common/DerivedDataCache/Buckets/BulkDataList/3d/9f/2857ddddc6842942c325b983c7b8dae2b250.udd" 3846
"E:/Unreal Projects/LeagueJourney/Content/StarterContent/Audio/Fire01_Cue.uasset" 3847
"E:/Unreal Projects/LeagueJourney/Content/StarterContent/Audio/Fire01.uasset" 3848
"E:/Unreal Projects/LeagueJourney/Content/StarterContent/Audio/Explosion_Cue.uasset" 3849
"C:/Users/franc/AppData/Local/UnrealEngine/Common/DerivedDataCache/Buckets/BulkDataList/43/5c/486d2d48e91a35f76300ccb632649b766f01.udd" 3850
"C:/Users/franc/AppData/Local/UnrealEngine/Common/DerivedDataCache/Buckets/BulkDataList/53/f3/c3ba35a8aa01434e3257a15c0875eb9c372c.udd" 3851
"C:/Users/franc/AppData/Local/UnrealEngine/Common/DerivedDataCache/Buckets/BulkDataList/ba/c1/c679ab01a8445be57adac12cb0a3b0af2a96.udd" 3852
"C:/Users/franc/AppData/Local/UnrealEngine/Common/DerivedDataCache/Buckets/BulkDataList/9c/17/70ba6f250ccade7124c5acae4f0a664ff55f.udd" 3853
"C:/Users/franc/AppData/Local/UnrealEngine/Common/DerivedDataCache/Buckets/BulkDataList/d9/27/ae77311bcd504f5a81a75ca6b072ba1347e2.udd" 3854
"C:/Users/franc/AppData/Local/UnrealEngine/Common/DerivedDataCache/Buckets/BulkDataList/21/d1/f67f8dce055f9690e35fad9fc97273ab77b2.udd" 3855
"C:/Users/franc/AppData/Local/UnrealEngine/Common/DerivedDataCache/Buckets/MaterialShaderMap/dc/d8/7ad55de4da8c492d3f69e72808ca75595a5a.udd" 3856
"C:/Users/franc/AppData/Local/UnrealEngine/Common/DerivedDataCache/Buckets/MaterialShaderMap/b3/55/d3c78a1927d270ffc66a8efa5347f3568f65.udd" 3857
"E:/Unreal Projects/LeagueJourney/Content/StarterContent/Audio/Explosion02.uasset" 3858
"E:/Unreal Projects/LeagueJourney/Content/StarterContent/Audio/Explosion01.uasset" 3859
"E:/Unreal Projects/LeagueJourney/Content/StarterContent/Audio/Collapse_Cue.uasset" 3860
"E:/Unreal Projects/LeagueJourney/Content/StarterContent/Audio/Collapse02.uasset" 3861
"E:/Unreal Projects/LeagueJourney/Content/StarterContent/Audio/Collapse01.uasset" 3862
"E:/Unreal Projects/LeagueJourney/Content/Props/Stadiums/MCB/road.uasset" 3863
"E:/Unreal Projects/LeagueJourney/Content/Props/Stadiums/MCB/pavement.uasset" 3864
"E:/Unreal Projects/LeagueJourney/Content/Props/Sprites/wfa.uasset" 3865
"E:/Unreal Projects/LeagueJourney/Content/Props/Sprites/esfesf.uasset" 3866
"E:/Unreal Projects/LeagueJourney/Content/Props/SFX/Portugues/pt_ann_welcome.uasset" 3867
"C:/Users/franc/AppData/Local/UnrealEngine/Common/DerivedDataCache/Buckets/BulkDataList/ab/85/54ec2c584bc627ead50c89f2644ba7ac4a9a.udd" 3868
"E:/Unreal Projects/LeagueJourney/Content/Props/SFX/Portugues/pt_ann_goloFora.uasset" 3869
"C:/Users/franc/AppData/Local/UnrealEngine/Common/DerivedDataCache/Buckets/BulkDataList/25/b6/3d84fe558d577cb6eaae45cea1c6b22a7b1f.udd" 3870
"E:/Unreal Projects/LeagueJourney/Content/Props/SFX/Portugues/pt_ann_goloCasa.uasset" 3871
"E:/Unreal Projects/LeagueJourney/Content/Props/SFX/NewSoundAttenuation.uasset" 3872
"E:/Unreal Projects/LeagueJourney/Content/Props/SFX/494353__sandermotions__soccer-stadium-07.uasset" 3873
"C:/Users/franc/AppData/Local/UnrealEngine/Common/DerivedDataCache/Buckets/BulkDataList/d4/80/c91e417116390b0a8c2b005f9befc14cc0a4.udd" 3874
"E:/Unreal Projects/LeagueJourney/Content/Props/SFX/492984__ralphloop__soccer-stadium-game-fcsp-vs-buchum.uasset" 3875
"C:/Users/franc/AppData/Local/UnrealEngine/Common/DerivedDataCache/Buckets/BulkDataList/2e/ba/0c686a8638bfa14e20ae45171bad73c42dd2.udd" 3876
"C:/Users/franc/AppData/Local/UnrealEngine/Common/DerivedDataCache/Buckets/BulkDataList/f3/34/0d5831b8c3a979172715395936ae3f956e47.udd" 3877
"E:/Unreal Projects/LeagueJourney/Content/Props/SFX/463918__rosachoque__benfica-stadium.uasset" 3878
"C:/Users/franc/AppData/Local/UnrealEngine/Common/DerivedDataCache/Buckets/BulkDataList/5a/0c/919055ae8352ece7e09b6851876f2f192284.udd" 3879
"C:/Users/franc/AppData/Local/UnrealEngine/Common/DerivedDataCache/Buckets/BulkDataList/0a/91/e7afeb2801bc7e766dc0ec91e82e312b89e3.udd" 3880
"C:/Users/franc/AppData/Local/UnrealEngine/Common/DerivedDataCache/Buckets/BulkDataList/16/08/3a4b0afccc7474d44111955db47e00b000f3.udd" 3881
"C:/Users/franc/AppData/Local/UnrealEngine/Common/DerivedDataCache/Buckets/MaterialShaderMap/65/d4/af0defc3db6be510ce886b110c2f10686b76.udd" 3882
"C:/Users/franc/AppData/Local/UnrealEngine/Common/DerivedDataCache/Buckets/MaterialShaderMap/4d/a0/8e7dd98ed13d39cf3c6a34e2e4f21ebd47bc.udd" 3883
"C:/Users/franc/AppData/Local/UnrealEngine/Common/DerivedDataCache/Buckets/MaterialShaderMap/de/6f/45c1fb178c187194acbfe1de103e4613d7fc.udd" 3884
"C:/Users/franc/AppData/Local/UnrealEngine/Common/DerivedDataCache/Buckets/MaterialShaderMap/0f/f0/c740ccead5036aebb69cd65259fcf82538ce.udd" 3885
"E:/Unreal Projects/LeagueJourney/Content/Props/SFX/189821__blaukreuz__goal.uasset" 3886
"E:/Unreal Projects/LeagueJourney/Content/Props/Objetos/Bola/PM_Football.uasset" 3887
"E:/Unreal Projects/LeagueJourney/Content/Props/Objetos/Bola/Mat_Football.uasset" 3888
"E:/Unreal Projects/LeagueJourney/Content/Props/Environment/Interactive/Pitch/white_Chalk.uasset" 3889
"E:/Unreal Projects/LeagueJourney/Content/Props/Environment/Interactive/Pitch/white.uasset" 3890
"E:/Unreal Projects/LeagueJourney/Content/Props/Environment/Interactive/Pitch/Grey.uasset" 3891
"E:/Unreal Projects/LeagueJourney/Content/Props/Environment/Interactive/Pitch/Green_002.uasset" 3892
"E:/Unreal Projects/LeagueJourney/Content/Props/Environment/Interactive/Pitch/Green_001.uasset" 3893
"E:/Unreal Projects/LeagueJourney/Content/Props/Environment/Interactive/Goals/Mat_Net.uasset" 3894
"C:/Users/franc/AppData/Local/UnrealEngine/Common/DerivedDataCache/Buckets/BulkDataList/ec/7e/cabc38a5632864438ec10342637e3c6f4f77.udd" 3895
"C:/Users/franc/AppData/Local/UnrealEngine/Common/DerivedDataCache/Buckets/BulkDataList/c0/7c/8af0e3b2908bec7a28f8468e7d6bf8c62778.udd" 3896
"E:/Unreal Projects/LeagueJourney/Content/Props/Environment/Interactive/Goals/Mat_GoalPost.uasset" 3897
"E:/Unreal Projects/LeagueJourney/Content/Props/Ads/Material/rgb.uasset" 3898
"C:/Users/franc/AppData/Local/UnrealEngine/Common/DerivedDataCache/Buckets/BulkDataList/b9/a8/47ad223c2853ecb2a3be195250d9151f0aa0.udd" 3899
"C:/Users/franc/AppData/Local/UnrealEngine/Common/DerivedDataCache/Buckets/BulkDataList/96/18/6f3832ae23d4929abe30eaf40602fb132e9c.udd" 3900
"E:/Unreal Projects/LeagueJourney/Content/Props/Ads/Material/MaterialEletronics.uasset" 3901
"E:/Unreal Projects/LeagueJourney/Content/Props/Ads/Instances/wanks.uasset" 3902
"C:/Users/franc/AppData/Local/UnrealEngine/Common/DerivedDataCache/Buckets/BulkDataList/d4/3a/743a78383f807bd5b3f9d9513c3321b6525f.udd" 3903
"E:/Unreal Projects/LeagueJourney/Content/Props/Ads/Instances/sike.uasset" 3904
"C:/Users/franc/AppData/Local/UnrealEngine/Common/DerivedDataCache/Buckets/BulkDataList/d5/c6/74b575412827a17a69afe0b2c703c630d500.udd" 3905
"E:/Unreal Projects/LeagueJourney/Content/Props/Ads/Instances/mcd.uasset" 3906
"C:/Users/franc/AppData/Local/UnrealEngine/Common/DerivedDataCache/Buckets/BulkDataList/ef/ad/e0a98da02ed2c27cd8e410bec4c82ee77cd5.udd" 3907
"C:/Users/franc/AppData/Local/UnrealEngine/Common/DerivedDataCache/Buckets/BulkDataList/14/cd/82f76fafe3ea8756d4dce70e0b46ac03a034.udd" 3908
"C:/Users/franc/AppData/Local/UnrealEngine/Common/DerivedDataCache/Buckets/MaterialShaderMap/6a/95/a1b8a6e595bdfd0d2afdb6f690cfd184608f.udd" 3909
"C:/Users/franc/AppData/Local/UnrealEngine/Common/DerivedDataCache/Buckets/MaterialShaderMap/c5/7c/280c0a582c6500510349beb076ba5ef61e0e.udd" 3910
"C:/Users/franc/AppData/Local/UnrealEngine/Common/DerivedDataCache/Buckets/MaterialShaderMap/00/2d/65e984b08787cf540d6fadbd554649d74628.udd" 3911
"C:/Users/franc/AppData/Local/UnrealEngine/Common/DerivedDataCache/Buckets/MaterialShaderMap/73/f0/acb66c8df1515e3730141befc982e04ce873.udd" 3912
"C:/Users/franc/AppData/Local/UnrealEngine/Common/DerivedDataCache/Buckets/MaterialShaderMap/6a/40/ec532fd9b7469944eb90d9d8f2c3156f2eb2.udd" 3913
"C:/Users/franc/AppData/Local/UnrealEngine/Common/DerivedDataCache/Buckets/MaterialShaderMap/80/c2/1b7a89f025790f5520f808460d125cc681d3.udd" 3914
"C:/Users/franc/AppData/Local/UnrealEngine/Common/DerivedDataCache/Buckets/MaterialShaderMap/12/3f/ede8f31dc11ccb571264a667cc9670ec5273.udd" 3915
"C:/Users/franc/AppData/Local/UnrealEngine/Common/DerivedDataCache/Buckets/MaterialShaderMap/a1/67/0b9d3645475ef92295b867be27721e8073d3.udd" 3916
"C:/Users/franc/AppData/Local/UnrealEngine/Common/DerivedDataCache/Buckets/MaterialShaderMap/9e/1d/cfc71aca511f91cfe4660db39917dc3420be.udd" 3917
"C:/Users/franc/AppData/Local/UnrealEngine/Common/DerivedDataCache/Buckets/MaterialShaderMap/f5/de/ed45af0e598202ec9de2a000fd57323ba299.udd" 3918
"C:/Users/franc/AppData/Local/UnrealEngine/Common/DerivedDataCache/Buckets/MaterialShaderMap/15/75/14923e9175742375abf0ed066125c27a1e5e.udd" 3919
"C:/Users/franc/AppData/Local/UnrealEngine/Common/DerivedDataCache/Buckets/MaterialShaderMap/63/e6/23a125948055f1748cea35a95b7c89e7ea53.udd" 3920
"E:/Unreal Projects/LeagueJourney/Content/MSPresets/M_MS_Surface_Material_VT/Functions/MF_Displacement.uasset" 3921
"E:/Unreal Projects/LeagueJourney/Content/MSPresets/M_MS_Surface_Material/Functions/MF_Displacement.uasset" 3922
"E:/Unreal Projects/LeagueJourney/Content/MSPresets/M_MS_SurfaceBlend_Material/LayerFunctions/Top/MF_TopLayerTessellation.uasset" 3923
"E:/Unreal Projects/LeagueJourney/Content/MSPresets/M_MS_SurfaceBlend_Material/LayerFunctions/Top/MF_TopLayerAdjustments.uasset" 3924
"E:/Unreal Projects/LeagueJourney/Content/MSPresets/M_MS_SurfaceBlend_Material/LayerFunctions/Middle/MF_MiddleLayerTessellation.uasset" 3925
"E:/Unreal Projects/LeagueJourney/Content/MSPresets/M_MS_SurfaceBlend_Material/LayerFunctions/Middle/MF_MiddleLayerAdjustments.uasset" 3926
"E:/Unreal Projects/LeagueJourney/Content/MSPresets/M_MS_SurfaceBlend_Material/LayerFunctions/Base/MF_BaseLayerTessellation.uasset" 3927
"E:/Unreal Projects/LeagueJourney/Content/MSPresets/M_MS_SurfaceBlend_Material/LayerFunctions/Base/MF_BaseLayerAdjustments.uasset" 3928
"E:/Unreal Projects/LeagueJourney/Content/MSPresets/M_MS_SurfaceBlend_Material/LayerFunctions/MF_Displacement.uasset" 3929
"E:/Unreal Projects/LeagueJourney/Content/MSPresets/M_MS_Glass_Material/Textures/White.uasset" 3930
"C:/Users/franc/AppData/Local/UnrealEngine/Common/DerivedDataCache/Buckets/BulkDataList/31/ed/6df7347dee4dec2d33345640260a3e40822d.udd" 3931
"E:/Unreal Projects/LeagueJourney/Content/MSPresets/M_MS_Glass_Material/Textures/FlatNormal.uasset" 3932
"E:/Unreal Projects/LeagueJourney/Content/MSPresets/M_MS_Glass_Material/Textures/Black.uasset" 3933
"C:/Users/franc/AppData/Local/UnrealEngine/Common/DerivedDataCache/Buckets/BulkDataList/61/2f/059ac7f1e1cbe6e63f9a40aa850b6a2f12c1.udd" 3934
"E:/Unreal Projects/LeagueJourney/Content/MSPresets/M_MS_Glass_Material/Functions/MF_TranslucencyMetallic.uasset" 3935
"C:/Users/franc/AppData/Local/UnrealEngine/Common/DerivedDataCache/Buckets/BulkDataList/1f/46/610c205d44b95f1295a463bbd04b2159add7.udd" 3936
"E:/Unreal Projects/LeagueJourney/Content/MSPresets/M_MS_Glass_Material/Functions/MF_Refraction.uasset" 3937
"E:/Unreal Projects/LeagueJourney/Content/MSPresets/M_MS_Foliage_Material/Functions/MF_Translucency.uasset" 3938
"C:/Users/franc/AppData/Local/UnrealEngine/Common/DerivedDataCache/Buckets/BulkDataList/f9/29/71d5b57a7eb3080738c3ffb168046d03860a.udd" 3939
"E:/Unreal Projects/LeagueJourney/Content/MSPresets/M_MS_Foliage_Material/MF_Translucency.uasset" 3940
"C:/Users/franc/AppData/Local/UnrealEngine/Common/DerivedDataCache/Buckets/MaterialShaderMap/5a/f1/85573e7d9c08695f0d896fcf2aeebb74de43.udd" 3941
"C:/Users/franc/AppData/Local/UnrealEngine/Common/DerivedDataCache/Buckets/MaterialShaderMap/14/6b/80cb22faa5950ea7ea96efaf1f867324f256.udd" 3942
"C:/Users/franc/AppData/Local/UnrealEngine/Common/DerivedDataCache/Buckets/MaterialShaderMap/46/c4/522c0229c62bb3730d03c53cb7eaaed66f4b.udd" 3943
"C:/Users/franc/AppData/Local/UnrealEngine/Common/DerivedDataCache/Buckets/MaterialShaderMap/9a/c5/bb96e3d492fe3e219da8c681bc9056df3c03.udd" 3944
"C:/Users/franc/AppData/Local/UnrealEngine/Common/DerivedDataCache/Buckets/MaterialShaderMap/70/25/daa666928c7a54c02d0b9fda838c3ad36884.udd" 3945
"C:/Users/franc/AppData/Local/UnrealEngine/Common/DerivedDataCache/Buckets/MaterialShaderMap/71/28/5c2e2b9ad73fd437e92dc1f8faebba6e4435.udd" 3946
"E:/Unreal Projects/LeagueJourney/Content/MSPresets/M_MS_Default_Material_VT/Functions/MF_ObjAdjustments.uasset" 3947
"E:/Unreal Projects/LeagueJourney/Content/MSPresets/M_MS_Default_Material_VT/Functions/MF_Fuzz.uasset" 3948
"E:/Unreal Projects/LeagueJourney/Content/MSPresets/M_MS_Default_Material_VT/Functions/MF_Displacement.uasset" 3949
"E:/Unreal Projects/LeagueJourney/Content/MSPresets/M_MS_Default_Material/Functions/MF_ObjAdjustments.uasset" 3950
"E:/Unreal Projects/LeagueJourney/Content/MSPresets/M_MS_Default_Material/Functions/MF_Fuzz.uasset" 3951
"E:/Unreal Projects/LeagueJourney/Content/MSPresets/M_MS_Default_Material/Functions/MF_Displacement.uasset" 3952
"E:/Unreal Projects/LeagueJourney/Content/MSPresets/M_MS_Default_Fuzz_Material_VT/Functions/MF_Fuzz.uasset" 3953
"E:/Unreal Projects/LeagueJourney/Content/MSPresets/M_MS_Default_Fuzz_Material/Functions/MF_Fuzz.uasset" 3954
"E:/Unreal Projects/LeagueJourney/Content/MSPresets/MSVTTextures/WhitePlaceholder.uasset" 3955
"E:/Unreal Projects/LeagueJourney/Content/MSPresets/MSVTTextures/Placeholder_Normal.uasset" 3956
"C:/Users/franc/AppData/Local/UnrealEngine/Common/DerivedDataCache/Buckets/BulkDataList/df/de/11d1d3b851ac70a3e904b9d1632232460bd4.udd" 3957
"E:/Unreal Projects/LeagueJourney/Content/MSPresets/MSVTTextures/DefaultDiffuse.uasset" 3958
"C:/Users/franc/AppData/Local/UnrealEngine/Common/DerivedDataCache/Buckets/BulkDataList/bb/b5/1d99a362dee410d447b118889c0617fd5933.udd" 3959
"C:/Users/franc/AppData/Local/UnrealEngine/Common/DerivedDataCache/Buckets/BulkDataList/b3/37/c53d23721e62389ce6453bd2919ab1ae15b2.udd" 3960
"E:/Unreal Projects/LeagueJourney/Content/MSPresets/MSVTTextures/BlackPlaceholder.uasset" 3961
"E:/Unreal Projects/LeagueJourney/Content/MSPresets/MSTextures/WhitePlaceholder.uasset" 3962
"E:/Unreal Projects/LeagueJourney/Content/MSPresets/MSTextures/White.uasset" 3963
"E:/Unreal Projects/LeagueJourney/Content/MSPresets/MSTextures/Placeholder_Normal.uasset" 3964
"E:/Unreal Projects/LeagueJourney/Content/MSPresets/MSTextures/Placeholder.uasset" 3965
"E:/Unreal Projects/LeagueJourney/Content/MSPresets/MSTextures/FlatNormal.uasset" 3966
"E:/Unreal Projects/LeagueJourney/Content/MSPresets/MSTextures/BlackPlaceholder.uasset" 3967
"E:/Unreal Projects/LeagueJourney/Content/MSPresets/MSTextures/Black.uasset" 3968
"E:/Unreal Projects/LeagueJourney/Content/Megascans/Surfaces/Artificial_Turf_pgbf21s0/T_Artificial_Turf_pgbf21s0_4K_N.uasset" 3969
"E:/Unreal Projects/LeagueJourney/Content/Megascans/Surfaces/Artificial_Turf_pgbf21s0/T_Artificial_Turf_pgbf21s0_4K_D.uasset" 3970
"E:/Unreal Projects/LeagueJourney/Content/Megascans/Surfaces/Artificial_Turf_pgbf21s0/T_ArtificialTurf_pgbf21s0_4K_ORDp.uasset" 3971
"E:/Unreal Projects/LeagueJourney/Content/Megascans/Surfaces/Animal_Skin_qbCnW0/T_Animal_Skin_qbCnW0_2K_N.uasset" 3972
"E:/Unreal Projects/LeagueJourney/Content/Megascans/Surfaces/Animal_Skin_qbCnW0/T_Animal_Skin_qbCnW0_2K_D.uasset" 3973
"C:/Users/franc/AppData/Local/UnrealEngine/Common/DerivedDataCache/Buckets/BulkDataList/c6/0c/65ceb9b65a0b5b244881a397faa4f6a874f4.udd" 3974
"E:/Unreal Projects/LeagueJourney/Content/Megascans/Surfaces/Animal_Skin_qbCnW0/T_AnimalSkin_qbCnW0_2K_ORDp.uasset" 3975
"E:/Unreal Projects/LeagueJourney/Content/Megascans/3D_Plants/Ribbon_Grass_tbdpec3r/T_Ribbon_Grass_tbdpec3r_Billboard_N.uasset" 3976
"C:/Users/franc/AppData/Local/UnrealEngine/Common/DerivedDataCache/Buckets/BulkDataList/e8/80/c628a6fe505a09f921c22ea3c638ba8516e0.udd" 3977
"C:/Users/franc/AppData/Local/UnrealEngine/Common/DerivedDataCache/Buckets/BulkDataList/2e/48/be0039e349ef1774b3bdc5ac99238ebe47fc.udd" 3978
"E:/Unreal Projects/LeagueJourney/Content/Megascans/3D_Plants/Ribbon_Grass_tbdpec3r/T_Ribbon_Grass_tbdpec3r_Billboard_D.uasset" 3979
"C:/Users/franc/AppData/Local/UnrealEngine/Common/DerivedDataCache/Buckets/BulkDataList/eb/02/040ac8ec354617baf5f07c1419fd99fb1aba.udd" 3980
"E:/Unreal Projects/LeagueJourney/Content/Megascans/3D_Plants/Ribbon_Grass_tbdpec3r/T_Ribbon_Grass_tbdpec3r_1K_N.uasset" 3981
"C:/Users/franc/AppData/Local/UnrealEngine/Common/DerivedDataCache/Buckets/BulkDataList/93/89/63c5553a6015f837958c6d00771ca007c5df.udd" 3982
"E:/Unreal Projects/LeagueJourney/Content/Megascans/3D_Plants/Ribbon_Grass_tbdpec3r/T_Ribbon_Grass_tbdpec3r_1K_D.uasset" 3983
"C:/Users/franc/AppData/Local/UnrealEngine/Common/DerivedDataCache/Buckets/BulkDataList/34/74/5ba9df656196a63bccf2ad16568e2eaf6aa8.udd" 3984
"E:/Unreal Projects/LeagueJourney/Content/Megascans/3D_Plants/Ribbon_Grass_tbdpec3r/T_RibbonGrass_tbdpec3r_1K_billboard_ART.uasset" 3985
"C:/Users/franc/AppData/Local/UnrealEngine/Common/DerivedDataCache/Buckets/BulkDataList/68/81/3f744901c841fb09729bbe4fe088aabaa5fc.udd" 3986
"E:/Unreal Projects/LeagueJourney/Content/Megascans/3D_Plants/Ribbon_Grass_tbdpec3r/T_RibbonGrass_tbdpec3r_1K_ART.uasset" 3987
"C:/Users/franc/AppData/Local/UnrealEngine/Common/DerivedDataCache/Buckets/BulkDataList/84/41/76faf953aa92f30dfa42dbcd3321deaf2f2b.udd" 3988
"E:/Unreal Projects/LeagueJourney/Content/Megascans/3D_Plants/Grass_Clumps_qmBr2/T_Grass_Clumps_qmBr2_Billboard_N.uasset" 3989
"C:/Users/franc/AppData/Local/UnrealEngine/Common/DerivedDataCache/Buckets/BulkDataList/05/9a/0c74a3dfc4b84cdb6904fa60e32d7a1da5c8.udd" 3990
"C:/Users/franc/AppData/Local/UnrealEngine/Common/DerivedDataCache/Buckets/BulkDataList/9b/e6/d69a6ba63655f8644e49b145d68823df5e8d.udd" 3991
"C:/Users/franc/AppData/Local/UnrealEngine/Common/DerivedDataCache/Buckets/BulkDataList/52/6c/8ad16c317c46e7928c8e710b7b5ec0f3e8a0.udd" 3992
"C:/Users/franc/AppData/Local/UnrealEngine/Common/DerivedDataCache/Buckets/BulkDataList/39/08/b288fe220ca8fc2ab3ca54c3f2431c464180.udd" 3993
"C:/Users/franc/AppData/Local/UnrealEngine/Common/DerivedDataCache/Buckets/BulkDataList/77/f7/5eed20ad9e46b83c3f5700b6af3066492e85.udd" 3994
"C:/Users/franc/AppData/Local/UnrealEngine/Common/DerivedDataCache/Buckets/BulkDataList/41/b2/5075f6672387d1f514010cee025d4c51028c.udd" 3995
"C:/Users/franc/AppData/Local/UnrealEngine/Common/DerivedDataCache/Buckets/BulkDataList/8a/73/72d013619d3c00e9e6fe5fc60942c30d89ae.udd" 3996
"C:/Users/franc/AppData/Local/UnrealEngine/Common/DerivedDataCache/Buckets/BulkDataList/bd/e3/454540d3825fdfc6eb4430dc33b1aa57b5c6.udd" 3997
"E:/Unreal Projects/LeagueJourney/Content/Megascans/3D_Plants/Grass_Clumps_qmBr2/T_Grass_Clumps_qmBr2_Billboard_D.uasset" 3998
"E:/Unreal Projects/LeagueJourney/Content/Megascans/3D_Plants/Grass_Clumps_qmBr2/T_Grass_Clumps_qmBr2_1K_N.uasset" 3999
"E:/Unreal Projects/LeagueJourney/Content/Megascans/3D_Plants/Grass_Clumps_qmBr2/T_Grass_Clumps_qmBr2_1K_D.uasset" 4000
"E:/Unreal Projects/LeagueJourney/Content/Megascans/3D_Plants/Grass_Clumps_qmBr2/T_GrassClumps_qmBr2_1K_billboard_ART.uasset" 4001
"E:/Unreal Projects/LeagueJourney/Content/Megascans/3D_Plants/Grass_Clumps_qmBr2/T_GrassClumps_qmBr2_1K_ART.uasset" 4002
"E:/Unreal Projects/LeagueJourney/Content/Megascans/3D_Plants/Field_Poppy_vmcobd0ja/T_Field_Poppy_vmcobd0ja_Billboard_N.uasset" 4003
"E:/Unreal Projects/LeagueJourney/Content/Megascans/3D_Plants/Field_Poppy_vmcobd0ja/T_Field_Poppy_vmcobd0ja_Billboard_D.uasset" 4004
"E:/Unreal Projects/LeagueJourney/Content/Megascans/3D_Plants/Field_Poppy_vmcobd0ja/T_Field_Poppy_vmcobd0ja_2K_N.uasset" 4005
"C:/Users/franc/AppData/Local/UnrealEngine/Common/DerivedDataCache/Buckets/BulkDataList/31/73/f2ac59f4ee959f3d1dbc590cdd763b1f6c8d.udd" 4006
"E:/Unreal Projects/LeagueJourney/Content/Megascans/3D_Plants/Field_Poppy_vmcobd0ja/T_Field_Poppy_vmcobd0ja_2K_D.uasset" 4007
"C:/Users/franc/AppData/Local/UnrealEngine/Common/DerivedDataCache/Buckets/BulkDataList/81/62/e23607306901d15fed72069500d06289097b.udd" 4008
"E:/Unreal Projects/LeagueJourney/Content/Megascans/3D_Plants/Field_Poppy_vmcobd0ja/T_FieldPoppy_vmcobd0ja_2K_billboard_ART.uasset" 4009
"C:/Users/franc/AppData/Local/UnrealEngine/Common/DerivedDataCache/Buckets/BulkDataList/5b/93/e782e5b18b0ed6c9c6ea81e7a039d0f8316c.udd" 4010
"E:/Unreal Projects/LeagueJourney/Content/Megascans/3D_Plants/Field_Poppy_vmcobd0ja/T_FieldPoppy_vmcobd0ja_2K_ART.uasset" 4011
"C:/Users/franc/AppData/Local/UnrealEngine/Common/DerivedDataCache/Buckets/BulkDataList/2b/ca/14a227d9322e03d23f122563694b26f21e00.udd" 4012
"E:/Unreal Projects/LeagueJourney/Content/Megascans/3D_Plants/European_Spindle_wk1ncbxja/T_European_Spindle_wk1ncbxja_Billboard_N.uasset" 4013
"E:/Unreal Projects/LeagueJourney/Content/Megascans/3D_Plants/European_Spindle_wk1ncbxja/T_European_Spindle_wk1ncbxja_Billboard_D.uasset" 4014
"C:/Users/franc/AppData/Local/UnrealEngine/Common/DerivedDataCache/Buckets/BulkDataList/48/ff/5e76d8bfa1e91d2f90b2e8c79dcf1731a3b2.udd" 4015
"C:/Users/franc/AppData/Local/UnrealEngine/Common/DerivedDataCache/Buckets/BulkDataList/b2/cf/bbacda270806120cc54d04387bc9fb617a5f.udd" 4016
"E:/Unreal Projects/LeagueJourney/Content/Megascans/3D_Plants/European_Spindle_wk1ncbxja/T_European_Spindle_wk1ncbxja_1K_N.uasset" 4017
"E:/Unreal Projects/LeagueJourney/Content/Megascans/3D_Plants/European_Spindle_wk1ncbxja/T_European_Spindle_wk1ncbxja_1K_D.uasset" 4018
"C:/Users/franc/AppData/Local/UnrealEngine/Common/DerivedDataCache/Buckets/BulkDataList/fd/4b/a53ea7732e0204f24a2e6fd0c9a7503a1093.udd" 4019
"C:/Users/franc/AppData/Local/UnrealEngine/Common/DerivedDataCache/Buckets/BulkDataList/9f/71/1811bc7fbcf96113e379f434cd90059b4fd8.udd" 4020
"E:/Unreal Projects/LeagueJourney/Content/Megascans/3D_Plants/European_Spindle_wk1ncbxja/T_EuropeanSpindle_wk1ncbxja_1K_billboard_ART.uasset" 4021
"C:/Users/franc/AppData/Local/UnrealEngine/Common/DerivedDataCache/Buckets/BulkDataList/c4/d3/cb4f9bffd2bd919b50089cd235f92a9c64b6.udd" 4022
"C:/Users/franc/AppData/Local/UnrealEngine/Common/DerivedDataCache/Buckets/BulkDataList/eb/0e/d3cd9f530cea6e32d3044f78c69b2302fb5c.udd" 4023
"C:/Users/franc/AppData/Local/UnrealEngine/Common/DerivedDataCache/Buckets/BulkDataList/92/c9/15d5aa38ce69a3b6c2502f2f48899965beff.udd" 4024
"C:/Users/franc/AppData/Local/UnrealEngine/Common/DerivedDataCache/Buckets/BulkDataList/72/a5/5d36625d945520bafb2f42459ae32bf24044.udd" 4025
"C:/Users/franc/AppData/Local/UnrealEngine/Common/DerivedDataCache/Buckets/BulkDataList/7f/94/d1fa525c85f63ae1c836dcd2061846952171.udd" 4026
"C:/Users/franc/AppData/Local/UnrealEngine/Common/DerivedDataCache/Buckets/BulkDataList/ab/7c/0e0cf4cc61c4037565d8492ebe1a935b17d7.udd" 4027
"C:/Users/franc/AppData/Local/UnrealEngine/Common/DerivedDataCache/Buckets/BulkDataList/f3/0d/1c0c9bb7f85811b86a5323c16259975a0acb.udd" 4028
"C:/Users/franc/AppData/Local/UnrealEngine/Common/DerivedDataCache/Buckets/BulkDataList/44/63/5379d2d28ecc4fe8fac7f6e4473490fbad46.udd" 4029
"E:/Unreal Projects/LeagueJourney/Content/Megascans/3D_Plants/European_Spindle_wk1ncbxja/T_EuropeanSpindle_wk1ncbxja_1K_ART.uasset" 4030
"E:/Unreal Projects/LeagueJourney/Content/Megascans/3D_Plants/Boxwood_wfypfa3ha/T_Boxwood_wfypfa3ha_Billboard_N.uasset" 4031
"E:/Unreal Projects/LeagueJourney/Content/Megascans/3D_Plants/Boxwood_wfypfa3ha/T_Boxwood_wfypfa3ha_Billboard_D.uasset" 4032
"E:/Unreal Projects/LeagueJourney/Content/Megascans/3D_Plants/Boxwood_wfypfa3ha/T_Boxwood_wfypfa3ha_1K_N.uasset" 4033
"E:/Unreal Projects/LeagueJourney/Content/Megascans/3D_Plants/Boxwood_wfypfa3ha/T_Boxwood_wfypfa3ha_1K_D.uasset" 4034
"E:/Unreal Projects/LeagueJourney/Content/Megascans/3D_Plants/Boxwood_wfypfa3ha/T_Boxwood_wfypfa3ha_1K_billboard_ART.uasset" 4035
"E:/Unreal Projects/LeagueJourney/Content/Megascans/3D_Plants/Boxwood_wfypfa3ha/T_Boxwood_wfypfa3ha_1K_ART.uasset" 4036
"E:/Unreal Projects/LeagueJourney/Content/Levels/StadiumMCB_BuiltData.uasset" 4037
"C:/Users/franc/AppData/Local/UnrealEngine/Common/DerivedDataCache/Buckets/BulkDataList/13/e8/68fd7f367b6a3d642946b053c58929651fd0.udd" 4038
"E:/Unreal Projects/LeagueJourney/Content/Levels/MainMenu_BuiltData.uasset" 4039
"E:/Unreal Projects/LeagueJourney/Content/Levels/death-match-cinematic-action-theme-135276.uasset" 4040
"C:/Users/franc/AppData/Local/UnrealEngine/Common/DerivedDataCache/Buckets/BulkDataList/31/0c/6356abe69ad4d0c320c04f75eaf1e62a1014.udd" 4041
"C:/Users/franc/AppData/Local/UnrealEngine/Common/DerivedDataCache/Buckets/BulkDataList/15/89/bd0e1ea7a134b31df26fce62509f611e6cdd.udd" 4042
"E:/Unreal Projects/LeagueJourney/Content/LevelPrototyping/Textures/T_GridChecker_A.uasset" 4043
"E:/Unreal Projects/LeagueJourney/Content/LevelPrototyping/Materials/M_Solid.uasset" 4044
"C:/Users/franc/AppData/Local/UnrealEngine/Common/DerivedDataCache/Buckets/BulkDataList/70/b2/8ffdde2a8b563c1774dec354e1204bf3695f.udd" 4045
"E:/Unreal Projects/LeagueJourney/Content/GameModes/NewBlueprint.uasset" 4046
"C:/Users/franc/AppData/Local/UnrealEngine/Common/DerivedDataCache/Buckets/BulkDataList/6a/3a/98a631b30e1c0f6a75422229b837ba8a9239.udd" 4047
"C:/Users/franc/AppData/Local/UnrealEngine/Common/DerivedDataCache/Buckets/BulkDataList/d3/0f/93335e07c8c396892d1ac8645325427ee355.udd" 4048
"E:/Unreal Projects/LeagueJourney/Content/EditorWidgets/windows/EW_PlayerStats.uasset" 4049
"C:/Users/franc/AppData/Local/UnrealEngine/Common/DerivedDataCache/Buckets/BulkDataList/33/f5/39c9ec95ae547cba87ccba641727c7d42f67.udd" 4050
"E:/Unreal Projects/LeagueJourney/Content/EditorWidgets/windows/EW_LoadLevel.uasset" 4051
"C:/Users/franc/AppData/Local/UnrealEngine/Common/DerivedDataCache/Buckets/BulkDataList/d6/cc/fdaffc8ca7ac6edd2695b74a08c552148ba7.udd" 4052
"E:/Unreal Projects/LeagueJourney/Content/EditorWidgets/ThirdStreetDebugMenu.uasset" 4053
"C:/Users/franc/AppData/Local/UnrealEngine/Common/DerivedDataCache/Buckets/BulkDataList/25/9d/bca0d69e90e113edf2260803586003b83096.udd" 4054
"C:/Users/franc/AppData/Local/UnrealEngine/Common/DerivedDataCache/Buckets/BulkDataList/a0/1d/3f6cecf979e1c6c29f11fd9fa0d98be4e1e2.udd" 4055
"C:/Users/franc/AppData/Local/UnrealEngine/Common/DerivedDataCache/Buckets/BulkDataList/df/a8/df1fea4e86f927a53399732dd3dd727873d9.udd" 4056
"C:/Users/franc/AppData/Local/UnrealEngine/Common/DerivedDataCache/Buckets/BulkDataList/27/00/d018421bffe1866910b782946e236a454523.udd" 4057
"C:/Users/franc/AppData/Local/UnrealEngine/Common/DerivedDataCache/Buckets/BulkDataList/25/c4/92e46c1c85e3ee01a37acd7e8e78f795eb9a.udd" 4058
"C:/Users/franc/AppData/Local/UnrealEngine/Common/DerivedDataCache/Buckets/BulkDataList/61/6c/a8c265a7eefc7c9c4bdf2aff4429769640cb.udd" 4059
"C:/Users/franc/AppData/Local/UnrealEngine/Common/DerivedDataCache/Buckets/BulkDataList/97/cd/01d73ad2c3232d4095b1c9b3919813ac33c7.udd" 4060
"C:/Users/franc/AppData/Local/UnrealEngine/Common/DerivedDataCache/Buckets/BulkDataList/5d/ea/152a61d38925db44afbde934b0665fc99b05.udd" 4061
"E:/Unreal Projects/LeagueJourney/Content/Characters/szcsz/toupeiras.uasset" 4062
"E:/Unreal Projects/LeagueJourney/Content/Characters/szcsz/Material.uasset" 4063
"E:/Unreal Projects/LeagueJourney/Content/Characters/szcsz/CAHAR_Skeleton.uasset" 4064
"E:/Unreal Projects/LeagueJourney/Content/Characters/szcsz/CAHAR_PhysicsAsset.uasset" 4065
"E:/Unreal Projects/LeagueJourney/Content/Characters/Player/SFX/NewSoundAttenuation.uasset" 4066
"E:/Unreal Projects/LeagueJourney/Content/Characters/Player/SFX/593848__igroglaz__slip-on-ice.uasset" 4067
"E:/Unreal Projects/LeagueJourney/Content/Characters/Player/SFX/555042__bittermelonheart__soccer-ball-kick.uasset" 4068
"E:/Unreal Projects/LeagueJourney/Content/Characters/Player/SFX/261267__musita182__soccer-kick.uasset" 4069
"C:/Users/franc/AppData/Local/UnrealEngine/Common/DerivedDataCache/Buckets/BulkDataList/ca/3e/f269bdf3fa945e6b4ac310bc0483b8e8583b.udd" 4070
"E:/Unreal Projects/LeagueJourney/Content/Characters/Player/PlayerInput/Actions/IA_Tackle.uasset" 4071
"E:/Unreal Projects/LeagueJourney/Content/Characters/Player/PlayerInput/Actions/IA_Switch.uasset" 4072
"C:/Users/franc/AppData/Local/UnrealEngine/Common/DerivedDataCache/Buckets/BulkDataList/ca/c0/46f065f85886d617f67e2bc37c3711f8fd91.udd" 4073
"E:/Unreal Projects/LeagueJourney/Content/Characters/Player/PlayerInput/Actions/IA_Sprint.uasset" 4074
"C:/Users/franc/AppData/Local/UnrealEngine/Common/DerivedDataCache/Buckets/BulkDataList/5e/0b/f3517b1e364583b30849fc100c2b0ff592a6.udd" 4075
"E:/Unreal Projects/LeagueJourney/Content/Characters/Player/PlayerInput/Actions/IA_ShootChip.uasset" 4076
"E:/Unreal Projects/LeagueJourney/Content/Characters/Player/PlayerInput/Actions/IA_Shoot.uasset" 4077
"E:/Unreal Projects/LeagueJourney/Content/Characters/Player/PlayerInput/Actions/IA_Pass.uasset" 4078
"E:/Unreal Projects/LeagueJourney/Content/Characters/Player/PlayerInput/Actions/IA_Move.uasset" 4079
"E:/Unreal Projects/LeagueJourney/Content/Characters/Player/PlayerInput/Actions/IA_Cross.uasset" 4080
"C:/Users/franc/AppData/Local/UnrealEngine/Common/DerivedDataCache/Buckets/BulkDataList/72/04/17ba546cf769641087897a1e5dd40fb89643.udd" 4081
"C:/Users/franc/AppData/Local/UnrealEngine/Common/DerivedDataCache/Buckets/BulkDataList/9c/3f/07b917203304d3f5dc85988fa2d235af3750.udd" 4082
"C:/Users/franc/AppData/Local/UnrealEngine/Common/DerivedDataCache/Buckets/BulkDataList/f4/45/b33d55630a742c6a74ff9888e18239ec4f0b.udd" 4083
"C:/Users/franc/AppData/Local/UnrealEngine/Common/DerivedDataCache/Buckets/BulkDataList/77/19/d51b237f67eca5869874179256133cb80a76.udd" 4084
"C:/Users/franc/AppData/Local/UnrealEngine/Common/DerivedDataCache/Buckets/MaterialShaderMap/59/8e/100807bfc09a0120a789c5b6e9d4b9246783.udd" 4085
"C:/Users/franc/AppData/Local/UnrealEngine/Common/DerivedDataCache/Buckets/MaterialShaderMap/d7/44/551b12c0beaaa6d8b374e230b415e7e1af87.udd" 4086
"C:/Users/franc/AppData/Local/UnrealEngine/Common/DerivedDataCache/Buckets/MaterialShaderMap/48/e2/dcc24224145bfd99cb9bdcb370ab6276e50a.udd" 4087
"C:/Users/franc/AppData/Local/UnrealEngine/Common/DerivedDataCache/Buckets/MaterialShaderMap/dd/6d/7f5c1ee0326df1e4987b82643fb0eec0a78d.udd" 4088
"E:/Unreal Projects/LeagueJourney/Content/Characters/Player/Models/MixamoDefault/Ch38_nonPBR_UE_PhysicsAsset.uasset" 4089
"E:/Unreal Projects/LeagueJourney/Content/Characters/Player/Models/MixamoDefault/Ch38_nonPBR_UE_LODSettings.uasset" 4090
"E:/Unreal Projects/LeagueJourney/Content/Characters/Player/Models/MixamoDefault/Ch38_1002_Normal.uasset" 4091
"E:/Unreal Projects/LeagueJourney/Content/Characters/Player/Models/MixamoDefault/Ch38_1002_Diffuse.uasset" 4092
"E:/Unreal Projects/LeagueJourney/Content/Characters/Player/Models/MixamoDefault/Ch38_1001_Specular.uasset" 4093
"E:/Unreal Projects/LeagueJourney/Content/Characters/Player/Models/MixamoDefault/Ch38_1001_Normal.uasset" 4094
"E:/Unreal Projects/LeagueJourney/Content/Characters/Player/Models/MixamoDefault/Ch38_1001_Glossiness.uasset" 4095
"E:/Unreal Projects/LeagueJourney/Content/Characters/Player/Models/MixamoDefault/Ch38_1001_Diffuse.uasset" 4096
"E:/Unreal Projects/LeagueJourney/Content/Characters/Player/AI/Tasks/Goalkeeper/TaskGoalkeeperBallIsComing.uasset" 4097
"E:/Unreal Projects/LeagueJourney/Content/Characters/Player/AI/Tasks/BTT_CheckShotOpportunity.uasset" 4098
"E:/Unreal Projects/LeagueJourney/Content/Characters/Player/AI/Services/ServiceGoalkeeperCheckBall.uasset" 4099
"E:/Unreal Projects/LeagueJourney/Content/Characters/Player/AI/Decorator/BTD_RandomChance.uasset" 4100
"E:/Unreal Projects/LeagueJourney/Content/Characters/Player/AI/PlayerBlackBoard.uasset" 4101
"E:/Unreal Projects/LeagueJourney/Content/Characters/Player/Ch38_nonPBR_UE_Skeleton.uasset" 4102
"E:/Unreal Projects/LeagueJourney/Content/Characters/Mannequin_UE4/Textures/T_UELogo_N_TGA.uasset" 4103
"E:/Unreal Projects/LeagueJourney/Content/Characters/Mannequin_UE4/Textures/T_UELogo_Mask.uasset" 4104
"C:/Users/franc/AppData/Local/UnrealEngine/Common/DerivedDataCache/Buckets/BulkDataList/cc/b2/03a8005774a0c803be09a0e5fdec7cdf735b.udd" 4105
"C:/Users/franc/AppData/Local/UnrealEngine/Common/DerivedDataCache/Buckets/BulkDataList/be/8a/211c7171e09c6d3dcf032694f2cf04e15f54.udd" 4106
"C:/Users/franc/AppData/Local/UnrealEngine/Common/DerivedDataCache/Buckets/BulkDataList/92/db/f0b177aa03b26122d5047fa3c391e54b0b00.udd" 4107
"C:/Users/franc/AppData/Local/UnrealEngine/Common/DerivedDataCache/Buckets/BulkDataList/fe/47/4a93b2e4ad17eaa2f91d4681af2228977339.udd" 4108
"C:/Users/franc/AppData/Local/UnrealEngine/Common/DerivedDataCache/Buckets/BulkDataList/f7/73/32a0cfc70b5b4b51ee484fd68f8c1e161e08.udd" 4109
"C:/Users/franc/AppData/Local/UnrealEngine/Common/DerivedDataCache/Buckets/BulkDataList/78/46/584e16a0dceebe9cfdc62ab54575b26370cb.udd" 4110
"E:/Unreal Projects/LeagueJourney/Content/Characters/Mannequin_UE4/Textures/T_UE4_Mannequin__normals.uasset" 4111
"E:/Unreal Projects/LeagueJourney/Content/Characters/Mannequin_UE4/Textures/T_UE4_Mannequin_MAT_MASKA.uasset" 4112
"E:/Unreal Projects/LeagueJourney/Content/Characters/Mannequin_UE4/Textures/T_ML_Rubber_Blue_01_N.uasset" 4113
"E:/Unreal Projects/LeagueJourney/Content/Characters/Mannequin_UE4/Textures/T_ML_Rubber_Blue_01_D.uasset" 4114
"E:/Unreal Projects/LeagueJourney/Content/Characters/Mannequin_UE4/Textures/T_ML_Aluminum01_N.uasset" 4115
"E:/Unreal Projects/LeagueJourney/Content/Characters/Mannequin_UE4/Textures/T_ML_Aluminum01.uasset" 4116
"E:/Unreal Projects/LeagueJourney/Content/Characters/Mannequin_UE4/Rigs/RTG_UE5Manny_UE4Manny.uasset" 4117
"E:/Unreal Projects/LeagueJourney/Content/Characters/Mannequin_UE4/Rigs/RTG_UE4Manny_UE5Manny.uasset" 4118
"E:/Unreal Projects/LeagueJourney/Content/Characters/Mannequin_UE4/Rigs/IK_UE4_Mannequin.uasset" 4119
"E:/Unreal Projects/LeagueJourney/Content/Characters/Mannequin_UE4/Meshes/SK_Mannequin_Skeleton.uasset" 4120
"E:/Unreal Projects/LeagueJourney/Content/Characters/Mannequin_UE4/Meshes/SK_Mannequin_PhysicsAsset.uasset" 4121
"E:/Unreal Projects/LeagueJourney/Content/Characters/Mannequin_UE4/Materials/Layers/ML_ShinyPlastic_Beige.uasset" 4122
"E:/Unreal Projects/LeagueJourney/Content/Characters/Mannequins/Textures/Manny/T_Manny_02_Tan.uasset" 4123
"E:/Unreal Projects/LeagueJourney/Content/Characters/Mannequins/Textures/Manny/T_Manny_02_N.uasset" 4124
"C:/Users/franc/AppData/Local/UnrealEngine/Common/DerivedDataCache/Buckets/BulkDataList/ef/ad/5b86e3ca5be1032f1f828073021caf01e652.udd" 4125
"E:/Unreal Projects/LeagueJourney/Content/Characters/Mannequins/Textures/Manny/T_Manny_02_MSR_MSK.uasset" 4126
"C:/Users/franc/AppData/Local/UnrealEngine/Common/DerivedDataCache/Buckets/BulkDataList/f5/a2/117ce495e5fa79175d1678a010522eaafbb2.udd" 4127
"E:/Unreal Projects/LeagueJourney/Content/Characters/Mannequins/Textures/Manny/T_Manny_02_D.uasset" 4128
"C:/Users/franc/AppData/Local/UnrealEngine/Common/DerivedDataCache/Buckets/BulkDataList/7b/3a/22ab8543782f1004b64b81d26c34f600900c.udd" 4129
"C:/Users/franc/AppData/Local/UnrealEngine/Common/DerivedDataCache/Buckets/BulkDataList/73/45/5af2d448a5cbf62f80b37ec8f80d55ed7e07.udd" 4130
"C:/Users/franc/AppData/Local/UnrealEngine/Common/DerivedDataCache/Buckets/BulkDataList/7c/ba/ce8292a6a0932e4c3c535ce1cbf78de7bf3a.udd" 4131
"C:/Users/franc/AppData/Local/UnrealEngine/Common/DerivedDataCache/Buckets/BulkDataList/28/3f/f5e1b4d286ccda1d3f95d0a81ed0ecd2cf19.udd" 4132
"C:/Users/franc/AppData/Local/UnrealEngine/Common/DerivedDataCache/Buckets/BulkDataList/db/76/221e27b8734b36ce202726ae08e6781d6d39.udd" 4133
"C:/Users/franc/AppData/Local/UnrealEngine/Common/DerivedDataCache/Buckets/BulkDataList/0e/d1/68021262dc7f40491d08075ef2665d12d0b2.udd" 4134
"E:/Unreal Projects/LeagueJourney/Content/Characters/Mannequin_UE4/Meshes/SK_Mannequin.uasset" 4135
"E:/Unreal Projects/LeagueJourney/Content/Characters/Mannequin_UE4/Materials/M_MannequinUE4_Body.uasset" 4136
"../../../Engine/Content/Functions/MaterialLayerFunctions/MatLayerBlend_NormalBlend.uasset" 4137
"../../../Engine/Content/Functions/Engine_MaterialFunctions02/Utility/BlendAngleCorrectedNormals.uasset" 4138
"../../../Engine/Content/Functions/MaterialLayerFunctions/MatLayerBlend_Simple.uasset" 4139
"E:/Unreal Projects/LeagueJourney/Content/Characters/Mannequin_UE4/Materials/Layers/ML_Latex_Black.uasset" 4140
"E:/Unreal Projects/LeagueJourney/Content/Characters/Mannequin_UE4/Materials/Layers/ML_ShinyPlastic_Beige_Logo.uasset" 4141
"E:/Unreal Projects/LeagueJourney/Content/Characters/Mannequin_UE4/Materials/Layers/ML_SoftMetal.uasset" 4142
"E:/Unreal Projects/LeagueJourney/Content/Characters/Mannequin_UE4/Materials/M_MannequinUE4_ChestLogo.uasset" 4143
"E:/Unreal Projects/LeagueJourney/Content/Characters/Mannequins/Meshes/SKM_Manny.uasset" 4144
"E:/Unreal Projects/LeagueJourney/Content/Characters/Mannequins/Rigs/ABP_Manny_PostProcess.uasset" 4145
"E:/Unreal Projects/LeagueJourney/Content/Characters/Mannequins/Rigs/CR_Mannequin_Procedural.uasset" 4146
"E:/Unreal Projects/LeagueJourney/Content/Characters/Mannequins/Rigs/Poses/Manny/Manny_calf_l_pose.uasset" 4147
"E:/Unreal Projects/LeagueJourney/Content/Characters/Mannequins/Rigs/Poses/Manny/Manny_calf_l_anim.uasset" 4148
"E:/Unreal Projects/LeagueJourney/Content/Characters/Mannequins/Rigs/Poses/Manny/Manny_calf_r_pose.uasset" 4149
"E:/Unreal Projects/LeagueJourney/Content/Characters/Mannequins/Rigs/Poses/Manny/Manny_calf_r_anim.uasset" 4150
"E:/Unreal Projects/LeagueJourney/Content/Characters/Mannequins/Rigs/Poses/Manny/Manny_clavicle_l_pose.uasset" 4151
"E:/Unreal Projects/LeagueJourney/Content/Characters/Mannequins/Rigs/Poses/Manny/Manny_clavicle_l_anim.uasset" 4152
"E:/Unreal Projects/LeagueJourney/Content/Characters/Mannequins/Rigs/Poses/Manny/Manny_clavicle_r_pose.uasset" 4153
"E:/Unreal Projects/LeagueJourney/Content/Characters/Mannequins/Rigs/Poses/Manny/Manny_clavicle_r_anim.uasset" 4154
"E:/Unreal Projects/LeagueJourney/Content/Characters/Mannequins/Rigs/Poses/Manny/Manny_foot_l_pose.uasset" 4155
"E:/Unreal Projects/LeagueJourney/Content/Characters/Mannequins/Rigs/Poses/Manny/Manny_foot_l_anim.uasset" 4156
"E:/Unreal Projects/LeagueJourney/Content/Characters/Mannequins/Rigs/Poses/Manny/Manny_foot_r_pose.uasset" 4157
"E:/Unreal Projects/LeagueJourney/Content/Characters/Mannequins/Rigs/Poses/Manny/Manny_foot_r_anim.uasset" 4158
"E:/Unreal Projects/LeagueJourney/Content/Characters/Mannequins/Rigs/Poses/Manny/Manny_hand_l_pose.uasset" 4159
"E:/Unreal Projects/LeagueJourney/Content/Characters/Mannequins/Rigs/Poses/Manny/Manny_hand_l_anim.uasset" 4160
"E:/Unreal Projects/LeagueJourney/Content/Characters/Mannequins/Rigs/Poses/Manny/Manny_hand_r_pose.uasset" 4161
"E:/Unreal Projects/LeagueJourney/Content/Characters/Mannequins/Rigs/Poses/Manny/Manny_hand_r_anim.uasset" 4162
"E:/Unreal Projects/LeagueJourney/Content/Characters/Mannequins/Rigs/Poses/Manny/Manny_lowerarm_l_pose.uasset" 4163
"E:/Unreal Projects/LeagueJourney/Content/Characters/Mannequins/Rigs/Poses/Manny/Manny_lowerarm_l_anim.uasset" 4164
"E:/Unreal Projects/LeagueJourney/Content/Characters/Mannequins/Rigs/Poses/Manny/Manny_lowerarm_r_pose.uasset" 4165
"E:/Unreal Projects/LeagueJourney/Content/Characters/Mannequins/Rigs/Poses/Manny/Manny_lowerarm_r_anim.uasset" 4166
"E:/Unreal Projects/LeagueJourney/Content/Characters/Mannequins/Rigs/Poses/Manny/Manny_thigh_l_pose.uasset" 4167
"E:/Unreal Projects/LeagueJourney/Content/Characters/Mannequins/Rigs/Poses/Manny/Manny_thigh_l_anim.uasset" 4168
"E:/Unreal Projects/LeagueJourney/Content/Characters/Mannequins/Rigs/Poses/Manny/Manny_thigh_r_pose.uasset" 4169
"E:/Unreal Projects/LeagueJourney/Content/Characters/Mannequins/Rigs/Poses/Manny/Manny_thigh_r_anim.uasset" 4170
"E:/Unreal Projects/LeagueJourney/Content/Characters/Mannequins/Rigs/Poses/Manny/Manny_upperarm_l_pose.uasset" 4171
"E:/Unreal Projects/LeagueJourney/Content/Characters/Mannequins/Rigs/Poses/Manny/Manny_upperarm_l_anim.uasset" 4172
"E:/Unreal Projects/LeagueJourney/Content/Characters/Mannequins/Rigs/Poses/Manny/Manny_upperarm_r_pose.uasset" 4173
"E:/Unreal Projects/LeagueJourney/Content/Characters/Mannequins/Rigs/Poses/Manny/Manny_upperarm_r_anim.uasset" 4174
"E:/Unreal Projects/LeagueJourney/Content/Characters/Mannequins/Materials/Instances/Manny/MI_Manny_01.uasset" 4175
"E:/Unreal Projects/LeagueJourney/Content/Characters/Mannequins/Materials/Instances/Manny/MI_Manny_02.uasset" 4176
"E:/Unreal Projects/LeagueJourney/Content/Characters/Mannequins/Textures/Manny/T_Manny_02_ASAOPMASK_MSK.uasset" 4177
"E:/Unreal Projects/LeagueJourney/Content/Characters/Mannequins/Textures/Manny/T_Manny_02_BN.uasset" 4178
"E:/Unreal Projects/LeagueJourney/Content/Characters/Mannequins/Textures/Manny/T_Manny_02_CCRCCPlastic_MSK.uasset" 4179
"E:/Unreal Projects/LeagueJourney/Content/Characters/Mannequins/Meshes/SKM_Manny_Simple.uasset" 4180
"C:/Users/franc/AppData/Local/UnrealEngine/Common/DerivedDataCache/Buckets/BulkDataList/f3/3a/59e3e7f9e8504ed5514b29ba4fe08c8a7db2.udd" 4181
"C:/Users/franc/AppData/Local/UnrealEngine/Common/DerivedDataCache/Buckets/BulkDataList/c7/1b/a7edabdaa52e5f4d8ab49dbc7234661c77c6.udd" 4182
"C:/Users/franc/AppData/Local/UnrealEngine/Common/DerivedDataCache/Buckets/BulkDataList/ab/55/a05912542de3f38a627829a695cd8d57b0fd.udd" 4183
"C:/Users/franc/AppData/Local/UnrealEngine/Common/DerivedDataCache/Buckets/BulkDataList/74/05/55d7cbd122e354bc4431240233533dff43be.udd" 4184
"C:/Users/franc/AppData/Local/UnrealEngine/Common/DerivedDataCache/Buckets/BulkDataList/68/2a/f04a4edf7881a1350e35a3622a3c3e75b890.udd" 4185
"C:/Users/franc/AppData/Local/UnrealEngine/Common/DerivedDataCache/Buckets/BulkDataList/15/97/e9d03f19d07b61333791448207819d4f4eec.udd" 4186
"C:/Users/franc/AppData/Local/UnrealEngine/Common/DerivedDataCache/Buckets/BulkDataList/b3/31/12de54259a51a764ecab9ec803c7054e3203.udd" 4187
"E:/Unreal Projects/LeagueJourney/Content/Characters/Mannequins/Rigs/RTG_Mannequin.uasset" 4188
"E:/Unreal Projects/LeagueJourney/Content/Characters/Mannequins/Rigs/IK_Mannequin.uasset" 4189
"E:/Unreal Projects/LeagueJourney/Content/Characters/Mannequins/Meshes/Mannequin_LODSettings.uasset" 4190
"E:/Unreal Projects/LeagueJourney/Content/Camera/wfawf.uasset" 4191
"E:/Unreal Projects/LeagueJourney/Content/Camera/CamShake.uasset" 4192
"E:/Unreal Projects/LeagueJourney/Content/Blueprints/TargetPoint_Blueprint.uasset" 4193
"E:/Unreal Projects/LeagueJourney/Content/Blueprints/PlayerIndicator.uasset" 4194
"E:/Unreal Projects/LeagueJourney/Content/Blueprints/BP_Crowd.uasset" 4195
"E:/Unreal Projects/LeagueJourney/Content/Blueprints/BP_AreaOut.uasset" 4196
"E:/Unreal Projects/LeagueJourney/Content/PM_Turf.uasset" 4197
"E:/Unreal Projects/LeagueJourney/Content/PM_Net.uasset" 4198
"E:/Unreal Projects/LeagueJourney/Content/PM_Football.uasset" 4199
"E:/Unreal Projects/LeagueJourney/Content/NewBlueprint.uasset" 4200
"E:/Unreal Projects/LeagueJourney/Content/M_Grass.uasset" 4201
"../../../Engine/Plugins/Interchange/Runtime/Content/Utilities/T_Bayer64_Grayscale_64px.uasset" 4202
"../../../Engine/Plugins/Interchange/Runtime/Content/Utilities/New_LUT.uasset" 4203
"../../../Engine/Plugins/Interchange/Runtime/Content/Pipelines/DefaultGraphInspectorPipeline.uasset" 4204
"../../../Engine/Plugins/Interchange/Runtime/Content/Materials/UnlitMaterial.uasset" 4205
"../../../Engine/Plugins/Interchange/Runtime/Content/Materials/MapOrScalarFunction.uasset" 4206
"../../../Engine/Plugins/Interchange/Runtime/Content/Materials/MapOrLinearColorFunction.uasset" 4207
"../../../Engine/Plugins/Interchange/Runtime/Content/Materials/MapOrColorFunction.uasset" 4208
"../../../Engine/Plugins/Interchange/Runtime/Content/gltf/Textures/T_White_srgb.uasset" 4209
"C:/Users/franc/AppData/Local/UnrealEngine/Common/DerivedDataCache/Buckets/BulkDataList/96/3b/68fa50edca6da85736e2dd657633e02a45cb.udd" 4210
"../../../Engine/Plugins/Interchange/Runtime/Content/gltf/Textures/T_White_Linear.uasset" 4211
"../../../Engine/Plugins/Interchange/Runtime/Content/gltf/Textures/T_Gray_Linear.uasset" 4212
"../../../Engine/Plugins/Interchange/Runtime/Content/gltf/Textures/T_Generic_N.uasset" 4213
"../../../Engine/Plugins/Interchange/Runtime/Content/gltf/Textures/T_Black_srgb.uasset" 4214
"../../../Engine/Plugins/Interchange/Runtime/Content/gltf/MaterialFunctions/MF_RotateV2.uasset" 4215
"../../../Engine/Plugins/Interchange/Runtime/Content/gltf/MaterialFunctions/MF_IOR.uasset" 4216
"../../../Engine/Plugins/Interchange/Runtime/Content/gltf/MaterialFunctions/MF_Fresnel_DS.uasset" 4217
"C:/Users/franc/AppData/Local/UnrealEngine/Common/DerivedDataCache/Buckets/BulkDataList/4c/9b/82a0daa01c1969040d8fa11f9e1a7aa9a424.udd" 4218
"C:/Users/franc/AppData/Local/UnrealEngine/Common/DerivedDataCache/Buckets/BulkDataList/b8/fc/9d2d21a56ee91a695005cd6d312dd31cd792.udd" 4219
"C:/Users/franc/AppData/Local/UnrealEngine/Common/DerivedDataCache/Buckets/MaterialShaderMap/6d/fb/071b937cd4263c8e95810a2d31647a8c0b1a.udd" 4220
"C:/Users/franc/AppData/Local/UnrealEngine/Common/DerivedDataCache/Buckets/MaterialShaderMap/55/c4/fe6ff7b37502a6cbeb2fb8435e9eee5c7314.udd" 4221
"../../../Engine/Plugins/Interchange/Runtime/Content/Functions/MF_SchlickApprox.uasset" 4222
"../../../Engine/Plugins/Interchange/Runtime/Content/Functions/MF_OrenNayerView.uasset" 4223
"../../../Engine/Content/EngineMaterials/DefaultCalibrationGrayscale.uasset" 4224
"../../../Engine/Content/EngineMaterials/DefaultCalibrationColor.uasset" 4225
"../../../Engine/Content/MobileResources/HUD/VirtualJoystick_Background.uasset" 4226
"../../../Engine/Content/MobileResources/HUD/VirtualJoystick_Thumb.uasset" 4227
"../../../Engine/Content/EngineSounds/Submixes/MasterEQEffectPreset.uasset" 4228
"../../../Engine/Content/EngineSounds/Submixes/MasterReverbEffectPreset.uasset" 4229
"C:/Users/franc/AppData/Local/UnrealEngine/Common/DerivedDataCache/Buckets/BulkDataList/70/68/f912161008eb7f71f54505e04f098b4d89c0.udd" 4230
"../../../Engine/Content/EditorMaterials/PreviewShadowIndicator.uasset" 4231
"C:/Users/franc/AppData/Local/UnrealEngine/Common/DerivedDataCache/Buckets/BulkDataList/f5/10/e9b5e1512a67b5a074ad00b5bf0ac95cf499.udd" 4232
"../../../Engine/Content/Maps/Entry_BuiltData.uasset" 4233
"C:/Users/franc/AppData/Local/UnrealEngine/Common/DerivedDataCache/Buckets/BulkDataList/06/a8/45a43c1f09dabc8d649b9a5f5feb2afa8dec.udd" 4234
"../../../Engine/Content/EngineSky/M_SimpleSkyDome.uasset" 4235
"C:/Users/franc/AppData/Local/UnrealEngine/Common/DerivedDataCache/Buckets/BulkDataList/9b/70/c76eb362dc610d702405df69122aae279398.udd" 4236
"../../../Engine/Content/BasicShapes/BasicShapeMaterial.uasset" 4237
"C:/Users/franc/AppData/Local/UnrealEngine/Common/DerivedDataCache/Buckets/BulkDataList/9f/5d/3fada3a1c55d812a15fff6253e9621ccda7a.udd" 4238
"../../../Engine/Content/Functions/Engine_MaterialFunctions02/Texturing/CustomRotator.uasset" 4239
"../../../Engine/Content/VREditor/Sounds/UI/Click_on_Button.uasset" 4240
"../../../Engine/Content/Functions/Engine_MaterialFunctions01/Gradient/RadialGradient.uasset" 4241
"C:/Users/franc/AppData/Local/UnrealEngine/Common/DerivedDataCache/Buckets/BulkDataList/94/2e/f00cfb05c21cd5899a5f1764ffc1243d666d.udd" 4242
"C:/Users/franc/AppData/Local/UnrealEngine/Common/DerivedDataCache/Buckets/BulkDataList/97/98/bc5445059e4329d96c600174e343ff1909aa.udd" 4243
"C:/Users/franc/AppData/Local/UnrealEngine/Common/DerivedDataCache/Buckets/BulkDataList/76/bf/e8309a8f24addf54a8edcb1d068a11b744e2.udd" 4244
"C:/Users/franc/AppData/Local/UnrealEngine/Common/DerivedDataCache/Buckets/BulkDataList/eb/b2/c567cb022a2fe77a4db8dac1fd1a5d364a61.udd" 4245
"../../../Engine/Content/Functions/Engine_MaterialFunctions01/Opacity/AlphaOffset.uasset" 4246
"../../../Engine/Content/EditorMeshes/ColorCalibrator/T_ColorGrid.uasset" 4247
"../../../Engine/Content/MapTemplates/Sky/DaylightAmbientCubemap.uasset" 4248
"../../../Engine/Plugins/Bridge/Content/MSPresets/MSVTTextures/BlackPlaceholder.uasset" 4249
"../../../Engine/Plugins/Bridge/Content/MSPresets/MSVTTextures/DefaultDiffuse.uasset" 4250
"../../../Engine/Plugins/Bridge/Content/MSPresets/MSVTTextures/Placeholder_Normal.uasset" 4251
"../../../Engine/Plugins/Bridge/Content/MSPresets/MSVTTextures/WhitePlaceholder.uasset" 4252
"../../../Engine/Plugins/Bridge/Content/MSPresets/MSTextures/BlackPlaceholder.uasset" 4253
"../../../Engine/Plugins/Bridge/Content/MSPresets/MSTextures/Placeholder_Normal.uasset" 4254
"C:/Users/franc/AppData/Local/UnrealEngine/Common/DerivedDataCache/Buckets/BulkDataList/62/67/a8d703c71e4a902b39286e9d7217fcbb3768.udd" 4255
"../../../Engine/Plugins/Bridge/Content/MSPresets/MSTextures/WhitePlaceholder.uasset" 4256
"../../../Engine/Content/EngineMaterials/DefaultNormal.uasset" 4257
"../../../Engine/Content/Engine_MI_Shaders/T_Base_Tile_Normal.uasset" 4258
"../../../Engine/Plugins/Bridge/Content/MSPresets/M_MS_SurfaceBlend_Material/LayerFunctions/MF_Displacement.uasset" 4259
"../../../Engine/Plugins/Bridge/Content/MSPresets/M_MS_SurfaceBlend_Material/LayerFunctions/Base/MF_BaseLayerAdjustments.uasset" 4260
"C:/Users/franc/AppData/Local/UnrealEngine/Common/DerivedDataCache/Buckets/BulkDataList/01/91/7966ad01cffbe3bc008680258d635e48fafc.udd" 4261
"../../../Engine/Plugins/Bridge/Content/MSPresets/M_MS_SurfaceBlend_Material/LayerFunctions/Middle/MF_MiddleLayerAdjustments.uasset" 4262
"../../../Engine/Plugins/Bridge/Content/MSPresets/M_MS_SurfaceBlend_Material/LayerFunctions/Top/MF_TopLayerAdjustments.uasset" 4263
"C:/Users/franc/AppData/Local/UnrealEngine/Common/DerivedDataCache/Buckets/BulkDataList/76/54/41776da218d9e14fd877b9be178022f7be64.udd" 4264
"C:/Users/franc/AppData/Local/UnrealEngine/Common/DerivedDataCache/Buckets/BulkDataList/61/6c/f910dc3456284d57bb207df986fa00e7b95d.udd" 4265
"C:/Users/franc/AppData/Local/UnrealEngine/Common/DerivedDataCache/Buckets/MaterialShaderMap/92/4f/c9b0143c3d9152f7df79ca736ec0d35ec906.udd" 4266
"C:/Users/franc/AppData/Local/UnrealEngine/Common/DerivedDataCache/Buckets/MaterialShaderMap/07/dc/b7060dc0ab7e59c99e152e5b55b9e16ad388.udd" 4267
"C:/Users/franc/AppData/Local/UnrealEngine/Common/DerivedDataCache/Buckets/MaterialShaderMap/1b/8c/d22c2d087fd66efe0587f1c4b5112e7ff30b.udd" 4268
"C:/Users/franc/AppData/Local/UnrealEngine/Common/DerivedDataCache/Buckets/MaterialShaderMap/97/6e/52c35693f9964f6d72051cff880eafbd82ed.udd" 4269
"../../../Engine/Content/Functions/Engine_MaterialFunctions01/SpeedTree/SpeedTreeColorVariation.uasset" 4270
"../../../Engine/Plugins/Bridge/Content/MSPresets/MSTextures/FlatNormal.uasset" 4271
"../../../Engine/Plugins/Bridge/Content/MSPresets/MSTextures/Black.uasset" 4272
"../../../Engine/Plugins/Bridge/Content/MSPresets/M_MS_Glass_Material/Textures/Black.uasset" 4273
"../../../Engine/Plugins/Bridge/Content/MSPresets/M_MS_Glass_Material/Textures/White.uasset" 4274
"../../../Engine/Plugins/Bridge/Content/MSPresets/M_MS_Glass_Material/Functions/MF_TranslucencyMetallic.uasset" 4275
"../../../Engine/Plugins/Bridge/Content/MSPresets/MSTextures/White.uasset" 4276
"../../../Engine/Plugins/Bridge/Content/MSPresets/M_MS_Glass_Material/Functions/MF_Refraction.uasset" 4277
"../../../Engine/Plugins/Bridge/Content/MSPresets/M_MS_Foliage_Material/Functions/MF_Translucency.uasset" 4278
"../../../Engine/Content/Functions/Engine_MaterialFunctions01/Texturing/FlattenNormal.uasset" 4279
"C:/Users/franc/AppData/Local/UnrealEngine/Common/DerivedDataCache/Buckets/BulkDataList/96/00/8c4c222344320fbc0cb69e10f01225ed1398.udd" 4280
"../../../Engine/Content/Functions/Engine_MaterialFunctions01/WorldPositionOffset/SimpleGrassWind.uasset" 4281
"C:/Users/franc/AppData/Local/UnrealEngine/Common/DerivedDataCache/Buckets/BulkDataList/4b/8e/8c1783dad94a8e0eb09da6c75d1e0912b3bc.udd" 4282
"../../../Engine/Plugins/Bridge/Content/MSPresets/M_MS_Default_Material/Functions/MF_ObjAdjustments.uasset" 4283
"../../../Engine/Plugins/Bridge/Content/MSPresets/M_MS_Default_Fuzz_Material/Functions/MF_Fuzz.uasset" 4284
"../../../Engine/Content/EngineVolumetrics/Fogsheet/Materials/T_EV_BlankWhite_01.uasset" 4285
"../../../Engine/Content/Functions/Engine_MaterialFunctions02/WorldPositionOffset/ObjectPivotPoint.uasset" 4286
"../../../Engine/Content/EngineResources/AICON-Green.uasset" 4287
"../../../Engine/Plugins/FX/Niagara/Content/DefaultAssets/M_Gnomon_Alpha.uasset" 4288
"../../../Engine/Plugins/FX/Niagara/Content/DefaultAssets/DefaultSpriteMaterial.uasset" 4289
"../../../Engine/Content/EditorLandscapeResources/WhiteSquareTexture.uasset" 4290
"../../../Engine/Content/EngineMaterials/FlatNormal.uasset" 4291
"../../../Engine/Content/Functions/Engine_MaterialFunctions02/Math/AddComponents.uasset" 4292
"../../../Engine/Content/Functions/Engine_MaterialFunctions02/Texturing/ScreenAlignedPixelToPixelUVs.uasset" 4293
"../../../Engine/Content/Functions/Engine_MaterialFunctions01/Shading/FuzzyShading.uasset" 4294
"../../../Engine/Content/Functions/Engine_MaterialFunctions03/Math/RemapValueRange.uasset" 4295
"../../../Engine/Content/Functions/Engine_MaterialFunctions03/Procedurals/ComputeFilterWidth.uasset" 4296
"../../../Engine/Content/EditorMeshes/ColorCalibrator/M_ChromeBall.uasset" 4297
"../../../Engine/Content/EditorMeshes/ColorCalibrator/M_ClearCoat.uasset" 4298
"../../../Engine/Content/EditorMeshes/ColorCalibrator/M_ClearCoatBlack.uasset" 4299
"../../../Engine/Content/EditorMeshes/ColorCalibrator/M_GreyBall.uasset" 4300
"C:/Users/franc/AppData/Local/UnrealEngine/Common/DerivedDataCache/Buckets/BulkDataList/0e/f0/5cd928a0ff07994ed3bc5ef3d35a7ec6e074.udd" 4301
"../../../Engine/Content/Functions/Engine_MaterialFunctions01/Texturing/BakedDisplacement.uasset" 4302
"../../../Engine/Content/Functions/Engine_MaterialFunctions02/Fresnel_Function.uasset" 4303
"C:/Users/franc/AppData/Local/UnrealEngine/Common/DerivedDataCache/Buckets/BulkDataList/9b/0f/462b8f7ee270c6311f7b4676a88a62512130.udd" 4304
"C:/Users/franc/AppData/Local/UnrealEngine/Common/DerivedDataCache/Buckets/BulkDataList/00/ae/ff4d229c44cd7dccac2fe141c30374c68560.udd" 4305
"C:/Users/franc/AppData/Local/UnrealEngine/Common/DerivedDataCache/Buckets/BulkDataList/53/38/350945e7760e4ace90d1fc8f2a46f5165950.udd" 4306
"C:/Users/franc/AppData/Local/UnrealEngine/Common/DerivedDataCache/Buckets/MaterialShaderMap/3c/46/89ee2f9bf0879c210e1ad0c66fcf1c4e75c6.udd" 4307
"C:/Users/franc/AppData/Local/UnrealEngine/Common/DerivedDataCache/Buckets/MaterialShaderMap/a5/3c/e17d3751984d4fe79cd3536beba35f45c203.udd" 4308
"C:/Users/franc/AppData/Local/UnrealEngine/Common/DerivedDataCache/Buckets/MaterialShaderMap/39/43/456d3844f9056fc66ed97e49888ddaf1ffbc.udd" 4309
"C:/Users/franc/AppData/Local/UnrealEngine/Common/DerivedDataCache/Buckets/MaterialShaderMap/13/59/13865dfb67b6cb349afa23cf3fc4b59726ed.udd" 4310
"../../../Engine/Content/Functions/Engine_MaterialFunctions01/Gradient/LinearGradient.uasset" 4311
"../../../Engine/Content/EngineMaterials/BlendFunc_DefBase.uasset" 4312
"../../../Engine/Content/EngineMaterials/BlendFunc_DefBlend.uasset" 4313
"../../../Engine/Content/Functions/Engine_MaterialFunctions02/Math/InverseTransformMatrix.uasset" 4314
"../../../Engine/Content/Functions/Engine_MaterialFunctions02/Utility/VectorToRadialValue.uasset" 4315
"../../../Engine/Plugins/FX/Niagara/Content/DefaultAssets/M_Gnomon.uasset" 4316
"../../../Engine/Content/EngineSky/T_Sky_Blue.uasset" 4317
"../../../Engine/Content/EngineSky/T_Sky_Clouds_M.uasset" 4318
"../../../Engine/Content/EngineSky/T_Sky_Stars.uasset" 4319
"../../../Engine/Content/EditorMeshes/ColorCalibrator/Color_checker.uasset" 4320
"../../../Engine/Content/Functions/Engine_MaterialFunctions02/ScreenResolution.uasset" 4321
"../../../Engine/Plugins/Enterprise/DatasmithContent/Content/Materials/FBXImporter/VRED/VREDRepeatMode.uasset" 4322
"../../../Engine/Content/Functions/Engine_MaterialFunctions02/WorldPositionOffset/LocalPosition.uasset" 4323
"../../../Engine/Content/Functions/Engine_MaterialFunctions01/Texturing/ComputeMipLevel.uasset" 4324
"../../../Engine/Content/Functions/Engine_MaterialFunctions02/ExampleContent/DebugNumberStrip.uasset" 4325
"../../../Engine/Content/Functions/Engine_MaterialFunctions02/ExampleContent/Textures/DebugNumberPeriod.uasset" 4326
"C:/Users/franc/AppData/Local/UnrealEngine/Common/DerivedDataCache/Buckets/BulkDataList/02/8c/bdf2a228c47c574e19d20d2b70a8cd5658ac.udd" 4327
"C:/Users/franc/AppData/Local/UnrealEngine/Common/DerivedDataCache/Buckets/BulkDataList/6d/da/5bbf4d0a4a7cb766e3bfd99aba954bd0cf8f.udd" 4328
"C:/Users/franc/AppData/Local/UnrealEngine/Common/DerivedDataCache/Buckets/BulkDataList/3e/7f/312ea9b496bb9aa9dad99f5b241925fecb09.udd" 4329
"C:/Users/franc/AppData/Local/UnrealEngine/Common/DerivedDataCache/Buckets/BulkDataList/a5/37/0b3e824241c1e6de0e78a3a6084ce5fd0ed7.udd" 4330
"C:/Users/franc/AppData/Local/UnrealEngine/Common/DerivedDataCache/Buckets/MaterialShaderMap/3c/e0/ca2f03c082ccb53a5c0d2d994b3046f832d2.udd" 4331
"C:/Users/franc/AppData/Local/UnrealEngine/Common/DerivedDataCache/Buckets/MaterialShaderMap/dd/25/64f2d3849f8d2a142f4b45f988714a831c9a.udd" 4332
"C:/Users/franc/AppData/Local/UnrealEngine/Common/DerivedDataCache/Buckets/MaterialShaderMap/84/13/d4124b187a9edae0d72d1485db4ba7f9c325.udd" 4333
"C:/Users/franc/AppData/Local/UnrealEngine/Common/DerivedDataCache/Buckets/MaterialShaderMap/0a/7b/e3c429250963f62a2ad9ec772e7d3768d385.udd" 4334
"C:/Users/franc/AppData/Local/UnrealEngine/Common/DerivedDataCache/Buckets/MaterialShaderMap/21/a6/55509955558a4ec39263ea2989322588a282.udd" 4335
"C:/Users/franc/AppData/Local/UnrealEngine/Common/DerivedDataCache/Buckets/MaterialShaderMap/2a/8f/2ac56eeb7fbb0569a806829908ad24d13e25.udd" 4336
"C:/Users/franc/AppData/Local/UnrealEngine/Common/DerivedDataCache/Buckets/MaterialShaderMap/87/96/71103513be2dbdb327563d11f91bb5366379.udd" 4337
"C:/Users/franc/AppData/Local/UnrealEngine/Common/DerivedDataCache/Buckets/MaterialShaderMap/da/fc/15ffcd7cf88cac78f3e7c974b4f7da0fecb1.udd" 4338
"C:/Users/franc/AppData/Local/UnrealEngine/Common/DerivedDataCache/Buckets/MaterialShaderMap/5a/29/43e2c1f643612bd369e9bba283d48e805430.udd" 4339
"C:/Users/franc/AppData/Local/UnrealEngine/Common/DerivedDataCache/Buckets/MaterialShaderMap/8c/eb/1817dc529a9335293bbe7ddfe4ac2eb39629.udd" 4340
"E:/Unreal Projects/LeagueJourney/Content/UserInteface/Menu/GlobalSound.uasset" 4341
"../../../Engine/Content/Functions/Engine_MaterialFunctions02/WorldPositionOffset/V2/ObjectScale.uasset" 4342
"../../../Engine/Content/Functions/Engine_MaterialFunctions02/Math/CreateThirdOrthogonalVector.uasset" 4343
"E:/Unreal Projects/LeagueJourney/Content/Blueprints/BP_LightMultiplier.uasset" 4344
"../../../Engine/Plugins/Animation/ControlRig/Content/StandardFunctionLibrary/StandardFunctionLibrary.uasset" 4345
"C:/Users/franc/AppData/Local/UnrealEngine/Common/DerivedDataCache/Buckets/BulkDataList/3b/5d/aeb781214427a954482c52f4b2b720c705a5.udd" 4346
"C:/Users/franc/AppData/Local/UnrealEngine/Common/DerivedDataCache/Buckets/BulkDataList/67/e9/39fbb4d77e3466110785979188fe82e1b7f8.udd" 4347
"C:/Users/franc/AppData/Local/UnrealEngine/Common/DerivedDataCache/Buckets/BulkDataList/ee/2b/845d9635aad0b810b94d495302ae68fe0608.udd" 4348
"C:/Users/franc/AppData/Local/UnrealEngine/Common/DerivedDataCache/Buckets/BulkDataList/ae/90/99702022f3ea4c2f93cb9157f1e6077228c5.udd" 4349
"C:/Users/franc/AppData/Local/UnrealEngine/Common/DerivedDataCache/Buckets/MaterialShaderMap/33/e0/11fb7a7dff50d76395fa4c59720f8f61d083.udd" 4350
"C:/Users/franc/AppData/Local/UnrealEngine/Common/DerivedDataCache/Buckets/MaterialShaderMap/5c/52/05694af0bb879473ab3c87b6c76dd2f8e676.udd" 4351
"C:/Users/franc/AppData/Local/UnrealEngine/Common/DerivedDataCache/Buckets/MaterialShaderMap/5e/2c/89acda3326f34316d66ec6b7238271f8f84b.udd" 4352
"C:/Users/franc/AppData/Local/UnrealEngine/Common/DerivedDataCache/Buckets/MaterialShaderMap/73/80/81077b9dbeb0da6c2c2b1234ec99bfd15901.udd" 4353
"C:/Users/franc/AppData/Local/UnrealEngine/Common/DerivedDataCache/Buckets/MaterialShaderMap/e6/39/d14afa10c14d242d7d82397df8907b17b428.udd" 4354
"C:/Users/franc/AppData/Local/UnrealEngine/Common/DerivedDataCache/Buckets/MaterialShaderMap/08/d9/5be019a630bb0b0b6a1d8a933348a11492ef.udd" 4355
"C:/Users/franc/AppData/Local/UnrealEngine/Common/DerivedDataCache/Buckets/MaterialShaderMap/75/6f/89cacb95a82f737dcf0a4ea8aa109248a08f.udd" 4356
"C:/Users/franc/AppData/Local/UnrealEngine/Common/DerivedDataCache/Buckets/MaterialShaderMap/08/22/ccdb55b3c7342e5caa3cb2ae3d3cc92235bc.udd" 4357
"C:/Users/franc/AppData/Local/UnrealEngine/Common/DerivedDataCache/Buckets/MaterialShaderMap/8f/51/5ab40abd678e2ea48194ba417cb812088989.udd" 4358
"C:/Users/franc/AppData/Local/UnrealEngine/Common/DerivedDataCache/Buckets/MaterialShaderMap/3e/1b/cfcf9aed735093a8a1b2dd5fe40986b5390a.udd" 4359
"E:/Unreal Projects/LeagueJourney/Content/Characters/Mannequins/Rigs/Poses/Quinn/Quinn_upperarm_r_pose.uasset" 4360
"E:/Unreal Projects/LeagueJourney/Content/Characters/Mannequins/Rigs/Poses/Quinn/Quinn_upperarm_l_pose.uasset" 4361
"E:/Unreal Projects/LeagueJourney/Content/Characters/Mannequins/Rigs/Poses/Quinn/Quinn_thigh_r_pose.uasset" 4362
"E:/Unreal Projects/LeagueJourney/Content/Characters/Mannequins/Rigs/Poses/Quinn/Quinn_thigh_l_pose.uasset" 4363
"E:/Unreal Projects/LeagueJourney/Content/Characters/Mannequins/Rigs/Poses/Quinn/Quinn_lowerarm_r_pose.uasset" 4364
"E:/Unreal Projects/LeagueJourney/Content/Characters/Mannequins/Rigs/Poses/Quinn/Quinn_lowerarm_l_pose.uasset" 4365
"E:/Unreal Projects/LeagueJourney/Content/Characters/Mannequins/Rigs/Poses/Quinn/Quinn_hand_r_pose.uasset" 4366
"E:/Unreal Projects/LeagueJourney/Content/Characters/Mannequins/Rigs/Poses/Quinn/Quinn_hand_l_pose.uasset" 4367
"E:/Unreal Projects/LeagueJourney/Content/Characters/Mannequins/Rigs/Poses/Quinn/Quinn_foot_r_pose.uasset" 4368
"E:/Unreal Projects/LeagueJourney/Content/Characters/Mannequins/Rigs/Poses/Quinn/Quinn_foot_l_pose.uasset" 4369
"E:/Unreal Projects/LeagueJourney/Content/Characters/Mannequins/Rigs/Poses/Quinn/Quinn_clavicle_r_pose.uasset" 4370
"E:/Unreal Projects/LeagueJourney/Content/Characters/Mannequins/Rigs/Poses/Quinn/Quinn_clavicle_l_pose.uasset" 4371
"E:/Unreal Projects/LeagueJourney/Content/Characters/Mannequins/Rigs/Poses/Quinn/Quinn_calf_r_pose.uasset" 4372
"E:/Unreal Projects/LeagueJourney/Content/Characters/Mannequins/Rigs/Poses/Quinn/Quinn_calf_l_pose.uasset" 4373
"C:/Users/franc/AppData/Local/UnrealEngine/Common/DerivedDataCache/Buckets/LegacyAudio/3c/3b/9541edc9ac3a024ead94a38fe606bbd1cef2.udd" 4374
"C:/Users/franc/AppData/Local/UnrealEngine/Common/DerivedDataCache/Content/cf/b8/71296e12edf4fc30ff8b9e570e3823280420.udd" 4375
"E:/Unreal Projects/LeagueJourney/Content/Characters/Mannequins/Rigs/Poses/Quinn/Quinn_upperarm_r_anim.uasset" 4376
"E:/Unreal Projects/LeagueJourney/Content/Characters/Mannequins/Rigs/Poses/Quinn/Quinn_upperarm_l_anim.uasset" 4377
"E:/Unreal Projects/LeagueJourney/Content/Characters/Mannequins/Rigs/Poses/Quinn/Quinn_thigh_r_anim.uasset" 4378
"E:/Unreal Projects/LeagueJourney/Content/Characters/Mannequins/Rigs/Poses/Quinn/Quinn_thigh_l_anim.uasset" 4379
"E:/Unreal Projects/LeagueJourney/Content/Characters/Mannequins/Rigs/Poses/Quinn/Quinn_lowerarm_r_anim.uasset" 4380
"E:/Unreal Projects/LeagueJourney/Content/Characters/Mannequins/Rigs/Poses/Quinn/Quinn_lowerarm_l_anim.uasset" 4381
"E:/Unreal Projects/LeagueJourney/Content/Characters/Mannequins/Rigs/Poses/Quinn/Quinn_hand_r_anim.uasset" 4382
"E:/Unreal Projects/LeagueJourney/Content/Characters/Mannequins/Rigs/Poses/Quinn/Quinn_hand_l_anim.uasset" 4383
"E:/Unreal Projects/LeagueJourney/Content/Characters/Mannequins/Rigs/CR_Mannequin_Body.uasset" 4384
"E:/Unreal Projects/LeagueJourney/Content/Characters/Mannequins/Rigs/Poses/Quinn/Quinn_foot_r_anim.uasset" 4385
"E:/Unreal Projects/LeagueJourney/Content/Characters/Mannequins/Rigs/Poses/Quinn/Quinn_foot_l_anim.uasset" 4386
"E:/Unreal Projects/LeagueJourney/Content/Characters/Mannequins/Rigs/Poses/Quinn/Quinn_clavicle_r_anim.uasset" 4387
"E:/Unreal Projects/LeagueJourney/Content/Characters/Mannequins/Rigs/Poses/Quinn/Quinn_clavicle_l_anim.uasset" 4388
"E:/Unreal Projects/LeagueJourney/Content/Characters/Mannequins/Rigs/Poses/Quinn/Quinn_calf_r_anim.uasset" 4389
"E:/Unreal Projects/LeagueJourney/Content/Characters/Mannequins/Rigs/Poses/Quinn/Quinn_calf_l_anim.uasset" 4390
"C:/Users/franc/AppData/Local/UnrealEngine/Common/DerivedDataCache/Buckets/LegacyAudio/70/8c/f50151f8a1a5d87a87ae7e3e166e33af1fb9.udd" 4391
"C:/Users/franc/AppData/Local/UnrealEngine/Common/DerivedDataCache/Buckets/LegacyAudio/0f/6b/b7bba870992aec73557c7e2b1459ef370875.udd" 4392
"C:/Users/franc/AppData/Local/UnrealEngine/Common/DerivedDataCache/Buckets/MaterialShaderMap/8b/2e/a122e5ca6322be74cb3e9f5db2afe11a4f00.udd" 4393
"C:/Users/franc/AppData/Local/UnrealEngine/Common/DerivedDataCache/Buckets/MaterialShaderMap/38/50/bc8434a641b7c21ff375296fd2c518b30cc9.udd" 4394
"C:/Users/franc/AppData/Local/UnrealEngine/Common/DerivedDataCache/Buckets/MaterialShaderMap/cc/ab/65d63fc64e2e728a155dec825fd19c9d8fe9.udd" 4395
"C:/Users/franc/AppData/Local/UnrealEngine/Common/DerivedDataCache/Buckets/MaterialShaderMap/de/ef/d39775267bc4b31a89fcf3270ca145a77ef7.udd" 4396
"C:/Users/franc/AppData/Local/UnrealEngine/Common/DerivedDataCache/Buckets/MaterialShaderMap/27/d6/5265c05e084ca8d9e1ac6b4680c33e7a364d.udd" 4397
"C:/Users/franc/AppData/Local/UnrealEngine/Common/DerivedDataCache/Buckets/MaterialShaderMap/54/ec/e07427b136b7797b97fe0e694c8138a900e7.udd" 4398
"E:/Unreal Projects/LeagueJourney/Content/Characters/Mannequins/Animations/Manny/MM_T_Pose.uasset" 4399
"../../../Engine/Content/Functions/Engine_MaterialFunctions02/Math/Transform3x3Matrix.uasset" 4400
"E:/Unreal Projects/LeagueJourney/Content/MSPresets/M_MS_Surface_Material_VT/Functions/MF_Transmission.uasset" 4401
"E:/Unreal Projects/LeagueJourney/Content/MSPresets/M_MS_Surface_Material/Functions/MF_Transmission.uasset" 4402
"E:/Unreal Projects/LeagueJourney/Content/MSPresets/M_MS_Glass_Material/Functions/MF_TranslucencyEmission.uasset" 4403
"E:/Unreal Projects/LeagueJourney/Content/MSPresets/M_MS_Default_Material_VT/Functions/MF_Transmission.uasset" 4404
"E:/Unreal Projects/LeagueJourney/Content/MSPresets/M_MS_Default_Material/Functions/MF_Transmission.uasset" 4405
"../../../Engine/Plugins/Bridge/Content/MSPresets/M_MS_Surface_Material/Functions/MF_Transmission.uasset" 4406
"../../../Engine/Plugins/Bridge/Content/MSPresets/M_MS_Glass_Material/Functions/MF_TranslucencyEmission.uasset" 4407
"../../../Engine/Plugins/Bridge/Content/MSPresets/M_MS_Default_Material/Functions/MF_Transmission.uasset" 4408
"../../../Engine/Content/ArtTools/RenderToTexture/MaterialFunctions/CheckerPattern.uasset" 4409
"../../../Engine/Content/Functions/Engine_MaterialFunctions01/Texturing/TextureCropping.uasset" 4410
"C:/Users/franc/AppData/Local/UnrealEngine/Common/DerivedDataCache/Buckets/MaterialShaderMap/dc/bb/39a510ae9665dcfed586a8228fdd56497d29.udd" 4411
"C:/Users/franc/AppData/Local/UnrealEngine/Common/DerivedDataCache/Buckets/MaterialShaderMap/ba/3e/2884f74c778ca1335cf042477c6d11bb2813.udd" 4412
"C:/Users/franc/AppData/Local/UnrealEngine/Common/DerivedDataCache/Buckets/MaterialShaderMap/96/83/98cf77294b4d8cd5bab896d6f172cdeb6ffe.udd" 4413
"C:/Users/franc/AppData/Local/UnrealEngine/Common/DerivedDataCache/Buckets/MaterialShaderMap/12/5e/106cbd3985d5eca1862161d825af2adae602.udd" 4414
"C:/Users/franc/AppData/Local/UnrealEngine/Common/DerivedDataCache/Buckets/MaterialShaderMap/b4/24/6c3485bf1696266107902aae77cfe186e75f.udd" 4415
"C:/Users/franc/AppData/Local/UnrealEngine/Common/DerivedDataCache/Buckets/MaterialShaderMap/7c/d4/861ddb1a7e9842f40493812b9a08d67bd675.udd" 4416
"E:/Unreal Projects/LeagueJourney/Content/Visual/Materials/M_Pitch.uasset" 4417
"E:/Unreal Projects/LeagueJourney/Content/Visual/Materials/M_RoundStone.uasset" 4418
"E:/Unreal Projects/LeagueJourney/Content/Visual/Materials/M_Road.uasset" 4419
"E:/Unreal Projects/LeagueJourney/Content/Visual/Materials/M_BadConcrete.uasset" 4420
"E:/Unreal Projects/LeagueJourney/Content/Props/Stadiums/MCB/Materials/M_MCB_Tunnel.uasset" 4421
"E:/Unreal Projects/LeagueJourney/Content/Props/Stadiums/MCB/Materials/M_MCB_Seats.uasset" 4422
"E:/Unreal Projects/LeagueJourney/Content/Props/Environment/Sportlights/NewMaterialInstanceConstant.uasset" 4423
"E:/Unreal Projects/LeagueJourney/Content/Props/Stadiums/MCB/Materials/M_MCB_House_Glass.uasset" 4424
"E:/Unreal Projects/LeagueJourney/Content/UserInteface/Menu/PlayScreen/MiniatureMCB.uasset" 4425
"E:/Unreal Projects/LeagueJourney/Content/UserInteface/Menu/Input/COOPMappingContext.uasset" 4426
"E:/Unreal Projects/LeagueJourney/Content/UserInteface/Menu/MenuController.uasset" 4427
"E:/Unreal Projects/LeagueJourney/Content/UserInteface/Fonts/Uni_Sans_Thin_Italic_Font.uasset" 4428
"E:/Unreal Projects/LeagueJourney/Content/UserInteface/Fonts/Uni_Sans_Thin_Font.uasset" 4429
"C:/Users/franc/AppData/Local/UnrealEngine/Common/DerivedDataCache/Buckets/MaterialShaderMap/81/65/85fe14f902ab09a7bc9b90f9c597d9b91aa3.udd" 4430
"C:/Users/franc/AppData/Local/UnrealEngine/Common/DerivedDataCache/Buckets/MaterialShaderMap/00/e6/537e22758c7175af9fdd4576dd43410001fe.udd" 4431
"C:/Users/franc/AppData/Local/UnrealEngine/Common/DerivedDataCache/Buckets/MaterialShaderMap/98/85/543124ab240232850d89b2a8f8a5597e599a.udd" 4432
"C:/Users/franc/AppData/Local/UnrealEngine/Common/DerivedDataCache/Buckets/MaterialShaderMap/21/81/64b1e8e02d4f8282a96489000bc74c0066b8.udd" 4433
"C:/Users/franc/AppData/Local/UnrealEngine/Common/DerivedDataCache/Buckets/MaterialShaderMap/88/20/f41db5ae83370284ac854fe826f558262b33.udd" 4434
"C:/Users/franc/AppData/Local/UnrealEngine/Common/DerivedDataCache/Buckets/MaterialShaderMap/b1/1a/f0225616d7f6b2b7142208e93ed9a4a45779.udd" 4435
"C:/Users/franc/AppData/Local/UnrealEngine/Common/DerivedDataCache/Buckets/MaterialShaderMap/dd/f7/56416354846d38b36361825aa33fceb9aa49.udd" 4436
"C:/Users/franc/AppData/Local/UnrealEngine/Common/DerivedDataCache/Buckets/MaterialShaderMap/8e/7a/0c3111f1ef056ff314e0576ab9b8fb47a305.udd" 4437
"C:/Users/franc/AppData/Local/UnrealEngine/Common/DerivedDataCache/Buckets/MaterialShaderMap/b5/65/cec81b549bec1ba22ae8243e92bb7cbf287b.udd" 4438
"C:/Users/franc/AppData/Local/UnrealEngine/Common/DerivedDataCache/Buckets/MaterialShaderMap/7b/21/e11a43dd9ca6b2586746f2aaddf5c0478d47.udd" 4439
"C:/Users/franc/AppData/Local/UnrealEngine/Common/DerivedDataCache/Buckets/MaterialShaderMap/b6/c6/a9b13cd8102478d9ed0a0dac0c540fe6ee4b.udd" 4440
"C:/Users/franc/AppData/Local/UnrealEngine/Common/DerivedDataCache/Content/c1/a5/b7c223d36ca693e7e35448a9862c00168abe.udd" 4441
"C:/Users/franc/AppData/Local/UnrealEngine/Common/DerivedDataCache/Buckets/MaterialShaderMap/c2/a1/1068a7417a4a72dd86048309bd044e4f5a3e.udd" 4442
"C:/Users/franc/AppData/Local/UnrealEngine/Common/DerivedDataCache/Content/d7/53/7c9348b6a2839e57c2bdc5e15bbc9325f8f3.udd" 4443
"C:/Users/franc/AppData/Local/UnrealEngine/Common/DerivedDataCache/Buckets/MaterialShaderMap/65/e0/2828e1fb922fd00306bd46f143ee968b8682.udd" 4444
"C:/Users/franc/AppData/Local/UnrealEngine/Common/DerivedDataCache/Buckets/MaterialShaderMap/c8/96/6ae69af742ea65adfd2635a7f1e93f10552e.udd" 4445
"C:/Users/franc/AppData/Local/UnrealEngine/Common/DerivedDataCache/Buckets/MaterialShaderMap/b4/a4/8b68c716279c8734d304b2d4714f739f99ab.udd" 4446
"C:/Users/franc/AppData/Local/UnrealEngine/Common/DerivedDataCache/Buckets/MaterialShaderMap/ed/fb/f2daebf8e56f88a4e8c83baf04f073e4261f.udd" 4447
"C:/Users/franc/AppData/Local/UnrealEngine/Common/DerivedDataCache/Buckets/MaterialShaderMap/43/5e/8154b289e4d7190ae6e75ce03dee96eba3ea.udd" 4448
"C:/Users/franc/AppData/Local/UnrealEngine/Common/DerivedDataCache/Buckets/MaterialShaderMap/ad/5d/87120906aa11d7b88693cd41b553298294ff.udd" 4449
"C:/Users/franc/AppData/Local/UnrealEngine/Common/DerivedDataCache/Buckets/MaterialShaderMap/3f/f0/11c9d1efee94ef17acd7cc7bac6307ab068e.udd" 4450
"C:/Users/franc/AppData/Local/UnrealEngine/Common/DerivedDataCache/Buckets/MaterialShaderMap/65/3f/29e64adb6b1cf5f43cdf3179599486fa22fa.udd" 4451
"E:/Unreal Projects/LeagueJourney/Content/UserInteface/Fonts/Uni_Sans_Heavy_Italic_Font.uasset" 4452
"E:/Unreal Projects/LeagueJourney/Content/UserInteface/Fonts/Uni_Sans_Heavy_Font.uasset" 4453
"E:/Unreal Projects/LeagueJourney/Content/UserInteface/DuringMatch/Fonts/monofonto_rg_Font.uasset" 4454
"E:/Unreal Projects/LeagueJourney/Content/UserInteface/DuringMatch/monofonto_rg.uasset" 4455
"E:/Unreal Projects/LeagueJourney/Content/UserInteface/NewTextureRenderTarget2D.uasset" 4456
"E:/Unreal Projects/LeagueJourney/Content/UserInteface/MaterialStadCam.uasset" 4457
"E:/Unreal Projects/LeagueJourney/Content/StarterContent/Particles/Materials/M_Heat_Distortion.uasset" 4458
"E:/Unreal Projects/LeagueJourney/Content/StarterContent/Props/Materials/M_TableRound.uasset" 4459
"E:/Unreal Projects/LeagueJourney/Content/StarterContent/Props/Materials/M_StatueGlass.uasset" 4460
"E:/Unreal Projects/LeagueJourney/Content/StarterContent/Props/Materials/M_Statue.uasset" 4461
"E:/Unreal Projects/LeagueJourney/Content/StarterContent/Particles/Materials/M_Spark.uasset" 4462
"E:/Unreal Projects/LeagueJourney/Content/StarterContent/Particles/Materials/M_smoke_subUV.uasset" 4463
"E:/Unreal Projects/LeagueJourney/Content/StarterContent/Particles/Materials/M_flare_subUV.uasset" 4464
"E:/Unreal Projects/LeagueJourney/Content/StarterContent/Props/Materials/M_Shelf.uasset" 4465
"E:/Unreal Projects/LeagueJourney/Content/StarterContent/Materials/M_Wood_Floor_Walnut_Polished.uasset" 4466
"E:/Unreal Projects/LeagueJourney/Content/StarterContent/Materials/M_Water_Lake.uasset" 4467
"C:/Users/franc/AppData/Local/UnrealEngine/Common/DerivedDataCache/Buckets/MaterialShaderMap/d6/a6/9880a700e06d6788be424abff7b5a3f13398.udd" 4468
"C:/Users/franc/AppData/Local/UnrealEngine/Common/DerivedDataCache/Buckets/MaterialShaderMap/c7/43/723052f873640263d6f504f71895311acc31.udd" 4469
"C:/Users/franc/AppData/Local/UnrealEngine/Common/DerivedDataCache/Buckets/MaterialShaderMap/6c/a0/134f084bdc67041ed8c2132647d8fa0e0534.udd" 4470
"C:/Users/franc/AppData/Local/UnrealEngine/Common/DerivedDataCache/Buckets/MaterialShaderMap/5f/0f/d5290090f16e84f84cd7ad8ef82a5d5a094d.udd" 4471
"C:/Users/franc/AppData/Local/UnrealEngine/Common/DerivedDataCache/Buckets/MaterialShaderMap/75/40/40bd4872c0aceaef8536ec7249815017d846.udd" 4472
"C:/Users/franc/AppData/Local/UnrealEngine/Common/DerivedDataCache/Buckets/MaterialShaderMap/a1/5b/5bcdce750852181f4751ce221abfaeb9be9c.udd" 4473
"E:/Unreal Projects/LeagueJourney/Content/StarterContent/Materials/M_Rock_Marble_Polished.uasset" 4474
"E:/Unreal Projects/LeagueJourney/Content/StarterContent/Materials/M_Wood_Walnut.uasset" 4475
"E:/Unreal Projects/LeagueJourney/Content/StarterContent/Materials/M_Wood_Pine.uasset" 4476
"E:/Unreal Projects/LeagueJourney/Content/StarterContent/Materials/M_Wood_Oak.uasset" 4477
"E:/Unreal Projects/LeagueJourney/Content/StarterContent/Materials/M_Tech_Panel.uasset" 4478
"E:/Unreal Projects/LeagueJourney/Content/StarterContent/Materials/M_Tech_Hex_Tile_Pulse.uasset" 4479
"E:/Unreal Projects/LeagueJourney/Content/StarterContent/Materials/M_Rock_Slate.uasset" 4480
"E:/Unreal Projects/LeagueJourney/Content/StarterContent/Materials/M_Rock_Sandstone.uasset" 4481
"E:/Unreal Projects/LeagueJourney/Content/StarterContent/Materials/M_Rock_Basalt.uasset" 4482
"E:/Unreal Projects/LeagueJourney/Content/StarterContent/Materials/M_Metal_Steel.uasset" 4483
"E:/Unreal Projects/LeagueJourney/Content/StarterContent/Materials/M_Metal_Gold.uasset" 4484
"E:/Unreal Projects/LeagueJourney/Content/StarterContent/Materials/M_Metal_Copper.uasset" 4485
"E:/Unreal Projects/LeagueJourney/Content/StarterContent/Materials/M_Metal_Chrome.uasset" 4486
"E:/Unreal Projects/LeagueJourney/Content/StarterContent/Materials/M_Metal_Burnished_Steel.uasset" 4487
"E:/Unreal Projects/LeagueJourney/Content/StarterContent/Materials/M_Metal_Brushed_Nickel.uasset" 4488
"E:/Unreal Projects/LeagueJourney/Content/StarterContent/Props/Materials/M_Lamp.uasset" 4489
"C:/Users/franc/AppData/Local/UnrealEngine/Common/DerivedDataCache/Buckets/MaterialShaderMap/bd/36/95cc876f1ffe237650dab487a8c908244b9b.udd" 4490
"C:/Users/franc/AppData/Local/UnrealEngine/Common/DerivedDataCache/Buckets/MaterialShaderMap/0e/44/0c66c7608e689404f826cab05b7d96c7f135.udd" 4491
"C:/Users/franc/AppData/Local/UnrealEngine/Common/DerivedDataCache/Buckets/MaterialShaderMap/6d/dc/2dda7be194121cc8fe728f9e574a20a38e21.udd" 4492
"C:/Users/franc/AppData/Local/UnrealEngine/Common/DerivedDataCache/Buckets/MaterialShaderMap/e5/5a/66d4cccab99f2a11775173f83d624a0dd57d.udd" 4493
"C:/Users/franc/AppData/Local/UnrealEngine/Common/DerivedDataCache/Buckets/MaterialShaderMap/d4/4b/a55ee17ee8eb57689be7893fff3cb29f6310.udd" 4494
"C:/Users/franc/AppData/Local/UnrealEngine/Common/DerivedDataCache/Buckets/MaterialShaderMap/ba/6b/7d29059da38db3ab63df297b6b26559b520b.udd" 4495
"C:/Users/franc/AppData/Local/UnrealEngine/Common/DerivedDataCache/Buckets/MaterialShaderMap/d0/e9/86261e34965ad8858ef68e36a0e37c27a14d.udd" 4496
"C:/Users/franc/AppData/Local/UnrealEngine/Common/DerivedDataCache/Buckets/MaterialShaderMap/c2/a5/5ca622c08958cee2806c3650338afe7e728d.udd" 4497
"C:/Users/franc/AppData/Local/UnrealEngine/Common/DerivedDataCache/Buckets/MaterialShaderMap/02/b1/57394dc3eb810254934aad56eaa02df35aed.udd" 4498
"C:/Users/franc/AppData/Local/UnrealEngine/Common/DerivedDataCache/Buckets/MaterialShaderMap/51/77/b7630d3f0b1b3089a311d859f92cc0cffb9c.udd" 4499
"C:/Users/franc/AppData/Local/UnrealEngine/Common/DerivedDataCache/Buckets/MaterialShaderMap/80/52/ad6e911a0f4efbec65800897403f11bb5802.udd" 4500
"C:/Users/franc/AppData/Local/UnrealEngine/Common/DerivedDataCache/Buckets/MaterialShaderMap/80/91/7d20ca3cae60141f2eb861ad523fba4a2c62.udd" 4501
"C:/Users/franc/AppData/Local/UnrealEngine/Common/DerivedDataCache/Buckets/MaterialShaderMap/97/1e/45a907c3aeb2173b71b59ccb276f2b3f9421.udd" 4502
"C:/Users/franc/AppData/Local/UnrealEngine/Common/DerivedDataCache/Buckets/MaterialShaderMap/62/f8/36fa9c180d512d17a5224ff990199255c0f7.udd" 4503
"C:/Users/franc/AppData/Local/UnrealEngine/Common/DerivedDataCache/Buckets/MaterialShaderMap/87/ad/60f43607f0b05f4de47f2e49fa5725bc941d.udd" 4504
"C:/Users/franc/AppData/Local/UnrealEngine/Common/DerivedDataCache/Buckets/MaterialShaderMap/c3/d8/edd836d022acd3da3dd27b031380433dfce5.udd" 4505
"C:/Users/franc/AppData/Local/UnrealEngine/Common/DerivedDataCache/Buckets/MaterialShaderMap/ee/65/10e2daed8ff469ff25421d9ad7e034b19d01.udd" 4506
"C:/Users/franc/AppData/Local/UnrealEngine/Common/DerivedDataCache/Buckets/MaterialShaderMap/d7/7d/8ca04ad5438eda8049ef20ba3141a09e8ba2.udd" 4507
"C:/Users/franc/AppData/Local/UnrealEngine/Common/DerivedDataCache/Buckets/MaterialShaderMap/0d/5d/651de0ee2687214c3b418bb34dbdec7f2d64.udd" 4508
"C:/Users/franc/AppData/Local/UnrealEngine/Common/DerivedDataCache/Buckets/MaterialShaderMap/7c/80/59cc7b1f68b7911869f1e8a587d6a1dfde0a.udd" 4509
"C:/Users/franc/AppData/Local/UnrealEngine/Common/DerivedDataCache/Buckets/MaterialShaderMap/e7/96/e043250ee34af71eb41c1d842ec7fa20054c.udd" 4510
"C:/Users/franc/AppData/Local/UnrealEngine/Common/DerivedDataCache/Buckets/MaterialShaderMap/a9/ab/1ee85d9e9fca2f3ab10d5f5ffd1eccd7f54e.udd" 4511
"C:/Users/franc/AppData/Local/UnrealEngine/Common/DerivedDataCache/Buckets/MaterialShaderMap/07/02/4afe4ee5c598391b67dc63cb02e12bff8d76.udd" 4512
"C:/Users/franc/AppData/Local/UnrealEngine/Common/DerivedDataCache/Buckets/MaterialShaderMap/aa/3d/45d6c89eb0f48a797a47e6797c59664caeb7.udd" 4513
"C:/Users/franc/AppData/Local/UnrealEngine/Common/DerivedDataCache/Buckets/MaterialShaderMap/fd/8c/22638af8bbed30430040ad9b85aef572e32b.udd" 4514
"C:/Users/franc/AppData/Local/UnrealEngine/Common/DerivedDataCache/Buckets/MaterialShaderMap/8d/e3/804317c5a0eb08efe1e8cb45851dc02ec686.udd" 4515
"C:/Users/franc/AppData/Local/UnrealEngine/Common/DerivedDataCache/Buckets/MaterialShaderMap/5a/c1/50f4e62113a515895d24938c33b788b5152e.udd" 4516
"C:/Users/franc/AppData/Local/UnrealEngine/Common/DerivedDataCache/Buckets/MaterialShaderMap/ce/7b/ece7e92fe58651081eb076f8446fa1a08c8c.udd" 4517
"C:/Users/franc/AppData/Local/UnrealEngine/Common/DerivedDataCache/Buckets/MaterialShaderMap/89/05/4e0fcc6baa63e4d83abf5128e8e55cc82b3f.udd" 4518
"C:/Users/franc/AppData/Local/UnrealEngine/Common/DerivedDataCache/Buckets/MaterialShaderMap/38/9f/37e353ebabb655cf5eb714bc5ee09cc415a5.udd" 4519
"C:/Users/franc/AppData/Local/UnrealEngine/Common/DerivedDataCache/Buckets/MaterialShaderMap/df/8a/ddbb254a781e2b84de7e1a90856a576c085f.udd" 4520
"C:/Users/franc/AppData/Local/UnrealEngine/Common/DerivedDataCache/Buckets/MaterialShaderMap/6f/3a/0b485e9f3d56735a20d2eddefa5bb1615d72.udd" 4521
"E:/Unreal Projects/LeagueJourney/Content/StarterContent/Materials/M_Ground_Moss.uasset" 4522
"E:/Unreal Projects/LeagueJourney/Content/StarterContent/Materials/M_Ground_Gravel.uasset" 4523
"E:/Unreal Projects/LeagueJourney/Content/Visual/Materials/M_Grass.uasset" 4524
"E:/Unreal Projects/LeagueJourney/Content/StarterContent/Materials/M_Ground_Grass.uasset" 4525
"E:/Unreal Projects/LeagueJourney/Content/StarterContent/Props/Materials/M_Frame.uasset" 4526
"E:/Unreal Projects/LeagueJourney/Content/StarterContent/Particles/Materials/M_Fire_SubUV.uasset" 4527
"E:/Unreal Projects/LeagueJourney/Content/StarterContent/Particles/Materials/M_explosion_subUV.uasset" 4528
"E:/Unreal Projects/LeagueJourney/Content/StarterContent/Particles/Materials/M_Dust_Particle.uasset" 4529
"E:/Unreal Projects/LeagueJourney/Content/StarterContent/Props/Materials/M_Door.uasset" 4530
"E:/Unreal Projects/LeagueJourney/Content/StarterContent/Materials/M_Concrete_Tiles.uasset" 4531
"E:/Unreal Projects/LeagueJourney/Content/StarterContent/Materials/M_Concrete_Poured.uasset" 4532
"E:/Unreal Projects/LeagueJourney/Content/StarterContent/Materials/M_Concrete_Panels.uasset" 4533
"E:/Unreal Projects/LeagueJourney/Content/StarterContent/Materials/M_Concrete_Grime.uasset" 4534
"E:/Unreal Projects/LeagueJourney/Content/StarterContent/Materials/M_CobbleStone_Smooth.uasset" 4535
"E:/Unreal Projects/LeagueJourney/Content/StarterContent/Materials/M_CobbleStone_Rough.uasset" 4536
"E:/Unreal Projects/LeagueJourney/Content/StarterContent/Materials/M_CobbleStone_Pebble.uasset" 4537
"C:/Users/franc/AppData/Local/UnrealEngine/Common/DerivedDataCache/Buckets/MaterialShaderMap/17/7a/5bc4e38b52cf335e9d212252f94eb5fcfea6.udd" 4538
"C:/Users/franc/AppData/Local/UnrealEngine/Common/DerivedDataCache/Buckets/MaterialShaderMap/05/14/1521cfe6abc5060a56c0e3fe28f3b9543a74.udd" 4539
"C:/Users/franc/AppData/Local/UnrealEngine/Common/DerivedDataCache/Buckets/MaterialShaderMap/01/71/48f0890d6c9405e7e58624f8a97c4f526cf7.udd" 4540
"C:/Users/franc/AppData/Local/UnrealEngine/Common/DerivedDataCache/Buckets/MaterialShaderMap/a1/bc/a7e992781dd8c69adfd8ef481e1a7df6aebc.udd" 4541
"C:/Users/franc/AppData/Local/UnrealEngine/Common/DerivedDataCache/Buckets/MaterialShaderMap/e0/fa/b731f217ef351b5f2c1185c5fc6e277973d3.udd" 4542
"C:/Users/franc/AppData/Local/UnrealEngine/Common/DerivedDataCache/Buckets/MaterialShaderMap/d0/db/2f207f79b0a0ecc23b318f93db534d38cd76.udd" 4543
"C:/Users/franc/AppData/Local/UnrealEngine/Common/DerivedDataCache/Buckets/MaterialShaderMap/56/39/863e8f3d95abd269328738f48eaca1c089ec.udd" 4544
"C:/Users/franc/AppData/Local/UnrealEngine/Common/DerivedDataCache/Buckets/MaterialShaderMap/10/b1/f8751dfcd1a03e57c3fdbac2b2a802c6c095.udd" 4545
"C:/Users/franc/AppData/Local/UnrealEngine/Common/DerivedDataCache/Buckets/MaterialShaderMap/1f/b8/a1e369de908622baef26b6bb7f4911c4446a.udd" 4546
"C:/Users/franc/AppData/Local/UnrealEngine/Common/DerivedDataCache/Buckets/MaterialShaderMap/be/c9/0bd9d394b095751bdd9703a9bfcbecb0fc3f.udd" 4547
"C:/Users/franc/AppData/Local/UnrealEngine/Common/DerivedDataCache/Buckets/MaterialShaderMap/a6/63/5d347e51726af796be52e03a3241b1ed4db4.udd" 4548
"C:/Users/franc/AppData/Local/UnrealEngine/Common/DerivedDataCache/Buckets/MaterialShaderMap/e7/f7/3aa3ac0cbdfedc72aa69e1ee8b927ce91e21.udd" 4549
"C:/Users/franc/AppData/Local/UnrealEngine/Common/DerivedDataCache/Buckets/MaterialShaderMap/c9/44/d6b2da00e310094b20a19dcb2e2db6db3c96.udd" 4550
"C:/Users/franc/AppData/Local/UnrealEngine/Common/DerivedDataCache/Buckets/MaterialShaderMap/8d/09/a0e858dbdd1344616a42a29a37af867bdf31.udd" 4551
"C:/Users/franc/AppData/Local/UnrealEngine/Common/DerivedDataCache/Buckets/MaterialShaderMap/38/24/73857d5580280f91831b138ee48d563fb331.udd" 4552
"C:/Users/franc/AppData/Local/UnrealEngine/Common/DerivedDataCache/Buckets/MaterialShaderMap/82/ef/b7ac130e73671ee60cde57a04c0eac2cfbde.udd" 4553
"C:/Users/franc/AppData/Local/UnrealEngine/Common/DerivedDataCache/Buckets/MaterialShaderMap/e1/92/a2bbe6682b18fd7c2f215727fb917cae9b75.udd" 4554
"C:/Users/franc/AppData/Local/UnrealEngine/Common/DerivedDataCache/Buckets/MaterialShaderMap/a8/c9/3add39ba54320f9fa566c833cb54b833d985.udd" 4555
"C:/Users/franc/AppData/Local/UnrealEngine/Common/DerivedDataCache/Buckets/MaterialShaderMap/17/c5/fad0e662115fc51f41a73ebe0ad7da5b9b64.udd" 4556
"C:/Users/franc/AppData/Local/UnrealEngine/Common/DerivedDataCache/Buckets/MaterialShaderMap/b8/78/88f08c8fad401c4ea012925a265fb9668fba.udd" 4557
"C:/Users/franc/AppData/Local/UnrealEngine/Common/DerivedDataCache/Buckets/MaterialShaderMap/1b/69/1c308e6b50e93464fa0aea1bfbb38aa8636b.udd" 4558
"C:/Users/franc/AppData/Local/UnrealEngine/Common/DerivedDataCache/Buckets/MaterialShaderMap/4a/cc/d1bbaba690e9bc2443334a17fcde14119bf4.udd" 4559
"C:/Users/franc/AppData/Local/UnrealEngine/Common/DerivedDataCache/Buckets/MaterialShaderMap/d4/e9/c00c6c0c997dc9e95f949479a75b0f29aa88.udd" 4560
"C:/Users/franc/AppData/Local/UnrealEngine/Common/DerivedDataCache/Buckets/MaterialShaderMap/d7/7d/2d8b4fd52aa525ac7428b6e2b3576b90bda4.udd" 4561
"C:/Users/franc/AppData/Local/UnrealEngine/Common/DerivedDataCache/Buckets/MaterialShaderMap/4f/fa/f9ca87b7db58fbc4a188d6a19932c91b5571.udd" 4562
"C:/Users/franc/AppData/Local/UnrealEngine/Common/DerivedDataCache/Buckets/MaterialShaderMap/ff/03/7f1ae079ac6714f66ea160d425420f38c127.udd" 4563
"C:/Users/franc/AppData/Local/UnrealEngine/Common/DerivedDataCache/Buckets/MaterialShaderMap/20/2f/421d33b04c2bd5ea375258e95560b9344c6c.udd" 4564
"C:/Users/franc/AppData/Local/UnrealEngine/Common/DerivedDataCache/Buckets/MaterialShaderMap/2b/65/86ffb118a4cf133329e57d22b483cbb8799e.udd" 4565
"C:/Users/franc/AppData/Local/UnrealEngine/Common/DerivedDataCache/Buckets/MaterialShaderMap/98/f0/ab6725b6fde6f536e5a59fe8671c3e6ced5c.udd" 4566
"C:/Users/franc/AppData/Local/UnrealEngine/Common/DerivedDataCache/Buckets/MaterialShaderMap/42/65/c3372f9ebc06895aacb3394b54edb19fefbf.udd" 4567
"C:/Users/franc/AppData/Local/UnrealEngine/Common/DerivedDataCache/Buckets/MaterialShaderMap/a9/d0/04ff10770cb50665743f9aa2c36d4f767b2b.udd" 4568
"C:/Users/franc/AppData/Local/UnrealEngine/Common/DerivedDataCache/Buckets/MaterialShaderMap/7d/e6/d7c4a031569a721f018d7dfa54c097461665.udd" 4569
"E:/Unreal Projects/LeagueJourney/Content/StarterContent/Materials/M_Tech_Checker_Dot.uasset" 4570
"E:/Unreal Projects/LeagueJourney/Content/StarterContent/Props/Materials/M_Chair.uasset" 4571
"E:/Unreal Projects/LeagueJourney/Content/StarterContent/Materials/M_Ceramic_Tile_Checker.uasset" 4572
"E:/Unreal Projects/LeagueJourney/Content/StarterContent/Props/Materials/M_Bush.uasset" 4573
"E:/Unreal Projects/LeagueJourney/Content/StarterContent/Particles/Materials/M_Burst.uasset" 4574
"E:/Unreal Projects/LeagueJourney/Content/StarterContent/Materials/M_Brick_Hewn_Stone.uasset" 4575
"E:/Unreal Projects/LeagueJourney/Content/StarterContent/Materials/M_Brick_Cut_Stone.uasset" 4576
"E:/Unreal Projects/LeagueJourney/Content/StarterContent/Materials/M_Brick_Clay_Old.uasset" 4577
"E:/Unreal Projects/LeagueJourney/Content/StarterContent/Materials/M_Brick_Clay_New.uasset" 4578
"E:/Unreal Projects/LeagueJourney/Content/StarterContent/Materials/M_Brick_Clay_Beveled.uasset" 4579
"E:/Unreal Projects/LeagueJourney/Content/StarterContent/Props/SM_GlassWindow.uasset" 4580
"E:/Unreal Projects/LeagueJourney/Content/StarterContent/Shapes/Shape_WideCapsule.uasset" 4581
"E:/Unreal Projects/LeagueJourney/Content/StarterContent/Shapes/Shape_Wedge_B.uasset" 4582
"E:/Unreal Projects/LeagueJourney/Content/StarterContent/Shapes/Shape_Wedge_A.uasset" 4583
"E:/Unreal Projects/LeagueJourney/Content/StarterContent/Shapes/Shape_Tube.uasset" 4584
"E:/Unreal Projects/LeagueJourney/Content/StarterContent/Shapes/Shape_TriPyramid.uasset" 4585
"C:/Users/franc/AppData/Local/UnrealEngine/Common/DerivedDataCache/Buckets/MaterialShaderMap/08/cc/7d0ddc3804292262862941a85991d4f4f12d.udd" 4586
"C:/Users/franc/AppData/Local/UnrealEngine/Common/DerivedDataCache/Buckets/MaterialShaderMap/5b/d2/4e087a85f6b01f2e3d34593cd0c1cc470934.udd" 4587
"C:/Users/franc/AppData/Local/UnrealEngine/Common/DerivedDataCache/Buckets/MaterialShaderMap/ec/4a/42a80b4b23998164c4dd75cea4ec33ad5e14.udd" 4588
"C:/Users/franc/AppData/Local/UnrealEngine/Common/DerivedDataCache/Buckets/MaterialShaderMap/6b/18/c05a42a1cbd210374d4ce794685e23d089dc.udd" 4589
"C:/Users/franc/AppData/Local/UnrealEngine/Common/DerivedDataCache/Buckets/MaterialShaderMap/26/ba/8902053ba581e05dd1e33132f1f8a7553235.udd" 4590
"C:/Users/franc/AppData/Local/UnrealEngine/Common/DerivedDataCache/Buckets/MaterialShaderMap/43/13/498f8697ad139f1cc6e3623d5ff2d8b6ac68.udd" 4591
"C:/Users/franc/AppData/Local/UnrealEngine/Common/DerivedDataCache/Buckets/MaterialShaderMap/08/1b/dec0f1a23cb71e8e36d1d8b3b8c15f98d6e3.udd" 4592
"C:/Users/franc/AppData/Local/UnrealEngine/Common/DerivedDataCache/Buckets/MaterialShaderMap/b8/63/97e534ffa79193ca94ce8eeee5efb5ee6e19.udd" 4593
"C:/Users/franc/AppData/Local/UnrealEngine/Common/DerivedDataCache/Buckets/MaterialShaderMap/2f/f0/7cd62a641eeb5c89a009610a6394944c2909.udd" 4594
"C:/Users/franc/AppData/Local/UnrealEngine/Common/DerivedDataCache/Buckets/MaterialShaderMap/71/7e/4e2b229c58da433b6b588680d7cf9bb3390c.udd" 4595
"C:/Users/franc/AppData/Local/UnrealEngine/Common/DerivedDataCache/Buckets/MaterialShaderMap/31/6a/8e14ecae33d4dd4e3d084f7433a264891042.udd" 4596
"C:/Users/franc/AppData/Local/UnrealEngine/Common/DerivedDataCache/Buckets/MaterialShaderMap/15/d7/37384ee5dee404d620e216066ca58e901843.udd" 4597
"C:/Users/franc/AppData/Local/UnrealEngine/Common/DerivedDataCache/Buckets/MaterialShaderMap/2a/dc/58e032418d33bea3cfbc43bbf45dbc833a1a.udd" 4598
"C:/Users/franc/AppData/Local/UnrealEngine/Common/DerivedDataCache/Buckets/MaterialShaderMap/f0/03/75232fd764f7f705691a3ad0fe489107e1d8.udd" 4599
"C:/Users/franc/AppData/Local/UnrealEngine/Common/DerivedDataCache/Buckets/MaterialShaderMap/c9/00/1169be9e3183b25985d4252c5577182d0885.udd" 4600
"C:/Users/franc/AppData/Local/UnrealEngine/Common/DerivedDataCache/Buckets/MaterialShaderMap/be/72/31ea66d035f5ad44de53a493d68e71a41ce8.udd" 4601
"C:/Users/franc/AppData/Local/UnrealEngine/Common/DerivedDataCache/Buckets/MaterialShaderMap/49/81/c62d6af637f132adf6b625609b6a3d589327.udd" 4602
"C:/Users/franc/AppData/Local/UnrealEngine/Common/DerivedDataCache/Buckets/MaterialShaderMap/f6/cc/819b6754e0060204b73306c27f0f65b02ecc.udd" 4603
"C:/Users/franc/AppData/Local/UnrealEngine/Common/DerivedDataCache/Buckets/MaterialShaderMap/ea/43/651a46f5226b3f7e97e98d2778e317c95564.udd" 4604
"C:/Users/franc/AppData/Local/UnrealEngine/Common/DerivedDataCache/Buckets/MaterialShaderMap/b2/a2/30d25be085ebb3a376f87a9e7850a307c57a.udd" 4605
"C:/Users/franc/AppData/Local/UnrealEngine/Common/DerivedDataCache/Buckets/MaterialShaderMap/36/b6/da14b90ef50c375403d9cf99cacc85066c3d.udd" 4606
"C:/Users/franc/AppData/Local/UnrealEngine/Common/DerivedDataCache/Buckets/MaterialShaderMap/30/35/e864f811ad8f640b675e45fa92e89dbfd71e.udd" 4607
"C:/Users/franc/AppData/Local/UnrealEngine/Common/DerivedDataCache/Buckets/MaterialShaderMap/38/66/c2430f85e38ba1521c3fbc0d90de4af47608.udd" 4608
"C:/Users/franc/AppData/Local/UnrealEngine/Common/DerivedDataCache/Buckets/MaterialShaderMap/9c/04/b8528d92fd5cbc010db4fd0a2e75acf46654.udd" 4609
"C:/Users/franc/AppData/Local/UnrealEngine/Common/DerivedDataCache/Buckets/MaterialShaderMap/fb/bd/65038a0a2abd9850e12949091c142bc86f1a.udd" 4610
"C:/Users/franc/AppData/Local/UnrealEngine/Common/DerivedDataCache/Buckets/MaterialShaderMap/52/7e/58047c237d0db8305906533921266bd7bbf0.udd" 4611
"C:/Users/franc/AppData/Local/UnrealEngine/Common/DerivedDataCache/Buckets/MaterialShaderMap/4f/63/15f7624b20a86bcfd015aa513e8cd78c9368.udd" 4612
"C:/Users/franc/AppData/Local/UnrealEngine/Common/DerivedDataCache/Buckets/MaterialShaderMap/50/de/57c77cd4e7f9b55cc5911b9ad2a1a14ede95.udd" 4613
"C:/Users/franc/AppData/Local/UnrealEngine/Common/DerivedDataCache/Buckets/MaterialShaderMap/b9/49/e27c39d5a11564d193d20c2f9d2e21b98e0f.udd" 4614
"C:/Users/franc/AppData/Local/UnrealEngine/Common/DerivedDataCache/Buckets/MaterialShaderMap/d6/9d/89afedbd7692758d28fada91a97b757408ce.udd" 4615
"C:/Users/franc/AppData/Local/UnrealEngine/Common/DerivedDataCache/Buckets/MaterialShaderMap/6c/c9/70100dff1c9d3c3991221df4a38e4e5f0e5a.udd" 4616
"C:/Users/franc/AppData/Local/UnrealEngine/Common/DerivedDataCache/Buckets/MaterialShaderMap/39/e0/606010a741454dc0cfb4e21ae357b05252e3.udd" 4617
"E:/Unreal Projects/LeagueJourney/Content/StarterContent/Shapes/Shape_Trim_90_Out.uasset" 4618
"E:/Unreal Projects/LeagueJourney/Content/StarterContent/Shapes/Shape_Trim_90_In.uasset" 4619
"E:/Unreal Projects/LeagueJourney/Content/StarterContent/Shapes/Shape_Trim.uasset" 4620
"E:/Unreal Projects/LeagueJourney/Content/StarterContent/Shapes/Shape_Torus.uasset" 4621
"E:/Unreal Projects/LeagueJourney/Content/StarterContent/Shapes/Shape_Sphere.uasset" 4622
"E:/Unreal Projects/LeagueJourney/Content/StarterContent/Shapes/Shape_QuadPyramid.uasset" 4623
"E:/Unreal Projects/LeagueJourney/Content/StarterContent/Shapes/Shape_Plane.uasset" 4624
"E:/Unreal Projects/LeagueJourney/Content/StarterContent/Shapes/Shape_Pipe_90.uasset" 4625
"E:/Unreal Projects/LeagueJourney/Content/StarterContent/Shapes/Shape_Pipe_180.uasset" 4626
"E:/Unreal Projects/LeagueJourney/Content/StarterContent/Shapes/Shape_Pipe.uasset" 4627
"E:/Unreal Projects/LeagueJourney/Content/StarterContent/Shapes/Shape_NarrowCapsule.uasset" 4628
"E:/Unreal Projects/LeagueJourney/Content/StarterContent/Shapes/Shape_Cylinder.uasset" 4629
"E:/Unreal Projects/LeagueJourney/Content/StarterContent/Shapes/Shape_Cube.uasset" 4630
"E:/Unreal Projects/LeagueJourney/Content/StarterContent/Shapes/Shape_Cone.uasset" 4631
"E:/Unreal Projects/LeagueJourney/Content/StarterContent/Architecture/Wall_Window_400x400.uasset" 4632
"E:/Unreal Projects/LeagueJourney/Content/StarterContent/Architecture/Wall_Window_400x300.uasset" 4633
"C:/Users/franc/AppData/Local/UnrealEngine/Common/DerivedDataCache/Buckets/MaterialShaderMap/c0/10/126e0cc5a838f26761d08f77b64040766f35.udd" 4634
"C:/Users/franc/AppData/Local/UnrealEngine/Common/DerivedDataCache/Buckets/MaterialShaderMap/5d/90/a8ac94247b11804b5c1bf9051969b46b5257.udd" 4635
"C:/Users/franc/AppData/Local/UnrealEngine/Common/DerivedDataCache/Buckets/MaterialShaderMap/bc/62/472299151d87ff81e88c5e3b01a7606f5a68.udd" 4636
"C:/Users/franc/AppData/Local/UnrealEngine/Common/DerivedDataCache/Buckets/MaterialShaderMap/97/41/59a288bb1e1f32fb8d45de4202a8f6ea5f2d.udd" 4637
"E:/Unreal Projects/LeagueJourney/Content/StarterContent/Architecture/Wall_Door_400x400.uasset" 4638
"E:/Unreal Projects/LeagueJourney/Content/StarterContent/Architecture/Wall_Door_400x300.uasset" 4639
"E:/Unreal Projects/LeagueJourney/Content/StarterContent/Architecture/Wall_500x500.uasset" 4640
"E:/Unreal Projects/LeagueJourney/Content/StarterContent/Architecture/Wall_400x400.uasset" 4641
"E:/Unreal Projects/LeagueJourney/Content/StarterContent/Architecture/Wall_400x300.uasset" 4642
"E:/Unreal Projects/LeagueJourney/Content/StarterContent/Architecture/Wall_400x200.uasset" 4643
"E:/Unreal Projects/LeagueJourney/Content/StarterContent/Architecture/Pillar_50x500.uasset" 4644
"E:/Unreal Projects/LeagueJourney/Content/StarterContent/Props/SM_Stairs.uasset" 4645
"E:/Unreal Projects/LeagueJourney/Content/StarterContent/Architecture/Floor_400x400.uasset" 4646
"E:/Unreal Projects/LeagueJourney/Content/StarterContent/Architecture/SM_AssetPlatform.uasset" 4647
"E:/Unreal Projects/LeagueJourney/Content/Props/Stadiums/MCB/mountains_Cube_006.uasset" 4648
"E:/Unreal Projects/LeagueJourney/Content/Props/SFX/goloCasa.uasset" 4649
"E:/Unreal Projects/LeagueJourney/Content/Props/SFX/BP_StadiumAnnouncer.uasset" 4650
"E:/Unreal Projects/LeagueJourney/Content/Props/Environment/Interactive/Pitch/test_Field_Lines_001.uasset" 4651
"E:/Unreal Projects/LeagueJourney/Content/Props/Environment/Interactive/Pitch/test_Boundry_001.uasset" 4652
"E:/Unreal Projects/LeagueJourney/Content/Props/Environment/Interactive/Pitch/test_Gutter_001.uasset" 4653
"E:/Unreal Projects/LeagueJourney/Content/Props/Environment/Interactive/Pitch/test_Field_01_001.uasset" 4654
"E:/Unreal Projects/LeagueJourney/Content/Props/Environment/Interactive/Pitch/test_Field_Outside_001.uasset" 4655
"E:/Unreal Projects/LeagueJourney/Content/Props/Environment/Interactive/Pitch/test_Field_02_001.uasset" 4656
"E:/Unreal Projects/LeagueJourney/Content/Props/Environment/Interactive/Goals/goal_Goals.uasset" 4657
"E:/Unreal Projects/LeagueJourney/Content/Props/Environment/Interactive/Goals/goal_a.uasset" 4658
"E:/Unreal Projects/LeagueJourney/Content/Props/MaterialEletronics.uasset" 4659
"E:/Unreal Projects/LeagueJourney/Content/Props/Ads/Instances/sike_Mat.uasset" 4660
"E:/Unreal Projects/LeagueJourney/Content/UserInteface/Menu/PlayScreen/SquareMask.uasset" 4661
"E:/Unreal Projects/LeagueJourney/Content/Levels/LevelSequences/OpeningSequence.uasset" 4662
"E:/Unreal Projects/LeagueJourney/Content/LevelPrototyping/Materials/MI_Solid_Blue.uasset" 4663
"E:/Unreal Projects/LeagueJourney/Content/EditorWidgets/ThirdStreetDebugOptions.uasset" 4664
"E:/Unreal Projects/LeagueJourney/Content/EditorWidgets/NewEditorUtilityWidgetBlueprint.uasset" 4665
"E:/Unreal Projects/LeagueJourney/Content/EditorWidgets/DebugOptions.uasset" 4666
"E:/Unreal Projects/LeagueJourney/Content/NewEditorUtilityWidgetBlueprint.uasset" 4667
"E:/Unreal Projects/LeagueJourney/Content/Characters/szcsz/Animations/char_jog/Animation/CAHAR_CtrlRig_Driving_char_jog1_01.uasset" 4668
"E:/Unreal Projects/LeagueJourney/Content/Characters/szcsz/Animations/char_jog.uasset" 4669
"C:/Users/franc/AppData/Local/UnrealEngine/Common/DerivedDataCache/Buckets/MaterialShaderMap/96/f1/8a62024235a3fb3f9cac5cc9471328afae6a.udd" 4670
"C:/Users/franc/AppData/Local/UnrealEngine/Common/DerivedDataCache/Buckets/MaterialShaderMap/bf/c7/2025c7aa7e85b3105b94a9ad3d560dc334cc.udd" 4671
"C:/Users/franc/AppData/Local/UnrealEngine/Common/DerivedDataCache/Buckets/MaterialShaderMap/ef/8e/2e47175626aa26352587e96486cba8284fe8.udd" 4672
"C:/Users/franc/AppData/Local/UnrealEngine/Common/DerivedDataCache/Buckets/MaterialShaderMap/86/7a/61626653d2bdecad1d6c20374d933fe41e10.udd" 4673
"E:/Unreal Projects/LeagueJourney/Content/Characters/szcsz/CAHAR_Skeleton_Montage.uasset" 4674
"E:/Unreal Projects/LeagueJourney/Content/Characters/PlayerInput/Actions/IA_Tackle.uasset" 4675
"E:/Unreal Projects/LeagueJourney/Content/Characters/PlayerInput/Actions/IA_Sprint.uasset" 4676
"E:/Unreal Projects/LeagueJourney/Content/Characters/PlayerInput/Actions/IA_Pass.uasset" 4677
"E:/Unreal Projects/LeagueJourney/Content/Characters/PlayerInput/Actions/IA_Move.uasset" 4678
"E:/Unreal Projects/LeagueJourney/Content/Characters/Player/PlayerInput/NewInputMappingContext.uasset" 4679
"E:/Unreal Projects/LeagueJourney/Content/Characters/Player/Models/MixamoDefault/Ch38_hair.uasset" 4680
"E:/Unreal Projects/LeagueJourney/Content/Characters/Player/Models/MixamoDefault/Ch38_body.uasset" 4681
"E:/Unreal Projects/LeagueJourney/Content/Characters/Player/Animations/Retarded/throwin_UE.uasset" 4682
"E:/Unreal Projects/LeagueJourney/Content/Characters/Player/Animations/Retarded/standingup_UE.uasset" 4683
"E:/Unreal Projects/LeagueJourney/Content/Characters/Player/Animations/Retarded/soccertrip_UE.uasset" 4684
"E:/Unreal Projects/LeagueJourney/Content/Characters/Player/Animations/Retarded/headersoccerball_UE.uasset" 4685
"E:/Unreal Projects/LeagueJourney/Content/Characters/Player/Animations/Retarded/headersoccerball_2__UE.uasset" 4686
"E:/Unreal Projects/LeagueJourney/Content/Characters/Player/Animations/Retarded/fallenidle_UE.uasset" 4687
"E:/Unreal Projects/LeagueJourney/Content/Characters/Player/Animations/Possession/kneeingsoccerball_UE.uasset" 4688
"E:/Unreal Projects/LeagueJourney/Content/Characters/Player/Animations/Possession/kneeingsoccerball_2__UE.uasset" 4689
"C:/Users/franc/AppData/Local/UnrealEngine/Common/DerivedDataCache/Buckets/MaterialShaderMap/6a/e3/2955dc8b099ad3b2c8a7a80fbfa73036a9b6.udd" 4690
"C:/Users/franc/AppData/Local/UnrealEngine/Common/DerivedDataCache/Buckets/MaterialShaderMap/18/2c/1672fbb09a43d49b7560e1c58f15222edade.udd" 4691
"C:/Users/franc/AppData/Local/UnrealEngine/Common/DerivedDataCache/Buckets/MaterialShaderMap/8e/29/37dd753303899011241e748034968e938da6.udd" 4692
"C:/Users/franc/AppData/Local/UnrealEngine/Common/DerivedDataCache/Buckets/MaterialShaderMap/60/01/9782a9c9a1e8136f660e73b94cf923ecf39e.udd" 4693
"E:/Unreal Projects/LeagueJourney/Content/Characters/Player/Animations/Possession/kicksoccerball_UE.uasset" 4694
"E:/Unreal Projects/LeagueJourney/Content/Characters/Player/Animations/Offensive/strikefowardjog_UE.uasset" 4695
"E:/Unreal Projects/LeagueJourney/Content/Characters/Player/Animations/Offensive/soccerpenaltykick_UE.uasset" 4696
"E:/Unreal Projects/LeagueJourney/Content/Characters/Player/Animations/Offensive/scissorkick_UE.uasset" 4697
"E:/Unreal Projects/LeagueJourney/Content/Characters/Player/Animations/Movement/jogstraferight_UE.uasset" 4698
"E:/Unreal Projects/LeagueJourney/Content/Characters/Player/Animations/Movement/jogstrafeleft_UE.uasset" 4699
"E:/Unreal Projects/LeagueJourney/Content/Characters/Player/Animations/Movement/jogforward_UE.uasset" 4700
"E:/Unreal Projects/LeagueJourney/Content/Characters/Player/Animations/Movement/jogforwarddiagonal_UE.uasset" 4701
"E:/Unreal Projects/LeagueJourney/Content/Characters/Player/Animations/Movement/jogforwarddiagonal_2__UE.uasset" 4702
"E:/Unreal Projects/LeagueJourney/Content/Characters/Player/Animations/Movement/jogbackward_UE.uasset" 4703
"E:/Unreal Projects/LeagueJourney/Content/Characters/Player/Animations/Movement/jogbackwarddiagonal_UE.uasset" 4704
"E:/Unreal Projects/LeagueJourney/Content/Characters/Player/Animations/Movement/jogbackwarddiagonal_2__UE.uasset" 4705
"E:/Unreal Projects/LeagueJourney/Content/Characters/Player/Animations/Idle/offensiveidle_UE.uasset" 4706
"E:/Unreal Projects/LeagueJourney/Content/Characters/Player/Animations/Goalkeeper/goalkeepersidestep_UE.uasset" 4707
"E:/Unreal Projects/LeagueJourney/Content/Characters/Player/Animations/Goalkeeper/goalkeepersidestep_2__UE.uasset" 4708
"E:/Unreal Projects/LeagueJourney/Content/Characters/Player/Animations/Goalkeeper/goalkeeperscoop_UE.uasset" 4709
"E:/Unreal Projects/LeagueJourney/Content/Characters/Player/Animations/Goalkeeper/goalkeeperplacingball_UE.uasset" 4710
"E:/Unreal Projects/LeagueJourney/Content/Characters/Player/Animations/Goalkeeper/goalkeeperplacingball_2__UE.uasset" 4711
"E:/Unreal Projects/LeagueJourney/Content/Characters/Player/Animations/Goalkeeper/goalkeeperpass_UE.uasset" 4712
"E:/Unreal Projects/LeagueJourney/Content/Characters/Player/Animations/Goalkeeper/goalkeeperoverhandthrow_UE.uasset" 4713
"E:/Unreal Projects/LeagueJourney/Content/Characters/Player/Animations/Goalkeeper/goalkeepermiss_UE.uasset" 4714
"E:/Unreal Projects/LeagueJourney/Content/Characters/Player/Animations/Goalkeeper/goalkeeperidle_UE.uasset" 4715
"E:/Unreal Projects/LeagueJourney/Content/Characters/Player/Animations/Goalkeeper/goalkeeperidle_2__UE.uasset" 4716
"E:/Unreal Projects/LeagueJourney/Content/Characters/Player/Animations/Goalkeeper/goalkeeperdropkick_UE.uasset" 4717
"E:/Unreal Projects/LeagueJourney/Content/Characters/Player/Animations/Goalkeeper/goalkeeperdivingsave_UE.uasset" 4718
"E:/Unreal Projects/LeagueJourney/Content/Characters/Player/Animations/Goalkeeper/goalkeeperdivingsave_2__UE.uasset" 4719
"E:/Unreal Projects/LeagueJourney/Content/Characters/Player/Animations/Goalkeeper/goalkeeperdirecting_UE.uasset" 4720
"E:/Unreal Projects/LeagueJourney/Content/Characters/Player/Animations/Goalkeeper/goalkeeperdirecting_2__UE.uasset" 4721
"E:/Unreal Projects/LeagueJourney/Content/Characters/Player/Animations/Goalkeeper/goalkeepercatch_UE.uasset" 4722
"E:/Unreal Projects/LeagueJourney/Content/Characters/Player/Animations/Goalkeeper/goalkeepercatch_4__UE.uasset" 4723
"E:/Unreal Projects/LeagueJourney/Content/Characters/Player/Animations/Goalkeeper/goalkeepercatch_3__UE.uasset" 4724
"E:/Unreal Projects/LeagueJourney/Content/Characters/Player/Animations/Goalkeeper/goalkeepercatch_2__UE.uasset" 4725
"E:/Unreal Projects/LeagueJourney/Content/Characters/Player/Animations/Goalkeeper/goalkeeperbodyblock_UE.uasset" 4726
"E:/Unreal Projects/LeagueJourney/Content/Characters/Player/Animations/Goalkeeper/goalkeeperbodyblock_3__UE.uasset" 4727
"E:/Unreal Projects/LeagueJourney/Content/Characters/Player/Animations/Goalkeeper/goalkeeperbodyblock_2__UE.uasset" 4728
"E:/Unreal Projects/LeagueJourney/Content/Characters/Player/Animations/Defensive/soccertackle_UE.uasset" 4729
"E:/Unreal Projects/LeagueJourney/Content/Characters/Player/Animations/Defensive/soccertackle_3__UE.uasset" 4730
"E:/Unreal Projects/LeagueJourney/Content/Characters/Player/Animations/Defensive/soccertackle_2__UE.uasset" 4731
"E:/Unreal Projects/LeagueJourney/Content/Characters/Player/Animations/BlendSpaces/SoccerPass_UE.uasset" 4732
"E:/Unreal Projects/LeagueJourney/Content/Characters/Player/Animations/BlendSpaces/FastRun_UE.uasset" 4733
"E:/Unreal Projects/LeagueJourney/Content/throwin_UE.uasset" 4734
"E:/Unreal Projects/LeagueJourney/Content/Characters/Mannequin_UE4/Animations/Jog_Fwd.uasset" 4735
"E:/Unreal Projects/LeagueJourney/Content/Blueprints/BP_PlayerIndicator.uasset" 4736
"../../../Engine/Plugins/Interchange/Runtime/Content/gltf/MaterialFunctions/MF_TransformUVs.uasset" 4737
"../../../Engine/Content/EngineMaterials/PPM_DefaultCalibrationGrayscale.uasset" 4738
"../../../Engine/Content/EngineMaterials/PPM_DefaultCalibrationColor.uasset" 4739
"../../../Engine/Content/MobileResources/HUD/DefaultVirtualJoysticks.uasset" 4740
"../../../Engine/Content/EditorMaterials/PreviewShadowIndicatorMaterial.uasset" 4741
"E:/Unreal Projects/LeagueJourney/Content/Visual/Materials/M_OldBrick.uasset" 4742
"E:/Unreal Projects/LeagueJourney/Content/MSPresets/M_MS_Surface_Material_VT/Functions/MF_Tiling.uasset" 4743
"E:/Unreal Projects/LeagueJourney/Content/MSPresets/M_MS_Surface_Material/Functions/MF_Tiling.uasset" 4744
"E:/Unreal Projects/LeagueJourney/Content/MSPresets/M_MS_SurfaceBlend_Material/LayerFunctions/MF_NormalCorrection.uasset" 4745
"E:/Unreal Projects/LeagueJourney/Content/MSPresets/M_MS_Default_Material_VT/Functions/MF_Tiling.uasset" 4746
"E:/Unreal Projects/LeagueJourney/Content/MSPresets/M_MS_Default_Material_VT/Functions/MF_DetailNormalTiling.uasset" 4747
"E:/Unreal Projects/LeagueJourney/Content/MSPresets/M_MS_Default_Material/Functions/MF_Tiling.uasset" 4748
"E:/Unreal Projects/LeagueJourney/Content/MSPresets/M_MS_Default_Material/Functions/MF_DetailNormalTiling.uasset" 4749
"E:/Unreal Projects/LeagueJourney/Content/MSPresets/M_MS_Default_Fuzz_Material_VT/Functions/MF_Tiling.uasset" 4750
"E:/Unreal Projects/LeagueJourney/Content/MSPresets/M_MS_Default_Fuzz_Material/Functions/MF_Tiling.uasset" 4751
"../../../Engine/Plugins/Bridge/Content/MSPresets/M_MS_Default_Material/Functions/MF_Tiling.uasset" 4752
"../../../Engine/Plugins/Bridge/Content/MSPresets/M_MS_SurfaceBlend_Material/LayerFunctions/MF_NormalCorrection.uasset" 4753
"../../../Engine/Plugins/Bridge/Content/MSPresets/M_MS_Default_Fuzz_Material/Functions/MF_Tiling.uasset" 4754
"C:/Users/franc/AppData/Local/UnrealEngine/Common/DerivedDataCache/Buckets/MaterialShaderMap/e6/1c/4c80d4e522bc5193a61c338695b32029765e.udd" 4755
"C:/Users/franc/AppData/Local/UnrealEngine/Common/DerivedDataCache/Buckets/MaterialShaderMap/bf/b6/76fac870089daa2351f36fa2afb05db81353.udd" 4756
"C:/Users/franc/AppData/Local/UnrealEngine/Common/DerivedDataCache/Buckets/MaterialShaderMap/e0/28/c165eb3c22a8d86f716b1cd06edaa10c19b9.udd" 4757
"C:/Users/franc/AppData/Local/UnrealEngine/Common/DerivedDataCache/Buckets/MaterialShaderMap/cb/9e/a240e0242506e7ebb392a430b9f9a26f1b11.udd" 4758
"C:/Users/franc/AppData/Local/UnrealEngine/Common/DerivedDataCache/Buckets/MaterialShaderMap/3f/b1/dd7edac32798093f62c7becb44c7b584ffa5.udd" 4759
"C:/Users/franc/AppData/Local/UnrealEngine/Common/DerivedDataCache/Buckets/MaterialShaderMap/e6/67/50df32eaac63adba0c741ea3fa02f55a906e.udd" 4760
"C:/Users/franc/AppData/Local/UnrealEngine/Common/DerivedDataCache/Buckets/MaterialShaderMap/66/ec/12c21294a7b705e5625fa978f50e9722e387.udd" 4761
"C:/Users/franc/AppData/Local/UnrealEngine/Common/DerivedDataCache/Buckets/MaterialShaderMap/25/ce/926e965ebeb23308239b7cfcab0db53b54d8.udd" 4762
"E:/Unreal Projects/LeagueJourney/Content/StarterContent/Props/Materials/M_Rock.uasset" 4763
"E:/Unreal Projects/LeagueJourney/Content/StarterContent/Materials/M_Water_Ocean.uasset" 4764
"E:/Unreal Projects/LeagueJourney/Content/StarterContent/Materials/M_Tech_Hex_Tile.uasset" 4765
"E:/Unreal Projects/LeagueJourney/Content/StarterContent/Materials/M_Metal_Rust.uasset" 4766
"E:/Unreal Projects/LeagueJourney/Content/StarterContent/Particles/Materials/M_radial_ramp.uasset" 4767
"E:/Unreal Projects/LeagueJourney/Content/StarterContent/Particles/Materials/M_Radial_Gradient.uasset" 4768
"E:/Unreal Projects/LeagueJourney/Content/StarterContent/Materials/M_Wood_Floor_Walnut_Worn.uasset" 4769
"E:/Unreal Projects/LeagueJourney/Content/StarterContent/Materials/M_ColorGrid_LowSpec.uasset" 4770
"E:/Unreal Projects/LeagueJourney/Content/StarterContent/Blueprints/Assets/M_LightStage_Skybox_Master.uasset" 4771
"../../../Engine/Plugins/Interchange/Runtime/Content/Materials/PhongSurfaceMaterial.uasset" 4772
"../../../Engine/Plugins/Interchange/Runtime/Content/Materials/CommonMaterial.uasset" 4773
"../../../Engine/Content/Functions/Engine_MaterialFunctions03/ComplexMotion/Motion_4WayChaos_Normal.uasset" 4774
"E:/Unreal Projects/LeagueJourney/Content/MSPresets/M_MS_SurfaceBlend_Material/LayerFunctions/MF_DisplacementBlend.uasset" 4775
"E:/Unreal Projects/LeagueJourney/Content/MSPresets/M_MS_Imperfection_Material_VT/M_MS_Imperfection_Material_Var_VT.uasset" 4776
"E:/Unreal Projects/LeagueJourney/Content/MSPresets/M_MS_Imperfection_Material_Var/M_MS_Imperfection_Material_Var.uasset" 4777
"C:/Users/franc/AppData/Local/UnrealEngine/Common/DerivedDataCache/Buckets/MaterialShaderMap/c8/f4/ee59ac84cc7f4de18333b6a0ca2c67bd2717.udd" 4778
"C:/Users/franc/AppData/Local/UnrealEngine/Common/DerivedDataCache/Buckets/MaterialShaderMap/dd/92/1ed5b652733f33943f2772e74752ced25b67.udd" 4779
"C:/Users/franc/AppData/Local/UnrealEngine/Common/DerivedDataCache/Buckets/MaterialShaderMap/55/94/2144c68b9358d9ecba36029fd34e8d0b46ad.udd" 4780
"C:/Users/franc/AppData/Local/UnrealEngine/Common/DerivedDataCache/Buckets/MaterialShaderMap/b1/f5/a3f9c884bf5a3e5c9c660a130cf5103f7c9a.udd" 4781
"C:/Users/franc/AppData/Local/UnrealEngine/Common/DerivedDataCache/Buckets/MaterialShaderMap/e5/d2/2faf9acbfdbe0b591a04458e6d94963d7011.udd" 4782
"C:/Users/franc/AppData/Local/UnrealEngine/Common/DerivedDataCache/Buckets/MaterialShaderMap/91/30/29d01830c42c933b84327720912fde85a1cc.udd" 4783
"C:/Users/franc/AppData/Local/UnrealEngine/Common/DerivedDataCache/Buckets/MaterialShaderMap/6a/69/9b24e4491c78546c9ef214fb0b24ecea8cce.udd" 4784
"C:/Users/franc/AppData/Local/UnrealEngine/Common/DerivedDataCache/Buckets/MaterialShaderMap/5f/16/8866bca85687ca785fe50ca1f5761e5397d1.udd" 4785
"C:/Users/franc/AppData/Local/UnrealEngine/Common/DerivedDataCache/Buckets/MaterialShaderMap/33/c8/29f44c5e9647ec1c7d67131d32139bc2becb.udd" 4786
"C:/Users/franc/AppData/Local/UnrealEngine/Common/DerivedDataCache/Buckets/MaterialShaderMap/2f/19/30a480aa1f276b8f62394dc60f85acb6a7a5.udd" 4787
"C:/Users/franc/AppData/Local/UnrealEngine/Common/DerivedDataCache/Buckets/MaterialShaderMap/bf/26/3fc6b5534f28838656bdf001200e43b62005.udd" 4788
"C:/Users/franc/AppData/Local/UnrealEngine/Common/DerivedDataCache/Buckets/MaterialShaderMap/89/9f/5efdde219bbf1b53bf49adf8feed4c5ab6b1.udd" 4789
"C:/Users/franc/AppData/Local/UnrealEngine/Common/DerivedDataCache/Buckets/MaterialShaderMap/6a/8e/f807f811962c8dc18b19630b4f91cad7e00c.udd" 4790
"C:/Users/franc/AppData/Local/UnrealEngine/Common/DerivedDataCache/Buckets/MaterialShaderMap/ab/6e/6bc9dc837d759f062ee7043ca3485376c42b.udd" 4791
"E:/Unreal Projects/LeagueJourney/Content/MSPresets/M_MS_Imperfection_Material/M_MS_Imperfection_Material_Var.uasset" 4792
"E:/Unreal Projects/LeagueJourney/Content/MSPresets/M_MS_Glass_Material/Functions/MF_WindowNormalStrength.uasset" 4793
"../../../Engine/Plugins/Bridge/Content/MSPresets/M_MS_Glass_Material/Functions/MF_WindowNormalStrength.uasset" 4794
"E:/Unreal Projects/LeagueJourney/Content/MSPresets/M_MS_Glass_Material/Functions/MF_WindowImperfection.uasset" 4795
"../../../Engine/Plugins/Bridge/Content/MSPresets/M_MS_Glass_Material/Functions/MF_WindowImperfection.uasset" 4796
"E:/Unreal Projects/LeagueJourney/Content/MSPresets/M_MS_Glass_Material/Functions/MF_Imperfection.uasset" 4797
"E:/Unreal Projects/LeagueJourney/Content/MSPresets/M_MS_Glass_Material/Functions/MF_FrameTextures.uasset" 4798
"../../../Engine/Plugins/Enterprise/DatasmithContent/Content/Materials/FBXImporter/VRED/ProcessNormal.uasset" 4799
"E:/Unreal Projects/LeagueJourney/Content/MSPresets/M_MS_Default_Material_VT/M_MS_Default_Material_VT.uasset" 4800
"E:/Unreal Projects/LeagueJourney/Content/MSPresets/M_MS_Default_Material/M_MS_Default_Material.uasset" 4801
"E:/Unreal Projects/LeagueJourney/Content/Characters/szcsz/Shirt.uasset" 4802
"E:/Unreal Projects/LeagueJourney/Content/Blueprints/Crowd.uasset" 4803
"../../../Engine/Plugins/Interchange/Runtime/Content/gltf/MaterialFunctions/MF_PerceivedBrightness.uasset" 4804
"../../../Engine/Plugins/Interchange/Runtime/Content/gltf/MaterialFunctions/MF_Temporal_Blur.uasset" 4805
"../../../Engine/Plugins/Interchange/Runtime/Content/Functions/MF_Iridescence.uasset" 4806
"../../../Engine/Content/EngineMaterials/AntiAliasedTextMaterialTranslucent.uasset" 4807
"C:/Users/franc/AppData/Local/UnrealEngine/Common/DerivedDataCache/Buckets/MaterialShaderMap/8f/ab/a4b99828818f2dcfcd29da94e69f0a40735b.udd" 4808
"C:/Users/franc/AppData/Local/UnrealEngine/Common/DerivedDataCache/Buckets/MaterialShaderMap/e0/f9/42b48d15dfaaaabbc2cfea88ce92a1a121a0.udd" 4809
"C:/Users/franc/AppData/Local/UnrealEngine/Common/DerivedDataCache/Buckets/MaterialShaderMap/e3/ad/20601e157f18a08e911fed8b1316b590a7f3.udd" 4810
"C:/Users/franc/AppData/Local/UnrealEngine/Common/DerivedDataCache/Buckets/MaterialShaderMap/c8/9c/5e509ee9cb985f16a644c4e82fd70c24a64c.udd" 4811
"C:/Users/franc/AppData/Local/UnrealEngine/Common/DerivedDataCache/Buckets/MaterialShaderMap/e4/9c/430dcb0ce3877007634a65775a8e33508251.udd" 4812
"C:/Users/franc/AppData/Local/UnrealEngine/Common/DerivedDataCache/Buckets/MaterialShaderMap/71/3b/a200e2a510cd61e9d278307cd6b4eeb7630d.udd" 4813
"C:/Users/franc/AppData/Local/UnrealEngine/Common/DerivedDataCache/Buckets/MaterialShaderMap/16/52/277026a9d1c65c82fc95dc98c9b8e49e33b4.udd" 4814
"C:/Users/franc/AppData/Local/UnrealEngine/Common/DerivedDataCache/Buckets/MaterialShaderMap/8c/e1/73f006761094393bf62f425ba8fe4d4e44c1.udd" 4815
"C:/Users/franc/AppData/Local/UnrealEngine/Common/DerivedDataCache/Buckets/MaterialShaderMap/50/ed/a519fb4978aefa4853615430c5cb42b125ca.udd" 4816
"C:/Users/franc/AppData/Local/UnrealEngine/Common/DerivedDataCache/Buckets/MaterialShaderMap/73/a7/aaedf0da463703063523d2d47a46993bba6c.udd" 4817
"../../../Engine/Content/Functions/Engine_MaterialFunctions01/ImageAdjustment/CheapContrast.uasset" 4818
"../../../Engine/Content/Functions/Engine_MaterialFunctions03/Blends/Blend_Overlay.uasset" 4819
"../../../Engine/Content/ArtTools/RenderToTexture/MaterialFunctions/FoliageZRotation.uasset" 4820
"../../../Engine/Plugins/FX/Niagara/Content/DefaultAssets/S_Gnomon.uasset" 4821
"../../../Engine/Content/EngineSky/M_Sky_Panning_Clouds2.uasset" 4822
"../../../Engine/Content/EditorMeshes/ColorCalibrator/M_ColorGrid.uasset" 4823
"../../../Engine/Plugins/Enterprise/DatasmithContent/Content/Materials/FBXImporter/VRED/UVMapping.uasset" 4824
"../../../Engine/Plugins/Enterprise/DatasmithContent/Content/Materials/FBXImporter/VRED/PlanarMapping.uasset" 4825
"../../../Engine/Plugins/Enterprise/DatasmithContent/Content/Materials/FBXImporter/VRED/TriplanarMapping.uasset" 4826
"../../../Engine/Plugins/Interchange/Runtime/Content/gltf/MaterialFunctions/MF_TransmissionOpacity.uasset" 4827
"../../../Engine/Content/Functions/Engine_MaterialFunctions02/Math/TransformToZVector.uasset" 4828
"../../Plugins/FX/Niagara/Content/Modules/Emitter/EmitterState.uasset" 4829
"../../Plugins/FX/Niagara/Content/Functions/Emitter/EmitterChangeState.uasset" 4830
"../../Plugins/FX/Niagara/Content/Enums/ENiagara_EmitterStateOptions.uasset" 4831
"../../Plugins/FX/Niagara/Content/Enums/ENiagara_InfiniteLoopDuration.uasset" 4832
"../../Plugins/FX/Niagara/Content/Enums/ENiagaraEmitterLifeCycleMode.uasset" 4833
"../../Plugins/FX/Niagara/Content/Enums/ENiagaraEmitterScalabilityMode_Limited.uasset" 4834
"../../Plugins/FX/Niagara/Content/Enums/ENiagaraExecutionStateManagement.uasset" 4835
"../../Plugins/FX/Niagara/Content/Enums/ENiagaraInactiveMode.uasset" 4836
"../../Plugins/FX/Niagara/Content/Modules/Spawn/Initialization/V2/InitializeParticle.uasset" 4837
"../../Plugins/FX/Niagara/Content/Functions/LinearColor/HueShiftLinearColor.uasset" 4838
"../../Plugins/FX/Niagara/Content/Functions/Localspace/SimulationPosition.uasset" 4839
"../../Plugins/FX/Niagara/Content/Functions/Localspace/TransformVector.uasset" 4840
"../../Plugins/FX/Niagara/Content/Functions/Localspace/TransformBase.uasset" 4841
"../../Plugins/FX/Niagara/Content/Functions/V2/CalculateRandomBool.uasset" 4842
"../../Plugins/FX/Niagara/Content/Functions/V2/CalculateRandomRangeInteger.uasset" 4843
"../../Plugins/FX/Niagara/Content/Enums/ENiagaraRandomnessEvaluation.uasset" 4844
"../../Plugins/FX/Niagara/Content/Enums/ENiagaraRandomnessMode.uasset" 4845
"../../Plugins/FX/Niagara/Content/Functions/V2/CalculateRandomRange.uasset" 4846
"../../Plugins/FX/Niagara/Content/Functions/V2/CalculateRandomRangeFloat.uasset" 4847
"../../Plugins/FX/Niagara/Content/Enums/ENiagara_ColorInitializationMode.uasset" 4848
"../../Plugins/FX/Niagara/Content/Enums/ENiagara_LifetimeMode.uasset" 4849
"../../Plugins/FX/Niagara/Content/Enums/ENiagara_MassInitializationMode.uasset" 4850
"../../Plugins/FX/Niagara/Content/Enums/ENiagara_PositionInitializationMode.uasset" 4851
"../../Plugins/FX/Niagara/Content/Enums/ENiagara_SizeScaleMode.uasset" 4852
"../../Plugins/FX/Niagara/Content/Enums/ENiagara_SpriteRotationMode.uasset" 4853
"../../Plugins/FX/Niagara/Content/Enums/ENiagara_UVFlippingMode.uasset" 4854
"../../Plugins/FX/Niagara/Content/Enums/ENiagaraChannelCorrelation.uasset" 4855
"../../Plugins/FX/Niagara/Content/Enums/Ribbons/ENiagara_UnsetDirectSet.uasset" 4856
"../../Plugins/FX/Niagara/Content/Enums/Ribbons/ENiagara_UnsetDirectSetRandom.uasset" 4857
"../../Plugins/FX/Niagara/Content/Modules/System/SystemState.uasset" 4858
"../../Plugins/FX/Niagara/Content/Functions/System/SystemChangeState.uasset" 4859
"../../Plugins/FX/Niagara/Content/Enums/ENiagaraSystemInactiveMode.uasset" 4860
"../../Plugins/FX/Niagara/Content/Modules/Update/Lifetime/ParticleState.uasset" 4861
"../../Plugins/FX/Niagara/Content/Functions/Math/SaturateFloat.uasset" 4862
"../../Plugins/FX/Niagara/Content/Icons/Modules/T_Icon_Particle_InfiniteLife.uasset" 4863
"../../Plugins/FX/Niagara/Content/Modules/Update/MeshInterface/SampleSkeletalMesh.uasset" 4864
"../../Plugins/FX/Niagara/Content/Functions/Localspace/TransformPosition.uasset" 4865
"../../Plugins/FX/Niagara/Content/Functions/Rotation/AngleUnitConverter.uasset" 4866
"../../Plugins/FX/Niagara/Content/Enums/Angles/ENiagara_AngleInput.uasset" 4867
"../../Plugins/FX/Niagara/Content/Functions/Rotation/MakeQuaternionFrom3BasisVectors.uasset" 4868
"../../Plugins/FX/Niagara/Content/Functions/Rotation/MatrixToQuaternion.uasset" 4869
"../../Plugins/FX/Niagara/Content/Functions/Rotation/MultiplyQuaternion.uasset" 4870
"../../Plugins/FX/Niagara/Content/Functions/Rotation/XYZRotationToQuaternion.uasset" 4871
"../../Plugins/FX/Niagara/Content/Enums/ENiagaraBoneSamplingMode.uasset" 4872
"../../Plugins/FX/Niagara/Content/Enums/ENiagaraBoneSocketSamplingMode.uasset" 4873
"../../Plugins/FX/Niagara/Content/Enums/ENiagaraSkelSamplingModeFull.uasset" 4874
"../../Plugins/FX/Niagara/Content/Enums/ENiagaraSocketSamplingMode.uasset" 4875
"../../Plugins/FX/Niagara/Content/Enums/ENiagaraTriangleSamplingMode.uasset" 4876
"../../Plugins/FX/Niagara/Content/Enums/ENiagaraVertexSamplingMode.uasset" 4877
"C:/Users/franc/AppData/Local/UnrealEngine/Common/DerivedDataCache/Buckets/BulkDataList/c8/2e/b79fa2e4aba283f0d2bb8de1857e33543395.udd" 4878
"C:/Users/franc/AppData/Local/UnrealEngine/Common/DerivedDataCache/Buckets/BulkDataList/72/3a/713227d52f8fb0afd951fe0680e3006691f0.udd" 4879
"C:/Users/franc/AppData/Local/UnrealEngine/Common/DerivedDataCache/Buckets/LegacyAudio/e8/b8/e86bd00a07adcea866065c7f662f2df64067.udd" 4880
"C:/Users/franc/AppData/Local/UnrealEngine/Common/DerivedDataCache/Buckets/LegacyNiagaraScriptDerivedData/12/81/8ad169b070b12ecd34f07cf90fdc531d19d4.udd" 4881
"C:/Users/franc/AppData/Local/UnrealEngine/Common/DerivedDataCache/Buckets/LegacyNiagaraScriptDerivedData/bb/eb/4901ea511bac2d70ac0b03ab99aa82b281b6.udd" 4882
"C:/Users/franc/AppData/Local/UnrealEngine/Common/DerivedDataCache/Buckets/LegacyNiagaraScriptDerivedData/e7/32/96dc6dfef846450b7c68142db6420efcbb92.udd" 4883
"C:/Users/franc/AppData/Local/UnrealEngine/Common/DerivedDataCache/Buckets/LegacyNiagaraScriptDerivedData/ee/88/b27349d66627ccb44aa7eb91857b637831f3.udd" 4884
"E:/Unreal Projects/LeagueJourney/Content/Characters/szcsz/CAHAR_CtrlRig.uasset" 4885
"E:/Unreal Projects/LeagueJourney/Content/Characters/Mannequins/Rigs/ABP_Quinn_PostProcess.uasset" 4886
"C:/Users/franc/AppData/Local/UnrealEngine/Common/DerivedDataCache/Buckets/MaterialShaderMap/cc/9d/3a414e098c5c47a853b583eff2a5589addd6.udd" 4887
"C:/Users/franc/AppData/Local/UnrealEngine/Common/DerivedDataCache/Buckets/MaterialShaderMap/0b/e0/b09eb4c2266b76d03f0247c8d7de15dc445b.udd" 4888
"C:/Users/franc/AppData/Local/UnrealEngine/Common/DerivedDataCache/Buckets/MaterialShaderMap/3f/ce/ed431186f952b17e65515a2a838b5bb1c689.udd" 4889
"C:/Users/franc/AppData/Local/UnrealEngine/Common/DerivedDataCache/Buckets/MaterialShaderMap/d9/f0/c32a64a7f6917f8fa1bcbb660b847ec3108f.udd" 4890
"C:/Users/franc/AppData/Local/UnrealEngine/Common/DerivedDataCache/Buckets/MaterialShaderMap/f3/7a/84ad94da14a0093c595f85a21426baef4062.udd" 4891
"C:/Users/franc/AppData/Local/UnrealEngine/Common/DerivedDataCache/Buckets/MaterialShaderMap/04/28/d756e4c99b0914f4aa7f804bf6fd68ca2967.udd" 4892
"C:/Users/franc/AppData/Local/UnrealEngine/Common/DerivedDataCache/Buckets/MaterialShaderMap/fb/82/62ff4c54e14b04bf14347f60aa75b5bd4d8f.udd" 4893
"C:/Users/franc/AppData/Local/UnrealEngine/Common/DerivedDataCache/Buckets/MaterialShaderMap/32/19/20e682efce2da4e8c7eee8b3a1d56f687517.udd" 4894
"C:/Users/franc/AppData/Local/UnrealEngine/Common/DerivedDataCache/Buckets/MaterialShaderMap/3d/63/7df7ab0306a17dfaa8eddd095bec1a1aa982.udd" 4895
"C:/Users/franc/AppData/Local/UnrealEngine/Common/DerivedDataCache/Buckets/MaterialShaderMap/20/98/6923dc35bc64c4b75e68a2100780a1ee26e9.udd" 4896
"C:/Users/franc/AppData/Local/UnrealEngine/Common/DerivedDataCache/Buckets/MaterialShaderMap/e4/2a/678e1e1d137642384fec007e2e9b832a82ab.udd" 4897
"C:/Users/franc/AppData/Local/UnrealEngine/Common/DerivedDataCache/Buckets/MaterialShaderMap/80/d6/e6f077c78e2344f7c767aed83f3b6d45e113.udd" 4898
"../../../Engine/Plugins/2D/Paper2D/Content/TranslucentUnlitSpriteMaterial.uasset" 4899
"C:/Users/franc/AppData/Local/UnrealEngine/Common/DerivedDataCache/Buckets/MaterialShaderMap/11/64/372ab5169402d3ad35e7bd94eb719164ad8f.udd" 4900
"C:/Users/franc/AppData/Local/UnrealEngine/Common/DerivedDataCache/Buckets/MaterialShaderMap/a2/98/1c04a68ef855fa3494137c286fd751cc0d18.udd" 4901
"C:/Users/franc/AppData/Local/UnrealEngine/Common/DerivedDataCache/Buckets/MaterialShaderMap/09/4e/afd9656a08390dc14ea6ccc52d4d4e78e01c.udd" 4902
"C:/Users/franc/AppData/Local/UnrealEngine/Common/DerivedDataCache/Buckets/MaterialShaderMap/6f/52/a01543c85eef819c7da0aa195eee0aa553b7.udd" 4903
"../../../Engine/Plugins/Interchange/Runtime/Content/gltf/MaterialFunctions/MF_RotateNormals_TS.uasset" 4904
"E:/Unreal Projects/LeagueJourney/Content/MSPresets/M_MS_Surface_Material_VT/Functions/MF_ObjAdjustments.uasset" 4905
"E:/Unreal Projects/LeagueJourney/Content/MSPresets/M_MS_Surface_Material_VT/Functions/MF_MapAdjustments.uasset" 4906
"E:/Unreal Projects/LeagueJourney/Content/MSPresets/M_MS_Surface_Material/Functions/MF_ObjAdjustments.uasset" 4907
"E:/Unreal Projects/LeagueJourney/Content/MSPresets/M_MS_Surface_Material/Functions/MF_MapAdjustments.uasset" 4908
"E:/Unreal Projects/LeagueJourney/Content/MSPresets/M_MS_Default_Transmission_Material_VT/Functions/MF_SSSObjAdjustments.uasset" 4909
"E:/Unreal Projects/LeagueJourney/Content/MSPresets/M_MS_Default_Transmission_Material/Functions/MF_SSSObjAdjustments.uasset" 4910
"E:/Unreal Projects/LeagueJourney/Content/MSPresets/M_MS_Default_Material_VT/Functions/MF_MapAdjustments.uasset" 4911
"E:/Unreal Projects/LeagueJourney/Content/MSPresets/M_MS_Default_Material/Functions/MF_MapAdjustments.uasset" 4912
"../../../Engine/Plugins/Bridge/Content/MSPresets/M_MS_Default_Material/Functions/MF_MapAdjustments.uasset" 4913
"../../../Engine/Plugins/Bridge/Content/MSPresets/M_MS_Default_Transmission_Material/Functions/MF_SSSObjAdjustments.uasset" 4914
"C:/Users/franc/AppData/Local/UnrealEngine/Common/DerivedDataCache/Buckets/MaterialShaderMap/e0/45/ab695a7a7890099057f991c0ef5995113504.udd" 4915
"C:/Users/franc/AppData/Local/UnrealEngine/Common/DerivedDataCache/Buckets/MaterialShaderMap/51/0e/6a3555ac132b1e9cdc2de4606e4f0edfde07.udd" 4916
"C:/Users/franc/AppData/Local/UnrealEngine/Common/DerivedDataCache/Buckets/MaterialShaderMap/75/41/b3fe936ea257781746d79d33f33f13bf4fc7.udd" 4917
"C:/Users/franc/AppData/Local/UnrealEngine/Common/DerivedDataCache/Buckets/MaterialShaderMap/fe/6a/dfd82014fa0f54bce4db30ff6ecba0eb4b62.udd" 4918
"../../../Engine/Content/Functions/Engine_MaterialFunctions02/Texturing/ScreenAlignedUVs.uasset" 4919
"../../../Engine/Content/Functions/Engine_MaterialFunctions02/Utility/DebugScalarValues.uasset" 4920
"../../../Engine/Content/Maps/Entry.umap" 4921
"../../../Engine/Plugins/Animation/ControlRig/Content/Controls/ControlRig_Wedge_solid.uasset" 4922
"../../../Engine/Plugins/Animation/ControlRig/Content/Controls/ControlRig_Wedge_3mm.uasset" 4923
"../../../Engine/Plugins/Animation/ControlRig/Content/Controls/ControlRig_Wedge_1mm.uasset" 4924
"../../../Engine/Plugins/Animation/ControlRig/Content/Controls/ControlRig_Triangle_solid.uasset" 4925
"../../../Engine/Plugins/Animation/ControlRig/Content/Controls/ControlRig_Triangle_3mm.uasset" 4926
"../../../Engine/Plugins/Animation/ControlRig/Content/Controls/ControlRig_Triangle_1mm.uasset" 4927
"../../../Engine/Plugins/Animation/ControlRig/Content/Controls/ControlRig_Star4_solid.uasset" 4928
"../../../Engine/Plugins/Animation/ControlRig/Content/Controls/ControlRig_Star4_3mm.uasset" 4929
"C:/Users/franc/AppData/Local/UnrealEngine/Common/DerivedDataCache/Buckets/MaterialShaderMap/24/7f/573ec4a762e23982c3e5ef59438388e9289e.udd" 4930
"C:/Users/franc/AppData/Local/UnrealEngine/Common/DerivedDataCache/Buckets/MaterialShaderMap/c7/f5/9615037f18edfc33a84c5bdc277eabc6b166.udd" 4931
"C:/Users/franc/AppData/Local/UnrealEngine/Common/DerivedDataCache/Buckets/MaterialShaderMap/fd/ee/3b973d8ff11f01299dd38093a53ff48ecf8d.udd" 4932
"C:/Users/franc/AppData/Local/UnrealEngine/Common/DerivedDataCache/Buckets/MaterialShaderMap/d1/2c/80d59fe134937607a07e7f589b60b8cec6e5.udd" 4933
"C:/Users/franc/AppData/Local/UnrealEngine/Common/DerivedDataCache/Buckets/MaterialShaderMap/20/e0/758d8f10c7c55edf3b623f270e2b3dfc0039.udd" 4934
"C:/Users/franc/AppData/Local/UnrealEngine/Common/DerivedDataCache/Buckets/MaterialShaderMap/ee/b4/e3730ebd8adedaa188810f32c435c0274d5c.udd" 4935
"C:/Users/franc/AppData/Local/UnrealEngine/Common/DerivedDataCache/Buckets/LegacyAudio/36/2c/f1179e68c07b181158e756fe3995fb123950.udd" 4936
"C:/Users/franc/AppData/Local/UnrealEngine/Common/DerivedDataCache/Buckets/LegacyAudio/79/11/7f03e3638d404794ead4a7675e2785cfe626.udd" 4937
"C:/Users/franc/AppData/Local/UnrealEngine/Common/DerivedDataCache/Buckets/LegacyAudio/ed/db/5e8ef11826abd95776ad595ad928954553ed.udd" 4938
"C:/Users/franc/AppData/Local/UnrealEngine/Common/DerivedDataCache/Content/b1/76/40b5f4dea636cfcfcd2b088fe571c333465b.udd" 4939
"C:/Users/franc/AppData/Local/UnrealEngine/Common/DerivedDataCache/Buckets/LegacyAudio/07/13/be033e2102e82ae2227ba944090e1f94f484.udd" 4940
"C:/Users/franc/AppData/Local/UnrealEngine/Common/DerivedDataCache/Buckets/LegacyAudio/c3/3c/4171fb861fc751845ded5dbd698b23768ebc.udd" 4941
"C:/Users/franc/AppData/Local/UnrealEngine/Common/DerivedDataCache/Buckets/LegacyAudio/64/21/32a4ec7fb73273f74ec5ae13858d6ecead81.udd" 4942
"C:/Users/franc/AppData/Local/UnrealEngine/Common/DerivedDataCache/Buckets/LegacyAudio/a6/32/94de4fb6df7f1f84a9eaf7557d2a71140e7c.udd" 4943
"C:/Users/franc/AppData/Local/UnrealEngine/Common/DerivedDataCache/Buckets/LegacyAudio/94/c5/ab75fd68e3dc0fcc3bcfdc22803aa914c82d.udd" 4944
"C:/Users/franc/AppData/Local/UnrealEngine/Common/DerivedDataCache/Buckets/LegacyAudio/8b/91/2524bbd3ef5218032cb7a75e229c2298882e.udd" 4945
"C:/Users/franc/AppData/Local/UnrealEngine/Common/DerivedDataCache/Buckets/LegacyAudio/1c/22/a652a525460946d3621bab587364bfe9ce39.udd" 4946
"C:/Users/franc/AppData/Local/UnrealEngine/Common/DerivedDataCache/Buckets/LegacyAudio/c7/2e/0f725618992e63bd4fabe4bd2ff159565e6c.udd" 4947
"C:/Users/franc/AppData/Local/UnrealEngine/Common/DerivedDataCache/Buckets/LegacyAudio/1c/0c/5b219431e462cb6dd0d517d668a1a5ef3142.udd" 4948
"C:/Users/franc/AppData/Local/UnrealEngine/Common/DerivedDataCache/Buckets/LegacyAudio/b6/8b/7c4ddf438483ca923d5931b1e4e4b80a5e44.udd" 4949
"C:/Users/franc/AppData/Local/UnrealEngine/Common/DerivedDataCache/Buckets/LegacyAudio/2b/d2/b3b21ce179a6d0d153bd933166614fa1b28b.udd" 4950
"C:/Users/franc/AppData/Local/UnrealEngine/Common/DerivedDataCache/Buckets/LegacyAudio/53/9f/70b54b87cee8003a9643e3a7c5adc3e8c832.udd" 4951
"C:/Users/franc/AppData/Local/UnrealEngine/Common/DerivedDataCache/Buckets/LegacyAudio/f0/c3/549e8484010b70b34e137789239a1ca0eaaf.udd" 4952
"C:/Users/franc/AppData/Local/UnrealEngine/Common/DerivedDataCache/Buckets/LegacyAudio/c4/88/62a9c73131c33e03cd3da2d8fcfe9a4be64f.udd" 4953
"C:/Users/franc/AppData/Local/UnrealEngine/Common/DerivedDataCache/Buckets/LegacyAudio/f0/4c/716cd63c0e68b2e85818aebadef5991ff3d2.udd" 4954
"C:/Users/franc/AppData/Local/UnrealEngine/Common/DerivedDataCache/Content/bf/d5/c23f797c83a0d1939d39ee0a0e83bea85d6a.udd" 4955
"C:/Users/franc/AppData/Local/UnrealEngine/Common/DerivedDataCache/Content/4c/a6/a9e52a4df3eeda836f0592c1d452b3fea8c8.udd" 4956
"C:/Users/franc/AppData/Local/UnrealEngine/Common/DerivedDataCache/Buckets/LegacyAudio/a2/d8/7873a6f936dd17cc80bc0127e14cbd9c6e04.udd" 4957
"C:/Users/franc/AppData/Local/UnrealEngine/Common/DerivedDataCache/Buckets/LegacyAudio/34/68/940bd844991891279041092979bf083769a2.udd" 4958
"C:/Users/franc/AppData/Local/UnrealEngine/Common/DerivedDataCache/Content/f5/92/a88afcaeee469fb5308b13ba263bf6911261.udd" 4959
"C:/Users/franc/AppData/Local/UnrealEngine/Common/DerivedDataCache/Buckets/LegacyAudio/b8/72/adb1e988fb0ae65658a20bb2baeddc3ed71e.udd" 4960
"C:/Users/franc/AppData/Local/UnrealEngine/Common/DerivedDataCache/Content/62/06/f5099cb319a27d290b065fa2ac086ebec7ca.udd" 4961
"C:/Users/franc/AppData/Local/UnrealEngine/Common/DerivedDataCache/Buckets/LegacyAudio/fc/c5/e0329928f3742bc911f20515485b6518dcc2.udd" 4962
"C:/Users/franc/AppData/Local/UnrealEngine/Common/DerivedDataCache/Buckets/LegacyAudio/b7/91/78a163b30c1b497d5bcf6b6e365b4dc184a2.udd" 4963
"C:/Users/franc/AppData/Local/UnrealEngine/Common/DerivedDataCache/Buckets/LegacyAudio/95/8f/d43c78d506d93d3ec5eb03efb19b0f99575e.udd" 4964
"C:/Users/franc/AppData/Local/UnrealEngine/Common/DerivedDataCache/Buckets/LegacyAnimSeq/3b/fa/28cf91fd9cb22ae1a415975ba4b8121a74a7.udd" 4965
"C:/Users/franc/AppData/Local/UnrealEngine/Common/DerivedDataCache/Buckets/LegacyAnimSeq/ba/76/26ddaddd201cec7edd9dc5a6ac761b2a3f3e.udd" 4966
"C:/Users/franc/AppData/Local/UnrealEngine/Common/DerivedDataCache/Buckets/LegacyAudio/38/b6/259c2ebcfac2212abb8209f7aebbdee5e5ed.udd" 4967
"C:/Users/franc/AppData/Local/UnrealEngine/Common/DerivedDataCache/Buckets/StaticMesh/a6/92/849b355861344e2960fca3efb8443e707397.udd" 4968
"C:/Users/franc/AppData/Local/UnrealEngine/Common/DerivedDataCache/Buckets/LegacyDIST/bb/7e/988dcdb300312babd8a78f437985b26387b0.udd" 4969
"C:/Users/franc/AppData/Local/UnrealEngine/Common/DerivedDataCache/Buckets/LegacyCARD/f0/3a/5a57e97a51ab047608bcd1eda868d319e7ad.udd" 4970
"C:/Users/franc/AppData/Local/UnrealEngine/Common/DerivedDataCache/Buckets/StaticMesh/b8/fb/928fc776621a76809ec3b34e0f98d94e2207.udd" 4971
"C:/Users/franc/AppData/Local/UnrealEngine/Common/DerivedDataCache/Buckets/LegacyDIST/23/15/836e7ad3903628b17be0673338a5d7dda071.udd" 4972
"C:/Users/franc/AppData/Local/UnrealEngine/Common/DerivedDataCache/Buckets/LegacyCARD/02/72/ccbf7d30d3ce7182d839319754a666c54725.udd" 4973
"C:/Users/franc/AppData/Local/UnrealEngine/Common/DerivedDataCache/Buckets/LegacyNavCollision/bf/c0/ad73bda57da0a8b6c6fd0f1e8a0ecdaad508.udd" 4974
"C:/Users/franc/AppData/Local/UnrealEngine/Common/DerivedDataCache/Buckets/StaticMesh/f5/2c/1f1b676dca6dbf06d01281bffe6edfa4d293.udd" 4975
"C:/Users/franc/AppData/Local/UnrealEngine/Common/DerivedDataCache/Buckets/LegacyNavCollision/a8/0a/225b68e2858dfab0d766966e02f77814c2dd.udd" 4976
"C:/Users/franc/AppData/Local/UnrealEngine/Common/DerivedDataCache/Buckets/LegacyDIST/b0/a8/0ce93d388a16c89a08170fa5f231db6550c0.udd" 4977
"C:/Users/franc/AppData/Local/UnrealEngine/Common/DerivedDataCache/Buckets/StaticMesh/3f/81/43f23ca207815c390ad05741aeb635af13bd.udd" 4978
"C:/Users/franc/AppData/Local/UnrealEngine/Common/DerivedDataCache/Buckets/LegacyCARD/e4/1d/c450fc27c924e066ee2b790f6597d97af3fd.udd" 4979
"C:/Users/franc/AppData/Local/UnrealEngine/Common/DerivedDataCache/Buckets/LegacyDIST/4e/24/123c64147a621758ac0aac1298dc6a8d2e42.udd" 4980
"C:/Users/franc/AppData/Local/UnrealEngine/Common/DerivedDataCache/Buckets/LegacyCARD/eb/c9/eff845fdd4ebb2e4cb7fa6ecbba8d84b6564.udd" 4981
"C:/Users/franc/AppData/Local/UnrealEngine/Common/DerivedDataCache/Buckets/LegacyNavCollision/5e/e6/58ff64dd12921f5fc5d8a94092dc83bcfa4d.udd" 4982
"C:/Users/franc/AppData/Local/UnrealEngine/Common/DerivedDataCache/Buckets/LegacyNavCollision/6f/e6/6b1301e7cda881577d85332fe2973d5b8d4e.udd" 4983
"C:/Users/franc/AppData/Local/UnrealEngine/Common/DerivedDataCache/Buckets/StaticMesh/f5/ba/6f41dfb52cf9083edde7f3362ba97accb95b.udd" 4984
"C:/Users/franc/AppData/Local/UnrealEngine/Common/DerivedDataCache/Buckets/StaticMesh/72/c1/ea9edf605a8a19bc647766dd298dbcb69510.udd" 4985
"C:/Users/franc/AppData/Local/UnrealEngine/Common/DerivedDataCache/Buckets/LegacyDIST/1b/21/eba97bf142b00dca6b2e83254ff2733e39f2.udd" 4986
"C:/Users/franc/AppData/Local/UnrealEngine/Common/DerivedDataCache/Buckets/LegacyDIST/d0/c9/f7194883b3d7c71c6dfd92b4d77c6bc2b387.udd" 4987
"C:/Users/franc/AppData/Local/UnrealEngine/Common/DerivedDataCache/Buckets/LegacyCARD/0c/6b/dd6f31ffc8d2100dcb1a2deccee7a6148714.udd" 4988
"C:/Users/franc/AppData/Local/UnrealEngine/Common/DerivedDataCache/Buckets/LegacyNavCollision/45/c8/f30cc1e72820f36fad17ce9c3d1672d70567.udd" 4989
"C:/Users/franc/AppData/Local/UnrealEngine/Common/DerivedDataCache/Buckets/StaticMesh/ef/a7/2c220c777b20ef3b8b334674dd3975a780b9.udd" 4990
"C:/Users/franc/AppData/Local/UnrealEngine/Common/DerivedDataCache/Buckets/LegacyDIST/50/96/ab990b55f54bcc31e395db3caf3a87b76c08.udd" 4991
"C:/Users/franc/AppData/Local/UnrealEngine/Common/DerivedDataCache/Buckets/LegacyCARD/cf/4c/9050015922570b9cfef4198cdc9fc81f8fe9.udd" 4992
"C:/Users/franc/AppData/Local/UnrealEngine/Common/DerivedDataCache/Buckets/LegacyCARD/f2/1b/223be5bf9cb78c3dd715caeff95b46b3207e.udd" 4993
"C:/Users/franc/AppData/Local/UnrealEngine/Common/DerivedDataCache/Buckets/LegacyNavCollision/80/7d/55c9ca1613f621a43959c36000bfd3ab5154.udd" 4994
"C:/Users/franc/AppData/Local/UnrealEngine/Common/DerivedDataCache/Buckets/StaticMesh/74/b4/24a0461d9aaf89bce9641ad10689c5f1db7e.udd" 4995
"C:/Users/franc/AppData/Local/UnrealEngine/Common/DerivedDataCache/Buckets/LegacyDIST/60/32/e25ba7a0833ad106834fb4f662197e74f1a2.udd" 4996
"C:/Users/franc/AppData/Local/UnrealEngine/Common/DerivedDataCache/Buckets/LegacyCARD/b0/1f/ffc093360c3705d5c5e1473a53ac6aa8bb52.udd" 4997
"C:/Users/franc/AppData/Local/UnrealEngine/Common/DerivedDataCache/Buckets/LegacyNavCollision/00/c5/ec05b8d3193ea09e53866a713f538efc5077.udd" 4998
"C:/Users/franc/AppData/Local/UnrealEngine/Common/DerivedDataCache/Buckets/StaticMesh/2a/c3/79ac18ddd32c05f891f3b516356f650337c7.udd" 4999
"C:/Users/franc/AppData/Local/UnrealEngine/Common/DerivedDataCache/Buckets/LegacyNavCollision/7e/09/ecede92c9662dd9709cf14f30692c1506832.udd" 5000
"C:/Users/franc/AppData/Local/UnrealEngine/Common/DerivedDataCache/Buckets/StaticMesh/28/86/48cfb30f850ffdaf39c53ddaac2d6b276746.udd" 5001
"C:/Users/franc/AppData/Local/UnrealEngine/Common/DerivedDataCache/Buckets/LegacyDIST/5c/89/6dff5bc1e25e0be63eb25a3bcceda501fbce.udd" 5002
"C:/Users/franc/AppData/Local/UnrealEngine/Common/DerivedDataCache/Buckets/LegacyCARD/28/f4/406a8b8017b939060a0e905a1ef28e9afd64.udd" 5003
"C:/Users/franc/AppData/Local/UnrealEngine/Common/DerivedDataCache/Buckets/LegacyDIST/25/9d/162b30b67b393c832a968f8a54ae5d00e2a7.udd" 5004
"C:/Users/franc/AppData/Local/UnrealEngine/Common/DerivedDataCache/Buckets/LegacyCARD/49/6a/c7a33dcb996a167601fcaad8b47251f88c65.udd" 5005
"C:/Users/franc/AppData/Local/UnrealEngine/Common/DerivedDataCache/Buckets/LegacyNavCollision/57/71/4b648c47069bda9b04f546adef1269d9efbb.udd" 5006
"C:/Users/franc/AppData/Local/UnrealEngine/Common/DerivedDataCache/Buckets/StaticMesh/15/16/5d9838993e12068ee7e92985be17a60c16cb.udd" 5007
"C:/Users/franc/AppData/Local/UnrealEngine/Common/DerivedDataCache/Buckets/LegacyDIST/35/85/6df09abeb13896995300481d9b453062c050.udd" 5008
"C:/Users/franc/AppData/Local/UnrealEngine/Common/DerivedDataCache/Buckets/LegacyCARD/3c/9e/2b4d18f2cd9ff981ae46e17aaa05b8b8e142.udd" 5009
"C:/Users/franc/AppData/Local/UnrealEngine/Common/DerivedDataCache/Buckets/LegacyNavCollision/54/e1/ce023fbc74b41c7e722352ebea81cc9674ba.udd" 5010
"C:/Users/franc/AppData/Local/UnrealEngine/Common/DerivedDataCache/Buckets/StaticMesh/b9/56/70950e48c0968f423282cbdc37bcbf4c0bf2.udd" 5011
"C:/Users/franc/AppData/Local/UnrealEngine/Common/DerivedDataCache/Buckets/LegacyDIST/41/aa/9c87bba48d62a757fe8f198c32a62c87c834.udd" 5012
"C:/Users/franc/AppData/Local/UnrealEngine/Common/DerivedDataCache/Buckets/LegacyCARD/40/fd/0cce37cc871469f7df894728113e1795ebc0.udd" 5013
"C:/Users/franc/AppData/Local/UnrealEngine/Common/DerivedDataCache/Buckets/LegacyNavCollision/37/86/d632246cd058a4440b756604d55a745dd5af.udd" 5014
"C:/Users/franc/AppData/Local/UnrealEngine/Common/DerivedDataCache/Buckets/LegacyNavCollision/9e/2a/3c97c4edfa7d60cdcb5dc54545f726be1b79.udd" 5015
"C:/Users/franc/AppData/Local/UnrealEngine/Common/DerivedDataCache/Buckets/StaticMesh/79/10/c608c495db2aa8b8c0ba0081a1e4a7a2c78d.udd" 5016
"C:/Users/franc/AppData/Local/UnrealEngine/Common/DerivedDataCache/Buckets/LegacyDIST/3d/cc/e1fb23c2004f0a9ec77a8448c8a23af42c2a.udd" 5017
"C:/Users/franc/AppData/Local/UnrealEngine/Common/DerivedDataCache/Buckets/LegacyCARD/28/83/bff40e2a0d30259d776354e1641d69b86b6d.udd" 5018
"C:/Users/franc/AppData/Local/UnrealEngine/Common/DerivedDataCache/Buckets/StaticMesh/0c/54/4bbd7727a89aec0d0144365c99661b4e6c66.udd" 5019
"C:/Users/franc/AppData/Local/UnrealEngine/Common/DerivedDataCache/Buckets/LegacyNavCollision/40/b3/e5518259c2bfe77396e02405758fb0fef2b3.udd" 5020
"C:/Users/franc/AppData/Local/UnrealEngine/Common/DerivedDataCache/Buckets/StaticMesh/53/56/0147917c17c9f208e1b173c4d68ed41d9a80.udd" 5021
"C:/Users/franc/AppData/Local/UnrealEngine/Common/DerivedDataCache/Buckets/LegacyDIST/3d/a8/8690a55c51dcd8b9154a5d05648c1d68cebf.udd" 5022
"C:/Users/franc/AppData/Local/UnrealEngine/Common/DerivedDataCache/Buckets/LegacyDIST/43/c9/3ed8a14937bffa122ac5bde0f1fdfd0c1ddc.udd" 5023
"C:/Users/franc/AppData/Local/UnrealEngine/Common/DerivedDataCache/Buckets/LegacyCARD/39/ce/3d5ead4a9787f0a52354751addfb342a6181.udd" 5024
"C:/Users/franc/AppData/Local/UnrealEngine/Common/DerivedDataCache/Buckets/LegacyCARD/1d/da/fbeefdf0a0cf5a1d214ae32ec7f45958ba6c.udd" 5025
"C:/Users/franc/AppData/Local/UnrealEngine/Common/DerivedDataCache/Buckets/LegacyNavCollision/87/e5/c913de5c9dc0df2947210a5eb30a175be1d1.udd" 5026
"C:/Users/franc/AppData/Local/UnrealEngine/Common/DerivedDataCache/Buckets/StaticMesh/e9/8f/59785e3ed5d5868d27ba932f95e90b969b69.udd" 5027
"C:/Users/franc/AppData/Local/UnrealEngine/Common/DerivedDataCache/Buckets/LegacyDIST/64/ba/8b4ad36d0d8c371afe7c74c5e15e264891f3.udd" 5028
"C:/Users/franc/AppData/Local/UnrealEngine/Common/DerivedDataCache/Buckets/LegacyCARD/5c/47/7ee369acd91cdb75c012823f59ad91c8594e.udd" 5029
"C:/Users/franc/AppData/Local/UnrealEngine/Common/DerivedDataCache/Buckets/LegacyNavCollision/70/62/fa588a09fa5ced172c63ee0eed50a7c0be10.udd" 5030
"C:/Users/franc/AppData/Local/UnrealEngine/Common/DerivedDataCache/Buckets/StaticMesh/26/86/80d758832ff4e75dd6a0692d3167c11e8639.udd" 5031
"C:/Users/franc/AppData/Local/UnrealEngine/Common/DerivedDataCache/Buckets/LegacyDIST/5b/90/77d442f34d10442b32ca8c3654c5c4005f33.udd" 5032
"C:/Users/franc/AppData/Local/UnrealEngine/Common/DerivedDataCache/Buckets/LegacyCARD/7f/3d/c955372c898e3ecd32e6b591aece181fed98.udd" 5033
"C:/Users/franc/AppData/Local/UnrealEngine/Common/DerivedDataCache/Buckets/LegacyNavCollision/9e/0b/deb933bbf389d45182ba648f8d7beaefc71d.udd" 5034
"C:/Users/franc/AppData/Local/UnrealEngine/Common/DerivedDataCache/Buckets/StaticMesh/85/3f/0eb0628a1e4bf7070fda56785fba9f0c64a9.udd" 5035
"C:/Users/franc/AppData/Local/UnrealEngine/Common/DerivedDataCache/Buckets/LegacyNavCollision/44/5a/7def6610832d0496168802dc45fd45d2e17a.udd" 5036
"C:/Users/franc/AppData/Local/UnrealEngine/Common/DerivedDataCache/Buckets/StaticMesh/ac/18/6af74829f29cb04286fc02d6e0cb3fd3d4e2.udd" 5037
"C:/Users/franc/AppData/Local/UnrealEngine/Common/DerivedDataCache/Buckets/LegacyDIST/07/2d/e44373b904578ca777cbe32aa696aedfa41a.udd" 5038
"C:/Users/franc/AppData/Local/UnrealEngine/Common/DerivedDataCache/Buckets/LegacyCARD/bc/13/97637f75fb918fc10ca2fb212796c4d9ecb8.udd" 5039
"C:/Users/franc/AppData/Local/UnrealEngine/Common/DerivedDataCache/Buckets/LegacyDIST/3a/b9/dafdac151a4590d303ee5ea2b39795290ece.udd" 5040
"C:/Users/franc/AppData/Local/UnrealEngine/Common/DerivedDataCache/Buckets/LegacyCARD/9c/7b/0fdc534978f89dcaf74446a1f92429e174fe.udd" 5041
"C:/Users/franc/AppData/Local/UnrealEngine/Common/DerivedDataCache/Buckets/LegacyNavCollision/2e/bf/e9081f5233389691fc2b540bec365307ab70.udd" 5042
"C:/Users/franc/AppData/Local/UnrealEngine/Common/DerivedDataCache/Buckets/StaticMesh/e7/f7/384979f3f7613446b4c4a48bc6071fcd299b.udd" 5043
"C:/Users/franc/AppData/Local/UnrealEngine/Common/DerivedDataCache/Buckets/LegacyDIST/e2/40/3c33b397fa292317dc79ba5ae5416fe08d16.udd" 5044
"C:/Users/franc/AppData/Local/UnrealEngine/Common/DerivedDataCache/Buckets/LegacyCARD/87/7d/529a49be420b06f9e71feae8c196cda1fad9.udd" 5045
"C:/Users/franc/AppData/Local/UnrealEngine/Common/DerivedDataCache/Buckets/LegacyNavCollision/6d/5e/16aa3a48995b3b1e26d8baa016618d23f6c2.udd" 5046
"C:/Users/franc/AppData/Local/UnrealEngine/Common/DerivedDataCache/Buckets/LegacyNavCollision/63/69/60785416227c8e9df70e1e122d7c24ff474e.udd" 5047
"C:/Users/franc/AppData/Local/UnrealEngine/Common/DerivedDataCache/Buckets/StaticMesh/7f/b5/02bc2c62631c13904594a46b9ba2b2935e63.udd" 5048
"C:/Users/franc/AppData/Local/UnrealEngine/Common/DerivedDataCache/Buckets/StaticMesh/06/10/ed0b8b7560033cbb0787045c8bef6999cc6b.udd" 5049
"C:/Users/franc/AppData/Local/UnrealEngine/Common/DerivedDataCache/Buckets/LegacyDIST/81/2b/1bf861b1a04806c8af3681629a41cb0fb1fb.udd" 5050
"C:/Users/franc/AppData/Local/UnrealEngine/Common/DerivedDataCache/Buckets/LegacyDIST/79/1d/89abf1103f297175e11c46a7a542d2247bfe.udd" 5051
"C:/Users/franc/AppData/Local/UnrealEngine/Common/DerivedDataCache/Buckets/LegacyCARD/3b/8c/e577f9f0a9644f84eddb01f9844ba2dbf418.udd" 5052
"C:/Users/franc/AppData/Local/UnrealEngine/Common/DerivedDataCache/Buckets/LegacyCARD/38/24/6adffbed5a55d4f32528d2f4fba096f194bd.udd" 5053
"C:/Users/franc/AppData/Local/UnrealEngine/Common/DerivedDataCache/Buckets/LegacyNavCollision/49/f9/394fb7096cde927a1295ecc7118d5930a47e.udd" 5054
"C:/Users/franc/AppData/Local/UnrealEngine/Common/DerivedDataCache/Buckets/StaticMesh/1f/76/43da84bc23f08763b604806a5a4597970c9c.udd" 5055
"C:/Users/franc/AppData/Local/UnrealEngine/Common/DerivedDataCache/Buckets/LegacyNavCollision/81/a3/3634ae4e2bdf99264cf0b2add40f33863d8e.udd" 5056
"C:/Users/franc/AppData/Local/UnrealEngine/Common/DerivedDataCache/Buckets/StaticMesh/1b/d1/7d5041b693c615e79c174eefc758ab5aa012.udd" 5057
"C:/Users/franc/AppData/Local/UnrealEngine/Common/DerivedDataCache/Buckets/LegacyDIST/e2/71/d096d2d33412ec1b69d9f8f6bc59c6bdccb6.udd" 5058
"C:/Users/franc/AppData/Local/UnrealEngine/Common/DerivedDataCache/Buckets/LegacyDIST/2b/18/a6e6be2a755df8fa3c7eb3c9f9095bbf1a38.udd" 5059
"C:/Users/franc/AppData/Local/UnrealEngine/Common/DerivedDataCache/Buckets/LegacyCARD/ea/9a/1faacc1d41483b61696b2c141fe2d743e86d.udd" 5060
"C:/Users/franc/AppData/Local/UnrealEngine/Common/DerivedDataCache/Buckets/LegacyCARD/18/79/bf82a7aa75b504570cdb22062deb02c643be.udd" 5061
"C:/Users/franc/AppData/Local/UnrealEngine/Common/DerivedDataCache/Buckets/LegacyNavCollision/46/bc/e2e7b2b96861cae73bd12c96aff834188b38.udd" 5062
"C:/Users/franc/AppData/Local/UnrealEngine/Common/DerivedDataCache/Buckets/StaticMesh/f6/af/991909c598bd9befe5d6240615cf983a136c.udd" 5063
"C:/Users/franc/AppData/Local/UnrealEngine/Common/DerivedDataCache/Buckets/LegacyNavCollision/8d/62/cdcca8ef83103d4a476a15f5c3f911017c34.udd" 5064
"C:/Users/franc/AppData/Local/UnrealEngine/Common/DerivedDataCache/Buckets/LegacyDIST/75/c7/ad59307cb1c02921ae3983999092d4647997.udd" 5065
"C:/Users/franc/AppData/Local/UnrealEngine/Common/DerivedDataCache/Buckets/StaticMesh/ef/2b/224c781f47137656ae179ca2c4ffdd3a8913.udd" 5066
"C:/Users/franc/AppData/Local/UnrealEngine/Common/DerivedDataCache/Buckets/LegacyDIST/d5/96/3ca90ffb87d774d1b50a6072f22ee68055e6.udd" 5067
"C:/Users/franc/AppData/Local/UnrealEngine/Common/DerivedDataCache/Buckets/LegacyCARD/b0/b1/f2a5a6fd5a6e909c19cf533002bfa3124732.udd" 5068
"C:/Users/franc/AppData/Local/UnrealEngine/Common/DerivedDataCache/Buckets/LegacyCARD/b7/16/72d558a9205a82ef57157850abc36baf000f.udd" 5069
"C:/Users/franc/AppData/Local/UnrealEngine/Common/DerivedDataCache/Buckets/LegacyNavCollision/96/19/47ffea5c4ba13fb144abde3a52e5a25a4030.udd" 5070
"C:/Users/franc/AppData/Local/UnrealEngine/Common/DerivedDataCache/Buckets/StaticMesh/72/92/89dd24b8eef17b617e7935e8c2588d3ed0c0.udd" 5071
"C:/Users/franc/AppData/Local/UnrealEngine/Common/DerivedDataCache/Buckets/LegacyNavCollision/9f/86/442cde4d4c05941ff024fb04c70b3e06c29e.udd" 5072
"C:/Users/franc/AppData/Local/UnrealEngine/Common/DerivedDataCache/Buckets/LegacyDIST/f7/10/efe6eabfdbcfcda5bc31220e0d3995b35bf9.udd" 5073
"C:/Users/franc/AppData/Local/UnrealEngine/Common/DerivedDataCache/Buckets/LegacyCARD/52/9b/256f03e7a17b898d6b0c900d06ccc11c4b71.udd" 5074
"C:/Users/franc/AppData/Local/UnrealEngine/Common/DerivedDataCache/Buckets/LegacyNavCollision/56/94/59406b3b25fecfaa0684800d2bff5fcbf654.udd" 5075
"C:/Users/franc/AppData/Local/UnrealEngine/Common/DerivedDataCache/Buckets/StaticMesh/92/d3/8c1f823cea8f5ea4b84cad00376940e6ce53.udd" 5076
"C:/Users/franc/AppData/Local/UnrealEngine/Common/DerivedDataCache/Buckets/StaticMesh/c3/6f/44e46a662ffaf2992db331f259b4eea51430.udd" 5077
"C:/Users/franc/AppData/Local/UnrealEngine/Common/DerivedDataCache/Buckets/LegacyDIST/2f/f4/60e9854d4ce1c274a5c99f5b18189bfc417b.udd" 5078
"C:/Users/franc/AppData/Local/UnrealEngine/Common/DerivedDataCache/Buckets/LegacyDIST/40/dd/2d3f738eb501cb1e6036a8a13d76edcf4a91.udd" 5079
"C:/Users/franc/AppData/Local/UnrealEngine/Common/DerivedDataCache/Buckets/LegacyCARD/dd/08/4fff9e44f6377824597077fa90ebb9c10baa.udd" 5080
"C:/Users/franc/AppData/Local/UnrealEngine/Common/DerivedDataCache/Buckets/LegacyCARD/bc/19/5ecf893448a8d4353b121ef41849018f7141.udd" 5081
"C:/Users/franc/AppData/Local/UnrealEngine/Common/DerivedDataCache/Buckets/LegacyNavCollision/f3/af/63bf9b1af2058b7e7f6cabcf167e5613d48e.udd" 5082
"C:/Users/franc/AppData/Local/UnrealEngine/Common/DerivedDataCache/Buckets/LegacyNavCollision/fd/d2/dd7021a7351bf4d94b7f118b0f2080407de3.udd" 5083
"C:/Users/franc/AppData/Local/UnrealEngine/Common/DerivedDataCache/Buckets/StaticMesh/b9/eb/cb2f7d9be37e5def1532611abcd749d15151.udd" 5084
"C:/Users/franc/AppData/Local/UnrealEngine/Common/DerivedDataCache/Buckets/StaticMesh/ed/8c/d427c4f8961e92cb07705043ab66bdafaef9.udd" 5085
"C:/Users/franc/AppData/Local/UnrealEngine/Common/DerivedDataCache/Buckets/LegacyDIST/ab/d8/3b67a3b9803e6b31ec6fb104c6561d103b97.udd" 5086
"C:/Users/franc/AppData/Local/UnrealEngine/Common/DerivedDataCache/Buckets/LegacyCARD/86/97/8cd32cc85c1b0346e3084680eb469bf2efc4.udd" 5087
"C:/Users/franc/AppData/Local/UnrealEngine/Common/DerivedDataCache/Buckets/LegacyNavCollision/2d/91/5059c9ab4b00418e6394095d4865897805ae.udd" 5088
"C:/Users/franc/AppData/Local/UnrealEngine/Common/DerivedDataCache/Buckets/StaticMesh/39/30/d8935f130515bac4cbbd75a2fd3ceb8317f0.udd" 5089
"C:/Users/franc/AppData/Local/UnrealEngine/Common/DerivedDataCache/Buckets/LegacyDIST/7b/5e/f4c63308394f339870dc0d4fdf0573fbd23c.udd" 5090
"C:/Users/franc/AppData/Local/UnrealEngine/Common/DerivedDataCache/Buckets/LegacyDIST/b4/86/5debdca3a9f5a189d9dcf5c315b65008f47c.udd" 5091
"C:/Users/franc/AppData/Local/UnrealEngine/Common/DerivedDataCache/Buckets/LegacyCARD/97/a8/aae7825677e2780941efd64e999131126336.udd" 5092
"C:/Users/franc/AppData/Local/UnrealEngine/Common/DerivedDataCache/Buckets/LegacyCARD/f1/4b/9a07c39e1c221374f0a9b711657603d9fb7a.udd" 5093
"C:/Users/franc/AppData/Local/UnrealEngine/Common/DerivedDataCache/Buckets/LegacyNavCollision/31/ad/329aa5c8e83a524c938e2b261e7f930526fa.udd" 5094
"C:/Users/franc/AppData/Local/UnrealEngine/Common/DerivedDataCache/Buckets/StaticMesh/c5/db/86dd6551cf1fcb6b8c62229207263bbfdadb.udd" 5095
"C:/Users/franc/AppData/Local/UnrealEngine/Common/DerivedDataCache/Buckets/LegacyNavCollision/50/67/208c052ef8306052d62a49663f8cc885de66.udd" 5096
"C:/Users/franc/AppData/Local/UnrealEngine/Common/DerivedDataCache/Buckets/StaticMesh/ff/8e/6f6c55fa6cec5c3a351ec4413844a73bfa19.udd" 5097
"C:/Users/franc/AppData/Local/UnrealEngine/Common/DerivedDataCache/Buckets/LegacyDIST/77/a4/bb2c54386f592368a80760251b8851aeebcf.udd" 5098
"C:/Users/franc/AppData/Local/UnrealEngine/Common/DerivedDataCache/Buckets/LegacyCARD/af/03/fa35071d91a7b1262dbb7ed8b8dec738077e.udd" 5099
"C:/Users/franc/AppData/Local/UnrealEngine/Common/DerivedDataCache/Buckets/LegacyNavCollision/a7/f9/bc5821f16e603fa9709e5dbbe163c2217944.udd" 5100
"C:/Users/franc/AppData/Local/UnrealEngine/Common/DerivedDataCache/Buckets/StaticMesh/2e/08/87269ff01c422338a5e464469175844f2798.udd" 5101
"C:/Users/franc/AppData/Local/UnrealEngine/Common/DerivedDataCache/Buckets/LegacyDIST/31/65/74484db3ba01d23449482e6dc9081eabeb4c.udd" 5102
"C:/Users/franc/AppData/Local/UnrealEngine/Common/DerivedDataCache/Buckets/LegacyCARD/32/26/a2af305abe939fc7e711ccb4d25ad355d667.udd" 5103
"C:/Users/franc/AppData/Local/UnrealEngine/Common/DerivedDataCache/Buckets/LegacyDIST/60/57/b4670ce2c0a9b1e23d1be8d3832d3d162501.udd" 5104
"C:/Users/franc/AppData/Local/UnrealEngine/Common/DerivedDataCache/Buckets/LegacyNavCollision/be/91/b98986c33864685aa04b4f9fb00567209783.udd" 5105
"C:/Users/franc/AppData/Local/UnrealEngine/Common/DerivedDataCache/Buckets/StaticMesh/86/9d/00327bf8d2bfbab5db81a3f389d0e199890d.udd" 5106
"C:/Users/franc/AppData/Local/UnrealEngine/Common/DerivedDataCache/Buckets/LegacyCARD/60/eb/cf33c09a060fbb55faae7c93b749200dd56c.udd" 5107
"C:/Users/franc/AppData/Local/UnrealEngine/Common/DerivedDataCache/Buckets/LegacyDIST/77/6b/9486c5173b2105f212274f6e32d4ae94118e.udd" 5108
"C:/Users/franc/AppData/Local/UnrealEngine/Common/DerivedDataCache/Buckets/LegacyChaosGeometryData/c3/00/28a9fe8dcc9fcbc9ed168a38c0d2845c7308.udd" 5109
"C:/Users/franc/AppData/Local/UnrealEngine/Common/DerivedDataCache/Buckets/LegacyCARD/06/54/d280fbd9e821868eedf6a8c68ac3ff9fc5ce.udd" 5110
"C:/Users/franc/AppData/Local/UnrealEngine/Common/DerivedDataCache/Buckets/LegacyNavCollision/f3/5d/9be73cdc89a3b7584cb1939ae725460056fd.udd" 5111
"C:/Users/franc/AppData/Local/UnrealEngine/Common/DerivedDataCache/Buckets/StaticMesh/20/ad/e5e4826a6a2a291070046e0c66c7ae4b384b.udd" 5112
"C:/Users/franc/AppData/Local/UnrealEngine/Common/DerivedDataCache/Buckets/LegacyDIST/8c/6a/c4290928f4930fa79f9b40eae76412bc1213.udd" 5113
"C:/Users/franc/AppData/Local/UnrealEngine/Common/DerivedDataCache/Buckets/LegacyCARD/2e/bf/ca71b319513ade9aa5a5faf1a24511229c30.udd" 5114
"C:/Users/franc/AppData/Local/UnrealEngine/Common/DerivedDataCache/Buckets/LegacyNavCollision/bf/9a/1c89ccd2cba56517a009445c82594efe9517.udd" 5115
"C:/Users/franc/AppData/Local/UnrealEngine/Common/DerivedDataCache/Buckets/StaticMesh/d8/03/8cb4537eded180b05eb7be7c2211f225f7df.udd" 5116
"C:/Users/franc/AppData/Local/UnrealEngine/Common/DerivedDataCache/Buckets/LegacyDIST/c0/41/df8eed71f77dc383ddfe899c18e5ae9c48d7.udd" 5117
"C:/Users/franc/AppData/Local/UnrealEngine/Common/DerivedDataCache/Buckets/LegacyCARD/5d/ed/e8f69ce358630ee8bc840f566cc0e3c07b31.udd" 5118
"C:/Users/franc/AppData/Local/UnrealEngine/Common/DerivedDataCache/Buckets/LegacyNavCollision/23/e5/dd7b0777e652f2b7faba754079e7dfa736bd.udd" 5119
"C:/Users/franc/AppData/Local/UnrealEngine/Common/DerivedDataCache/Buckets/StaticMesh/a0/08/2dbe63291ea3ae871379eb1621ac7817a85f.udd" 5120
"C:/Users/franc/AppData/Local/UnrealEngine/Common/DerivedDataCache/Buckets/LegacyDIST/dc/9e/4c009b484618eb40f519c30edca98c2f94b6.udd" 5121
"C:/Users/franc/AppData/Local/UnrealEngine/Common/DerivedDataCache/Buckets/LegacyNavCollision/e0/ec/72aac7dbcfb3e24de21b064a7c935091816e.udd" 5122
"C:/Users/franc/AppData/Local/UnrealEngine/Common/DerivedDataCache/Buckets/StaticMesh/6b/1c/b29db42d148b1e6e21c070de155e839f3ab8.udd" 5123
"C:/Users/franc/AppData/Local/UnrealEngine/Common/DerivedDataCache/Buckets/LegacyDIST/a7/8c/d2ad552ed4a817a91f610770c0066b2fc797.udd" 5124
"C:/Users/franc/AppData/Local/UnrealEngine/Common/DerivedDataCache/Buckets/LegacyCARD/af/37/d38acfb5736ba87b68ae8786f6017caff939.udd" 5125
"C:/Users/franc/AppData/Local/UnrealEngine/Common/DerivedDataCache/Buckets/LegacyCARD/71/3b/d855f95a7c7dabb915edfc8b28ee6bacc029.udd" 5126
"C:/Users/franc/AppData/Local/UnrealEngine/Common/DerivedDataCache/Buckets/LegacyNavCollision/59/25/c7241b0acaa6666dab96108557e6aa873129.udd" 5127
"C:/Users/franc/AppData/Local/UnrealEngine/Common/DerivedDataCache/Buckets/StaticMesh/69/2e/f98e6264da4f8b8ceb80e499be5b187d2773.udd" 5128
"C:/Users/franc/AppData/Local/UnrealEngine/Common/DerivedDataCache/Buckets/LegacyDIST/90/1b/56f313bfa3ff685f07e01db2bf6e5ed4e5f5.udd" 5129
"C:/Users/franc/AppData/Local/UnrealEngine/Common/DerivedDataCache/Buckets/LegacyCARD/e9/71/6a5c29119a3584233ebc356ff93a36df89d4.udd" 5130
"C:/Users/franc/AppData/Local/UnrealEngine/Common/DerivedDataCache/Buckets/LegacyNavCollision/ee/3b/38d472cccc030f36af11f40f55809fbcb9f1.udd" 5131
"C:/Users/franc/AppData/Local/UnrealEngine/Common/DerivedDataCache/Buckets/StaticMesh/78/d5/31d4be2d62fcb601b6f3aeafd2dbb4be26d3.udd" 5132
"C:/Users/franc/AppData/Local/UnrealEngine/Common/DerivedDataCache/Buckets/LegacyDIST/31/41/ed2a9d0849d26b3fe5f1cc8375ff612989cf.udd" 5133
"C:/Users/franc/AppData/Local/UnrealEngine/Common/DerivedDataCache/Buckets/LegacyCARD/b4/94/58a8776933995bdd46f9bdfb1803b88a773f.udd" 5134
"C:/Users/franc/AppData/Local/UnrealEngine/Common/DerivedDataCache/Buckets/LegacyNavCollision/56/93/d530d0ff46b8fec94a5a183f86b43a5d2673.udd" 5135
"C:/Users/franc/AppData/Local/UnrealEngine/Common/DerivedDataCache/Buckets/LegacySKELETALMESH/05/95/ceb56dd8e2bc9770ae03a7e8ac2d8c4fe4bb.udd" 5136
"C:/Users/franc/AppData/Local/UnrealEngine/Common/DerivedDataCache/Content/84/27/45375eed4fad6db9a5e62f1fd65747418a3d.udd" 5137
"C:/Users/franc/AppData/Local/UnrealEngine/Common/DerivedDataCache/Buckets/LegacyNavCollision/d8/f4/9d44a4df3792438d4ba2a7529f759481c893.udd" 5138
"../../Plugins/FX/Niagara/Content/DefaultAssets/S_Gnomon.uasset" 5139
"C:/Users/franc/AppData/Local/UnrealEngine/Common/DerivedDataCache/Buckets/LegacySKELETALMESH/03/63/9d713017c6106cf77122bd231e9e9b436178.udd" 5140
"C:/Users/franc/AppData/Local/UnrealEngine/Common/DerivedDataCache/Content/4a/aa/14cf11f3aece86fe5b51d90c0f43d9079b50.udd" 5141
"C:/Users/franc/AppData/Local/UnrealEngine/Common/DerivedDataCache/Buckets/LegacyAnimSeq/a6/2d/91735c64710cdc19dc48a9eb79ba81bc6a59.udd" 5142
"C:/Users/franc/AppData/Local/UnrealEngine/Common/DerivedDataCache/Buckets/LegacyAnimSeq/0a/5f/4dfef9010c5b5df3906dc9dbc16232a05ef3.udd" 5143
"C:/Users/franc/AppData/Local/UnrealEngine/Common/DerivedDataCache/Buckets/LegacySTREAMEDAUDIO/d9/45/f49d305d0b5699838e2d445fa1453ef154f6.udd" 5144
"C:/Users/franc/AppData/Local/UnrealEngine/Common/DerivedDataCache/Buckets/LegacySTREAMEDAUDIO/90/0f/33260a1ea45101404dfea6e6f35f555c42e2.udd" 5145
"C:/Users/franc/AppData/Local/UnrealEngine/Common/DerivedDataCache/Buckets/LegacySTREAMEDAUDIO/67/91/3b328e034d77ec133a244432542e384b9326.udd" 5146
"C:/Users/franc/AppData/Local/UnrealEngine/Common/DerivedDataCache/Buckets/LegacySTREAMEDAUDIO/c7/1c/a47588e07d7930c02472a102ae4af843d1bf.udd" 5147
"C:/Users/franc/AppData/Local/UnrealEngine/Common/DerivedDataCache/Buckets/LegacySTREAMEDAUDIO/c8/9d/72641c7ed07a033a88c7aba4baef1322a4a1.udd" 5148
"C:/Users/franc/AppData/Local/UnrealEngine/Common/DerivedDataCache/Buckets/LegacySTREAMEDAUDIO/1f/91/f048a388ae1a348adfb88064692c4f0e0420.udd" 5149
"C:/Users/franc/AppData/Local/UnrealEngine/Common/DerivedDataCache/Buckets/LegacySTREAMEDAUDIO/c2/8f/08def3cb89a420b4e1a69196b15fa2a1c8b6.udd" 5150
"C:/Users/franc/AppData/Local/UnrealEngine/Common/DerivedDataCache/Buckets/LegacySTREAMEDAUDIO/c6/c2/6aec7209739bc0a26158073c08fa0237301d.udd" 5151
"C:/Users/franc/AppData/Local/UnrealEngine/Common/DerivedDataCache/Buckets/LegacySTREAMEDAUDIO/8d/8d/481d151fa5995419bf2b510fda4e5999a781.udd" 5152
"C:/Users/franc/AppData/Local/UnrealEngine/Common/DerivedDataCache/Buckets/LegacySTREAMEDAUDIO/29/ee/7afaa6a1cab91b924129640a5d6e9dfe4390.udd" 5153
"C:/Users/franc/AppData/Local/UnrealEngine/Common/DerivedDataCache/Buckets/LegacySTREAMEDAUDIO/40/5a/e4c2e999132bc7bb2926d53e7cb46c7ea630.udd" 5154
"C:/Users/franc/AppData/Local/UnrealEngine/Common/DerivedDataCache/Buckets/LegacySTREAMEDAUDIO/28/40/940a0c1efb5926c7ca20feba1f33f142b179.udd" 5155
"C:/Users/franc/AppData/Local/UnrealEngine/Common/DerivedDataCache/Buckets/LegacySTREAMEDAUDIO/e6/dd/f5f0ae25714f6d64c8367d45d3cf7b4f474d.udd" 5156
"C:/Users/franc/AppData/Local/UnrealEngine/Common/DerivedDataCache/Buckets/LegacySTREAMEDAUDIO/dd/e8/883dcbd2326bb995518c8fb46a185018ac96.udd" 5157
"C:/Users/franc/AppData/Local/UnrealEngine/Common/DerivedDataCache/Buckets/LegacySTREAMEDAUDIO/1c/6c/0197dcab46b71109fe5cc206d4806aace55b.udd" 5158
"C:/Users/franc/AppData/Local/UnrealEngine/Common/DerivedDataCache/Buckets/LegacySTREAMEDAUDIO/e5/09/7a2e6abeab79b9c71b43a9d713754cad4d4c.udd" 5159
"C:/Users/franc/AppData/Local/UnrealEngine/Common/DerivedDataCache/Buckets/LegacySTREAMEDAUDIO/9b/d6/aae3bfc3923f320cdb98c7a7a6f57ac263c4.udd" 5160
"C:/Users/franc/AppData/Local/UnrealEngine/Common/DerivedDataCache/Buckets/LegacySTREAMEDAUDIO/84/a9/b126e3a1604ad0374e405b36643f1e24061f.udd" 5161
"C:/Users/franc/AppData/Local/UnrealEngine/Common/DerivedDataCache/Buckets/LegacySTREAMEDAUDIO/6b/c8/e1e739b2137241f09b5cfb7e55222c1538c9.udd" 5162
"C:/Users/franc/AppData/Local/UnrealEngine/Common/DerivedDataCache/Buckets/LegacySTREAMEDAUDIO/ab/53/f9e201b608ae48f5b23cc1b43c60b410cf74.udd" 5163
"C:/Users/franc/AppData/Local/UnrealEngine/Common/DerivedDataCache/Buckets/LegacySTREAMEDAUDIO/29/6d/9381309dd17bcf4883c31c5684e13d18fa32.udd" 5164
"C:/Users/franc/AppData/Local/UnrealEngine/Common/DerivedDataCache/Buckets/LegacySTREAMEDAUDIO/b2/37/23470481581bf7c450f9bd3bc2b16f642214.udd" 5165
"C:/Users/franc/AppData/Local/UnrealEngine/Common/DerivedDataCache/Buckets/LegacySTREAMEDAUDIO/99/b0/423d157d92af4cb62ce9bef15ba51f648bbd.udd" 5166
"C:/Users/franc/AppData/Local/UnrealEngine/Common/DerivedDataCache/Buckets/LegacySTREAMEDAUDIO/10/49/a8d8f45289640945a1d8207377917867710d.udd" 5167
"C:/Users/franc/AppData/Local/UnrealEngine/Common/DerivedDataCache/Buckets/LegacySTREAMEDAUDIO/b6/c6/9e21c5ad5e71ba75bdb08becf65839c571e4.udd" 5168
"C:/Users/franc/AppData/Local/UnrealEngine/Common/DerivedDataCache/Buckets/LegacySTREAMEDAUDIO/e1/8b/0c2e4ca66180a33855be4722feb634270597.udd" 5169
"../../../Engine/Plugins/Animation/ControlRig/Content/Controls/ControlRig_Star4_1mm.uasset" 5170
"../../../Engine/Plugins/Animation/ControlRig/Content/Controls/ControlRig_Square_solid.uasset" 5171
"../../../Engine/Plugins/Animation/ControlRig/Content/Controls/ControlRig_Square_3mm.uasset" 5172
"../../../Engine/Plugins/Animation/ControlRig/Content/Controls/ControlRig_Square_1mm.uasset" 5173
"../../../Engine/Plugins/Animation/ControlRig/Content/Controls/ControlRig_Sphere_3mm.uasset" 5174
"../../../Engine/Plugins/Animation/ControlRig/Content/Controls/ControlRig_Sphere_1mm.uasset" 5175
"../../../Engine/Plugins/Animation/ControlRig/Content/Controls/ControlRig_RoundedTriangle_solid.uasset" 5176
"../../../Engine/Plugins/Animation/ControlRig/Content/Controls/ControlRig_RoundedTriangle_3mm.uasset" 5177
"../../../Engine/Plugins/Animation/ControlRig/Content/Controls/ControlRig_RoundedTriangle_1mm.uasset" 5178
"../../../Engine/Plugins/Animation/ControlRig/Content/Controls/ControlRig_RoundedSquare_solid.uasset" 5179
"../../../Engine/Plugins/Animation/ControlRig/Content/Controls/ControlRig_RoundedSquare_3mm.uasset" 5180
"../../../Engine/Plugins/Animation/ControlRig/Content/Controls/ControlRig_RoundedSquare_1mm.uasset" 5181
"../../../Engine/Plugins/Animation/ControlRig/Content/Controls/ControlRig_QuarterCircle_solid.uasset" 5182
"../../../Engine/Plugins/Animation/ControlRig/Content/Controls/ControlRig_QuarterCircle_3mm.uasset" 5183
"../../../Engine/Plugins/Animation/ControlRig/Content/Controls/ControlRig_QuarterCircle_1mm.uasset" 5184
"../../../Engine/Plugins/Animation/ControlRig/Content/Controls/ControlRig_Pyramid_solid.uasset" 5185
"../../../Engine/Plugins/Animation/ControlRig/Content/Controls/ControlRig_Pyramid_3mm.uasset" 5186
"../../../Engine/Plugins/Animation/ControlRig/Content/Controls/ControlRig_Pyramid_1mm.uasset" 5187
"../../../Engine/Plugins/Animation/ControlRig/Content/Controls/ControlRig_Octagon_solid.uasset" 5188
"../../../Engine/Plugins/Animation/ControlRig/Content/Controls/ControlRig_Octagon_3mm.uasset" 5189
"../../../Engine/Plugins/Animation/ControlRig/Content/Controls/ControlRig_Octagon_1mm.uasset" 5190
"../../../Engine/Plugins/Animation/ControlRig/Content/Controls/ControlRig_Hexagon_solid.uasset" 5191
"../../../Engine/Plugins/Animation/ControlRig/Content/Controls/ControlRig_Hexagon_3mm.uasset" 5192
"../../../Engine/Plugins/Animation/ControlRig/Content/Controls/ControlRig_Hexagon_1mm.uasset" 5193
"../../../Engine/Plugins/Animation/ControlRig/Content/Controls/ControlRig_HalfCircle_solid.uasset" 5194
"../../../Engine/Plugins/Animation/ControlRig/Content/Controls/ControlRig_HalfCircle_3mm.uasset" 5195
"../../../Engine/Plugins/Animation/ControlRig/Content/Controls/ControlRig_HalfCircle_1mm.uasset" 5196
"../../../Engine/Plugins/Animation/ControlRig/Content/Controls/ControlRig_Diamond_solid.uasset" 5197
"../../../Engine/Plugins/Animation/ControlRig/Content/Controls/ControlRig_Diamond_3mm.uasset" 5198
"../../../Engine/Plugins/Animation/ControlRig/Content/Controls/ControlRig_Diamond_1mm.uasset" 5199
"../../../Engine/Plugins/Animation/ControlRig/Content/Controls/ControlRig_Circle_solid.uasset" 5200
"../../../Engine/Plugins/Animation/ControlRig/Content/Controls/ControlRig_Circle_3mm.uasset" 5201
"../../../Engine/Plugins/Animation/ControlRig/Content/Controls/ControlRig_Circle_1mm.uasset" 5202
"../../../Engine/Plugins/Animation/ControlRig/Content/Controls/ControlRig_Box_solid.uasset" 5203
"../../../Engine/Plugins/Animation/ControlRig/Content/Controls/ControlRig_Box_3mm.uasset" 5204
"../../../Engine/Plugins/Animation/ControlRig/Content/Controls/ControlRig_Box_1mm.uasset" 5205
"../../../Engine/Plugins/Animation/ControlRig/Content/Controls/ControlRig_Arrow_solid.uasset" 5206
"../../../Engine/Plugins/Animation/ControlRig/Content/Controls/ControlRig_Arrow_3mm.uasset" 5207
"../../../Engine/Plugins/Animation/ControlRig/Content/Controls/ControlRig_Arrow_1mm.uasset" 5208
"../../../Engine/Plugins/Animation/ControlRig/Content/Controls/ControlRig_Arrow4_solid.uasset" 5209
"../../../Engine/Plugins/Animation/ControlRig/Content/Controls/ControlRig_Arrow4_3mm.uasset" 5210
"../../../Engine/Plugins/Animation/ControlRig/Content/Controls/ControlRig_Arrow4_1mm.uasset" 5211
"../../../Engine/Plugins/Animation/ControlRig/Content/Controls/ControlRig_Arrow2_solid.uasset" 5212
"../../../Engine/Plugins/Animation/ControlRig/Content/Controls/ControlRig_Arrow2_3mm.uasset" 5213
"../../../Engine/Plugins/Animation/ControlRig/Content/Controls/ControlRig_Arrow2_1mm.uasset" 5214
"../../../Engine/Plugins/Animation/ControlRig/Content/Controls/ControlRig_Sphere_solid.uasset" 5215
"E:/Unreal Projects/LeagueJourney/Content/StarterContent/Props/MaterialSphere.uasset" 5216
"E:/Unreal Projects/LeagueJourney/Content/StarterContent/Blueprints/Assets/SM_Arrows.uasset" 5217
"E:/Unreal Projects/LeagueJourney/Content/Props/Stadiums/MCB/mountains_Plane_002.uasset" 5218
"E:/Unreal Projects/LeagueJourney/Content/Props/Stadiums/MCB/mcb_str2_muro.uasset" 5219
"E:/Unreal Projects/LeagueJourney/Content/Props/Stadiums/MCB/mcb_str2_floor1.uasset" 5220
"E:/Unreal Projects/LeagueJourney/Content/Props/Stadiums/MCB/mcb_str2_floor0.uasset" 5221
"E:/Unreal Projects/LeagueJourney/Content/Props/Stadiums/MCB/mcb_str1_muro.uasset" 5222
"E:/Unreal Projects/LeagueJourney/Content/Props/Stadiums/MCB/mcb_str1_garden.uasset" 5223
"E:/Unreal Projects/LeagueJourney/Content/Props/Stadiums/MCB/mcb_str1_floor.uasset" 5224
"E:/Unreal Projects/LeagueJourney/Content/Props/Stadiums/MCB/mcb_str0_tunnel.uasset" 5225
"E:/Unreal Projects/LeagueJourney/Content/Props/Stadiums/MCB/mcb_str0_seat.uasset" 5226
"E:/Unreal Projects/LeagueJourney/Content/Props/Stadiums/MCB/mcb_str0_muro.uasset" 5227
"E:/Unreal Projects/LeagueJourney/Content/Props/Stadiums/MCB/mcb_str0_house_walls.uasset" 5228
"E:/Unreal Projects/LeagueJourney/Content/Props/Stadiums/MCB/mcb_str0_house.uasset" 5229
"E:/Unreal Projects/LeagueJourney/Content/Props/Stadiums/MCB/mcb_str0_floor2.uasset" 5230
"E:/Unreal Projects/LeagueJourney/Content/Props/Stadiums/MCB/mcb_str0_floor1.uasset" 5231
"E:/Unreal Projects/LeagueJourney/Content/Props/Stadiums/MCB/mcb_str0_floor0.uasset" 5232
"E:/Unreal Projects/LeagueJourney/Content/Props/Stadiums/MCB/mcb_str0_ceil.uasset" 5233
"E:/Unreal Projects/LeagueJourney/Content/Props/Stadiums/MCB/mcb_pitch_pitch_001.uasset" 5234
"E:/Unreal Projects/LeagueJourney/Content/Props/Stadiums/MCB/mcb_pitch_pitch.uasset" 5235
"E:/Unreal Projects/LeagueJourney/Content/Props/Stadiums/MCB/estruturas_vivenda_casa.uasset" 5236
"E:/Unreal Projects/LeagueJourney/Content/Props/Stadiums/MCB/estruturas_vivenda_armazem.uasset" 5237
"E:/Unreal Projects/LeagueJourney/Content/Props/Stadiums/MCB/estruturas_vivcenda_pave.uasset" 5238
"E:/Unreal Projects/LeagueJourney/Content/Props/Stadiums/MCB/estruturas_minipreco_pave.uasset" 5239
"E:/Unreal Projects/LeagueJourney/Content/Props/Stadiums/MCB/estruturas_minipreco.uasset" 5240
"E:/Unreal Projects/LeagueJourney/Content/Props/Stadiums/MCB/estruturas_jovilucas_pave.uasset" 5241
"E:/Unreal Projects/LeagueJourney/Content/Props/Stadiums/MCB/estruturas_jovilucas_garagem.uasset" 5242
"E:/Unreal Projects/LeagueJourney/Content/Props/Stadiums/MCB/estruturas_jovilucas_entrada.uasset" 5243
"E:/Unreal Projects/LeagueJourney/Content/Props/Stadiums/MCB/estruturas_jovilucas_casa.uasset" 5244
"E:/Unreal Projects/LeagueJourney/Content/Props/Stadiums/MCB/estruturas_continente_pave.uasset" 5245
"E:/Unreal Projects/LeagueJourney/Content/Props/Stadiums/MCB/estruturas_continente.uasset" 5246
"E:/Unreal Projects/LeagueJourney/Content/Props/Objetos/Bola/football.uasset" 5247
"E:/Unreal Projects/LeagueJourney/Content/Props/Environment/Interactive/Goals/goal_Net.uasset" 5248
"E:/Unreal Projects/LeagueJourney/Content/Props/Environment/BigSpotlightOld_OldSpotLighrBig.uasset" 5249
"E:/Unreal Projects/LeagueJourney/Content/Props/Environment/adboardOld.uasset" 5250
"E:/Unreal Projects/LeagueJourney/Content/Props/Ads/Models/otherstuff_Plane_001.uasset" 5251
"E:/Unreal Projects/LeagueJourney/Content/Props/Ads/Models/otherstuff_Plane.uasset" 5252
"E:/Unreal Projects/LeagueJourney/Content/Props/Ads/Models/otherstuff_Cube_004.uasset" 5253
"E:/Unreal Projects/LeagueJourney/Content/Props/otherstuff_Cube_003.uasset" 5254
"E:/Unreal Projects/LeagueJourney/Content/Props/otherstuff_Cube_002.uasset" 5255
"E:/Unreal Projects/LeagueJourney/Content/Props/otherstuff_Cube_001.uasset" 5256
"E:/Unreal Projects/LeagueJourney/Content/Props/otherstuff_Cube.uasset" 5257
"E:/Unreal Projects/LeagueJourney/Content/Levels/fakebox.uasset" 5258
"E:/Unreal Projects/LeagueJourney/Content/Characters/szcsz/football.uasset" 5259
"E:/Unreal Projects/LeagueJourney/Content/Stadiums/MCB/M_Pitch.uasset" 5260
"E:/Unreal Projects/LeagueJourney/Content/Props/Stadiums/MCB/Materials/M_MCB_OldWall.uasset" 5261
"E:/Unreal Projects/LeagueJourney/Content/Props/Stadiums/MCB/Materials/M_MCB_Road_Road.uasset" 5262
"E:/Unreal Projects/LeagueJourney/Content/Props/Stadiums/MCB/Materials/M_MCB_Tunnel_Floor.uasset" 5263
"E:/Unreal Projects/LeagueJourney/Content/Props/Stadiums/MCB/Materials/M_MCB_Road_Pavement.uasset" 5264
"E:/Unreal Projects/LeagueJourney/Content/Props/Stadiums/MCB/Materials/M_MCB_NewWall.uasset" 5265
"E:/Unreal Projects/LeagueJourney/Content/Props/Stadiums/MCB/Materials/M_MCB_House.uasset" 5266
"E:/Unreal Projects/LeagueJourney/Content/Props/Stadiums/MCB/Materials/M_MCB_Ceiling.uasset" 5267
"E:/Unreal Projects/LeagueJourney/Content/Props/Stadiums/MCB/Materials/M_MCB_Seats_2.uasset" 5268
"E:/Unreal Projects/LeagueJourney/Content/Stadiums/MCB/Materials/M_MCB_Seats.uasset" 5269
"E:/Unreal Projects/LeagueJourney/Content/Props/Environment/spotlightOld.uasset" 5270
"E:/Unreal Projects/LeagueJourney/Content/Props/Environment/BigSpotlightOld_OldSpotLighrBigTop.uasset" 5271
"E:/Unreal Projects/LeagueJourney/Content/Stadiums/MCB/Materials/M_MCB_House_Glass.uasset" 5272
"E:/Unreal Projects/LeagueJourney/Content/UserInteface/Menu/PlayScreen/UMGControllerSelector.uasset" 5273
"E:/Unreal Projects/LeagueJourney/Content/Blueprints/MenuMode.uasset" 5274
"E:/Unreal Projects/LeagueJourney/Content/UserInteface/DuringMatch/HalfTime.uasset" 5275
"E:/Unreal Projects/LeagueJourney/Content/UserInteface/Menu/PlayScreen/LineUp/UMGPlayerInfo.uasset" 5276
"E:/Unreal Projects/LeagueJourney/Content/UserInteface/Menu/PlayScreen/UMGTeamButton_4.uasset" 5277
"E:/Unreal Projects/LeagueJourney/Content/UserInteface/Menu/Window/UMGSettingScreen.uasset" 5278
"E:/Unreal Projects/LeagueJourney/Content/UserInteface/Menu/Window/UMGQuitScreen.uasset" 5279
"E:/Unreal Projects/LeagueJourney/Content/UserInteface/Menu/PlayScreen/UMGMatchSettingsScreen.uasset" 5280
"E:/Unreal Projects/LeagueJourney/Content/UserInteface/Error/UMGErrorScreen.uasset" 5281
"E:/Unreal Projects/LeagueJourney/Content/UserInteface/DuringMatch/monofonto_rg_Font.uasset" 5282
"E:/Unreal Projects/LeagueJourney/Content/StarterContent/Props/SM_TableRound.uasset" 5283
"E:/Unreal Projects/LeagueJourney/Content/StarterContent/Props/SM_Statue.uasset" 5284
"E:/Unreal Projects/LeagueJourney/Content/StarterContent/Particles/P_Steam_Lit.uasset" 5285
"E:/Unreal Projects/LeagueJourney/Content/StarterContent/Particles/P_Smoke.uasset" 5286
"E:/Unreal Projects/LeagueJourney/Content/Props/Stadiums/MCB/flare.uasset" 5287
"E:/Unreal Projects/LeagueJourney/Content/StarterContent/Props/SM_Shelf.uasset" 5288
"E:/Unreal Projects/LeagueJourney/Content/StarterContent/Props/SM_Lamp_Wall.uasset" 5289
"E:/Unreal Projects/LeagueJourney/Content/StarterContent/Props/SM_Lamp_Ceiling.uasset" 5290
"E:/Unreal Projects/LeagueJourney/Content/Props/Stadiums/MCB/Materials/M_MCB_OutterGrass.uasset" 5291
"E:/Unreal Projects/LeagueJourney/Content/Props/Stadiums/MCB/Materials/M_MCB_Grass.uasset" 5292
"E:/Unreal Projects/LeagueJourney/Content/Props/Stadiums/MCB/Materials/M_MCB_Garden_Grass.uasset" 5293
"C:/Users/franc/AppData/Local/UnrealEngine/Common/DerivedDataCache/Buckets/LegacyAnimSeq/3d/9b/b48c4ae8ed781c71fdad35c3808599426c32.udd" 5294
"C:/Users/franc/AppData/Local/UnrealEngine/Common/DerivedDataCache/Buckets/LegacyAnimSeq/56/4f/3f7bf83d0b935a138e4d987b650d4937137f.udd" 5295
"C:/Users/franc/AppData/Local/UnrealEngine/Common/DerivedDataCache/Buckets/BulkDataList/f5/56/dabf08ebfa3547bfe3eed327425dc8f31285.udd" 5296
"E:/Unreal Projects/LeagueJourney/Content/StarterContent/Props/SM_WindowFrame.uasset" 5297
"E:/Unreal Projects/LeagueJourney/Content/StarterContent/Props/SM_PillarFrame300.uasset" 5298
"E:/Unreal Projects/LeagueJourney/Content/StarterContent/Props/SM_PillarFrame.uasset" 5299
"E:/Unreal Projects/LeagueJourney/Content/StarterContent/Props/SM_DoorFrame.uasset" 5300
"E:/Unreal Projects/LeagueJourney/Content/StarterContent/Props/SM_CornerFrame.uasset" 5301
"E:/Unreal Projects/LeagueJourney/Content/Props/Stadiums/MCB/fir.uasset" 5302
"E:/Unreal Projects/LeagueJourney/Content/StarterContent/Particles/P_Ambient_Dust.uasset" 5303
"E:/Unreal Projects/LeagueJourney/Content/StarterContent/Props/SM_Door.uasset" 5304
"C:/Users/franc/AppData/Local/UnrealEngine/Common/DerivedDataCache/Buckets/BulkDataList/a7/c6/089b01527820f7fd19f1307d7e2498eb6453.udd" 5305
"E:/Unreal Projects/LeagueJourney/Content/StarterContent/Props/SM_Couch.uasset" 5306
"../../Plugins/FX/Niagara/Content/DynamicInputs/UniformRange/V2/RandomRangeFloat.uasset" 5307
"../../Plugins/FX/Niagara/Content/DynamicInputs/ValueFromCurve/ColorFromCurve.uasset" 5308
"../../Plugins/FX/Niagara/Content/DynamicInputs/ValueFromCurve/FloatFromCurve.uasset" 5309
"../../Plugins/FX/Niagara/Content/Modules/Collision/Collision.uasset" 5310
"../../Plugins/FX/Niagara/Content/Functions/CalculateMeshRadius.uasset" 5311
"../../Plugins/FX/Niagara/Content/Enums/ENiagaraCalculateRadiusOptions.uasset" 5312
"../../Plugins/FX/Niagara/Content/Functions/CalculateRadiusFromSpriteSize.uasset" 5313
"../../Plugins/FX/Niagara/Content/Functions/DirectionAndLengthSafe.uasset" 5314
"../../Plugins/FX/Niagara/Content/Functions/Helpers/DoOnce_fn.uasset" 5315
"../../Plugins/FX/Niagara/Content/Functions/ProjectVectorOnPlane.uasset" 5316
"../../Plugins/FX/Niagara/Content/Functions/Rotation/AxisAngleToQuaternion.uasset" 5317
"../../Plugins/FX/Niagara/Content/Modules/Collision/CollisionQueryAndResponse.uasset" 5318
"../../Plugins/FX/Niagara/Content/Functions/Collision/PlaneSphereCollisionDetection.uasset" 5319
"../../Plugins/FX/Niagara/Content/Functions/Collision/RandomizeCollisionNormals.uasset" 5320
"../../Plugins/FX/Niagara/Content/Functions/RandomRangeFloat.uasset" 5321
"../../Plugins/FX/Niagara/Content/Functions/GetRandomInfo.uasset" 5322
"../../Plugins/FX/Niagara/Content/Functions/Rotation/FindQuatBetween.uasset" 5323
"../../Plugins/FX/Niagara/Content/Functions/Rotation/MultiplyVectorWithQuaternion.uasset" 5324
"../../Plugins/FX/Niagara/Content/Functions/Drag/DragVelocity.uasset" 5325
"../../Plugins/FX/Niagara/Content/Functions/Math/CentimeterMeterConversion.uasset" 5326
"../../Plugins/FX/Niagara/Content/Functions/ReflectVector.uasset" 5327
"../../Plugins/FX/Niagara/Content/Functions/Textures/CalculateA_VolumeTexturesDistanceFieldGradient.uasset" 5328
"../../Plugins/FX/Niagara/Content/Enums/ENiagara_Float4Channel.uasset" 5329
"../../Plugins/FX/Niagara/Content/Modules/Collision/NiagaraDistanceFieldCollisions.uasset" 5330
"../../Plugins/FX/Niagara/Content/Modules/Collision/SceneDepthTest.uasset" 5331
"../../Plugins/FX/Niagara/Content/Enums/ENiagara_CPUCollisionType.uasset" 5332
"../../Plugins/FX/Niagara/Content/Enums/ENiagara_GPUCollisionType.uasset" 5333
"../../Plugins/FX/Niagara/Content/Enums/ENiagaraFrictionMergeType.uasset" 5334
"../../Plugins/FX/Niagara/Content/Enums/ENiagaraRestitutionMergeType.uasset" 5335
"../../Plugins/FX/Niagara/Content/Enums/ENiagaraCollisionRadiusOptions.uasset" 5336
"../../Plugins/FX/Niagara/Content/Modules/Emitter/SpawnRate.uasset" 5337
"../../Plugins/FX/Niagara/Content/Modules/Solvers/SolveForcesAndVelocity.uasset" 5338
"../../Plugins/FX/Niagara/Content/Modules/Solvers/ApplyRotationVector.uasset" 5339
"../../Plugins/FX/Niagara/Content/Icons/Modules/T_Icon_Solver_LimitAccel.uasset" 5340
"../../Plugins/FX/Niagara/Content/Icons/Modules/T_Icon_Solver_LimitSpeed.uasset" 5341
"../../Plugins/FX/Niagara/Content/Icons/Modules/T_Icon_Solver_RotationalSolve.uasset" 5342
"../../Plugins/FX/Niagara/Content/Modules/Spawn/Location/V2/ShapeLocation.uasset" 5343
"../../Plugins/FX/Niagara/Content/Functions/Math/CalculateRandomPointInConeSphereIntersection.uasset" 5344
"../../Plugins/FX/Niagara/Content/Functions/NormalizedExecutionIndex.uasset" 5345
"../../Plugins/FX/Niagara/Content/Functions/ParametricTorus.uasset" 5346
"../../Plugins/FX/Niagara/Content/Functions/ParametricTorusKnot.uasset" 5347
"../../Plugins/FX/Niagara/Content/Functions/PolarToCartesianCoordinates.uasset" 5348
"../../Plugins/FX/Niagara/Content/Functions/RandomPointInBox.uasset" 5349
"../../Plugins/FX/Niagara/Content/Functions/IsolateLongestVectorComponent.uasset" 5350
"../../Plugins/FX/Niagara/Content/Functions/Rotation/RotateVector2D.uasset" 5351
"../../Plugins/FX/Niagara/Content/Functions/Rotation/TransformStack/TransformStack_Rotation.uasset" 5352
"../../Plugins/FX/Niagara/Content/Functions/Rotation/InvertQuaternion.uasset" 5353
"../../Plugins/FX/Niagara/Content/Enums/Transforms/ENiagara_RotationMode.uasset" 5354
"../../Plugins/FX/Niagara/Content/Functions/SphericalToCartesianCoordinates.uasset" 5355
"../../Plugins/FX/Niagara/Content/Functions/V2/RemapRange.uasset" 5356
"../../Plugins/FX/Niagara/Content/Enums/ENiagara_AttributeSamplingApplyOutput.uasset" 5357
"../../Plugins/FX/Niagara/Content/Enums/ENiagaraExpansionMode.uasset" 5358
"../../Plugins/FX/Niagara/Content/Enums/ENiagaraShapeTorusMode.uasset" 5359
"../../Plugins/FX/Niagara/Content/Enums/ENiagaraSphereDistributionMode.uasset" 5360
"../../Plugins/FX/Niagara/Content/Enums/ENiagaraTorusDistributionMode.uasset" 5361
"../../Plugins/FX/Niagara/Content/Enums/Location/ENiagara_BoxPlaneMode.uasset" 5362
"../../Plugins/FX/Niagara/Content/Enums/Location/ENiagara_ConeMode.uasset" 5363
"../../Plugins/FX/Niagara/Content/Enums/Location/ENiagara_CylinderMode.uasset" 5364
"../../Plugins/FX/Niagara/Content/Enums/Location/ENiagara_LocationShapes.uasset" 5365
"../../Plugins/FX/Niagara/Content/Enums/Location/ENiagaraRingDiscMode.uasset" 5366
"../../Plugins/FX/Niagara/Content/Enums/Transforms/ENiagara_OffsetMode.uasset" 5367
"../../Plugins/FX/Niagara/Content/Enums/Transforms/ENiagara_ScaleMode.uasset" 5368
"../../Plugins/FX/Niagara/Content/Enums/Transforms/ENiagara_TransformOrder.uasset" 5369
"../../Plugins/FX/Niagara/Content/Enums/Transforms/ENiagara_TransformType.uasset" 5370
"../../Plugins/FX/Niagara/Content/Modules/Spawn/Velocity/AddVelocity.uasset" 5371
"../../Plugins/FX/Niagara/Content/Functions/V2/CalculateRandomUnitVector.uasset" 5372
"../../Plugins/FX/Niagara/Content/Functions/V2/DistanceBasedFalloff.uasset" 5373
"../../Plugins/FX/Niagara/Content/Functions/NormalizeDistanceRange.uasset" 5374
"../../Plugins/FX/Niagara/Content/Enums/Utility/ENiagara_VelocityMode.uasset" 5375
"../../Plugins/FX/Niagara/Content/Modules/Update/Color/Color.uasset" 5376
"../../Plugins/FX/Niagara/Content/Modules/Update/Color/ScaleColor.uasset" 5377
"../../Plugins/FX/Niagara/Content/Enums/ENiagaraScaleColorMode.uasset" 5378
"../../Plugins/FX/Niagara/Content/Modules/Update/Forces/Drag.uasset" 5379
"../../Plugins/FX/Niagara/Content/Modules/Update/Forces/GravityForce.uasset" 5380
"../../Plugins/FX/Niagara/Content/Modules/Update/Size/ScaleSpriteSize.uasset" 5381
"../../Plugins/FX/Niagara/Content/Enums/SpriteRenderer/ENiagara_ScaleSpriteSize.uasset" 5382
"C:/Users/franc/AppData/Local/UnrealEngine/Common/DerivedDataCache/Buckets/BulkDataList/61/54/5d25937c692a80b647cb662fadc283b2bd85.udd" 5383
"C:/Users/franc/AppData/Local/UnrealEngine/Common/DerivedDataCache/Buckets/BulkDataList/d1/62/33eb5df09fb9148e6a7e08372616c49049fd.udd" 5384
"C:/Users/franc/AppData/Local/UnrealEngine/Common/DerivedDataCache/Buckets/BulkDataList/6e/fe/064c7b280b7120d46e409aa3d71228bb1fe7.udd" 5385
"E:/Unreal Projects/LeagueJourney/Content/StarterContent/Props/SM_Chair.uasset" 5386
"E:/Unreal Projects/LeagueJourney/Content/StarterContent/Props/SM_Bush.uasset" 5387
"E:/Unreal Projects/LeagueJourney/Content/LevelPrototyping/Meshes/SM_ChamferCube.uasset" 5388
"E:/Unreal Projects/LeagueJourney/Content/Characters/PlayerInput/NewInputMappingContext.uasset" 5389
"E:/Unreal Projects/LeagueJourney/Content/Characters/Player/Models/MixamoDefault/Ch38_nonPBR_UE.uasset" 5390
"E:/Unreal Projects/LeagueJourney/Content/Characters/Player/Animations/throwin_UE.uasset" 5391
"E:/Unreal Projects/LeagueJourney/Content/Characters/Player/Animations/Montages/soccertrip_UE_Montage.uasset" 5392
"C:/Users/franc/AppData/Local/UnrealEngine/Common/DerivedDataCache/Buckets/LegacyAnimSeq/97/69/6628619619b6063d344a05cd5470804e87bc.udd" 5393
"C:/Users/franc/AppData/Local/UnrealEngine/Common/DerivedDataCache/Buckets/LegacyAnimSeq/73/e3/04f00ed76734d9fee3b1435708804a763745.udd" 5394
"C:/Users/franc/AppData/Local/UnrealEngine/Common/DerivedDataCache/Buckets/LegacySTREAMEDAUDIO/80/4b/bfdcda9fe5bedb991b7d75b5858e3e90b03f.udd" 5395
"C:/Users/franc/AppData/Local/UnrealEngine/Common/DerivedDataCache/Buckets/LegacySTREAMEDAUDIO/cb/68/379dccc396e5d707eda405ded0b7d1529bf9.udd" 5396
"C:/Users/franc/AppData/Local/UnrealEngine/Common/DerivedDataCache/Buckets/LegacySTREAMEDAUDIO/5e/f1/7af3dfa066542482a49f2933fc0e71cde037.udd" 5397
"C:/Users/franc/AppData/Local/UnrealEngine/Common/DerivedDataCache/Buckets/LegacySKELETALMESH/a3/39/9015e1b433572324c4f0c75753d5bfba06a9.udd" 5398
"C:/Users/franc/AppData/Local/UnrealEngine/Common/DerivedDataCache/Buckets/LegacySTREAMEDAUDIO/da/5d/94271ac5214aab2485038f4aaae298d4b104.udd" 5399
"C:/Users/franc/AppData/Local/UnrealEngine/Common/DerivedDataCache/Buckets/LegacySTREAMEDAUDIO/96/44/a4a0b9a03fc0efb31a60ac87602efe49b07c.udd" 5400
"C:/Users/franc/AppData/Local/UnrealEngine/Common/DerivedDataCache/Buckets/LegacySTREAMEDAUDIO/a8/49/e697c8c0e2810e67dbbea6264388e0089353.udd" 5401
"C:/Users/franc/AppData/Local/UnrealEngine/Common/DerivedDataCache/Buckets/LegacyAnimSeq/90/02/dc8de215e7f631a0d71446587712d0147cfa.udd" 5402
"C:/Users/franc/AppData/Local/UnrealEngine/Common/DerivedDataCache/Buckets/LegacyAnimSeq/f0/84/0a270b37c8c1db7478ad10c87a4236c68c9d.udd" 5403
"E:/Unreal Projects/LeagueJourney/Content/Characters/Player/Animations/headersoccerball_UE.uasset" 5404
"E:/Unreal Projects/LeagueJourney/Content/Characters/Player/Animations/headersoccerball_2__UE.uasset" 5405
"E:/Unreal Projects/LeagueJourney/Content/Characters/Player/Animations/Montages/kicksoccerball_UE_Montage.uasset" 5406
"E:/Unreal Projects/LeagueJourney/Content/Characters/Player/Animations/Montages/Shoot_UE_Montage.uasset" 5407
"E:/Unreal Projects/LeagueJourney/Content/Characters/Player/Animations/Defensive/wadwad.uasset" 5408
"E:/Unreal Projects/LeagueJourney/Content/Characters/Player/Animations/Goalkeeper/goalkeeperdivingsave_UE_Montage.uasset" 5409
"E:/Unreal Projects/LeagueJourney/Content/Characters/Player/Animations/Goalkeeper/goalkeeperdivingsave_2__UE_Montage.uasset" 5410
"E:/Unreal Projects/LeagueJourney/Content/Characters/Player/Animations/Goalkeeper/goalkeepercatch_UE_Montage.uasset" 5411
"E:/Unreal Projects/LeagueJourney/Content/Characters/Player/Animations/Goalkeeper/goalkeeperbodyblock_3__UE_Montage.uasset" 5412
"E:/Unreal Projects/LeagueJourney/Content/Characters/Player/Animations/Goalkeeper/goalkeeperbodyblock_2__UE_Montage.uasset" 5413
"E:/Unreal Projects/LeagueJourney/Content/Characters/Player/Animations/Montages/soccertackle_2__UE_Montage.uasset" 5414
"E:/Unreal Projects/LeagueJourney/Content/Characters/Player/Animations/Montages/SoccerPass_UE_Montage.uasset" 5415
"E:/Unreal Projects/LeagueJourney/Content/Characters/Player/Animations/BlendSpaces/MovementBlendSpace.uasset" 5416
"E:/Unreal Projects/LeagueJourney/Content/Characters/Player/Animations/BlendSpaces/GKMovementBlendSpace.uasset" 5417
"E:/Unreal Projects/LeagueJourney/Content/throwin_UE_Montage.uasset" 5418
"../../../Engine/Plugins/Interchange/Runtime/Content/gltf/MaterialFunctions/MF_Transmission.uasset" 5419
"../../../Engine/Plugins/Interchange/Runtime/Content/gltf/MaterialFunctions/MF_Specular.uasset" 5420
"../../../Engine/Plugins/Interchange/Runtime/Content/gltf/MaterialFunctions/MF_Sheen.uasset" 5421
"../../../Engine/Plugins/Interchange/Runtime/Content/gltf/MaterialFunctions/MF_Occlusion.uasset" 5422
"../../../Engine/Plugins/Interchange/Runtime/Content/gltf/MaterialFunctions/MF_MetallicRoughness.uasset" 5423
"../../Plugins/Animation/ControlRig/Content/Controls/ControlRig_Wedge_solid.uasset" 5424
"../../../Engine/Plugins/Interchange/Runtime/Content/gltf/MaterialFunctions/MF_Emissive.uasset" 5425
"../../../Engine/Plugins/Interchange/Runtime/Content/gltf/MaterialFunctions/MF_DiffuseSpecGloss.uasset" 5426
"../../../Engine/Plugins/Interchange/Runtime/Content/gltf/MaterialFunctions/MF_BaseColor.uasset" 5427
"E:/Unreal Projects/LeagueJourney/Content/Props/Stadiums/MCB/Materials/M_MCB_House_Wall.uasset" 5428
"E:/Unreal Projects/LeagueJourney/Content/MSPresets/M_MS_Imperfection_Material_VT/M_MS_Imperfection_Material_VT.uasset" 5429
"E:/Unreal Projects/LeagueJourney/Content/MSPresets/M_MS_Imperfection_Material/M_MS_Imperfection_Material.uasset" 5430
"E:/Unreal Projects/LeagueJourney/Content/MSPresets/M_MS_SurfaceBlend_Material/LayerFunctions/Top/MF_TopLayerTextures.uasset" 5431
"E:/Unreal Projects/LeagueJourney/Content/MSPresets/M_MS_SurfaceBlend_Material/LayerFunctions/Middle/MF_MiddleLayerTextures.uasset" 5432
"E:/Unreal Projects/LeagueJourney/Content/MSPresets/M_MS_SurfaceBlend_Material/LayerFunctions/Base/MF_BaseLayerTextures.uasset" 5433
"E:/Unreal Projects/LeagueJourney/Content/MSPresets/M_MS_SurfaceBlend_Material/LayerFunctions/MF_ScatterLayer.uasset" 5434
"../../../Engine/Plugins/Bridge/Content/MSPresets/M_MS_SurfaceBlend_Material/LayerFunctions/Base/MF_BaseLayerTextures.uasset" 5435
"../../../Engine/Plugins/Bridge/Content/MSPresets/M_MS_SurfaceBlend_Material/LayerFunctions/MF_ScatterLayer.uasset" 5436
"../../../Engine/Plugins/Bridge/Content/MSPresets/M_MS_SurfaceBlend_Material/LayerFunctions/Middle/MF_MiddleLayerTextures.uasset" 5437
"../../../Engine/Plugins/Bridge/Content/MSPresets/M_MS_SurfaceBlend_Material/LayerFunctions/Top/MF_TopLayerTextures.uasset" 5438
"E:/Unreal Projects/LeagueJourney/Content/StarterContent/Props/SM_Rock.uasset" 5439
"C:/Users/franc/AppData/Local/UnrealEngine/Common/DerivedDataCache/Buckets/MaterialShaderMap/d5/0c/3246300b579aff6d34b82a83cb42e67523b5.udd" 5440
"C:/Users/franc/AppData/Local/UnrealEngine/Common/DerivedDataCache/Buckets/MaterialShaderMap/4c/d9/77f41c6d4f491f824902f41178f4ab335bf1.udd" 5441
"C:/Users/franc/AppData/Local/UnrealEngine/Common/DerivedDataCache/Buckets/MaterialShaderMap/bb/98/2ce0c1943f5821f44cda1325a7d85dc48f16.udd" 5442
"C:/Users/franc/AppData/Local/UnrealEngine/Common/DerivedDataCache/Buckets/MaterialShaderMap/9c/9a/c191ad8a3fb7532eedb9975760c221f45748.udd" 5443
"E:/Unreal Projects/LeagueJourney/Content/StarterContent/Particles/P_Explosion.uasset" 5444
"E:/Unreal Projects/LeagueJourney/Content/StarterContent/Particles/P_Sparks.uasset" 5445
"E:/Unreal Projects/LeagueJourney/Content/StarterContent/Particles/P_Fire.uasset" 5446
"E:/Unreal Projects/LeagueJourney/Content/StarterContent/Blueprints/Assets/M_LightStage_Skybox_HDRI.uasset" 5447
"E:/Unreal Projects/LeagueJourney/Content/StarterContent/Blueprints/Assets/M_LightStage_Skybox_Black.uasset" 5448
"../../../Engine/Plugins/Interchange/Runtime/Content/Materials/PBRSurfaceFunction.uasset" 5449
"../../../Engine/Plugins/Interchange/Runtime/Content/Materials/LambertSurfaceMaterial.uasset" 5450
"E:/Unreal Projects/LeagueJourney/Content/MSPresets/M_MS_SurfaceBlend_Material/LayerFunctions/Puddle/MF_PuddleLayer.uasset" 5451
"../../../Engine/Plugins/Bridge/Content/MSPresets/M_MS_SurfaceBlend_Material/LayerFunctions/Puddle/MF_PuddleLayer.uasset" 5452
"E:/Unreal Projects/LeagueJourney/Content/MSPresets/M_MS_Glass_Material/Functions/MF_FrameBlend.uasset" 5453
"../../../Engine/Plugins/Bridge/Content/MSPresets/M_MS_Glass_Material/Functions/MF_FrameBlend.uasset" 5454
"E:/Unreal Projects/LeagueJourney/Content/Characters/szcsz/Shirt_instace.uasset" 5455
"../../../Engine/Plugins/Interchange/Runtime/Content/gltf/MaterialFunctions/MF_SpecGlossToMetalRoughness.uasset" 5456
"../../../Engine/Plugins/Interchange/Runtime/Content/Functions/MX_Transmission.uasset" 5457
"../../../Engine/Plugins/Interchange/Runtime/Content/Materials/OrenNayerMaterial.uasset" 5458
"../../../Engine/Plugins/Interchange/Runtime/Content/Functions/MX_StandardSurface.uasset" 5459
"C:/Users/franc/AppData/Local/UnrealEngine/Common/DerivedDataCache/Buckets/BulkDataList/84/af/452057516434ed47b7e8f8b113e22c78bb00.udd" 5460
"C:/Users/franc/AppData/Local/UnrealEngine/Common/DerivedDataCache/Buckets/BulkDataList/ea/93/9a284c4fba228b5b9fdb44a693db1cb85f62.udd" 5461
"C:/Users/franc/AppData/Local/UnrealEngine/Common/DerivedDataCache/Buckets/BulkDataList/69/c3/f1fdb5f3dc5e946464a5dfd5296ecf4b4b30.udd" 5462
"C:/Users/franc/AppData/Local/UnrealEngine/Common/DerivedDataCache/Buckets/MaterialShaderMap/5f/1f/c78b55a3153e866f58089865e2633f059ef0.udd" 5463
"C:/Users/franc/AppData/Local/UnrealEngine/Common/DerivedDataCache/Buckets/MaterialShaderMap/d2/d0/cf3d2b4fb6d9fc0ed4f783de3d297e3e873a.udd" 5464
"C:/Users/franc/AppData/Local/UnrealEngine/Common/DerivedDataCache/Buckets/MaterialShaderMap/ec/5f/839540a8e4d6821685bd3c61024fa5f7b457.udd" 5465
"C:/Users/franc/AppData/Local/UnrealEngine/Common/DerivedDataCache/Buckets/MaterialShaderMap/4e/df/bae759902a00a42839dc14bf01f8bf372109.udd" 5466
"C:/Users/franc/AppData/Local/UnrealEngine/Common/DerivedDataCache/Buckets/MaterialShaderMap/28/9c/fa87f521f0bb06e46b78975549044b3d5ea5.udd" 5467
"C:/Users/franc/AppData/Local/UnrealEngine/Common/DerivedDataCache/Buckets/MaterialShaderMap/21/4e/52e3f41591dfd3ff66eeab75eaae3f012a99.udd" 5468
"E:/Unreal Projects/LeagueJourney/Content/Props/Ads/Material/MaterialImage.uasset" 5469
"E:/Unreal Projects/LeagueJourney/Content/MSPresets/M_MS_SurfaceBlend_Material/LayerFunctions/MF_MaterialBlend.uasset" 5470
"E:/Unreal Projects/LeagueJourney/Content/MSPresets/M_MS_SurfaceBlend_Material/LayerFunctions/MF_BlendScatter.uasset" 5471
"E:/Unreal Projects/LeagueJourney/Content/LevelPrototyping/Materials/MF_ProcGrid.uasset" 5472
"../../../Engine/Plugins/Bridge/Content/MSPresets/M_MS_SurfaceBlend_Material/LayerFunctions/MF_BlendScatter.uasset" 5473
"../../../Engine/Plugins/Bridge/Content/MSPresets/M_MS_SurfaceBlend_Material/LayerFunctions/MF_MaterialBlend.uasset" 5474
"E:/Unreal Projects/LeagueJourney/Content/MSPresets/M_MS_Foliage_Material/M_MS_Foliage_Material.uasset" 5475
"E:/Unreal Projects/LeagueJourney/Content/MSPresets/M_MS_Billboard_Material/M_MS_Billboard_Material.uasset" 5476
"../../../Engine/Content/EngineSky/SM_SkySphere.uasset" 5477
"../../../Engine/Content/EditorMeshes/ColorCalibrator/SM_ColorCalibrator.uasset" 5478
"../../../Engine/Plugins/Enterprise/DatasmithContent/Content/Materials/FBXImporter/VRED/VREDTextureRead.uasset" 5479
"E:/Unreal Projects/LeagueJourney/Content/MSPresets/M_MS_Decal_Material_VT/MF_QuixelDecalPOM.uasset" 5480
"E:/Unreal Projects/LeagueJourney/Content/MSPresets/M_MS_Decal_Material/MF_QuixelDecalPOM.uasset" 5481
"../../../Engine/Content/Functions/Engine_MaterialFunctions01/Texturing/ParallaxOcclusionMapping.uasset" 5482
"../../../Engine/Plugins/Bridge/Content/MSPresets/M_MS_Decal_Material/MF_QuixelDecalPOM.uasset" 5483
"E:/Unreal Projects/LeagueJourney/Content/Characters/szcsz/Animations/char_jog/Driving_char_jog1.uasset" 5484
"C:/Users/franc/AppData/Local/UnrealEngine/Common/DerivedDataCache/Buckets/MaterialShaderMap/4f/a4/65c9413ae28c883f61a0112026ddae8efbab.udd" 5485
"C:/Users/franc/AppData/Local/UnrealEngine/Common/DerivedDataCache/Buckets/MaterialShaderMap/dd/74/9b22eb2e89f579609bca289a66a22d8d8844.udd" 5486
"C:/Users/franc/AppData/Local/UnrealEngine/Common/DerivedDataCache/Buckets/MaterialShaderMap/fa/30/bcef691b9b0058e464197c887ec3e4c3726b.udd" 5487
"C:/Users/franc/AppData/Local/UnrealEngine/Common/DerivedDataCache/Buckets/MaterialShaderMap/56/58/117d819f94f5f2517c45f65e6ecc8d7ea1eb.udd" 5488
"C:/Users/franc/AppData/Local/UnrealEngine/Common/DerivedDataCache/Buckets/MaterialShaderMap/f1/66/87509349d37865aeb6fc68abb1129a418d5f.udd" 5489
"C:/Users/franc/AppData/Local/UnrealEngine/Common/DerivedDataCache/Buckets/MaterialShaderMap/2c/5a/2bfc298c17c4f50ba53014c27ba7bd7f67a7.udd" 5490
"C:/Users/franc/AppData/Local/UnrealEngine/Common/DerivedDataCache/Buckets/MaterialShaderMap/bd/9b/fd949866b353e8198f9a225cb8f1c3efd15f.udd" 5491
"C:/Users/franc/AppData/Local/UnrealEngine/Common/DerivedDataCache/Buckets/MaterialShaderMap/9b/73/79824fd69d3d99cb895a427328c15c1dc736.udd" 5492
"../../../Engine/Plugins/Interchange/Runtime/Content/gltf/MaterialFunctions/MF_Normals.uasset" 5493
"../../../Engine/Plugins/Interchange/Runtime/Content/gltf/MaterialFunctions/MF_Clearcoat.uasset" 5494
"E:/Unreal Projects/LeagueJourney/Content/MSPresets/M_MS_Surface_Material_VT/M_MS_Surface_Material_VT.uasset" 5495
"E:/Unreal Projects/LeagueJourney/Content/MSPresets/M_MS_Surface_Material/M_MS_Surface_Material.uasset" 5496
"E:/Unreal Projects/LeagueJourney/Content/MSPresets/M_MS_Default_Fuzz_Material_VT/M_MS_Default_Fuzz_Material_VT.uasset" 5497
"E:/Unreal Projects/LeagueJourney/Content/MSPresets/M_MS_Default_Fuzz_Material/M_MS_Default_Fuzz_Material.uasset" 5498
"E:/Unreal Projects/LeagueJourney/Content/MSPresets/M_MS_Default_Transmission_Material_VT/M_MS_Default_Transmission_Material_VT.uasset" 5499
"E:/Unreal Projects/LeagueJourney/Content/MSPresets/M_MS_Default_Transmission_Material/M_MS_Default_Transmission_Material.uasset" 5500
"../../../Engine/Content/EditorMaterials/Thumbnails/SkySphereMaterial.uasset" 5501
"C:/Users/franc/AppData/Local/UnrealEngine/Common/DerivedDataCache/Buckets/MaterialShaderMap/b2/ff/cb0107ad70b84141d5b616a9486a7924bc07.udd" 5502
"C:/Users/franc/AppData/Local/UnrealEngine/Common/DerivedDataCache/Buckets/MaterialShaderMap/60/22/9de14c39386c0b745cb96e433f68481866cd.udd" 5503
"C:/Users/franc/AppData/Local/UnrealEngine/Common/DerivedDataCache/Buckets/MaterialShaderMap/da/de/3a1716acd1f25dfad4de3d6734febd32703b.udd" 5504
"C:/Users/franc/AppData/Local/UnrealEngine/Common/DerivedDataCache/Buckets/MaterialShaderMap/d8/9f/262b7e3c80f087173bf3e142077ec8833692.udd" 5505
"C:/Users/franc/AppData/Local/UnrealEngine/Common/DerivedDataCache/Buckets/MaterialShaderMap/68/1a/e826c51b45f2ec4690d019b8109c09d44d58.udd" 5506
"C:/Users/franc/AppData/Local/UnrealEngine/Common/DerivedDataCache/Buckets/MaterialShaderMap/4b/54/ef098fa94c5be9483817da4d8b02c42e6948.udd" 5507
"../../../Engine/Content/Functions/Engine_MaterialFunctions02/Utility/DebugFloat3Values.uasset" 5508
"E:/Unreal Projects/LeagueJourney/Content/Blueprints/SpawnPoint.uasset" 5509
"E:/Unreal Projects/LeagueJourney/Content/Blueprints/BallDetector.uasset" 5510
"E:/Unreal Projects/LeagueJourney/Content/Stadiums/MCB/mcb_str2_muro.uasset" 5511
"E:/Unreal Projects/LeagueJourney/Content/Stadiums/MCB/mcb_str2_floor1.uasset" 5512
"E:/Unreal Projects/LeagueJourney/Content/Stadiums/MCB/mcb_str2_floor0.uasset" 5513
"E:/Unreal Projects/LeagueJourney/Content/Stadiums/MCB/mcb_str1_muro.uasset" 5514
"E:/Unreal Projects/LeagueJourney/Content/Stadiums/MCB/mcb_str1_garden.uasset" 5515
"E:/Unreal Projects/LeagueJourney/Content/Stadiums/MCB/mcb_str1_floor.uasset" 5516
"E:/Unreal Projects/LeagueJourney/Content/Stadiums/MCB/mcb_str0_tunnel.uasset" 5517
"E:/Unreal Projects/LeagueJourney/Content/Stadiums/MCB/mcb_str0_seat.uasset" 5518
"E:/Unreal Projects/LeagueJourney/Content/Stadiums/MCB/mcb_str0_muro.uasset" 5519
"E:/Unreal Projects/LeagueJourney/Content/Stadiums/MCB/mcb_str0_house_walls.uasset" 5520
"E:/Unreal Projects/LeagueJourney/Content/Stadiums/MCB/mcb_str0_house.uasset" 5521
"E:/Unreal Projects/LeagueJourney/Content/Stadiums/MCB/mcb_str0_floor2.uasset" 5522
"E:/Unreal Projects/LeagueJourney/Content/Stadiums/MCB/mcb_str0_floor1.uasset" 5523
"C:/Users/franc/AppData/Local/UnrealEngine/Common/DerivedDataCache/Buckets/MaterialShaderMap/f8/40/7764c86e296e897ab8cb519b502b152e85a0.udd" 5524
"C:/Users/franc/AppData/Local/UnrealEngine/Common/DerivedDataCache/Buckets/MaterialShaderMap/f2/b1/5214e8a4eab02f916682ab28d467af7c9e0c.udd" 5525
"C:/Users/franc/AppData/Local/UnrealEngine/Common/DerivedDataCache/Buckets/MaterialShaderMap/44/f4/2eb07c1a389fc1b3e264fe7aa5c6ebd8928e.udd" 5526
"C:/Users/franc/AppData/Local/UnrealEngine/Common/DerivedDataCache/Buckets/MaterialShaderMap/a7/27/81c1014cbc9aa3b598a3944c41198958bfeb.udd" 5527
"C:/Users/franc/AppData/Local/UnrealEngine/Common/DerivedDataCache/Buckets/MaterialShaderMap/b9/7b/098c9031d2e860aa9114916eb17a0fcac0a5.udd" 5528
"C:/Users/franc/AppData/Local/UnrealEngine/Common/DerivedDataCache/Buckets/MaterialShaderMap/c9/69/136aedc9d43791996239210807f17444c1a8.udd" 5529
"C:/Users/franc/AppData/Local/UnrealEngine/Common/DerivedDataCache/Buckets/MaterialShaderMap/ce/af/58aa021acedd6ad37928f33e7593c0048847.udd" 5530
"C:/Users/franc/AppData/Local/UnrealEngine/Common/DerivedDataCache/Buckets/MaterialShaderMap/38/a1/afb92e7bb4fa01ad66015f1e4096d6678a67.udd" 5531
"C:/Users/franc/AppData/Local/UnrealEngine/Common/DerivedDataCache/Buckets/MaterialShaderMap/0b/40/d218c5cdef73114baa066c7fcbad3dfefca0.udd" 5532
"C:/Users/franc/AppData/Local/UnrealEngine/Common/DerivedDataCache/Buckets/MaterialShaderMap/6a/cf/f9c39514579d267396a91ca13678c6192791.udd" 5533
"C:/Users/franc/AppData/Local/UnrealEngine/Common/DerivedDataCache/Buckets/MaterialShaderMap/bd/ab/9d4a302daa9eec54ec49500fd5dd49534303.udd" 5534
"C:/Users/franc/AppData/Local/UnrealEngine/Common/DerivedDataCache/Buckets/MaterialShaderMap/8a/27/5b972434bae7616b569b0bb87b712258f0d8.udd" 5535
"C:/Users/franc/AppData/Local/UnrealEngine/Common/DerivedDataCache/Buckets/MaterialShaderMap/58/24/0c19372e4479d97ce127fbdaf43eb92a63a7.udd" 5536
"C:/Users/franc/AppData/Local/UnrealEngine/Common/DerivedDataCache/Buckets/MaterialShaderMap/0c/36/00d09efe2e11fde02bbbe2d4273c230e02dd.udd" 5537
"E:/Unreal Projects/LeagueJourney/Content/Stadiums/MCB/mcb_str0_floor0.uasset" 5538
"E:/Unreal Projects/LeagueJourney/Content/Stadiums/MCB/mcb_str0_ceil.uasset" 5539
"E:/Unreal Projects/LeagueJourney/Content/Stadiums/MCB/mcb_pitch_pitch_001.uasset" 5540
"E:/Unreal Projects/LeagueJourney/Content/Stadiums/MCB/mcb_pitch_pitch.uasset" 5541
"E:/Unreal Projects/LeagueJourney/Content/Props/Objetos/Bola/BP_Football.uasset" 5542
"E:/Unreal Projects/LeagueJourney/Content/Props/Ads/BP_MultiplierActor.uasset" 5543
"E:/Unreal Projects/LeagueJourney/Content/Props/otherstuff_Plane.uasset" 5544
"E:/Unreal Projects/LeagueJourney/Content/Props/otherstuff_Cube_004.uasset" 5545
"E:/Unreal Projects/LeagueJourney/Content/Stadiums/MCB/Materials/M_MCB_OldWall.uasset" 5546
"E:/Unreal Projects/LeagueJourney/Content/Props/Stadiums/MCB/Materials/M_MCB_NewWall_2.uasset" 5547
"E:/Unreal Projects/LeagueJourney/Content/Stadiums/MCB/Materials/M_MCB_NewWall.uasset" 5548
"E:/Unreal Projects/LeagueJourney/Content/Props/Stadiums/MCB/Materials/M_MCB_House_Wall_2.uasset" 5549
"E:/Unreal Projects/LeagueJourney/Content/Stadiums/MCB/Materials/M_MCB_Ceiling.uasset" 5550
"E:/Unreal Projects/LeagueJourney/Content/Props/Environment/BP_SpotlightOld.uasset" 5551
"E:/Unreal Projects/LeagueJourney/Content/UserInteface/Menu/Window/UMStadiumSelectionScreen.uasset" 5552
"E:/Unreal Projects/LeagueJourney/Content/UserInteface/Menu/PlayScreen/MatchSettings/UMGMatchSettingsScreen.uasset" 5553
"E:/Unreal Projects/LeagueJourney/Content/StarterContent/Blueprints/Blueprint_Effect_Steam.uasset" 5554
"E:/Unreal Projects/LeagueJourney/Content/StarterContent/Blueprints/Blueprint_Effect_Smoke.uasset" 5555
"E:/Unreal Projects/LeagueJourney/Content/Stadiums/MCB/NewNiagaraSystem.uasset" 5556
"E:/Unreal Projects/LeagueJourney/Content/StarterContent/Blueprints/Blueprint_WallSconce.uasset" 5557
"E:/Unreal Projects/LeagueJourney/Content/StarterContent/Blueprints/Blueprint_CeilingLight.uasset" 5558
"E:/Unreal Projects/LeagueJourney/Content/Stadiums/MCB/Materials/M_MCB_OutterGrass.uasset" 5559
"E:/Unreal Projects/LeagueJourney/Content/Stadiums/MCB/Materials/M_MCB_Grass.uasset" 5560
"E:/Unreal Projects/LeagueJourney/Content/Stadiums/MCB/Materials/M_MCB_Garden_Grass.uasset" 5561
"E:/Unreal Projects/LeagueJourney/Content/Props/Stadiums/MCB/BP_FirePost.uasset" 5562
"E:/Unreal Projects/LeagueJourney/Content/Blueprints/NewNiagaraSystem.uasset" 5563
"E:/Unreal Projects/LeagueJourney/Content/Characters/Player/Save_Montage.uasset" 5564
"E:/Unreal Projects/LeagueJourney/Content/Characters/Player/Animations/Defensive/test.uasset" 5565
"E:/Unreal Projects/LeagueJourney/Content/Characters/Player/Animations/Defensive/soccertackle_2__UE_Montage.uasset" 5566
"E:/Unreal Projects/LeagueJourney/Content/Characters/Player/AI/Tasks/BTT_PassBall.uasset" 5567
"../../../Engine/Plugins/Interchange/Runtime/Content/gltf/M_Unlit.uasset" 5568
"E:/Unreal Projects/LeagueJourney/Content/Props/Stadiums/MCB/Materials/M_MCB_OutterGrass_2.uasset" 5569
"E:/Unreal Projects/LeagueJourney/Content/StarterContent/Blueprints/Blueprint_Effect_Explosion.uasset" 5570
"E:/Unreal Projects/LeagueJourney/Content/StarterContent/Blueprints/Blueprint_Effect_Sparks.uasset" 5571
"E:/Unreal Projects/LeagueJourney/Content/StarterContent/Blueprints/Blueprint_Effect_Fire.uasset" 5572
"../../../Engine/Plugins/Interchange/Runtime/Content/Materials/ThinTranslucentMaterial.uasset" 5573
"../../../Engine/Plugins/Interchange/Runtime/Content/Materials/SubsurfaceMaterial.uasset" 5574
"../../../Engine/Plugins/Interchange/Runtime/Content/Materials/SheenMaterial.uasset" 5575
"../../../Engine/Plugins/Interchange/Runtime/Content/Materials/PBRSurfaceMaterial.uasset" 5576
"../../../Engine/Plugins/Interchange/Runtime/Content/Materials/ClearCoatMaterial.uasset" 5577
"E:/Unreal Projects/LeagueJourney/Content/MSPresets/M_MS_Glass_Material/M_MS_Glass_Material.uasset" 5578
"../../Plugins/FX/Niagara/Content/DynamicInputs/TypeConversions/VectorFromFloat.uasset" 5579
"../../Plugins/FX/Niagara/Content/DynamicInputs/UniformRange/V2/RandomRangeVector.uasset" 5580
"../../Plugins/FX/Niagara/Content/Modules/Emitter/SpawnPerUnit.uasset" 5581
"../../Plugins/FX/Niagara/Content/Modules/Spawn/Orientation/V3/InitialMeshOrientation.uasset" 5582
"../../Plugins/FX/Niagara/Content/Functions/Rotation/RandomQuaternion.uasset" 5583
"../../Plugins/FX/Niagara/Content/Enums/ENiagaraMeshTransforms.uasset" 5584
"../../Plugins/FX/Niagara/Content/Enums/Transforms/ENiagara_MeshOrientationOptions.uasset" 5585
"../../Plugins/FX/Niagara/Content/Modules/Update/Orientation/V3/UpdateMeshOrientation.uasset" 5586
"../../Plugins/FX/Niagara/Content/Functions/DeriveThirdOrthogonalVector.uasset" 5587
"../../Plugins/FX/Niagara/Content/Functions/Helpers/FN_FirstFrame_Numeric.uasset" 5588
"../../Plugins/FX/Niagara/Content/Functions/MakeVectorsOrthogonal.uasset" 5589
"../../Plugins/FX/Niagara/Content/Functions/Math/InterpolateOverTime_V3_.uasset" 5590
"../../Plugins/FX/Niagara/Content/Functions/Math/V2/SmoothLerpOverTime.uasset" 5591
"../../Plugins/FX/Niagara/Content/Functions/Rotation/LerpQuaternion.uasset" 5592
"../../Plugins/FX/Niagara/Content/Functions/Rotation/MakeQuaternionFromXAndYVectors.uasset" 5593
"../../Plugins/FX/Niagara/Content/Functions/Rotation/MakeQuaternionFromXAndZVectors.uasset" 5594
"../../Plugins/FX/Niagara/Content/Functions/Rotation/RotateAngleOnAxis.uasset" 5595
"../../Plugins/FX/Niagara/Content/Functions/Rotation/TwoVectorsToQuaternion.uasset" 5596
"../../Plugins/FX/Niagara/Content/Enums/Utility/ENiagara_OrientVectorCount.uasset" 5597
"../../Plugins/FX/Niagara/Content/Enums/Utility/ENiagara_UpdateMeshOrientationMode.uasset" 5598
"../../Plugins/FX/Niagara/Content/Modules/Update/Size/ScaleMeshSize.uasset" 5599
"C:/Users/franc/AppData/Local/UnrealEngine/Common/DerivedDataCache/Buckets/BulkDataList/88/a7/42c66d42a176eab1c7e4db64efa6be6f321e.udd" 5600
"C:/Users/franc/AppData/Local/UnrealEngine/Common/DerivedDataCache/Buckets/LegacyNiagaraScriptDerivedData/ba/c1/050f492d9a4b4ea5663a172fa5e7662f1035.udd" 5601
"C:/Users/franc/AppData/Local/UnrealEngine/Common/DerivedDataCache/Buckets/LegacyNiagaraScriptDerivedData/6c/5c/420d2e54828365ffa145fcebba4ea7253fa5.udd" 5602
"C:/Users/franc/AppData/Local/UnrealEngine/Common/DerivedDataCache/Buckets/LegacyNiagaraScriptDerivedData/51/5e/33821713f0fae3ead5c121c7e6330412ed27.udd" 5603
"C:/Users/franc/AppData/Local/UnrealEngine/Common/DerivedDataCache/Buckets/LegacyNiagaraScriptDerivedData/99/60/f40a56c4959503ccca0b204d84be19242052.udd" 5604
"../../../Engine/Plugins/Bridge/Content/MSPresets/M_MS_Glass_Material/M_MS_Glass_Material.uasset" 5605
"../../../Engine/Plugins/Interchange/Runtime/Content/Functions/MX_TransmissionSurface.uasset" 5606
"E:/Unreal Projects/LeagueJourney/Content/Props/Ads/Instances/wankssport.uasset" 5607
"E:/Unreal Projects/LeagueJourney/Content/Props/Ads/Instances/sikesports.uasset" 5608
"E:/Unreal Projects/LeagueJourney/Content/Props/Ads/Instances/mcdonovans.uasset" 5609
"C:/Users/franc/AppData/Local/UnrealEngine/Common/DerivedDataCache/Buckets/MaterialShaderMap/8b/8f/450684a928bb391a3e469af113c985b5c31a.udd" 5610
"C:/Users/franc/AppData/Local/UnrealEngine/Common/DerivedDataCache/Buckets/MaterialShaderMap/ca/2b/5235f0da7b5f8b1e77eb152fc365143da33e.udd" 5611
"C:/Users/franc/AppData/Local/UnrealEngine/Common/DerivedDataCache/Buckets/MaterialShaderMap/7c/8f/ad2d6f2603c84f1f48988af417c19538f077.udd" 5612
"C:/Users/franc/AppData/Local/UnrealEngine/Common/DerivedDataCache/Buckets/MaterialShaderMap/8a/fe/6ba33576365d557d666791bed36873c512ad.udd" 5613
"C:/Users/franc/AppData/Local/UnrealEngine/Common/DerivedDataCache/Buckets/MaterialShaderMap/18/6d/fee5ba0dee0a90a1cd5724d15970f9dfbc33.udd" 5614
"C:/Users/franc/AppData/Local/UnrealEngine/Common/DerivedDataCache/Buckets/MaterialShaderMap/0b/15/e8ba50e9e337f561fd8f50c6c0240e6a8c21.udd" 5615
"C:/Users/franc/AppData/Local/UnrealEngine/Common/DerivedDataCache/Buckets/MaterialShaderMap/77/fd/09ac51842389a47ddd7a86b414378cdec3f0.udd" 5616
"C:/Users/franc/AppData/Local/UnrealEngine/Common/DerivedDataCache/Buckets/MaterialShaderMap/e1/3c/d44cd31cdf695668878382d3ad64ac99b478.udd" 5617
"C:/Users/franc/AppData/Local/UnrealEngine/Common/DerivedDataCache/Buckets/MaterialShaderMap/bd/c8/f1c883aef2f1d818a42d8b3e8f6452f5378a.udd" 5618
"C:/Users/franc/AppData/Local/UnrealEngine/Common/DerivedDataCache/Buckets/MaterialShaderMap/ba/dc/eb88598eab2046725948f64dfc49559cbbcd.udd" 5619
"C:/Users/franc/AppData/Local/UnrealEngine/Common/DerivedDataCache/Buckets/MaterialShaderMap/85/4d/63fa366c85eb3ed0dd2c8ea7007c19b1fd05.udd" 5620
"C:/Users/franc/AppData/Local/UnrealEngine/Common/DerivedDataCache/Buckets/MaterialShaderMap/c5/47/abe51651a51ce867c2e2273577ff737dd4c2.udd" 5621
"C:/Users/franc/AppData/Local/UnrealEngine/Common/DerivedDataCache/Buckets/MaterialShaderMap/94/da/67d45e9e19fbd2470a35e990a31ccb130756.udd" 5622
"C:/Users/franc/AppData/Local/UnrealEngine/Common/DerivedDataCache/Buckets/MaterialShaderMap/c4/e2/de70050ff3b835b8c0ba6e4697f40e98cadf.udd" 5623
"C:/Users/franc/AppData/Local/UnrealEngine/Common/DerivedDataCache/Buckets/MaterialShaderMap/ec/04/5709133e2b4f72a6c409fba4f842b7dbbf1d.udd" 5624
"C:/Users/franc/AppData/Local/UnrealEngine/Common/DerivedDataCache/Buckets/MaterialShaderMap/65/b2/bf5502eb1212bfa0545e055bf2cbd50093cb.udd" 5625
"E:/Unreal Projects/LeagueJourney/Content/Props/MaterialImage.uasset" 5626
"E:/Unreal Projects/LeagueJourney/Content/LevelPrototyping/Materials/M_PrototypeGrid.uasset" 5627
"E:/Unreal Projects/LeagueJourney/Content/MSPresets/M_MS_SurfaceBlend_Material/M_MS_SurfaceBlend_Material.uasset" 5628
"E:/Unreal Projects/LeagueJourney/Content/Megascans/3D_Plants/Ribbon_Grass_tbdpec3r/MI_Ribbon_Grass_tbdpec3r_1K.uasset" 5629
"E:/Unreal Projects/LeagueJourney/Content/Megascans/3D_Plants/Grass_Clumps_qmBr2/MI_Grass_Clumps_qmBr2_Billboard_1K.uasset" 5630
"E:/Unreal Projects/LeagueJourney/Content/Megascans/3D_Plants/Grass_Clumps_qmBr2/MI_Grass_Clumps_qmBr2_1K.uasset" 5631
"E:/Unreal Projects/LeagueJourney/Content/Megascans/3D_Plants/Field_Poppy_vmcobd0ja/MI_Field_Poppy_vmcobd0ja_2K.uasset" 5632
"E:/Unreal Projects/LeagueJourney/Content/Megascans/3D_Plants/European_Spindle_wk1ncbxja/MI_European_Spindle_wk1ncbxja_1K.uasset" 5633
"E:/Unreal Projects/LeagueJourney/Content/Megascans/3D_Plants/Boxwood_wfypfa3ha/MI_Boxwood_wfypfa3ha_1K.uasset" 5634
"E:/Unreal Projects/LeagueJourney/Content/Megascans/3D_Plants/Ribbon_Grass_tbdpec3r/MI_Ribbon_Grass_tbdpec3r_Billboard_1K.uasset" 5635
"E:/Unreal Projects/LeagueJourney/Content/Megascans/3D_Plants/Field_Poppy_vmcobd0ja/MI_Field_Poppy_vmcobd0ja_Billboard_2K.uasset" 5636
"C:/Users/franc/AppData/Local/UnrealEngine/Common/DerivedDataCache/Buckets/MaterialShaderMap/33/93/147c8b5482666195c9e5fa11670e1b188115.udd" 5637
"C:/Users/franc/AppData/Local/UnrealEngine/Common/DerivedDataCache/Buckets/MaterialShaderMap/b4/71/4f3da05143c0504e34ae77d379fb699799fd.udd" 5638
"C:/Users/franc/AppData/Local/UnrealEngine/Common/DerivedDataCache/Buckets/MaterialShaderMap/e4/cc/1c659e528f2cd961c096f204160cfaa0bed4.udd" 5639
"C:/Users/franc/AppData/Local/UnrealEngine/Common/DerivedDataCache/Buckets/MaterialShaderMap/1d/b9/0d9e802c64efbb53f685cc34379b971c7273.udd" 5640
"E:/Unreal Projects/LeagueJourney/Content/Megascans/3D_Plants/European_Spindle_wk1ncbxja/MI_European_Spindle_wk1ncbxja_Billboard_1K.uasset" 5641
"E:/Unreal Projects/LeagueJourney/Content/Megascans/3D_Plants/Boxwood_wfypfa3ha/MI_Boxwood_wfypfa3ha_Billboard_1K.uasset" 5642
"E:/Unreal Projects/LeagueJourney/Content/StarterContent/Maps/Minimal_Default.umap" 5643
"E:/Unreal Projects/LeagueJourney/Content/MSPresets/M_MS_ImperfectionDecal_Material_VT/M_MS_ImperfectionDecal_Material_VT.uasset" 5644
"E:/Unreal Projects/LeagueJourney/Content/MSPresets/M_MS_ImperfectionDecal_Material/M_MS_ImperfectionDecal_Material.uasset" 5645
"E:/Unreal Projects/LeagueJourney/Content/MSPresets/M_MS_Decal_Material_VT/M_MS_Decal_Material_VT.uasset" 5646
"E:/Unreal Projects/LeagueJourney/Content/MSPresets/M_MS_Decal_Material/M_MS_Decal_Material.uasset" 5647
"../../../Engine/Plugins/Interchange/Runtime/Content/gltf/M_Transmission.uasset" 5648
"../../../Engine/Plugins/Interchange/Runtime/Content/gltf/M_Sheen.uasset" 5649
"../../../Engine/Plugins/Interchange/Runtime/Content/gltf/M_Translucent.uasset" 5650
"../../../Engine/Plugins/Interchange/Runtime/Content/gltf/M_Opaque.uasset" 5651
"E:/Unreal Projects/LeagueJourney/Content/Megascans/Surfaces/Artificial_Turf_pgbf21s0/lines.uasset" 5652
"E:/Unreal Projects/LeagueJourney/Content/Megascans/Surfaces/Artificial_Turf_pgbf21s0/grass1.uasset" 5653
"E:/Unreal Projects/LeagueJourney/Content/Megascans/Surfaces/Artificial_Turf_pgbf21s0/grass0.uasset" 5654
"C:/Users/franc/AppData/Local/UnrealEngine/Common/DerivedDataCache/Buckets/MaterialShaderMap/76/5f/9387ec22b6c62eb861104da8c7ff16fcfca7.udd" 5655
"C:/Users/franc/AppData/Local/UnrealEngine/Common/DerivedDataCache/Buckets/MaterialShaderMap/4d/dc/03ceab896c66e20fe4c2bc7dbba304087201.udd" 5656
"C:/Users/franc/AppData/Local/UnrealEngine/Common/DerivedDataCache/Buckets/MaterialShaderMap/87/03/7eaf16f962af10f3ea7ca176585e6c873548.udd" 5657
"C:/Users/franc/AppData/Local/UnrealEngine/Common/DerivedDataCache/Buckets/MaterialShaderMap/7f/00/241354f3d516c8504625e55a147401704c5c.udd" 5658
"C:/Users/franc/AppData/Local/UnrealEngine/Common/DerivedDataCache/Buckets/MaterialShaderMap/ed/3c/090dc597bc8a29b06a729e2bb0703f18b9aa.udd" 5659
"C:/Users/franc/AppData/Local/UnrealEngine/Common/DerivedDataCache/Buckets/MaterialShaderMap/8c/ce/d171bbc95e5e4b679211d81993909c2557d7.udd" 5660
"C:/Users/franc/AppData/Local/UnrealEngine/Common/DerivedDataCache/Buckets/MaterialShaderMap/95/83/2842777dc2df18c54f7c5b24af9e7e0deb64.udd" 5661
"C:/Users/franc/AppData/Local/UnrealEngine/Common/DerivedDataCache/Buckets/MaterialShaderMap/43/1a/ebcdf515bc0c7d0f6687938f2fa068a40852.udd" 5662
"C:/Users/franc/AppData/Local/UnrealEngine/Common/DerivedDataCache/Buckets/MaterialShaderMap/3a/e8/8638c80a6995bd9eaae19e697508ca077a17.udd" 5663
"C:/Users/franc/AppData/Local/UnrealEngine/Common/DerivedDataCache/Buckets/MaterialShaderMap/11/6d/09ab350fb8371515833644b575bf6e340b1c.udd" 5664
"C:/Users/franc/AppData/Local/UnrealEngine/Common/DerivedDataCache/Buckets/MaterialShaderMap/e2/e5/32bc9a39d18fc5082dde13d223e86a1f8220.udd" 5665
"C:/Users/franc/AppData/Local/UnrealEngine/Common/DerivedDataCache/Buckets/MaterialShaderMap/e1/4a/2ea58e5e973367f81808bf9ef80070f8e83f.udd" 5666
"C:/Users/franc/AppData/Local/UnrealEngine/Common/DerivedDataCache/Buckets/MaterialShaderMap/9d/15/a157749bff4052824559326e9ee92733cc00.udd" 5667
"C:/Users/franc/AppData/Local/UnrealEngine/Common/DerivedDataCache/Buckets/MaterialShaderMap/91/da/b2dfe2c8cafcbd5c106110893775c9f98f04.udd" 5668
"C:/Users/franc/AppData/Local/UnrealEngine/Common/DerivedDataCache/Buckets/MaterialShaderMap/25/ee/e671ab4093487380e7a87b95d1cbdd3e63fc.udd" 5669
"C:/Users/franc/AppData/Local/UnrealEngine/Common/DerivedDataCache/Buckets/MaterialShaderMap/e9/18/83f3aacf3e72bbb1fd674a116d0dd918cb29.udd" 5670
"E:/Unreal Projects/LeagueJourney/Content/Megascans/Surfaces/Animal_Skin_qbCnW0/MI_Animal_Skin_qbCnW0_2K.uasset" 5671
"E:/Unreal Projects/LeagueJourney/Content/StarterContent/Blueprints/Assets/Skybox.uasset" 5672
"../../../Engine/Content/Functions/Engine_MaterialFunctions02/Math/RGBtoHSV.uasset" 5673
"E:/Unreal Projects/LeagueJourney/Content/Camera/BP_Camera.uasset" 5674
"E:/Unreal Projects/LeagueJourney/Content/Stadiums/MCB/Materials/NewMaterialInstanceConstant.uasset" 5675
"E:/Unreal Projects/LeagueJourney/Content/Characters/Player/AI/Tasks/BTT_ShootBall.uasset" 5676
"../../../Engine/Plugins/Interchange/Runtime/Content/gltf/MaterialInstances_MR/MI_Opaque_Unlit_TS.uasset" 5677
"../../../Engine/Plugins/Interchange/Runtime/Content/gltf/MaterialInstances_MR/MI_Opaque_Unlit.uasset" 5678
"E:/Unreal Projects/LeagueJourney/Content/StarterContent/Maps/StarterMap.umap" 5679
"E:/Unreal Projects/LeagueJourney/Content/MSPresets/M_MS_Glass_Material/MI_MS_Glass_Material_Inst.uasset" 5680
"E:/Unreal Projects/LeagueJourney/Content/LevelPrototyping/Materials/MI_PrototypeGrid_TopDark.uasset" 5681
"E:/Unreal Projects/LeagueJourney/Content/LevelPrototyping/Materials/MI_PrototypeGrid_Gray_02.uasset" 5682
"E:/Unreal Projects/LeagueJourney/Content/LevelPrototyping/Materials/MI_PrototypeGrid_Gray.uasset" 5683
"C:/Users/franc/AppData/Local/UnrealEngine/Common/DerivedDataCache/Buckets/MaterialShaderMap/7a/67/02195b673fda7a00cfbcfd22262c3338513f.udd" 5684
"C:/Users/franc/AppData/Local/UnrealEngine/Common/DerivedDataCache/Buckets/MaterialShaderMap/4a/31/0527a9d7ba15e604cea501d6bcf64138dab1.udd" 5685
"C:/Users/franc/AppData/Local/UnrealEngine/Common/DerivedDataCache/Buckets/MaterialShaderMap/78/75/bda50497a8e7f76cf5c6c7d9c5858cc9b590.udd" 5686
"C:/Users/franc/AppData/Local/UnrealEngine/Common/DerivedDataCache/Buckets/MaterialShaderMap/58/78/c93ede0e19109f779bd68877b9770275fb8a.udd" 5687
"C:/Users/franc/AppData/Local/UnrealEngine/Common/DerivedDataCache/Buckets/MaterialShaderMap/25/62/94bf5fd9ce5e7453ba1037686a9be5c7d05b.udd" 5688
"C:/Users/franc/AppData/Local/UnrealEngine/Common/DerivedDataCache/Buckets/MaterialShaderMap/72/a6/033d6b331ced9bbe142c031c79258ada5f8f.udd" 5689
"C:/Users/franc/AppData/Local/UnrealEngine/Common/DerivedDataCache/Buckets/MaterialShaderMap/37/68/5a2dbe8826a9b972b6c41311159e8aeee535.udd" 5690
"C:/Users/franc/AppData/Local/UnrealEngine/Common/DerivedDataCache/Buckets/MaterialShaderMap/1f/d5/9755c68b7d1e4c8c3407a239d5d3fa3f8c1e.udd" 5691
"C:/Users/franc/AppData/Local/UnrealEngine/Common/DerivedDataCache/Buckets/LegacyAnimSeq/32/be/843a122a47a83fdef275ae9dc8c87b7c278a.udd" 5692
"C:/Users/franc/AppData/Local/UnrealEngine/Common/DerivedDataCache/Buckets/MaterialShaderMap/a9/e7/ffebb8956cadd02b9e2ea1b22f656c0e0882.udd" 5693
"C:/Users/franc/AppData/Local/UnrealEngine/Common/DerivedDataCache/Buckets/MaterialShaderMap/3c/e6/87bfb2f2026942bd578309f103b45790a2e5.udd" 5694
"E:/Unreal Projects/LeagueJourney/Content/Megascans/3D_Plants/Grass_Clumps_qmBr2/S_Grass_Clumps_qmBr2_Var3_lod3.uasset" 5695
"E:/Unreal Projects/LeagueJourney/Content/Megascans/3D_Plants/Grass_Clumps_qmBr2/S_Grass_Clumps_qmBr2_Var2_lod3.uasset" 5696
"E:/Unreal Projects/LeagueJourney/Content/Megascans/3D_Plants/Grass_Clumps_qmBr2/S_Grass_Clumps_qmBr2_Var1_lod3.uasset" 5697
"E:/Unreal Projects/LeagueJourney/Content/Megascans/3D_Plants/Ribbon_Grass_tbdpec3r/S_Ribbon_Grass_tbdpec3r_Var6_lod3.uasset" 5698
"E:/Unreal Projects/LeagueJourney/Content/Megascans/3D_Plants/Ribbon_Grass_tbdpec3r/S_Ribbon_Grass_tbdpec3r_Var5_lod3.uasset" 5699
"E:/Unreal Projects/LeagueJourney/Content/Megascans/3D_Plants/Ribbon_Grass_tbdpec3r/S_Ribbon_Grass_tbdpec3r_Var4_lod3.uasset" 5700
"E:/Unreal Projects/LeagueJourney/Content/Megascans/3D_Plants/Ribbon_Grass_tbdpec3r/S_Ribbon_Grass_tbdpec3r_Var3_lod3.uasset" 5701
"E:/Unreal Projects/LeagueJourney/Content/Megascans/3D_Plants/Ribbon_Grass_tbdpec3r/S_Ribbon_Grass_tbdpec3r_Var2_lod3.uasset" 5702
"E:/Unreal Projects/LeagueJourney/Content/Megascans/3D_Plants/Ribbon_Grass_tbdpec3r/S_Ribbon_Grass_tbdpec3r_Var1_lod3.uasset" 5703
"E:/Unreal Projects/LeagueJourney/Content/Megascans/3D_Plants/Field_Poppy_vmcobd0ja/S_Field_Poppy_vmcobd0ja_Var9_lod1.uasset" 5704
"E:/Unreal Projects/LeagueJourney/Content/Megascans/3D_Plants/Field_Poppy_vmcobd0ja/S_Field_Poppy_vmcobd0ja_Var8_lod1.uasset" 5705
"C:/Users/franc/AppData/Local/UnrealEngine/Common/DerivedDataCache/Buckets/LegacyAnimSeq/9a/52/6090de77476e7c5de9771565daf142276dea.udd" 5706
"E:/Unreal Projects/LeagueJourney/Content/Megascans/3D_Plants/Field_Poppy_vmcobd0ja/S_Field_Poppy_vmcobd0ja_Var7_lod1.uasset" 5707
"E:/Unreal Projects/LeagueJourney/Content/Megascans/3D_Plants/Field_Poppy_vmcobd0ja/S_Field_Poppy_vmcobd0ja_Var6_lod1.uasset" 5708
"E:/Unreal Projects/LeagueJourney/Content/Megascans/3D_Plants/Field_Poppy_vmcobd0ja/S_Field_Poppy_vmcobd0ja_Var5_lod1.uasset" 5709
"E:/Unreal Projects/LeagueJourney/Content/Megascans/3D_Plants/Field_Poppy_vmcobd0ja/S_Field_Poppy_vmcobd0ja_Var4_lod1.uasset" 5710
"E:/Unreal Projects/LeagueJourney/Content/Megascans/3D_Plants/Field_Poppy_vmcobd0ja/S_Field_Poppy_vmcobd0ja_Var3_lod1.uasset" 5711
"C:/Users/franc/AppData/Local/UnrealEngine/Common/DerivedDataCache/Buckets/MaterialShaderMap/65/ec/bad91dab49f4d7f14ee2cc920dc9e0d8e560.udd" 5712
"C:/Users/franc/AppData/Local/UnrealEngine/Common/DerivedDataCache/Buckets/MaterialShaderMap/86/92/22ddedf954bf2bef5b5f105494db6fee22ec.udd" 5713
"C:/Users/franc/AppData/Local/UnrealEngine/Common/DerivedDataCache/Buckets/MaterialShaderMap/92/6b/3b7b41076ac04f6635142bab87b7099870d5.udd" 5714
"C:/Users/franc/AppData/Local/UnrealEngine/Common/DerivedDataCache/Buckets/MaterialShaderMap/07/ae/e86ea6a72f01abb09c16f06c412dc3264aef.udd" 5715
"C:/Users/franc/AppData/Local/UnrealEngine/Common/DerivedDataCache/Buckets/MaterialShaderMap/86/3a/4a33d5b27d8cddf86aa6704103f03d8260f1.udd" 5716
"C:/Users/franc/AppData/Local/UnrealEngine/Common/DerivedDataCache/Buckets/MaterialShaderMap/7b/19/49fe66d686dd3e307f4ddad7b03c8ea16fb0.udd" 5717
"C:/Users/franc/AppData/Local/UnrealEngine/Common/DerivedDataCache/Buckets/MaterialShaderMap/75/b6/04039934ca3fdc743960477515c5b8b95d88.udd" 5718
"C:/Users/franc/AppData/Local/UnrealEngine/Common/DerivedDataCache/Buckets/MaterialShaderMap/cf/cc/0ad87b64bc104fa956f107ecbb30d4c4e9e4.udd" 5719
"E:/Unreal Projects/LeagueJourney/Content/Megascans/3D_Plants/Field_Poppy_vmcobd0ja/S_Field_Poppy_vmcobd0ja_Var2_lod1.uasset" 5720
"E:/Unreal Projects/LeagueJourney/Content/Megascans/3D_Plants/Field_Poppy_vmcobd0ja/S_Field_Poppy_vmcobd0ja_Var1_lod1.uasset" 5721
"E:/Unreal Projects/LeagueJourney/Content/Megascans/3D_Plants/Field_Poppy_vmcobd0ja/S_Field_Poppy_vmcobd0ja_Var14_lod1.uasset" 5722
"E:/Unreal Projects/LeagueJourney/Content/Megascans/3D_Plants/Field_Poppy_vmcobd0ja/S_Field_Poppy_vmcobd0ja_Var13_lod1.uasset" 5723
"E:/Unreal Projects/LeagueJourney/Content/Megascans/3D_Plants/Field_Poppy_vmcobd0ja/S_Field_Poppy_vmcobd0ja_Var12_lod1.uasset" 5724
"E:/Unreal Projects/LeagueJourney/Content/Megascans/3D_Plants/Field_Poppy_vmcobd0ja/S_Field_Poppy_vmcobd0ja_Var11_lod1.uasset" 5725
"E:/Unreal Projects/LeagueJourney/Content/Megascans/3D_Plants/Field_Poppy_vmcobd0ja/S_Field_Poppy_vmcobd0ja_Var10_lod1.uasset" 5726
"E:/Unreal Projects/LeagueJourney/Content/Megascans/3D_Plants/European_Spindle_wk1ncbxja/S_European_Spindle_wk1ncbxja_Var9_lod3.uasset" 5727
"E:/Unreal Projects/LeagueJourney/Content/Megascans/3D_Plants/European_Spindle_wk1ncbxja/S_European_Spindle_wk1ncbxja_Var8_lod3.uasset" 5728
"E:/Unreal Projects/LeagueJourney/Content/Megascans/3D_Plants/European_Spindle_wk1ncbxja/S_European_Spindle_wk1ncbxja_Var7_lod3.uasset" 5729
"E:/Unreal Projects/LeagueJourney/Content/Megascans/3D_Plants/European_Spindle_wk1ncbxja/S_European_Spindle_wk1ncbxja_Var6_lod3.uasset" 5730
"E:/Unreal Projects/LeagueJourney/Content/Megascans/3D_Plants/European_Spindle_wk1ncbxja/S_European_Spindle_wk1ncbxja_Var5_lod3.uasset" 5731
"E:/Unreal Projects/LeagueJourney/Content/Megascans/3D_Plants/European_Spindle_wk1ncbxja/S_European_Spindle_wk1ncbxja_Var4_lod3.uasset" 5732
"E:/Unreal Projects/LeagueJourney/Content/Megascans/3D_Plants/European_Spindle_wk1ncbxja/S_European_Spindle_wk1ncbxja_Var3_lod3.uasset" 5733
"E:/Unreal Projects/LeagueJourney/Content/Megascans/3D_Plants/European_Spindle_wk1ncbxja/S_European_Spindle_wk1ncbxja_Var2_lod3.uasset" 5734
"E:/Unreal Projects/LeagueJourney/Content/Megascans/3D_Plants/European_Spindle_wk1ncbxja/S_European_Spindle_wk1ncbxja_Var1_lod3.uasset" 5735
"E:/Unreal Projects/LeagueJourney/Content/Megascans/3D_Plants/European_Spindle_wk1ncbxja/S_European_Spindle_wk1ncbxja_Var17_lod3.uasset" 5736
"E:/Unreal Projects/LeagueJourney/Content/Megascans/3D_Plants/European_Spindle_wk1ncbxja/S_European_Spindle_wk1ncbxja_Var16_lod3.uasset" 5737
"E:/Unreal Projects/LeagueJourney/Content/Megascans/3D_Plants/European_Spindle_wk1ncbxja/S_European_Spindle_wk1ncbxja_Var15_lod3.uasset" 5738
"E:/Unreal Projects/LeagueJourney/Content/Megascans/3D_Plants/European_Spindle_wk1ncbxja/S_European_Spindle_wk1ncbxja_Var14_lod3.uasset" 5739
"E:/Unreal Projects/LeagueJourney/Content/Megascans/3D_Plants/European_Spindle_wk1ncbxja/S_European_Spindle_wk1ncbxja_Var13_lod3.uasset" 5740
"E:/Unreal Projects/LeagueJourney/Content/Megascans/3D_Plants/European_Spindle_wk1ncbxja/S_European_Spindle_wk1ncbxja_Var12_lod3.uasset" 5741
"E:/Unreal Projects/LeagueJourney/Content/Megascans/3D_Plants/European_Spindle_wk1ncbxja/S_European_Spindle_wk1ncbxja_Var11_lod3.uasset" 5742
"E:/Unreal Projects/LeagueJourney/Content/Megascans/3D_Plants/European_Spindle_wk1ncbxja/S_European_Spindle_wk1ncbxja_Var10_lod3.uasset" 5743
"E:/Unreal Projects/LeagueJourney/Content/Megascans/3D_Plants/Boxwood_wfypfa3ha/S_Boxwood_wfypfa3ha_Var9_lod3.uasset" 5744
"E:/Unreal Projects/LeagueJourney/Content/Megascans/3D_Plants/Boxwood_wfypfa3ha/S_Boxwood_wfypfa3ha_Var8_lod3.uasset" 5745
"E:/Unreal Projects/LeagueJourney/Content/Megascans/3D_Plants/Boxwood_wfypfa3ha/S_Boxwood_wfypfa3ha_Var7_lod3.uasset" 5746
"E:/Unreal Projects/LeagueJourney/Content/Megascans/3D_Plants/Boxwood_wfypfa3ha/S_Boxwood_wfypfa3ha_Var6_lod3.uasset" 5747
"E:/Unreal Projects/LeagueJourney/Content/Megascans/3D_Plants/Boxwood_wfypfa3ha/S_Boxwood_wfypfa3ha_Var5_lod3.uasset" 5748
"E:/Unreal Projects/LeagueJourney/Content/Megascans/3D_Plants/Boxwood_wfypfa3ha/S_Boxwood_wfypfa3ha_Var4_lod3.uasset" 5749
"E:/Unreal Projects/LeagueJourney/Content/Megascans/3D_Plants/Boxwood_wfypfa3ha/S_Boxwood_wfypfa3ha_Var3_lod3.uasset" 5750
"E:/Unreal Projects/LeagueJourney/Content/Megascans/3D_Plants/Boxwood_wfypfa3ha/S_Boxwood_wfypfa3ha_Var2_lod3.uasset" 5751
"E:/Unreal Projects/LeagueJourney/Content/Megascans/3D_Plants/Boxwood_wfypfa3ha/S_Boxwood_wfypfa3ha_Var1_lod3.uasset" 5752
"E:/Unreal Projects/LeagueJourney/Content/Megascans/3D_Plants/Boxwood_wfypfa3ha/S_Boxwood_wfypfa3ha_Var10_lod3.uasset" 5753
"E:/Unreal Projects/LeagueJourney/Content/Props/esfesf_Flipbook.uasset" 5754
"../../../Engine/Plugins/Interchange/Runtime/Content/gltf/MaterialInstances_SG/MI_Transmission_TS.uasset" 5755
"../../../Engine/Plugins/Interchange/Runtime/Content/gltf/MaterialInstances_SG/MI_Transmission.uasset" 5756
"../../../Engine/Plugins/Interchange/Runtime/Content/gltf/MaterialInstances_MR/MI_Transmission_TS.uasset" 5757
"../../../Engine/Plugins/Interchange/Runtime/Content/gltf/MaterialInstances_MR/MI_Transmission.uasset" 5758
"../../../Engine/Plugins/Interchange/Runtime/Content/gltf/MaterialInstances_SG/MI_Opaque_Sheen_TS.uasset" 5759
"../../../Engine/Plugins/Interchange/Runtime/Content/gltf/MaterialInstances_SG/MI_Opaque_Sheen.uasset" 5760
"../../../Engine/Plugins/Interchange/Runtime/Content/gltf/MaterialInstances_MR/MI_Opaque_Sheen_TS.uasset" 5761
"../../../Engine/Plugins/Interchange/Runtime/Content/gltf/MaterialInstances_MR/MI_Opaque_Sheen.uasset" 5762
"../../../Engine/Plugins/Interchange/Runtime/Content/gltf/MaterialInstances_SG/MI_Translucent_TS.uasset" 5763
"../../../Engine/Plugins/Interchange/Runtime/Content/gltf/MaterialInstances_SG/MI_Translucent_ClearCoat_TS.uasset" 5764
"../../../Engine/Plugins/Interchange/Runtime/Content/gltf/MaterialInstances_SG/MI_Translucent_ClearCoat.uasset" 5765
"../../../Engine/Plugins/Interchange/Runtime/Content/gltf/MaterialInstances_SG/MI_Translucent.uasset" 5766
"../../../Engine/Plugins/Interchange/Runtime/Content/gltf/MaterialInstances_MR/MI_Translucent_TS.uasset" 5767
"C:/Users/franc/AppData/Local/UnrealEngine/Common/DerivedDataCache/Buckets/MaterialShaderMap/00/18/4af464d6c020ad5da98801c43d162f37e680.udd" 5768
"C:/Users/franc/AppData/Local/UnrealEngine/Common/DerivedDataCache/Buckets/MaterialShaderMap/23/e7/cd97f7f5a50e6d0d4b3e9b5f9f11d886a0ec.udd" 5769
"C:/Users/franc/AppData/Local/UnrealEngine/Common/DerivedDataCache/Buckets/MaterialShaderMap/cc/86/91879007176e4b5ce2208ee2610d8f484d82.udd" 5770
"C:/Users/franc/AppData/Local/UnrealEngine/Common/DerivedDataCache/Buckets/MaterialShaderMap/62/3f/6718809bd80047656b55f7a099840cc8c537.udd" 5771
"C:/Users/franc/AppData/Local/UnrealEngine/Common/DerivedDataCache/Buckets/MaterialShaderMap/0d/8e/7a75dd48ea6a35bd4d25e24b023a02a1a719.udd" 5772
"C:/Users/franc/AppData/Local/UnrealEngine/Common/DerivedDataCache/Buckets/MaterialShaderMap/26/c8/b6bce1f3de3c1577e301c5b1ece8779bbb81.udd" 5773
"C:/Users/franc/AppData/Local/UnrealEngine/Common/DerivedDataCache/Buckets/MaterialShaderMap/6e/1e/9e396253df43bb07f232c41c5bcd71c73e2a.udd" 5774
"C:/Users/franc/AppData/Local/UnrealEngine/Common/DerivedDataCache/Buckets/MaterialShaderMap/55/2e/4383aabc879365c570566ef2edfe099900e8.udd" 5775
"../../../Engine/Plugins/Interchange/Runtime/Content/gltf/MaterialInstances_MR/MI_Translucent_ClearCoat_TS.uasset" 5776
"../../../Engine/Plugins/Interchange/Runtime/Content/gltf/MaterialInstances_MR/MI_Translucent_ClearCoat.uasset" 5777
"../../../Engine/Plugins/Interchange/Runtime/Content/gltf/MaterialInstances_MR/MI_Translucent.uasset" 5778
"../../../Engine/Plugins/Interchange/Runtime/Content/gltf/MaterialInstances_SG/MI_Opaque_TS.uasset" 5779
"../../../Engine/Plugins/Interchange/Runtime/Content/gltf/MaterialInstances_SG/MI_Opaque_ClearCoat_TS.uasset" 5780
"../../../Engine/Plugins/Interchange/Runtime/Content/gltf/MaterialInstances_SG/MI_Opaque_ClearCoat.uasset" 5781
"../../../Engine/Plugins/Interchange/Runtime/Content/gltf/MaterialInstances_SG/MI_Opaque.uasset" 5782
"../../../Engine/Plugins/Interchange/Runtime/Content/gltf/MaterialInstances_MR/MI_Opaque_TS.uasset" 5783
"../../../Engine/Plugins/Interchange/Runtime/Content/gltf/MaterialInstances_MR/MI_Opaque_ClearCoat_TS.uasset" 5784
"../../../Engine/Plugins/Interchange/Runtime/Content/gltf/MaterialInstances_MR/MI_Opaque_ClearCoat.uasset" 5785
"../../../Engine/Plugins/Interchange/Runtime/Content/gltf/MaterialInstances_MR/MI_Opaque.uasset" 5786
"E:/Unreal Projects/LeagueJourney/Content/Props/Environment/Interactive/Pitch/Pitch.uasset" 5787
"E:/Unreal Projects/LeagueJourney/Content/Characters/szcsz/CAHAR.uasset" 5788
"E:/Unreal Projects/LeagueJourney/Content/StarterContent/Blueprints/BP_LightStudio.uasset" 5789
"C:/Users/franc/AppData/Local/UnrealEngine/Common/DerivedDataCache/Buckets/MaterialShaderMap/b1/ce/5245757a7a520d70763be1be09b3d8d42d96.udd" 5790
"C:/Users/franc/AppData/Local/UnrealEngine/Common/DerivedDataCache/Buckets/MaterialShaderMap/15/99/ef7b97ec4a0ff8b8c602ecd5c0cc1b2908ae.udd" 5791
"C:/Users/franc/AppData/Local/UnrealEngine/Common/DerivedDataCache/Buckets/MaterialShaderMap/4f/2c/ed4d0018ecc143f9d43eef9031e85ae107db.udd" 5792
"C:/Users/franc/AppData/Local/UnrealEngine/Common/DerivedDataCache/Buckets/MaterialShaderMap/fa/d7/09df685915a5da7b7fecfef5aadc0b9904dd.udd" 5793
"C:/Users/franc/AppData/Local/UnrealEngine/Common/DerivedDataCache/Buckets/MaterialShaderMap/30/19/f844ca5d8642a2e8b7167c8d3cc1895c7f48.udd" 5794
"C:/Users/franc/AppData/Local/UnrealEngine/Common/DerivedDataCache/Buckets/MaterialShaderMap/6f/18/bbbce725f2ab8e12c698b7d4ce9a9ad28b6d.udd" 5795
"C:/Users/franc/AppData/Local/UnrealEngine/Common/DerivedDataCache/Buckets/MaterialShaderMap/f5/d9/41ef8832379cc00ac1a7b4d0260fdaf6c3c7.udd" 5796
"C:/Users/franc/AppData/Local/UnrealEngine/Common/DerivedDataCache/Buckets/MaterialShaderMap/0a/95/02b2627ef82750a2b1f815fdca7c8edd4492.udd" 5797
"C:/Users/franc/AppData/Local/UnrealEngine/Common/DerivedDataCache/Buckets/MaterialShaderMap/1a/bd/4779b8d72d5c01574b18ea9e21e1e6b6ce22.udd" 5798
"C:/Users/franc/AppData/Local/UnrealEngine/Common/DerivedDataCache/Buckets/MaterialShaderMap/4c/6e/b9955e38ebbf1266b239c4072f273a62049e.udd" 5799
"C:/Users/franc/AppData/Local/UnrealEngine/Common/DerivedDataCache/Buckets/MaterialShaderMap/3d/b3/381d19a2556e51d2963f5833dee44c010379.udd" 5800
"C:/Users/franc/AppData/Local/UnrealEngine/Common/DerivedDataCache/Buckets/MaterialShaderMap/7c/c6/42472e734de95f0c2d83caf0b6ce51b66ce2.udd" 5801
"C:/Users/franc/AppData/Local/UnrealEngine/Common/DerivedDataCache/Buckets/MaterialShaderMap/2e/30/c45d1d7e3af664bc13cb9e1ca91003358305.udd" 5802
"C:/Users/franc/AppData/Local/UnrealEngine/Common/DerivedDataCache/Buckets/MaterialShaderMap/6b/69/59b5ac559c53815bb8563d7f89e6f74ba246.udd" 5803
"C:/Users/franc/AppData/Local/UnrealEngine/Common/DerivedDataCache/Buckets/MaterialShaderMap/bf/66/5ee1aa9d6625e5d4e3c93568e16da74115c9.udd" 5804
"C:/Users/franc/AppData/Local/UnrealEngine/Common/DerivedDataCache/Buckets/MaterialShaderMap/bf/05/c3ba642c9b68f1efdd90f506c3233a1029ea.udd" 5805
"C:/Users/franc/AppData/Local/UnrealEngine/Common/DerivedDataCache/Buckets/MaterialShaderMap/2f/00/c533419d1173c9062d6769bfb3245a41ebc9.udd" 5806
"C:/Users/franc/AppData/Local/UnrealEngine/Common/DerivedDataCache/Buckets/MaterialShaderMap/d2/08/a1ca3e5fcb3d8be28b93223dcc77ea3f82fc.udd" 5807
"C:/Users/franc/AppData/Local/UnrealEngine/Common/DerivedDataCache/Buckets/MaterialShaderMap/ee/12/c80822ad7d7f17d07d82ed44eb13ed893667.udd" 5808
"C:/Users/franc/AppData/Local/UnrealEngine/Common/DerivedDataCache/Buckets/MaterialShaderMap/a1/7b/d88aa1d27dc7328b7849df087c74f2a5e38f.udd" 5809
"C:/Users/franc/AppData/Local/UnrealEngine/Common/DerivedDataCache/Buckets/MaterialShaderMap/ed/b2/34d4e6986a0385bab4896ef243e70e965102.udd" 5810
"C:/Users/franc/AppData/Local/UnrealEngine/Common/DerivedDataCache/Buckets/MaterialShaderMap/b0/f3/10bac69694eccc276e04eb8c557882835aa8.udd" 5811
"C:/Users/franc/AppData/Local/UnrealEngine/Common/DerivedDataCache/Buckets/MaterialShaderMap/ba/a5/7551ffebe01016a31aa420438090b3042c68.udd" 5812
"C:/Users/franc/AppData/Local/UnrealEngine/Common/DerivedDataCache/Buckets/MaterialShaderMap/ba/5e/9852fa177f7562b32153180e40ec56eb496c.udd" 5813
"C:/Users/franc/AppData/Local/UnrealEngine/Common/DerivedDataCache/Buckets/MaterialShaderMap/95/22/516235a78d2ab9f35d0d7a34dd96b1260825.udd" 5814
"C:/Users/franc/AppData/Local/UnrealEngine/Common/DerivedDataCache/Buckets/MaterialShaderMap/45/f6/d3919d1c9e1f5b50355819039958c8dbcd3d.udd" 5815
"C:/Users/franc/AppData/Local/UnrealEngine/Common/DerivedDataCache/Buckets/MaterialShaderMap/0e/80/f8b8e89e6289d5230dcf482303efb17642a1.udd" 5816
"../../../Engine/Plugins/Enterprise/DatasmithContent/Content/Materials/FBXImporter/VRED/Glass.uasset" 5817
"E:/Unreal Projects/LeagueJourney/Content/LevelPrototyping/Meshes/SM_Ramp.uasset" 5818
"E:/Unreal Projects/LeagueJourney/Content/LevelPrototyping/Meshes/SM_QuarterCylinder.uasset" 5819
"E:/Unreal Projects/LeagueJourney/Content/LevelPrototyping/Meshes/SM_Cylinder.uasset" 5820
"E:/Unreal Projects/LeagueJourney/Content/LevelPrototyping/Meshes/SM_Cube.uasset" 5821
"E:/Unreal Projects/LeagueJourney/Content/Megascans/3D_Plants/Grass_Clumps_qmBr2/Foliage/FT_Grass_Clumps_qmBr2_Var3_lod3.uasset" 5822
"E:/Unreal Projects/LeagueJourney/Content/Megascans/3D_Plants/Grass_Clumps_qmBr2/Foliage/FT_Grass_Clumps_qmBr2_Var2_lod3.uasset" 5823
"E:/Unreal Projects/LeagueJourney/Content/Megascans/3D_Plants/Grass_Clumps_qmBr2/Foliage/FT_Grass_Clumps_qmBr2_Var1_lod3.uasset" 5824
"E:/Unreal Projects/LeagueJourney/Content/Megascans/3D_Plants/Ribbon_Grass_tbdpec3r/Foliage/FT_Ribbon_Grass_tbdpec3r_Var6_lod3.uasset" 5825
"E:/Unreal Projects/LeagueJourney/Content/Megascans/3D_Plants/Ribbon_Grass_tbdpec3r/Foliage/FT_Ribbon_Grass_tbdpec3r_Var5_lod3.uasset" 5826
"E:/Unreal Projects/LeagueJourney/Content/Megascans/3D_Plants/Ribbon_Grass_tbdpec3r/Foliage/FT_Ribbon_Grass_tbdpec3r_Var4_lod3.uasset" 5827
"E:/Unreal Projects/LeagueJourney/Content/Megascans/3D_Plants/Ribbon_Grass_tbdpec3r/Foliage/FT_Ribbon_Grass_tbdpec3r_Var3_lod3.uasset" 5828
"E:/Unreal Projects/LeagueJourney/Content/Megascans/3D_Plants/Ribbon_Grass_tbdpec3r/Foliage/FT_Ribbon_Grass_tbdpec3r_Var2_lod3.uasset" 5829
"E:/Unreal Projects/LeagueJourney/Content/Megascans/3D_Plants/Ribbon_Grass_tbdpec3r/Foliage/FT_Ribbon_Grass_tbdpec3r_Var1_lod3.uasset" 5830
"C:/Users/franc/AppData/Local/UnrealEngine/Common/DerivedDataCache/Buckets/MaterialShaderMap/d6/01/75b561dba54462202bdcbce11d63753a8f0a.udd" 5831
"E:/Unreal Projects/LeagueJourney/Content/Megascans/3D_Plants/Field_Poppy_vmcobd0ja/Foliage/FT_Field_Poppy_vmcobd0ja_Var9_lod1.uasset" 5832
"E:/Unreal Projects/LeagueJourney/Content/Megascans/3D_Plants/Field_Poppy_vmcobd0ja/Foliage/FT_Field_Poppy_vmcobd0ja_Var8_lod1.uasset" 5833
"C:/Users/franc/AppData/Local/UnrealEngine/Common/DerivedDataCache/Buckets/MaterialShaderMap/e7/7e/25ca015a01239d63c501b1d42ee9660fcd41.udd" 5834
"C:/Users/franc/AppData/Local/UnrealEngine/Common/DerivedDataCache/Buckets/MaterialShaderMap/9d/fd/e2877d97e5e76ca481ed6e83eb431513b366.udd" 5835
"C:/Users/franc/AppData/Local/UnrealEngine/Common/DerivedDataCache/Buckets/MaterialShaderMap/47/6b/0172f256dee3a3628681bcc371d3cb3f4dbb.udd" 5836
"C:/Users/franc/AppData/Local/UnrealEngine/Common/DerivedDataCache/Buckets/MaterialShaderMap/18/84/8461c563c5a09b931fcb71dd9f83427d696f.udd" 5837
"C:/Users/franc/AppData/Local/UnrealEngine/Common/DerivedDataCache/Buckets/LegacyAnimSeq/a1/6b/2f162a1f50b62a61db22a38ae24987be199c.udd" 5838
"C:/Users/franc/AppData/Local/UnrealEngine/Common/DerivedDataCache/Buckets/LegacyAnimSeq/88/6a/e3256abca8ca58e56dc622b38ed334b3ad4f.udd" 5839
"C:/Users/franc/AppData/Local/UnrealEngine/Common/DerivedDataCache/Buckets/LegacySKELETALMESH/c7/d9/4d463607efa789ca20c0a95ed8085f7bd933.udd" 5840
"../../Plugins/Animation/ControlRig/Content/Controls/ControlRig_Wedge_3mm.uasset" 5841
"C:/Users/franc/AppData/Local/UnrealEngine/Common/DerivedDataCache/Buckets/MaterialShaderMap/66/f0/11dd952c5bd234fda697ad2123600c74ab57.udd" 5842
"C:/Users/franc/AppData/Local/UnrealEngine/Common/DerivedDataCache/Buckets/MaterialShaderMap/ce/42/d4d45c8cab6ed69a274a7ef0004f8af137a6.udd" 5843
"C:/Users/franc/AppData/Local/UnrealEngine/Common/DerivedDataCache/Buckets/MaterialShaderMap/19/55/58b4f6a97b0ba3f4c8c621d4e754acbf6cd3.udd" 5844
"C:/Users/franc/AppData/Local/UnrealEngine/Common/DerivedDataCache/Buckets/MaterialShaderMap/90/96/acd2221f84abf34a42928b836a7ed24143af.udd" 5845
"C:/Users/franc/AppData/Local/UnrealEngine/Common/DerivedDataCache/Buckets/LegacyAnimSeq/2b/09/996a4c5fd69e3e516598f1c54df13caee498.udd" 5846
"E:/Unreal Projects/LeagueJourney/Content/Megascans/3D_Plants/Field_Poppy_vmcobd0ja/Foliage/FT_Field_Poppy_vmcobd0ja_Var7_lod1.uasset" 5847
"E:/Unreal Projects/LeagueJourney/Content/Megascans/3D_Plants/Field_Poppy_vmcobd0ja/Foliage/FT_Field_Poppy_vmcobd0ja_Var6_lod1.uasset" 5848
"E:/Unreal Projects/LeagueJourney/Content/Megascans/3D_Plants/Field_Poppy_vmcobd0ja/Foliage/FT_Field_Poppy_vmcobd0ja_Var5_lod1.uasset" 5849
"E:/Unreal Projects/LeagueJourney/Content/Megascans/3D_Plants/Field_Poppy_vmcobd0ja/Foliage/FT_Field_Poppy_vmcobd0ja_Var4_lod1.uasset" 5850
"E:/Unreal Projects/LeagueJourney/Content/Megascans/3D_Plants/Field_Poppy_vmcobd0ja/Foliage/FT_Field_Poppy_vmcobd0ja_Var3_lod1.uasset" 5851
"E:/Unreal Projects/LeagueJourney/Content/Megascans/3D_Plants/Field_Poppy_vmcobd0ja/Foliage/FT_Field_Poppy_vmcobd0ja_Var2_lod1.uasset" 5852
"E:/Unreal Projects/LeagueJourney/Content/Megascans/3D_Plants/Field_Poppy_vmcobd0ja/Foliage/FT_Field_Poppy_vmcobd0ja_Var1_lod1.uasset" 5853
"E:/Unreal Projects/LeagueJourney/Content/Megascans/3D_Plants/Field_Poppy_vmcobd0ja/Foliage/FT_Field_Poppy_vmcobd0ja_Var14_lod1.uasset" 5854
"E:/Unreal Projects/LeagueJourney/Content/Megascans/3D_Plants/Field_Poppy_vmcobd0ja/Foliage/FT_Field_Poppy_vmcobd0ja_Var13_lod1.uasset" 5855
"E:/Unreal Projects/LeagueJourney/Content/Megascans/3D_Plants/Field_Poppy_vmcobd0ja/Foliage/FT_Field_Poppy_vmcobd0ja_Var12_lod1.uasset" 5856
"E:/Unreal Projects/LeagueJourney/Content/Megascans/3D_Plants/Field_Poppy_vmcobd0ja/Foliage/FT_Field_Poppy_vmcobd0ja_Var11_lod1.uasset" 5857
"E:/Unreal Projects/LeagueJourney/Content/Megascans/3D_Plants/Field_Poppy_vmcobd0ja/Foliage/FT_Field_Poppy_vmcobd0ja_Var10_lod1.uasset" 5858
"E:/Unreal Projects/LeagueJourney/Content/Megascans/3D_Plants/European_Spindle_wk1ncbxja/Foliage/FT_European_Spindle_wk1ncbxja_Var9_lod3.uasset" 5859
"E:/Unreal Projects/LeagueJourney/Content/Megascans/3D_Plants/European_Spindle_wk1ncbxja/Foliage/FT_European_Spindle_wk1ncbxja_Var8_lod3.uasset" 5860
"E:/Unreal Projects/LeagueJourney/Content/Megascans/3D_Plants/European_Spindle_wk1ncbxja/Foliage/FT_European_Spindle_wk1ncbxja_Var7_lod3.uasset" 5861
"E:/Unreal Projects/LeagueJourney/Content/Megascans/3D_Plants/European_Spindle_wk1ncbxja/Foliage/FT_European_Spindle_wk1ncbxja_Var6_lod3.uasset" 5862
"C:/Users/franc/AppData/Local/UnrealEngine/Common/DerivedDataCache/Buckets/LegacyAnimSeq/98/1c/0642e93742cb80dce4c7cb0c3b0085a5fd1c.udd" 5863
"E:/Unreal Projects/LeagueJourney/Content/Megascans/3D_Plants/European_Spindle_wk1ncbxja/Foliage/FT_European_Spindle_wk1ncbxja_Var5_lod3.uasset" 5864
"E:/Unreal Projects/LeagueJourney/Content/Megascans/3D_Plants/European_Spindle_wk1ncbxja/Foliage/FT_European_Spindle_wk1ncbxja_Var4_lod3.uasset" 5865
"E:/Unreal Projects/LeagueJourney/Content/Megascans/3D_Plants/European_Spindle_wk1ncbxja/Foliage/FT_European_Spindle_wk1ncbxja_Var3_lod3.uasset" 5866
"E:/Unreal Projects/LeagueJourney/Content/Megascans/3D_Plants/European_Spindle_wk1ncbxja/Foliage/FT_European_Spindle_wk1ncbxja_Var2_lod3.uasset" 5867
"E:/Unreal Projects/LeagueJourney/Content/Megascans/3D_Plants/European_Spindle_wk1ncbxja/Foliage/FT_European_Spindle_wk1ncbxja_Var1_lod3.uasset" 5868
"E:/Unreal Projects/LeagueJourney/Content/Megascans/3D_Plants/European_Spindle_wk1ncbxja/Foliage/FT_European_Spindle_wk1ncbxja_Var17_lod3.uasset" 5869
"E:/Unreal Projects/LeagueJourney/Content/Megascans/3D_Plants/European_Spindle_wk1ncbxja/Foliage/FT_European_Spindle_wk1ncbxja_Var16_lod3.uasset" 5870
"E:/Unreal Projects/LeagueJourney/Content/Megascans/3D_Plants/European_Spindle_wk1ncbxja/Foliage/FT_European_Spindle_wk1ncbxja_Var15_lod3.uasset" 5871
"E:/Unreal Projects/LeagueJourney/Content/Megascans/3D_Plants/European_Spindle_wk1ncbxja/Foliage/FT_European_Spindle_wk1ncbxja_Var14_lod3.uasset" 5872
"E:/Unreal Projects/LeagueJourney/Content/Megascans/3D_Plants/European_Spindle_wk1ncbxja/Foliage/FT_European_Spindle_wk1ncbxja_Var13_lod3.uasset" 5873
"E:/Unreal Projects/LeagueJourney/Content/Megascans/3D_Plants/European_Spindle_wk1ncbxja/Foliage/FT_European_Spindle_wk1ncbxja_Var12_lod3.uasset" 5874
"E:/Unreal Projects/LeagueJourney/Content/Megascans/3D_Plants/European_Spindle_wk1ncbxja/Foliage/FT_European_Spindle_wk1ncbxja_Var11_lod3.uasset" 5875
"E:/Unreal Projects/LeagueJourney/Content/Megascans/3D_Plants/European_Spindle_wk1ncbxja/Foliage/FT_European_Spindle_wk1ncbxja_Var10_lod3.uasset" 5876
"E:/Unreal Projects/LeagueJourney/Content/Megascans/3D_Plants/Boxwood_wfypfa3ha/Foliage/FT_Boxwood_wfypfa3ha_Var9_lod3.uasset" 5877
"E:/Unreal Projects/LeagueJourney/Content/Megascans/3D_Plants/Boxwood_wfypfa3ha/Foliage/FT_Boxwood_wfypfa3ha_Var8_lod3.uasset" 5878
"E:/Unreal Projects/LeagueJourney/Content/Megascans/3D_Plants/Boxwood_wfypfa3ha/Foliage/FT_Boxwood_wfypfa3ha_Var7_lod3.uasset" 5879
"E:/Unreal Projects/LeagueJourney/Content/Megascans/3D_Plants/Boxwood_wfypfa3ha/Foliage/FT_Boxwood_wfypfa3ha_Var6_lod3.uasset" 5880
"E:/Unreal Projects/LeagueJourney/Content/Megascans/3D_Plants/Boxwood_wfypfa3ha/Foliage/FT_Boxwood_wfypfa3ha_Var5_lod3.uasset" 5881
"E:/Unreal Projects/LeagueJourney/Content/Megascans/3D_Plants/Boxwood_wfypfa3ha/Foliage/FT_Boxwood_wfypfa3ha_Var4_lod3.uasset" 5882
"E:/Unreal Projects/LeagueJourney/Content/Megascans/3D_Plants/Boxwood_wfypfa3ha/Foliage/FT_Boxwood_wfypfa3ha_Var3_lod3.uasset" 5883
"E:/Unreal Projects/LeagueJourney/Content/Megascans/3D_Plants/Boxwood_wfypfa3ha/Foliage/FT_Boxwood_wfypfa3ha_Var2_lod3.uasset" 5884
"E:/Unreal Projects/LeagueJourney/Content/Megascans/3D_Plants/Boxwood_wfypfa3ha/Foliage/FT_Boxwood_wfypfa3ha_Var1_lod3.uasset" 5885
"E:/Unreal Projects/LeagueJourney/Content/Megascans/3D_Plants/Boxwood_wfypfa3ha/Foliage/FT_Boxwood_wfypfa3ha_Var10_lod3.uasset" 5886
"E:/Unreal Projects/LeagueJourney/Content/Characters/szcsz/Animations/char_jog/Driving_char_jog.uasset" 5887
"E:/Unreal Projects/LeagueJourney/Content/Characters/Mannequins/Meshes/SKM_Quinn.uasset" 5888
"E:/Unreal Projects/LeagueJourney/Content/StarterContent/Maps/Advanced_Lighting.umap" 5889
"E:/Unreal Projects/LeagueJourney/Content/Props/Environment/Barrier/Glass.uasset" 5890
"E:/Unreal Projects/LeagueJourney/Content/Props/Environment/Barrier/security.uasset" 5891
"../../Plugins/Animation/ControlRig/Content/Controls/ControlRig_Wedge_1mm.uasset" 5892
"../../../Engine/Content/EngineSounds/Submixes/MasterEQSubmixDefault.uasset" 5893
"../../../Engine/Content/EngineSounds/Submixes/MasterSubmixDefault.uasset" 5894
"../../../Engine/Content/EngineSounds/Submixes/MasterReverbSubmixDefault.uasset" 5895
"E:/Unreal Projects/LeagueJourney/Content/GameModes/MyFootballGameMode.uasset" 5896
"E:/Unreal Projects/LeagueJourney/Content/UserInteface/DuringMatch/UMGDefaultMatch.uasset" 5897
"E:/Unreal Projects/LeagueJourney/Content/UserInteface/DuringMatch/UMGScore.uasset" 5898
"E:/Unreal Projects/LeagueJourney/Content/UserInteface/DuringMatch/UMGPlayerBar.uasset" 5899
"E:/Unreal Projects/LeagueJourney/Content/UserInteface/DuringMatch/UMGPauseMenu.uasset" 5900
"E:/Unreal Projects/LeagueJourney/Content/Characters/Player/Footballer.uasset" 5901
"E:/Unreal Projects/LeagueJourney/Content/Characters/Player/AI/BT_Offense.uasset" 5902
"E:/Unreal Projects/LeagueJourney/Content/Characters/Player/AI/BT_Goalkeep.uasset" 5903
"E:/Unreal Projects/LeagueJourney/Content/Characters/Player/AI/AI_Offense.uasset" 5904
"E:/Unreal Projects/LeagueJourney/Content/Characters/Player/AI/AI_Goalkeeper.uasset" 5905
"E:/Unreal Projects/LeagueJourney/Content/Characters/Player/CharacterAnimBlueprint.uasset" 5906
"E:/Unreal Projects/LeagueJourney/Content/Characters/Player/AI/BTS_GetPlayerServices.uasset" 5907
"E:/Unreal Projects/LeagueJourney/Content/Characters/Player/AI/Decorator/BTD_BallPossessed.uasset" 5908
"E:/Unreal Projects/LeagueJourney/Content/Characters/Player/AI/Decorator/BTD_GoalkeeperBallComing.uasset" 5909
"E:/Unreal Projects/LeagueJourney/Content/Characters/Player/AI/Decorator/BTD_MatchPaused.uasset" 5910
"E:/Unreal Projects/LeagueJourney/Content/Characters/Player/AI/Decorator/BTD_PlayerHasBall.uasset" 5911
"E:/Unreal Projects/LeagueJourney/Content/Characters/Player/AI/Decorator/BTD_PlayerWantsBall.uasset" 5912
"E:/Unreal Projects/LeagueJourney/Content/Characters/Player/AI/Decorator/BTD_TeamPlayerHasBall.uasset" 5913
"E:/Unreal Projects/LeagueJourney/Content/Characters/Player/AI/Tasks/BTT_GetToActor.uasset" 5914
"E:/Unreal Projects/LeagueJourney/Content/Characters/Player/AI/Tasks/BTT_GetToCurrentPosition.uasset" 5915
"E:/Unreal Projects/LeagueJourney/Content/Characters/Player/AI/Tasks/BTT_GoalkeeperDive.uasset" 5916
"E:/Unreal Projects/LeagueJourney/Content/Characters/Player/AI/Tasks/BTT_GoalkeeperMove.uasset" 5917
"E:/Unreal Projects/LeagueJourney/Content/Characters/Player/GoalkeeperCharacterAnimBlueprint.uasset" 5918
"E:/Unreal Projects/LeagueJourney/Content/Characters/FootController.uasset" 5919
"E:/Unreal Projects/LeagueJourney/Content/Characters/Player/AI/Decorator/BTD_CheckShotOpportunity.uasset" 5920
"E:/Unreal Projects/LeagueJourney/Content/Characters/Player/AI/Decorator/BTD_Countdown.uasset" 5921
"E:/Unreal Projects/LeagueJourney/Content/Characters/Player/AI/Decorator/BTD_KickOffEvent.uasset" 5922
"E:/Unreal Projects/LeagueJourney/Content/Characters/Player/AI/Tasks/BTT_Shoot.uasset" 5923
"E:/Unreal Projects/LeagueJourney/Content/Characters/Player/AI/Tasks/BTT_Tackle.uasset" 5924
"C:/Users/franc/AppData/Local/UnrealEngine/Common/DerivedDataCache/Buckets/LegacyAnimSeq/53/8e/a82381e25a59dfcc6b5662e58487bc996c43.udd" 5925
"C:/Users/franc/AppData/Local/UnrealEngine/Common/DerivedDataCache/Buckets/LegacyAnimSeq/25/77/e001e2d4007ecb1721542af7ee70aa6e6721.udd" 5926
"C:/Users/franc/AppData/Local/UnrealEngine/Common/DerivedDataCache/Buckets/LegacySKELETALMESH/fb/2d/f3527cb26ac90a5905d8a7c865932f04392d.udd" 5927
"C:/Users/franc/AppData/Local/UnrealEngine/Common/DerivedDataCache/Content/f5/33/2e3958d73c2abe12e879958f09c2fcfa6fff.udd" 5928
"C:/Users/franc/AppData/Local/UnrealEngine/Common/DerivedDataCache/Buckets/StaticMesh/d2/aa/18d86a234788511b0aaf8d87ccb79a965e72.udd" 5929
"C:/Users/franc/AppData/Local/UnrealEngine/Common/DerivedDataCache/Buckets/LegacyDIST/ee/6d/c5b048b21cf14f6832eb4c1e5b2b5e078d24.udd" 5930
"C:/Users/franc/AppData/Local/UnrealEngine/Common/DerivedDataCache/Buckets/LegacyCARD/20/94/df5cfd3bf351ac7f3057b7197fa7d913ad0d.udd" 5931
"C:/Users/franc/AppData/Local/UnrealEngine/Common/DerivedDataCache/Buckets/LegacyNavCollision/0b/b7/a740b515ae0650d46bc603376d0a01da1698.udd" 5932
"C:/Users/franc/AppData/Local/UnrealEngine/Common/DerivedDataCache/Buckets/StaticMesh/f5/70/cc18dceb57f90cbecdc8267088ede7b2f859.udd" 5933
"C:/Users/franc/AppData/Local/UnrealEngine/Common/DerivedDataCache/Buckets/LegacyDIST/d9/11/017700bd91cf96840afd54f1c9b339644835.udd" 5934
"C:/Users/franc/AppData/Local/UnrealEngine/Common/DerivedDataCache/Buckets/StaticMesh/cf/3d/4724aae6dd7d9e344eb10ee7c8ad50d1961d.udd" 5935
"C:/Users/franc/AppData/Local/UnrealEngine/Common/DerivedDataCache/Buckets/LegacyCARD/8c/3e/7669eef46ccb00888cacd7cd35e24227ce48.udd" 5936
"C:/Users/franc/AppData/Local/UnrealEngine/Common/DerivedDataCache/Buckets/LegacyDIST/f9/96/ee913c9ac63b0d8d059e470d5d874c521e2e.udd" 5937
"C:/Users/franc/AppData/Local/UnrealEngine/Common/DerivedDataCache/Buckets/LegacyCARD/ee/43/5dc4947205917ceeae59071e3f99edc26b93.udd" 5938
"C:/Users/franc/AppData/Local/UnrealEngine/Common/DerivedDataCache/Buckets/LegacyChaosGeometryData/1e/d8/e9bdcd72398c6e880234602ffaa75500857e.udd" 5939
"C:/Users/franc/AppData/Local/UnrealEngine/Common/DerivedDataCache/Buckets/LegacyNavCollision/0e/a4/5c12891add10a8855cb9ef3df89083070b1e.udd" 5940
"C:/Users/franc/AppData/Local/UnrealEngine/Common/DerivedDataCache/Buckets/LegacyNavCollision/ac/bd/880a045a7bb4864292207871f09b61de1d60.udd" 5941
"C:/Users/franc/AppData/Local/UnrealEngine/Common/DerivedDataCache/Buckets/StaticMesh/aa/3e/9b182eac76f1997f8f62cbc558b28ffa65a6.udd" 5942
"C:/Users/franc/AppData/Local/UnrealEngine/Common/DerivedDataCache/Buckets/StaticMesh/2e/08/2f9a847cad2ad31753d3d29434107447fd23.udd" 5943
"C:/Users/franc/AppData/Local/UnrealEngine/Common/DerivedDataCache/Buckets/LegacyDIST/ea/eb/ce7b442c9f043ffad829522ccba75d0af01d.udd" 5944
"C:/Users/franc/AppData/Local/UnrealEngine/Common/DerivedDataCache/Buckets/LegacyDIST/bb/27/d28ab7d3d1e89dfd5cd9a401e521209e7e2b.udd" 5945
"C:/Users/franc/AppData/Local/UnrealEngine/Common/DerivedDataCache/Buckets/LegacyCARD/d1/47/18a74c0c6419b1da0fd6948a6adddd89f8b1.udd" 5946
"C:/Users/franc/AppData/Local/UnrealEngine/Common/DerivedDataCache/Buckets/LegacyNavCollision/44/38/0ffc6532c07fcc68795dfae46820443dc349.udd" 5947
"C:/Users/franc/AppData/Local/UnrealEngine/Common/DerivedDataCache/Buckets/LegacyCARD/af/0d/3c3fcf0741cad6ca762eb86739287b3e7988.udd" 5948
"C:/Users/franc/AppData/Local/UnrealEngine/Common/DerivedDataCache/Buckets/LegacyNavCollision/bd/0e/0ba74445292bb2694ed1a182d74af3a1fedf.udd" 5949
"C:/Users/franc/AppData/Local/UnrealEngine/Common/DerivedDataCache/Buckets/StaticMesh/93/c1/6ad0986572a8a5e1a9d27a562bdfb5b9ef30.udd" 5950
"C:/Users/franc/AppData/Local/UnrealEngine/Common/DerivedDataCache/Buckets/LegacyDIST/72/cd/a0f27acd29f3fff5b256cfc7d1d70cde0dce.udd" 5951
"C:/Users/franc/AppData/Local/UnrealEngine/Common/DerivedDataCache/Buckets/LegacyCARD/4d/3c/de274fed1984105a0b24129db791b6a8f3d7.udd" 5952
"C:/Users/franc/AppData/Local/UnrealEngine/Common/DerivedDataCache/Buckets/LegacyNavCollision/a5/82/4af492fd3eacfc3181594ac046dd2a168db5.udd" 5953
"C:/Users/franc/AppData/Local/UnrealEngine/Common/DerivedDataCache/Buckets/StaticMesh/fb/7b/5def760b97e149df7e90fd8a66881b140aed.udd" 5954
"C:/Users/franc/AppData/Local/UnrealEngine/Common/DerivedDataCache/Buckets/LegacyDIST/9c/8a/2313b24026ebb569b15b56a03d18f5ee6de6.udd" 5955
"C:/Users/franc/AppData/Local/UnrealEngine/Common/DerivedDataCache/Buckets/LegacyCARD/ec/9e/283d51be59776d37df10b59bc68037203879.udd" 5956
"C:/Users/franc/AppData/Local/UnrealEngine/Common/DerivedDataCache/Buckets/LegacyNavCollision/a9/ca/ab2cb9f88d6b5fac247c726c0672d3197c90.udd" 5957
"C:/Users/franc/AppData/Local/UnrealEngine/Common/DerivedDataCache/Buckets/StaticMesh/d0/e7/c48a99615050065b2f64a2143b0ced5cf919.udd" 5958
"C:/Users/franc/AppData/Local/UnrealEngine/Common/DerivedDataCache/Buckets/StaticMesh/22/60/f9af60c510eb15cee9cabba9ee05f0ba7a92.udd" 5959
"C:/Users/franc/AppData/Local/UnrealEngine/Common/DerivedDataCache/Buckets/LegacyDIST/79/24/3987e3ac203be8d8c4d6395dff6a05a882b8.udd" 5960
"C:/Users/franc/AppData/Local/UnrealEngine/Common/DerivedDataCache/Buckets/LegacyDIST/7c/ca/05a2587d9e5a92bf881c69bc40a26a36639e.udd" 5961
"C:/Users/franc/AppData/Local/UnrealEngine/Common/DerivedDataCache/Buckets/LegacyCARD/b0/d4/93c9c019e0f16b7405e77d8607ca358e1289.udd" 5962
"C:/Users/franc/AppData/Local/UnrealEngine/Common/DerivedDataCache/Buckets/LegacyCARD/a2/c3/4be52d1ef9343d8abc0dfd3c92081879acdd.udd" 5963
"C:/Users/franc/AppData/Local/UnrealEngine/Common/DerivedDataCache/Buckets/LegacyNavCollision/e8/8b/e87dbb771f1a46fcf372534294f9e4606374.udd" 5964
"../../Plugins/Animation/ControlRig/Content/Controls/ControlRig_Hexagon_1mm.uasset" 5965
"../../Plugins/Animation/ControlRig/Content/Controls/ControlRig_Hexagon_3mm.uasset" 5966
"C:/Users/franc/AppData/Local/UnrealEngine/Common/DerivedDataCache/Buckets/LegacyNavCollision/18/6f/dba2dc46dee982f207d3c02bbe7e627fa035.udd" 5967
"../../Plugins/Animation/ControlRig/Content/Controls/ControlRig_Hexagon_solid.uasset" 5968
"C:/Users/franc/AppData/Local/UnrealEngine/Common/DerivedDataCache/Buckets/StaticMesh/eb/a3/b5f6746a45faa49dffc4a20ec4958d56758f.udd" 5969
"../../Plugins/Animation/ControlRig/Content/Controls/ControlRig_Octagon_1mm.uasset" 5970
"C:/Users/franc/AppData/Local/UnrealEngine/Common/DerivedDataCache/Buckets/LegacyDIST/77/87/89925155157c8dff9d667766911fc5acf7e7.udd" 5971
"../../Plugins/Animation/ControlRig/Content/Controls/ControlRig_Octagon_3mm.uasset" 5972
"../../Plugins/Animation/ControlRig/Content/Controls/ControlRig_Octagon_solid.uasset" 5973
"../../Plugins/Animation/ControlRig/Content/Controls/ControlRig_Pyramid_1mm.uasset" 5974
"../../Plugins/Animation/ControlRig/Content/Controls/ControlRig_Pyramid_3mm.uasset" 5975
"../../Plugins/Animation/ControlRig/Content/Controls/ControlRig_Pyramid_solid.uasset" 5976
"C:/Users/franc/AppData/Local/UnrealEngine/Common/DerivedDataCache/Buckets/LegacyCARD/80/45/e33a56f804771eef80fc85b3bdd761a6b79f.udd" 5977
"../../Plugins/Animation/ControlRig/Content/Controls/ControlRig_QuarterCircle_1mm.uasset" 5978
"../../Plugins/Animation/ControlRig/Content/Controls/ControlRig_QuarterCircle_3mm.uasset" 5979
"C:/Users/franc/AppData/Local/UnrealEngine/Common/DerivedDataCache/Buckets/LegacyNavCollision/4d/ec/e49704073d2c41a313ead77416414a5a82d5.udd" 5980
"../../Plugins/Animation/ControlRig/Content/Controls/ControlRig_QuarterCircle_solid.uasset" 5981
"C:/Users/franc/AppData/Local/UnrealEngine/Common/DerivedDataCache/Buckets/StaticMesh/8b/76/40c14c98f9840b855eac1cd7dbe6dc3f5fe9.udd" 5982
"../../Plugins/Animation/ControlRig/Content/Controls/ControlRig_RoundedSquare_1mm.uasset" 5983
"../../Plugins/Animation/ControlRig/Content/Controls/ControlRig_RoundedSquare_3mm.uasset" 5984
"../../Plugins/Animation/ControlRig/Content/Controls/ControlRig_RoundedSquare_solid.uasset" 5985
"../../Plugins/Animation/ControlRig/Content/Controls/ControlRig_RoundedTriangle_1mm.uasset" 5986
"../../Plugins/Animation/ControlRig/Content/Controls/ControlRig_RoundedTriangle_3mm.uasset" 5987
"../../Plugins/Animation/ControlRig/Content/Controls/ControlRig_RoundedTriangle_solid.uasset" 5988
"../../Plugins/Animation/ControlRig/Content/Controls/ControlRig_Sphere_1mm.uasset" 5989
"../../Plugins/Animation/ControlRig/Content/Controls/ControlRig_Sphere_3mm.uasset" 5990
"../../Plugins/Animation/ControlRig/Content/Controls/ControlRig_Square_1mm.uasset" 5991
"../../Plugins/Animation/ControlRig/Content/Controls/ControlRig_Square_3mm.uasset" 5992
"../../Plugins/Animation/ControlRig/Content/Controls/ControlRig_Square_solid.uasset" 5993
"../../Plugins/Animation/ControlRig/Content/Controls/ControlRig_Star4_1mm.uasset" 5994
"../../Plugins/Animation/ControlRig/Content/Controls/ControlRig_Star4_3mm.uasset" 5995
"../../Plugins/Animation/ControlRig/Content/Controls/ControlRig_Star4_solid.uasset" 5996
"../../Plugins/Animation/ControlRig/Content/Controls/ControlRig_Triangle_1mm.uasset" 5997
"../../Plugins/Animation/ControlRig/Content/Controls/ControlRig_Triangle_3mm.uasset" 5998
"../../Plugins/Animation/ControlRig/Content/Controls/ControlRig_Triangle_solid.uasset" 5999
"../../Plugins/Animation/ControlRig/Content/Controls/ControlRig_HalfCircle_solid.uasset" 6000
"../../Plugins/Animation/ControlRig/Content/Controls/ControlRig_HalfCircle_3mm.uasset" 6001
"../../Plugins/Animation/ControlRig/Content/Controls/ControlRig_HalfCircle_1mm.uasset" 6002
"../../Plugins/Animation/ControlRig/Content/Controls/ControlRig_Diamond_solid.uasset" 6003
"../../Plugins/Animation/ControlRig/Content/Controls/ControlRig_Diamond_3mm.uasset" 6004
"../../Plugins/Animation/ControlRig/Content/Controls/ControlRig_Diamond_1mm.uasset" 6005
"../../Plugins/Animation/ControlRig/Content/Controls/ControlRig_Circle_solid.uasset" 6006
"../../Plugins/Animation/ControlRig/Content/Controls/ControlRig_Circle_3mm.uasset" 6007
"../../Plugins/Animation/ControlRig/Content/Controls/ControlRig_Circle_1mm.uasset" 6008
"C:/Users/franc/AppData/Local/UnrealEngine/Common/DerivedDataCache/Buckets/LegacyDIST/dd/62/5b24ba7c83ababb2f3c03902e64b23ad785c.udd" 6009
"../../Plugins/Animation/ControlRig/Content/Controls/ControlRig_Box_solid.uasset" 6010
"../../Plugins/Animation/ControlRig/Content/Controls/ControlRig_Box_3mm.uasset" 6011
"../../Plugins/Animation/ControlRig/Content/Controls/ControlRig_Box_1mm.uasset" 6012
"../../Plugins/Animation/ControlRig/Content/Controls/ControlRig_Arrow_solid.uasset" 6013
"../../Plugins/Animation/ControlRig/Content/Controls/ControlRig_Arrow_3mm.uasset" 6014
"../../Plugins/Animation/ControlRig/Content/Controls/ControlRig_Arrow_1mm.uasset" 6015
"../../Plugins/Animation/ControlRig/Content/Controls/ControlRig_Arrow4_solid.uasset" 6016
"../../Plugins/Animation/ControlRig/Content/Controls/ControlRig_Arrow4_3mm.uasset" 6017
"../../Plugins/Animation/ControlRig/Content/Controls/ControlRig_Arrow4_1mm.uasset" 6018
"../../Plugins/Animation/ControlRig/Content/Controls/ControlRig_Arrow2_solid.uasset" 6019
"../../Plugins/Animation/ControlRig/Content/Controls/ControlRig_Arrow2_3mm.uasset" 6020
"../../Plugins/Animation/ControlRig/Content/Controls/ControlRig_Arrow2_1mm.uasset" 6021
"../../Plugins/Animation/ControlRig/Content/Controls/ControlRig_Sphere_solid.uasset" 6022
"C:/Users/franc/AppData/Local/UnrealEngine/Common/DerivedDataCache/Buckets/LegacyCARD/76/c5/5c3a6723277535bcbf2bc2ccb03583c65e69.udd" 6023
"C:/Users/franc/AppData/Local/UnrealEngine/Common/DerivedDataCache/Buckets/LegacyChaosGeometryData/18/ab/940eed05be6fbd2bea906da9c5c57cc234a8.udd" 6024
"C:/Users/franc/AppData/Local/UnrealEngine/Common/DerivedDataCache/Buckets/LegacyNavCollision/74/84/aa7c1940efff6b4f6a3c751b6beb2f933ca0.udd" 6025
"C:/Users/franc/AppData/Local/UnrealEngine/Common/DerivedDataCache/Buckets/StaticMesh/5a/12/8c3c0862abbd8dfadbb3b628984e309b43af.udd" 6026
"C:/Users/franc/AppData/Local/UnrealEngine/Common/DerivedDataCache/Buckets/LegacyDIST/c3/32/fe787873f338725a4357053ab944bf8fe1ad.udd" 6027
"C:/Users/franc/AppData/Local/UnrealEngine/Common/DerivedDataCache/Buckets/LegacyCARD/95/24/bcaae919d4452acd115d93d6b42d1136488c.udd" 6028
"C:/Users/franc/AppData/Local/UnrealEngine/Common/DerivedDataCache/Buckets/LegacyNavCollision/17/0f/068d735ec28a2cc236b56cff26c12d652bd6.udd" 6029
"C:/Users/franc/AppData/Local/UnrealEngine/Common/DerivedDataCache/Buckets/LegacyAnimSeq/4e/ec/86381bc47b3f5686c2bdda26e07fb6a12220.udd" 6030
"C:/Users/franc/AppData/Local/UnrealEngine/Common/DerivedDataCache/Buckets/LegacyAnimSeq/d0/de/c0da0f59c074bce2848d02983a055f03d346.udd" 6031
"C:/Users/franc/AppData/Local/UnrealEngine/Common/DerivedDataCache/Buckets/StaticMesh/ce/cf/1bac8a5f638d2082ce5b92425ece3dfcb25a.udd" 6032
"C:/Users/franc/AppData/Local/UnrealEngine/Common/DerivedDataCache/Buckets/LegacyDIST/2e/9d/a5d9f2029984e172b23301796a3d62c84acf.udd" 6033
"C:/Users/franc/AppData/Local/UnrealEngine/Common/DerivedDataCache/Buckets/LegacyCARD/0d/c5/6e2cd8844ceb148a0a6ef8c2117c7d2651b7.udd" 6034
"C:/Users/franc/AppData/Local/UnrealEngine/Common/DerivedDataCache/Buckets/LegacyNavCollision/cf/fc/1095c6eb2113007f5a01eec67d7369420924.udd" 6035
"C:/Users/franc/AppData/Local/UnrealEngine/Common/DerivedDataCache/Buckets/StaticMesh/33/8f/ed517cce0ed9b72e1f0013a77e6e8ba4eb3f.udd" 6036
"C:/Users/franc/AppData/Local/UnrealEngine/Common/DerivedDataCache/Buckets/LegacyDIST/84/da/844e212baaaa234645197ad1855b3b7c93c1.udd" 6037
"C:/Users/franc/AppData/Local/UnrealEngine/Common/DerivedDataCache/Buckets/LegacyCARD/7a/6b/7a6c685c1e88710e2226c9784144d89aed66.udd" 6038
"C:/Users/franc/AppData/Local/UnrealEngine/Common/DerivedDataCache/Buckets/LegacyNavCollision/56/91/37611b6abe88f812aa21fb06da49b6b89b1c.udd" 6039
"C:/Users/franc/AppData/Local/UnrealEngine/Common/DerivedDataCache/Buckets/StaticMesh/c5/26/73660ac284d7a13cdac791ca6b3d7dd9f98f.udd" 6040
"C:/Users/franc/AppData/Local/UnrealEngine/Common/DerivedDataCache/Buckets/LegacyDIST/5a/5f/57b39ac3ba488c6b6e5e2a6229dbbf3f0ff6.udd" 6041
"C:/Users/franc/AppData/Local/UnrealEngine/Common/DerivedDataCache/Buckets/LegacyCARD/08/86/41810a2b804f9112797404c2935ee524849c.udd" 6042
"C:/Users/franc/AppData/Local/UnrealEngine/Common/DerivedDataCache/Buckets/LegacyNavCollision/a6/a5/9c8ba4a8f1b7f1ddf0f66ea64da6e1ebde06.udd" 6043
"C:/Users/franc/AppData/Local/UnrealEngine/Common/DerivedDataCache/Buckets/StaticMesh/a7/f5/8172368b35e13de77da2d19617632fab49d6.udd" 6044
"C:/Users/franc/AppData/Local/UnrealEngine/Common/DerivedDataCache/Buckets/LegacyDIST/ed/37/c1766a4f82fda3ffc62c45404a0f6ed69cfb.udd" 6045
"C:/Users/franc/AppData/Local/UnrealEngine/Common/DerivedDataCache/Buckets/LegacyCARD/6c/61/9752f8406b0506566ecbd10bb57fbda521a3.udd" 6046
"C:/Users/franc/AppData/Local/UnrealEngine/Common/DerivedDataCache/Buckets/LegacyNavCollision/1b/25/d7a4d9feeb7c372b1f66c811a408856961d9.udd" 6047
"C:/Users/franc/AppData/Local/UnrealEngine/Common/DerivedDataCache/Buckets/StaticMesh/22/28/129bccc6e1b3422ed90bd03117ec066d9af7.udd" 6048
"C:/Users/franc/AppData/Local/UnrealEngine/Common/DerivedDataCache/Buckets/LegacyDIST/e6/8d/10d7de8ec366f1dab0936fdd9d06c84ff582.udd" 6049
"C:/Users/franc/AppData/Local/UnrealEngine/Common/DerivedDataCache/Buckets/LegacyCARD/e7/a8/f2df07b0adafb97a696be769c4d3bb6ecd77.udd" 6050
"C:/Users/franc/AppData/Local/UnrealEngine/Common/DerivedDataCache/Buckets/LegacyNavCollision/5a/1c/82c635c44b0d025fc1a67ac8ac6430ce58a9.udd" 6051
"C:/Users/franc/AppData/Local/UnrealEngine/Common/DerivedDataCache/Buckets/StaticMesh/b3/49/25e83ad3d351e6af72fd4f65d321d46714e0.udd" 6052
"C:/Users/franc/AppData/Local/UnrealEngine/Common/DerivedDataCache/Buckets/LegacyDIST/eb/17/576ba3bca1876cf7db7143f272cc0d61b036.udd" 6053
"C:/Users/franc/AppData/Local/UnrealEngine/Common/DerivedDataCache/Buckets/LegacyCARD/e8/03/82b0d88616d5083c1cbe0c2d17419ce91dde.udd" 6054
"C:/Users/franc/AppData/Local/UnrealEngine/Common/DerivedDataCache/Buckets/LegacyNavCollision/8b/5b/01cde1fbfe99f708683295e6c3c73dda613c.udd" 6055
"C:/Users/franc/AppData/Local/UnrealEngine/Common/DerivedDataCache/Buckets/StaticMesh/99/24/675daaca77e99dd011e49d83add444057fca.udd" 6056
"C:/Users/franc/AppData/Local/UnrealEngine/Common/DerivedDataCache/Buckets/LegacyDIST/44/1b/f74a8d9f3e45fa647e25d6133d512d5eaaf5.udd" 6057
"C:/Users/franc/AppData/Local/UnrealEngine/Common/DerivedDataCache/Buckets/LegacyCARD/5b/dd/3c5907d6cfd4b9cc903bbeb5bcd43f290eab.udd" 6058
"C:/Users/franc/AppData/Local/UnrealEngine/Common/DerivedDataCache/Buckets/LegacyNavCollision/67/38/f981b1cdc98e4f723208361b458574d06711.udd" 6059
"C:/Users/franc/AppData/Local/UnrealEngine/Common/DerivedDataCache/Buckets/StaticMesh/3c/75/9048709af0795ac3aac80e6bb368ccfbe05d.udd" 6060
"C:/Users/franc/AppData/Local/UnrealEngine/Common/DerivedDataCache/Buckets/LegacyDIST/c6/c5/e6320c95fd525329b3d19bb5d81fff7484df.udd" 6061
"C:/Users/franc/AppData/Local/UnrealEngine/Common/DerivedDataCache/Buckets/LegacyCARD/99/ac/a17ab29b6045ae025d9a9a732035f7185067.udd" 6062
"C:/Users/franc/AppData/Local/UnrealEngine/Common/DerivedDataCache/Buckets/LegacyNavCollision/cd/b4/3d7a5229a8ce8fc5e3d0afb604b3656ed75c.udd" 6063
"C:/Users/franc/AppData/Local/UnrealEngine/Common/DerivedDataCache/Buckets/StaticMesh/c8/7e/5b5fe803b9762f7b94464ac84089bf2cf48a.udd" 6064
"C:/Users/franc/AppData/Local/UnrealEngine/Common/DerivedDataCache/Buckets/LegacyDIST/fe/67/b3401874beda85b00acd7d4b5daad0949919.udd" 6065
"C:/Users/franc/AppData/Local/UnrealEngine/Common/DerivedDataCache/Buckets/LegacyCARD/72/22/79c9e0bd8b2aefb385eb0b7605300708419f.udd" 6066
"C:/Users/franc/AppData/Local/UnrealEngine/Common/DerivedDataCache/Buckets/LegacyNavCollision/2f/f1/d8db3be90a7e17e4567d53d869eef4aaa546.udd" 6067
"C:/Users/franc/AppData/Local/UnrealEngine/Common/DerivedDataCache/Buckets/StaticMesh/87/54/ccdd5a39e6a770ddaba43bb24f960a2a80eb.udd" 6068
"C:/Users/franc/AppData/Local/UnrealEngine/Common/DerivedDataCache/Buckets/LegacyDIST/65/53/1acca2d31097f95aed9872a719f7764cde83.udd" 6069
"C:/Users/franc/AppData/Local/UnrealEngine/Common/DerivedDataCache/Buckets/LegacyCARD/b0/78/07a207e386eca2b898898bc1df7acdfb1bba.udd" 6070
"C:/Users/franc/AppData/Local/UnrealEngine/Common/DerivedDataCache/Buckets/LegacyNavCollision/cd/f3/e1954917a045180d81c0558e6c571c7f609b.udd" 6071
"C:/Users/franc/AppData/Local/UnrealEngine/Common/DerivedDataCache/Buckets/StaticMesh/4b/6e/e95a32d78254861c93fabe8622bb8717cb1b.udd" 6072
"C:/Users/franc/AppData/Local/UnrealEngine/Common/DerivedDataCache/Buckets/LegacyDIST/72/96/f8e21d73710a5ce58316c94e7dc24eed2029.udd" 6073
"C:/Users/franc/AppData/Local/UnrealEngine/Common/DerivedDataCache/Buckets/LegacyCARD/b8/9c/b7e6cab97e3d86a7b76244e1060f1c924345.udd" 6074
"C:/Users/franc/AppData/Local/UnrealEngine/Common/DerivedDataCache/Buckets/LegacyNavCollision/d6/24/7873f508b73f8b1c631b47413db9c19f80c0.udd" 6075
"C:/Users/franc/AppData/Local/UnrealEngine/Common/DerivedDataCache/Buckets/StaticMesh/18/c4/6cf5fa02982e3fb934394389554442cc6378.udd" 6076
"C:/Users/franc/AppData/Local/UnrealEngine/Common/DerivedDataCache/Buckets/LegacyDIST/75/91/1d3862fe32251a1c62fa5e1740f2750df215.udd" 6077
"C:/Users/franc/AppData/Local/UnrealEngine/Common/DerivedDataCache/Buckets/LegacyCARD/71/93/75beabd39bf62e5598e0650ce08e91365d64.udd" 6078
"C:/Users/franc/AppData/Local/UnrealEngine/Common/DerivedDataCache/Buckets/LegacyNavCollision/d9/59/d8a5d2cae7a541d90d43219dedde5aa78135.udd" 6079
"C:/Users/franc/AppData/Local/UnrealEngine/Common/DerivedDataCache/Buckets/StaticMesh/0d/3c/3d4d752b6e85bb4f069c52f2b4b6d3198b83.udd" 6080
"C:/Users/franc/AppData/Local/UnrealEngine/Common/DerivedDataCache/Buckets/LegacyDIST/1d/e0/4a933eee10b857aeade1650219171ffc8142.udd" 6081
"C:/Users/franc/AppData/Local/UnrealEngine/Common/DerivedDataCache/Buckets/LegacyCARD/b3/19/071668b172ae72109b82937ffd81bbd4bff0.udd" 6082
"C:/Users/franc/AppData/Local/UnrealEngine/Common/DerivedDataCache/Buckets/LegacyNavCollision/ab/88/fb65bb8e635da7c646d4728c74240f0d4fa7.udd" 6083
"C:/Users/franc/AppData/Local/UnrealEngine/Common/DerivedDataCache/Buckets/StaticMesh/97/23/e4dbd48116b49337332c6298d943c6b9b874.udd" 6084
"C:/Users/franc/AppData/Local/UnrealEngine/Common/DerivedDataCache/Buckets/LegacyDIST/86/b5/78da898519c28cc32b6a82dae7cd33222bd3.udd" 6085
"C:/Users/franc/AppData/Local/UnrealEngine/Common/DerivedDataCache/Buckets/LegacyCARD/71/8a/3141bc8512984528ea6f52d5b2578aec9099.udd" 6086
"C:/Users/franc/AppData/Local/UnrealEngine/Common/DerivedDataCache/Buckets/LegacyNavCollision/b9/f1/c01aed1e06dee566e35072c6dcb35aea844f.udd" 6087
"C:/Users/franc/AppData/Local/UnrealEngine/Common/DerivedDataCache/Buckets/StaticMesh/01/13/f29b8c0e85c61f5cb03559ab5d952897d2c6.udd" 6088
"C:/Users/franc/AppData/Local/UnrealEngine/Common/DerivedDataCache/Buckets/LegacyDIST/19/4e/4ec1331036f66e8339cce43e066e2fd7e346.udd" 6089
"C:/Users/franc/AppData/Local/UnrealEngine/Common/DerivedDataCache/Buckets/LegacyCARD/b5/ea/61af03550a93226018f2973c2bdb8ea08974.udd" 6090
"C:/Users/franc/AppData/Local/UnrealEngine/Common/DerivedDataCache/Buckets/LegacyNavCollision/d2/ec/580e48c60b3b18b9c19726170f526efbdc21.udd" 6091
"C:/Users/franc/AppData/Local/UnrealEngine/Common/DerivedDataCache/Buckets/StaticMesh/69/43/c19ece0fd5205de5367d92ece82d1ecaafc5.udd" 6092
"C:/Users/franc/AppData/Local/UnrealEngine/Common/DerivedDataCache/Buckets/LegacyDIST/c2/47/bd0ae32425a11b36ac2e5a304506f375e2b4.udd" 6093
"C:/Users/franc/AppData/Local/UnrealEngine/Common/DerivedDataCache/Buckets/LegacyCARD/04/23/8a32687693a0e345d2044cdee5438479bf49.udd" 6094
"C:/Users/franc/AppData/Local/UnrealEngine/Common/DerivedDataCache/Buckets/LegacyNavCollision/96/10/9e2c92928652e24545952c1cefa6d83a36dd.udd" 6095
"C:/Users/franc/AppData/Local/UnrealEngine/Common/DerivedDataCache/Buckets/StaticMesh/c7/ab/8bf6f535e6bdea5e031747bc5b3daab3ec9a.udd" 6096
"C:/Users/franc/AppData/Local/UnrealEngine/Common/DerivedDataCache/Buckets/LegacyDIST/f7/24/8f8080904f5488bd3d1ec2ffea4da8aa33fb.udd" 6097
"C:/Users/franc/AppData/Local/UnrealEngine/Common/DerivedDataCache/Buckets/LegacyCARD/b2/33/16281b184a9cfdc6f00dbf1fd6fc31a6fb74.udd" 6098
"C:/Users/franc/AppData/Local/UnrealEngine/Common/DerivedDataCache/Buckets/LegacyNavCollision/21/53/aded17a940e878ab7bacc54fc276958fd760.udd" 6099
"C:/Users/franc/AppData/Local/UnrealEngine/Common/DerivedDataCache/Buckets/StaticMesh/2f/51/161d17addb9ac5c331c662fac1bdee0bad48.udd" 6100
"C:/Users/franc/AppData/Local/UnrealEngine/Common/DerivedDataCache/Buckets/LegacyDIST/d3/b1/b00d3c5443840c231927f80a8ba878f57509.udd" 6101
"C:/Users/franc/AppData/Local/UnrealEngine/Common/DerivedDataCache/Buckets/LegacyCARD/94/a3/71f1da7c4226cc14a0c9bb786d174923f826.udd" 6102
"C:/Users/franc/AppData/Local/UnrealEngine/Common/DerivedDataCache/Buckets/LegacyNavCollision/0b/bc/6d760f27ad101d40a9cbac28d5b2fac3ddef.udd" 6103
"C:/Users/franc/AppData/Local/UnrealEngine/Common/DerivedDataCache/Buckets/StaticMesh/dc/12/bfd69d8eeb59bd40471107fd45f8c32f01ee.udd" 6104
"C:/Users/franc/AppData/Local/UnrealEngine/Common/DerivedDataCache/Buckets/LegacyDIST/ca/ef/fca60cabd0e94387636a1625b35e8c5b26b0.udd" 6105
"C:/Users/franc/AppData/Local/UnrealEngine/Common/DerivedDataCache/Buckets/LegacyCARD/ce/8c/a7fdfb4caa7c723e4f7e46ad81f40f120389.udd" 6106
"C:/Users/franc/AppData/Local/UnrealEngine/Common/DerivedDataCache/Buckets/LegacyNavCollision/2a/7e/35850f0a112371e5bc95f5fc8329d5486367.udd" 6107
"C:/Users/franc/AppData/Local/UnrealEngine/Common/DerivedDataCache/Buckets/StaticMesh/0b/c4/825312b9e553d5624cebeb156643611dbfab.udd" 6108
"C:/Users/franc/AppData/Local/UnrealEngine/Common/DerivedDataCache/Buckets/LegacyDIST/ef/f3/23ee547e76d72d36a6b76ecd6e8f05c74345.udd" 6109
"C:/Users/franc/AppData/Local/UnrealEngine/Common/DerivedDataCache/Buckets/LegacyCARD/10/4f/eefd6f9c4f00dfeca82e7754f16efd5e499e.udd" 6110
"C:/Users/franc/AppData/Local/UnrealEngine/Common/DerivedDataCache/Buckets/LegacyNavCollision/74/da/e741c994ac5142c061198b5f16297b46e759.udd" 6111
"C:/Users/franc/AppData/Local/UnrealEngine/Common/DerivedDataCache/Buckets/MaterialShaderMap/fd/df/69d037ef7345db795a431abbf712f0e1914d.udd" 6112
"C:/Users/franc/AppData/Local/UnrealEngine/Common/DerivedDataCache/Buckets/MaterialShaderMap/5f/92/6c6e10ee61a08995fc97a4c9d40aa512109e.udd" 6113
"E:/Unreal Projects/LeagueJourney/Content/__ExternalActors__/ThirdPerson/Maps/ThirdPersonMap/0/FG/C9C8NKPQ680JETAE5ROTT1.uasset" 6114
"E:/Unreal Projects/LeagueJourney/Content/__ExternalActors__/ThirdPerson/Maps/ThirdPersonMap/1/AZ/A7GPT109Y6ZTTJD4A7TXER.uasset" 6115
"E:/Unreal Projects/LeagueJourney/Content/__ExternalActors__/ThirdPerson/Maps/ThirdPersonMap/1/HL/XWFFRCIJ8QK4NRO30ALA6J.uasset" 6116
"E:/Unreal Projects/LeagueJourney/Content/__ExternalActors__/ThirdPerson/Maps/ThirdPersonMap/1/WU/NB37RT5Q32Z8MJWD8BD2SO.uasset" 6117
"E:/Unreal Projects/LeagueJourney/Content/__ExternalActors__/ThirdPerson/Maps/ThirdPersonMap/3/EY/87SHEJN5UBEAN2K5OV1G6R.uasset" 6118
"E:/Unreal Projects/LeagueJourney/Content/__ExternalActors__/ThirdPerson/Maps/ThirdPersonMap/3/M3/7JQC72ZY37QM4IT43WD5CW.uasset" 6119
"E:/Unreal Projects/LeagueJourney/Content/__ExternalActors__/ThirdPerson/Maps/ThirdPersonMap/3/P3/O43ETCZTFMLWWH1CJ941H2.uasset" 6120
"E:/Unreal Projects/LeagueJourney/Content/__ExternalActors__/ThirdPerson/Maps/ThirdPersonMap/4/60/5PI42YRDC8HSSG6BVV2GRR.uasset" 6121
"E:/Unreal Projects/LeagueJourney/Content/__ExternalActors__/ThirdPerson/Maps/ThirdPersonMap/4/LN/30UBDLYFFA5ZR7U4W4L4GG.uasset" 6122
"E:/Unreal Projects/LeagueJourney/Content/__ExternalActors__/ThirdPerson/Maps/ThirdPersonMap/4/PN/2QISIGK5DJNQ05US8O8FXW.uasset" 6123
"E:/Unreal Projects/LeagueJourney/Content/__ExternalActors__/ThirdPerson/Maps/ThirdPersonMap/5/11/IM858T68EBXCBX1T2FNR96.uasset" 6124
"E:/Unreal Projects/LeagueJourney/Content/__ExternalActors__/ThirdPerson/Maps/ThirdPersonMap/5/7E/BEYC27T14FHBU6LF2F60RR.uasset" 6125
"E:/Unreal Projects/LeagueJourney/Content/__ExternalActors__/ThirdPerson/Maps/ThirdPersonMap/5/9Q/U98KGKQ41NJYFOGFQM8ZDY.uasset" 6126
"E:/Unreal Projects/LeagueJourney/Content/__ExternalActors__/ThirdPerson/Maps/ThirdPersonMap/5/QO/CO9MG7REJF8N8AQFYRCI06.uasset" 6127
"E:/Unreal Projects/LeagueJourney/Content/__ExternalActors__/ThirdPerson/Maps/ThirdPersonMap/5/R1/TS5OQ5CRUWFZYL1ZQ7I416.uasset" 6128
"E:/Unreal Projects/LeagueJourney/Content/__ExternalActors__/ThirdPerson/Maps/ThirdPersonMap/6/CZ/K2YM0JIRZ78IHGM8W2QBAF.uasset" 6129
"E:/Unreal Projects/LeagueJourney/Content/__ExternalActors__/ThirdPerson/Maps/ThirdPersonMap/6/HF/9H7TKAXH9DD8KI3TIXGI2I.uasset" 6130
"E:/Unreal Projects/LeagueJourney/Content/__ExternalActors__/ThirdPerson/Maps/ThirdPersonMap/6/IR/OTJMGDDXDV5TI7982YKZ5P.uasset" 6131
"E:/Unreal Projects/LeagueJourney/Content/__ExternalActors__/ThirdPerson/Maps/ThirdPersonMap/6/J7/N10XDC9G27EMLS5AGZ6AVV.uasset" 6132
"E:/Unreal Projects/LeagueJourney/Content/__ExternalActors__/ThirdPerson/Maps/ThirdPersonMap/6/NC/UUYHDUFQAXTRRN4RVOPIUF.uasset" 6133
"E:/Unreal Projects/LeagueJourney/Content/__ExternalActors__/ThirdPerson/Maps/ThirdPersonMap/6/XB/9VVR39MG0K7W5GQIEFE7SO.uasset" 6134
"E:/Unreal Projects/LeagueJourney/Content/__ExternalActors__/ThirdPerson/Maps/ThirdPersonMap/6/YO/NG2R9BPZVA7ZDN0Z4VSTG6.uasset" 6135
"E:/Unreal Projects/LeagueJourney/Content/__ExternalActors__/ThirdPerson/Maps/ThirdPersonMap/8/3J/6B9RJI3FDPCETRKXUXCQ4C.uasset" 6136
"E:/Unreal Projects/LeagueJourney/Content/__ExternalActors__/ThirdPerson/Maps/ThirdPersonMap/8/S1/DXUWD12MD3HRWVVXX076BY.uasset" 6137
"E:/Unreal Projects/LeagueJourney/Content/__ExternalActors__/ThirdPerson/Maps/ThirdPersonMap/9/U7/H8YL2PPHZPBTI74SUD0RNL.uasset" 6138
"E:/Unreal Projects/LeagueJourney/Content/__ExternalActors__/ThirdPerson/Maps/ThirdPersonMap/A/16/Q7Y1URWWFS0TXGWUTO3S61.uasset" 6139
"E:/Unreal Projects/LeagueJourney/Content/__ExternalActors__/ThirdPerson/Maps/ThirdPersonMap/A/17/6LXV4Y6DE3LUT705XNU4DZ.uasset" 6140
"E:/Unreal Projects/LeagueJourney/Content/__ExternalActors__/ThirdPerson/Maps/ThirdPersonMap/A/MS/MRHJREJ6H7USQYWF1KO8F6.uasset" 6141
"E:/Unreal Projects/LeagueJourney/Content/__ExternalActors__/ThirdPerson/Maps/ThirdPersonMap/B/4D/BBOCKSZY1GVHTFRX0PR0O8.uasset" 6142
"E:/Unreal Projects/LeagueJourney/Content/__ExternalActors__/ThirdPerson/Maps/ThirdPersonMap/B/8K/1IKKDYS7RULH8FRYRPPF04.uasset" 6143
"E:/Unreal Projects/LeagueJourney/Content/__ExternalActors__/ThirdPerson/Maps/ThirdPersonMap/B/EA/9BWDWCNL7OZT2HTML9LK1Y.uasset" 6144
"E:/Unreal Projects/LeagueJourney/Content/__ExternalActors__/ThirdPerson/Maps/ThirdPersonMap/B/FB/8RB55FM1HBEUVO4IOQC4YN.uasset" 6145
"E:/Unreal Projects/LeagueJourney/Content/__ExternalActors__/ThirdPerson/Maps/ThirdPersonMap/C/QF/BY1DA5CRGQSAMOTK8RA8KR.uasset" 6146
"E:/Unreal Projects/LeagueJourney/Content/__ExternalActors__/ThirdPerson/Maps/ThirdPersonMap/C/YT/CQR16QFDKKEYP53M51TV4F.uasset" 6147
"E:/Unreal Projects/LeagueJourney/Content/__ExternalActors__/ThirdPerson/Maps/ThirdPersonMap/D/0G/JNKFA4X9LRMSF343ESPF6Q.uasset" 6148
"E:/Unreal Projects/LeagueJourney/Content/__ExternalActors__/ThirdPerson/Maps/ThirdPersonMap/D/3V/NMHOKL5LGQDOAAG00FUMZR.uasset" 6149
"E:/Unreal Projects/LeagueJourney/Content/__ExternalActors__/ThirdPerson/Maps/ThirdPersonMap/D/DE/SWSI13675DVYIZ0N4NF7Y3.uasset" 6150
"E:/Unreal Projects/LeagueJourney/Content/__ExternalActors__/ThirdPerson/Maps/ThirdPersonMap/E/8O/GK06JAEJ82TQ0GA2QB0DJG.uasset" 6151
"C:/Users/franc/AppData/Local/UnrealEngine/Common/DerivedDataCache/Buckets/LegacyAnimSeq/15/ad/e91c30c77453bdbb0724981d9dc12dd5ac4c.udd" 6152
"C:/Users/franc/AppData/Local/UnrealEngine/Common/DerivedDataCache/Buckets/LegacyAnimSeq/3a/6e/050432b7ca9156711561e27d424b7d635a61.udd" 6153
"C:/Users/franc/AppData/Local/UnrealEngine/Common/DerivedDataCache/Buckets/StaticMesh/84/c1/b059fbe8421704c03f67f180edefba11060c.udd" 6154
"C:/Users/franc/AppData/Local/UnrealEngine/Common/DerivedDataCache/Buckets/LegacyDIST/a7/77/3bccd33dfb570fd7875b19ea782812c39d0e.udd" 6155
"C:/Users/franc/AppData/Local/UnrealEngine/Common/DerivedDataCache/Buckets/LegacyCARD/d7/b4/de08616d4c0adf77ba8aef68ba70e06d5318.udd" 6156
"C:/Users/franc/AppData/Local/UnrealEngine/Common/DerivedDataCache/Buckets/LegacyNavCollision/d6/28/e7a323bb9a23388f2f9981a298c0b923dd9d.udd" 6157
"C:/Users/franc/AppData/Local/UnrealEngine/Common/DerivedDataCache/Buckets/StaticMesh/b8/cd/26e0b677aad306ca3976494f45e1cf8566e8.udd" 6158
"C:/Users/franc/AppData/Local/UnrealEngine/Common/DerivedDataCache/Buckets/StaticMesh/17/71/ee250c2966ae156962b45663ec3a48470973.udd" 6159
"C:/Users/franc/AppData/Local/UnrealEngine/Common/DerivedDataCache/Buckets/LegacyDIST/f0/72/f00285107cd3df40edb7bec2540115781a7b.udd" 6160
"C:/Users/franc/AppData/Local/UnrealEngine/Common/DerivedDataCache/Buckets/LegacyCARD/94/77/241357fca6dd8ca8fe0c561f195f355499eb.udd" 6161
"C:/Users/franc/AppData/Local/UnrealEngine/Common/DerivedDataCache/Buckets/LegacyDIST/07/c3/b76bd2f22b396a4fb108329086bb84f200c2.udd" 6162
"C:/Users/franc/AppData/Local/UnrealEngine/Common/DerivedDataCache/Buckets/LegacyCARD/2c/0b/60de073ad4900ccfefd340a38fb84ec133d7.udd" 6163
"C:/Users/franc/AppData/Local/UnrealEngine/Common/DerivedDataCache/Buckets/LegacyNavCollision/32/82/a418c49aeb5ae8b2acd6225f822f352be09b.udd" 6164
"C:/Users/franc/AppData/Local/UnrealEngine/Common/DerivedDataCache/Buckets/StaticMesh/ac/e4/688f31a60c3fef0ee6fc025bf606574ccb47.udd" 6165
"C:/Users/franc/AppData/Local/UnrealEngine/Common/DerivedDataCache/Buckets/LegacyDIST/13/a5/6af9e5b9e79d70251c0c404e2344bf05e4d7.udd" 6166
"C:/Users/franc/AppData/Local/UnrealEngine/Common/DerivedDataCache/Buckets/LegacyCARD/22/6c/636ab4033f1d173aabe74a3d107f4696a388.udd" 6167
"C:/Users/franc/AppData/Local/UnrealEngine/Common/DerivedDataCache/Buckets/LegacyNavCollision/7f/8a/493ba9564172017099e48710e83190ece013.udd" 6168
"C:/Users/franc/AppData/Local/UnrealEngine/Common/DerivedDataCache/Buckets/StaticMesh/76/c2/2e1965e4360b5767dba6b4fd41b001e18604.udd" 6169
"C:/Users/franc/AppData/Local/UnrealEngine/Common/DerivedDataCache/Buckets/LegacyDIST/0e/32/b842151d0fae494d08bf0d9325f3de905132.udd" 6170
"C:/Users/franc/AppData/Local/UnrealEngine/Common/DerivedDataCache/Buckets/LegacyCARD/81/e8/0b075318a1cc1e65677d52ca8fb8332ff402.udd" 6171
"C:/Users/franc/AppData/Local/UnrealEngine/Common/DerivedDataCache/Buckets/LegacyNavCollision/0a/b5/b32baa5310aa6bf55a1ac5826550ccc6f342.udd" 6172
"C:/Users/franc/AppData/Local/UnrealEngine/Common/DerivedDataCache/Buckets/StaticMesh/aa/2d/675997e92ce250367d8e6fa5c0420d89e7e7.udd" 6173
"C:/Users/franc/AppData/Local/UnrealEngine/Common/DerivedDataCache/Buckets/LegacyDIST/b7/bd/8912c427a5b323af29a5a01017be72af1b48.udd" 6174
"C:/Users/franc/AppData/Local/UnrealEngine/Common/DerivedDataCache/Buckets/LegacyNavCollision/4b/93/3b4d29b51987e04272459c09d5dcd2651a78.udd" 6175
"C:/Users/franc/AppData/Local/UnrealEngine/Common/DerivedDataCache/Buckets/LegacyCARD/36/5c/6c9869064e7279102f034e9d74c29ffb08fb.udd" 6176
"C:/Users/franc/AppData/Local/UnrealEngine/Common/DerivedDataCache/Buckets/LegacyNavCollision/b1/1a/3b181a5bc6834e138af3dceb4e3d0f592379.udd" 6177
"C:/Users/franc/AppData/Local/UnrealEngine/Common/DerivedDataCache/Buckets/StaticMesh/8b/7f/f536b5fc3535e757e77df3dceec5c82e6192.udd" 6178
"C:/Users/franc/AppData/Local/UnrealEngine/Common/DerivedDataCache/Buckets/StaticMesh/c2/fe/56deb02f8c2a14dd2513a37a4430fcc9f543.udd" 6179
"C:/Users/franc/AppData/Local/UnrealEngine/Common/DerivedDataCache/Buckets/LegacyDIST/63/e0/96c16ab6b1eb9dff54d8b3af19522ec38219.udd" 6180
"C:/Users/franc/AppData/Local/UnrealEngine/Common/DerivedDataCache/Buckets/LegacyDIST/e6/98/1cdf6b56b1581374d6c7f5dd525fe69d288d.udd" 6181
"C:/Users/franc/AppData/Local/UnrealEngine/Common/DerivedDataCache/Buckets/LegacyCARD/c7/10/5721f0122b8b2cc5d20a108f362b09c03cd4.udd" 6182
"C:/Users/franc/AppData/Local/UnrealEngine/Common/DerivedDataCache/Buckets/LegacyCARD/17/74/59e92ab881b09a7b8ea7997cda65275790f7.udd" 6183
"C:/Users/franc/AppData/Local/UnrealEngine/Common/DerivedDataCache/Buckets/LegacyNavCollision/18/54/5dfbde756838aaca3e9267fec02a96f9a7a8.udd" 6184
"C:/Users/franc/AppData/Local/UnrealEngine/Common/DerivedDataCache/Buckets/StaticMesh/e8/ee/2d73375c0fcef5aa38feb913e072ae9af576.udd" 6185
"C:/Users/franc/AppData/Local/UnrealEngine/Common/DerivedDataCache/Buckets/LegacyDIST/65/06/be2865cf3e7582af973914fd797a6593dc0f.udd" 6186
"C:/Users/franc/AppData/Local/UnrealEngine/Common/DerivedDataCache/Buckets/LegacyCARD/57/99/26756e2c5e17ae4918d12275d44111a30ea8.udd" 6187
"C:/Users/franc/AppData/Local/UnrealEngine/Common/DerivedDataCache/Buckets/LegacyNavCollision/d8/62/07cd5be3f428d346b5a9b9ff2c4441b7522c.udd" 6188
"C:/Users/franc/AppData/Local/UnrealEngine/Common/DerivedDataCache/Buckets/LegacyNavCollision/38/1f/56499640540f3d7be231535526530702b213.udd" 6189
"C:/Users/franc/AppData/Local/UnrealEngine/Common/DerivedDataCache/Buckets/StaticMesh/26/0e/1062d0eedc25c58afb1a70f384add80cdfa6.udd" 6190
"C:/Users/franc/AppData/Local/UnrealEngine/Common/DerivedDataCache/Buckets/StaticMesh/83/d4/9610f25c020f8f4be8517d9a9d9c3e1f188a.udd" 6191
"C:/Users/franc/AppData/Local/UnrealEngine/Common/DerivedDataCache/Buckets/LegacyDIST/99/d8/f21a831be62376646b2adfa14a598ae0d7cc.udd" 6192
"C:/Users/franc/AppData/Local/UnrealEngine/Common/DerivedDataCache/Buckets/LegacyCARD/e7/ab/a6a8d0e2c795f0d31eedb7c854ff4a623b00.udd" 6193
"C:/Users/franc/AppData/Local/UnrealEngine/Common/DerivedDataCache/Buckets/LegacyNavCollision/65/a5/ca922f0c01fec09424ef499292540bba604e.udd" 6194
"C:/Users/franc/AppData/Local/UnrealEngine/Common/DerivedDataCache/Buckets/StaticMesh/3e/9b/57059653dfc157f28d7d3b12c7642ce64f98.udd" 6195
"C:/Users/franc/AppData/Local/UnrealEngine/Common/DerivedDataCache/Buckets/LegacyDIST/87/e9/47b6ca606ba9da3a15782a1565d90ff543bf.udd" 6196
"C:/Users/franc/AppData/Local/UnrealEngine/Common/DerivedDataCache/Buckets/LegacyCARD/55/ac/4adc55c9b3ef6a74ab14b1917fac363044b8.udd" 6197
"C:/Users/franc/AppData/Local/UnrealEngine/Common/DerivedDataCache/Buckets/LegacyNavCollision/c6/20/82222a0f4fd556616d757398972cddad60e8.udd" 6198
"C:/Users/franc/AppData/Local/UnrealEngine/Common/DerivedDataCache/Buckets/StaticMesh/eb/6c/22592343b1ca84cf52e238fca9032b26e92e.udd" 6199
"C:/Users/franc/AppData/Local/UnrealEngine/Common/DerivedDataCache/Content/a5/82/b26e3a9717a5b234d0b37b578c9d10fea62e.udd" 6200
"C:/Users/franc/AppData/Local/UnrealEngine/Common/DerivedDataCache/Buckets/LegacyDIST/b2/01/d6e5198f6db432a54dc25e27509f226f59f0.udd" 6201
"C:/Users/franc/AppData/Local/UnrealEngine/Common/DerivedDataCache/Buckets/LegacyDIST/f7/c3/88d17a1069db975be65be02aaa8fd027a7e7.udd" 6202
"C:/Users/franc/AppData/Local/UnrealEngine/Common/DerivedDataCache/Buckets/LegacyCARD/c8/cc/9efcce8e5ae4726f494f27a4a9cfc94e9d30.udd" 6203
"C:/Users/franc/AppData/Local/UnrealEngine/Common/DerivedDataCache/Buckets/LegacyCARD/23/9d/06accdd87c7d39e7793612b618e4b18d2f3a.udd" 6204
"C:/Users/franc/AppData/Local/UnrealEngine/Common/DerivedDataCache/Buckets/LegacyNavCollision/d0/8e/ca5d7fa74adf7b91fd21ed7a707be528428d.udd" 6205
"C:/Users/franc/AppData/Local/UnrealEngine/Common/DerivedDataCache/Buckets/LegacyNavCollision/c4/d6/5743efaf5d4f5db4cf4ebd5824a20a305194.udd" 6206
"C:/Users/franc/AppData/Local/UnrealEngine/Common/DerivedDataCache/Buckets/StaticMesh/75/a7/dc92a6893e58cd54b760ac4a1f517c44d6a2.udd" 6207
"C:/Users/franc/AppData/Local/UnrealEngine/Common/DerivedDataCache/Buckets/StaticMesh/98/62/249af283e46adfbef8f654a93fecca7acbc8.udd" 6208
"C:/Users/franc/AppData/Local/UnrealEngine/Common/DerivedDataCache/Buckets/LegacyDIST/64/17/089fd525e8f99a9dfc143a1bf39baf144146.udd" 6209
"C:/Users/franc/AppData/Local/UnrealEngine/Common/DerivedDataCache/Buckets/LegacyCARD/b1/f2/fb83505178e3daadebe3693d1f1d8dc4acac.udd" 6210
"C:/Users/franc/AppData/Local/UnrealEngine/Common/DerivedDataCache/Buckets/LegacyDIST/52/4f/0ad190d40601c9fada9d3bf2d7b8ae444457.udd" 6211
"C:/Users/franc/AppData/Local/UnrealEngine/Common/DerivedDataCache/Buckets/LegacyCARD/89/d6/3670a16f23423655f4870923709c582aa8bc.udd" 6212
"C:/Users/franc/AppData/Local/UnrealEngine/Common/DerivedDataCache/Buckets/LegacyNavCollision/a6/e8/f376fa5d350fe71c360444a7392a30616391.udd" 6213
"C:/Users/franc/AppData/Local/UnrealEngine/Common/DerivedDataCache/Buckets/StaticMesh/d0/24/3ab82430d1f051f5c9cf034403599619f6f4.udd" 6214
"C:/Users/franc/AppData/Local/UnrealEngine/Common/DerivedDataCache/Buckets/LegacyDIST/bb/a5/d710ecb029be305ab2b9d420c99ae9192d0c.udd" 6215
"C:/Users/franc/AppData/Local/UnrealEngine/Common/DerivedDataCache/Buckets/LegacyCARD/12/5f/7f7670399697ef5d207b9cfbfd2c75bf97f7.udd" 6216
"C:/Users/franc/AppData/Local/UnrealEngine/Common/DerivedDataCache/Buckets/LegacyNavCollision/10/dd/1e5ac5a9b1455e9d26009c789da89cddba39.udd" 6217
"C:/Users/franc/AppData/Local/UnrealEngine/Common/DerivedDataCache/Buckets/LegacyNavCollision/f6/bc/dd621edbe12ae786644dcd4bd5ba456f1eb1.udd" 6218
"C:/Users/franc/AppData/Local/UnrealEngine/Common/DerivedDataCache/Buckets/StaticMesh/98/13/e359d39425b10298b776d77d6beb6c13765f.udd" 6219
"C:/Users/franc/AppData/Local/UnrealEngine/Common/DerivedDataCache/Buckets/LegacyDIST/7a/f1/2f68305ee748792c39fafd03ee86a8999a3e.udd" 6220
"C:/Users/franc/AppData/Local/UnrealEngine/Common/DerivedDataCache/Buckets/LegacyCARD/35/b8/c7bc0b71f7fe834bd253c4feade5bc1e546b.udd" 6221
"C:/Users/franc/AppData/Local/UnrealEngine/Common/DerivedDataCache/Buckets/StaticMesh/2b/99/8687ea1d6f8b0d94d021f0d04e5a68bc99c4.udd" 6222
"C:/Users/franc/AppData/Local/UnrealEngine/Common/DerivedDataCache/Buckets/LegacyNavCollision/e8/4d/2bfc297c14fd07d68f975630f0f2d60ea00e.udd" 6223
"C:/Users/franc/AppData/Local/UnrealEngine/Common/DerivedDataCache/Buckets/LegacyDIST/a4/e7/0a48971d2af17a2437c116e89afdfe690a8c.udd" 6224
"C:/Users/franc/AppData/Local/UnrealEngine/Common/DerivedDataCache/Buckets/StaticMesh/86/f7/9630051ae18cec7efe1f5687c44bc28ffab0.udd" 6225
"C:/Users/franc/AppData/Local/UnrealEngine/Common/DerivedDataCache/Buckets/LegacyCARD/74/fd/0d5b3e1cc4b6917a42a9b05fdd15909c425e.udd" 6226
"C:/Users/franc/AppData/Local/UnrealEngine/Common/DerivedDataCache/Buckets/LegacyDIST/f6/f0/1a0500a3fd5abe181bbf6e8863ecaada20a4.udd" 6227
"C:/Users/franc/AppData/Local/UnrealEngine/Common/DerivedDataCache/Buckets/LegacyCARD/85/8a/6f765826373923185c847b2e84dfd3d101f5.udd" 6228
"C:/Users/franc/AppData/Local/UnrealEngine/Common/DerivedDataCache/Buckets/LegacyNavCollision/fe/a3/b60cd57d95324345e8da5fefa852be3183ad.udd" 6229
"C:/Users/franc/AppData/Local/UnrealEngine/Common/DerivedDataCache/Buckets/LegacyNavCollision/34/7b/4a86c0d711701fd19cb466fcbdfc6f4bdded.udd" 6230
"C:/Users/franc/AppData/Local/UnrealEngine/Common/DerivedDataCache/Buckets/StaticMesh/54/e3/b85fe95937f3d3ad4b57935e80f5df0f09a2.udd" 6231
"C:/Users/franc/AppData/Local/UnrealEngine/Common/DerivedDataCache/Buckets/LegacyDIST/cd/79/0b1d8010a4d32f0f2c632cdf8cfce54621b7.udd" 6232
"C:/Users/franc/AppData/Local/UnrealEngine/Common/DerivedDataCache/Buckets/LegacyCARD/43/19/0637b569abd6226514bbc35d996cf9554d92.udd" 6233
"C:/Users/franc/AppData/Local/UnrealEngine/Common/DerivedDataCache/Buckets/StaticMesh/f3/1c/1c4c3ddafbac025a9e981c876fc178995348.udd" 6234
"C:/Users/franc/AppData/Local/UnrealEngine/Common/DerivedDataCache/Buckets/LegacyNavCollision/75/38/b8abe261674b2d61debe09be500f945baddd.udd" 6235
"C:/Users/franc/AppData/Local/UnrealEngine/Common/DerivedDataCache/Buckets/StaticMesh/16/36/992443e59e6176b4cc9af42ac7e6d62eaf3b.udd" 6236
"C:/Users/franc/AppData/Local/UnrealEngine/Common/DerivedDataCache/Buckets/LegacyDIST/ac/6e/5eaedfe880169e877dfe3727c372a3ec1c6b.udd" 6237
"C:/Users/franc/AppData/Local/UnrealEngine/Common/DerivedDataCache/Buckets/LegacyCARD/a4/fb/ddccfd8ec00cefb270b4a67bd58a8cb1228d.udd" 6238
"C:/Users/franc/AppData/Local/UnrealEngine/Common/DerivedDataCache/Buckets/LegacyNavCollision/cf/7a/dae3d34a45cfdc8e928bda731110ec206c27.udd" 6239
"C:/Users/franc/AppData/Local/UnrealEngine/Common/DerivedDataCache/Buckets/StaticMesh/15/ed/910f350dc11f3a7ead4a5a324b22b88ab11b.udd" 6240
"C:/Users/franc/AppData/Local/UnrealEngine/Common/DerivedDataCache/Buckets/LegacyDIST/1a/fa/588383ec8136fc2dfd1fce1c44af5c546c55.udd" 6241
"C:/Users/franc/AppData/Local/UnrealEngine/Common/DerivedDataCache/Buckets/LegacyDIST/8f/8b/5eb44603664e378502075d02a6ca22d9659a.udd" 6242
"C:/Users/franc/AppData/Local/UnrealEngine/Common/DerivedDataCache/Buckets/LegacyCARD/38/c9/8f575fac4c22e79bb10e51c95c59bd5429c7.udd" 6243
"C:/Users/franc/AppData/Local/UnrealEngine/Common/DerivedDataCache/Buckets/LegacyCARD/28/7e/20c667e7c6b8b801eb234f3415b6d32999c2.udd" 6244
"C:/Users/franc/AppData/Local/UnrealEngine/Common/DerivedDataCache/Buckets/LegacyNavCollision/7a/da/e2cbaaf2f76ad4ca67413f831038d63bc37e.udd" 6245
"C:/Users/franc/AppData/Local/UnrealEngine/Common/DerivedDataCache/Buckets/StaticMesh/bf/e3/092a1a8061cb11d514cfc9b7101561113130.udd" 6246
"C:/Users/franc/AppData/Local/UnrealEngine/Common/DerivedDataCache/Buckets/LegacyDIST/73/12/f97a28156e7c773defa238de6c064c961cec.udd" 6247
"C:/Users/franc/AppData/Local/UnrealEngine/Common/DerivedDataCache/Buckets/LegacyCARD/3f/c0/b91c1d04f65eb85a5157a4004a55c0c1b254.udd" 6248
"C:/Users/franc/AppData/Local/UnrealEngine/Common/DerivedDataCache/Buckets/LegacyNavCollision/62/53/a4a4ce862c973b7d02fb133592659437d27c.udd" 6249
"C:/Users/franc/AppData/Local/UnrealEngine/Common/DerivedDataCache/Buckets/LegacyNavCollision/e6/26/e0890e9da3599e5c9153992515e711aa3b46.udd" 6250
"C:/Users/franc/AppData/Local/UnrealEngine/Common/DerivedDataCache/Buckets/StaticMesh/8b/19/7e5f280f2b8a82ccbdfe81cf545074a97fd3.udd" 6251
"C:/Users/franc/AppData/Local/UnrealEngine/Common/DerivedDataCache/Buckets/LegacyDIST/64/b6/c02c263ae3959729a0feaebe9daec80d72e4.udd" 6252
"C:/Users/franc/AppData/Local/UnrealEngine/Common/DerivedDataCache/Buckets/LegacyCARD/c4/7f/fd5bb27a1c487385b4858967418833a248ea.udd" 6253
"C:/Users/franc/AppData/Local/UnrealEngine/Common/DerivedDataCache/Buckets/StaticMesh/9a/8d/e12aa3469b953e6e475a29be2c0df8f683be.udd" 6254
"C:/Users/franc/AppData/Local/UnrealEngine/Common/DerivedDataCache/Buckets/LegacyDIST/24/b3/374b9b1f0a5690a9cf7541db04c360299c36.udd" 6255
"C:/Users/franc/AppData/Local/UnrealEngine/Common/DerivedDataCache/Buckets/LegacyCARD/d3/5d/1c0c76a33c0e6528784e9b19844537750849.udd" 6256
"C:/Users/franc/AppData/Local/UnrealEngine/Common/DerivedDataCache/Buckets/LegacyNavCollision/98/f6/5a99dce94ff325cbf31e7fa976dcd7b44218.udd" 6257
"C:/Users/franc/AppData/Local/UnrealEngine/Common/DerivedDataCache/Buckets/LegacyNavCollision/53/46/36010cfb5e28eeb8dd1aafcb7708386b744e.udd" 6258
"C:/Users/franc/AppData/Local/UnrealEngine/Common/DerivedDataCache/Buckets/StaticMesh/38/4f/a11e5f85c2b87778a34822998a63265f3211.udd" 6259
"C:/Users/franc/AppData/Local/UnrealEngine/Common/DerivedDataCache/Buckets/StaticMesh/83/b7/12b8ee13501b01099efeaac01f4d3bc74153.udd" 6260
"C:/Users/franc/AppData/Local/UnrealEngine/Common/DerivedDataCache/Buckets/LegacyDIST/dd/dc/fdd1380e111d3bf9dd0b2e4c89fbc840b83d.udd" 6261
"C:/Users/franc/AppData/Local/UnrealEngine/Common/DerivedDataCache/Buckets/LegacyDIST/d4/f9/b38a7bcb1f4c7a67f6ecaf355ccb5060a7be.udd" 6262
"C:/Users/franc/AppData/Local/UnrealEngine/Common/DerivedDataCache/Buckets/LegacyCARD/2f/28/c611ba56e9733adb02596b85d54086166a34.udd" 6263
"C:/Users/franc/AppData/Local/UnrealEngine/Common/DerivedDataCache/Buckets/LegacyCARD/99/3f/976563b08192bed61d6d057e5491188a53a3.udd" 6264
"C:/Users/franc/AppData/Local/UnrealEngine/Common/DerivedDataCache/Buckets/LegacyNavCollision/fd/13/76d21ae2ff64113519e147392bf540d0c635.udd" 6265
"C:/Users/franc/AppData/Local/UnrealEngine/Common/DerivedDataCache/Buckets/LegacyNavCollision/f1/80/3fb1cef582693eac92c88449e597ca8ea9b2.udd" 6266
"C:/Users/franc/AppData/Local/UnrealEngine/Common/DerivedDataCache/Buckets/StaticMesh/31/46/4b7a3d546b5f4e29b0928c52abb434e4171b.udd" 6267
"C:/Users/franc/AppData/Local/UnrealEngine/Common/DerivedDataCache/Buckets/LegacyDIST/a7/9a/a492c4d56d79779bdc56baacd8be8be09273.udd" 6268
"C:/Users/franc/AppData/Local/UnrealEngine/Common/DerivedDataCache/Buckets/LegacyCARD/7c/4a/3f6b1be488e0659eebb76081e586123ca30f.udd" 6269
"C:/Users/franc/AppData/Local/UnrealEngine/Common/DerivedDataCache/Buckets/LegacyNavCollision/f7/51/ece28cd78d73851228fb08a5de5827bd9cf0.udd" 6270
"C:/Users/franc/AppData/Local/UnrealEngine/Common/DerivedDataCache/Buckets/StaticMesh/0e/3f/b49ddbb3bb147958c19086cac1ef5ab2d05b.udd" 6271
"C:/Users/franc/AppData/Local/UnrealEngine/Common/DerivedDataCache/Buckets/LegacyDIST/4f/81/804aa6eb1bb67c3a8fe47866528aefa2e44e.udd" 6272
"C:/Users/franc/AppData/Local/UnrealEngine/Common/DerivedDataCache/Buckets/LegacyDIST/a3/eb/02c1ade61a3f4e43e52742a0cbf7eae89a39.udd" 6273
"C:/Users/franc/AppData/Local/UnrealEngine/Common/DerivedDataCache/Buckets/LegacyCARD/02/9a/bf226d35d407495a0531a99e7f19299b3ec0.udd" 6274
"C:/Users/franc/AppData/Local/UnrealEngine/Common/DerivedDataCache/Buckets/LegacyCARD/ed/02/12ab5da4456fd0c0d8498adb118432bf918a.udd" 6275
"C:/Users/franc/AppData/Local/UnrealEngine/Common/DerivedDataCache/Buckets/LegacyNavCollision/58/c6/e90c23a1aeb4bb6825ebe49395cc8ad45e95.udd" 6276
"C:/Users/franc/AppData/Local/UnrealEngine/Common/DerivedDataCache/Buckets/StaticMesh/e8/cf/6257b64977647ba3efac8f07cc3a7151580c.udd" 6277
"C:/Users/franc/AppData/Local/UnrealEngine/Common/DerivedDataCache/Buckets/LegacyDIST/76/aa/7254366d6c84841681ef39f20bed542b34e5.udd" 6278
"C:/Users/franc/AppData/Local/UnrealEngine/Common/DerivedDataCache/Buckets/LegacyCARD/8b/21/ea844f084f065745c4bd336d8350de9bf845.udd" 6279
"C:/Users/franc/AppData/Local/UnrealEngine/Common/DerivedDataCache/Buckets/LegacyNavCollision/1b/78/7fe1ce0b15cc059d7e6b1eb332a1eacd6590.udd" 6280
"C:/Users/franc/AppData/Local/UnrealEngine/Common/DerivedDataCache/Buckets/StaticMesh/cc/4c/03375ee569e7d1dea026b6ce3e2ac037f274.udd" 6281
"C:/Users/franc/AppData/Local/UnrealEngine/Common/DerivedDataCache/Buckets/LegacyDIST/1f/07/5324a3803f624ad4a3f695b9e7fb185fb959.udd" 6282
"C:/Users/franc/AppData/Local/UnrealEngine/Common/DerivedDataCache/Buckets/LegacyCARD/46/c0/5d221faedb4531dda688b6ee402a977f947c.udd" 6283
"C:/Users/franc/AppData/Local/UnrealEngine/Common/DerivedDataCache/Buckets/LegacyNavCollision/48/5b/c7c16bd68526a4995e45b23c8e507a06076d.udd" 6284
"C:/Users/franc/AppData/Local/UnrealEngine/Common/DerivedDataCache/Buckets/StaticMesh/1d/10/8fbb70fa9249f6c8f1cae20f9bdc085293e6.udd" 6285
"C:/Users/franc/AppData/Local/UnrealEngine/Common/DerivedDataCache/Buckets/StaticMesh/a9/0c/0f6d75d03cf3d8afec0eeca6cecd49b0361d.udd" 6286
"C:/Users/franc/AppData/Local/UnrealEngine/Common/DerivedDataCache/Buckets/LegacyDIST/53/a9/b1a2ac058ee2b8efd51028f6af5e39f32314.udd" 6287
"C:/Users/franc/AppData/Local/UnrealEngine/Common/DerivedDataCache/Buckets/LegacyDIST/15/40/b5a7496be87b95d32abf2c17e896bd0ed3c4.udd" 6288
"C:/Users/franc/AppData/Local/UnrealEngine/Common/DerivedDataCache/Buckets/LegacyCARD/d4/84/17543f1d0fecefb41b48052945604e7bbe4a.udd" 6289
"C:/Users/franc/AppData/Local/UnrealEngine/Common/DerivedDataCache/Buckets/LegacyCARD/bf/58/d26837ae57e882e8f8fa4811f02d81ff34df.udd" 6290
"C:/Users/franc/AppData/Local/UnrealEngine/Common/DerivedDataCache/Buckets/LegacyNavCollision/dd/ce/08ace503d8c885169b9154b8a5e92828d5d7.udd" 6291
"C:/Users/franc/AppData/Local/UnrealEngine/Common/DerivedDataCache/Buckets/LegacyNavCollision/53/a9/0db7e135be0dd856ee11a18e9fc6715962af.udd" 6292
"C:/Users/franc/AppData/Local/UnrealEngine/Common/DerivedDataCache/Buckets/StaticMesh/3e/6e/9154644d70953fd2072da9f89cd8e82635ad.udd" 6293
"C:/Users/franc/AppData/Local/UnrealEngine/Common/DerivedDataCache/Buckets/StaticMesh/ef/bd/352e22cf0ac7aaba11bc66475707d050e265.udd" 6294
"C:/Users/franc/AppData/Local/UnrealEngine/Common/DerivedDataCache/Buckets/LegacyDIST/cb/1e/10ad5cfbc75dee67758d52df4df8303bfc59.udd" 6295
"C:/Users/franc/AppData/Local/UnrealEngine/Common/DerivedDataCache/Buckets/LegacyDIST/c9/aa/198403bcb876fa1d78c31c2fd6ee86ffabe9.udd" 6296
"C:/Users/franc/AppData/Local/UnrealEngine/Common/DerivedDataCache/Buckets/LegacyCARD/92/97/c52bd0f605188f12591c4a259bf3cddda072.udd" 6297
"C:/Users/franc/AppData/Local/UnrealEngine/Common/DerivedDataCache/Buckets/LegacyCARD/68/a6/8fefebdd5015ed54241b08e7dc2831d39f8d.udd" 6298
"C:/Users/franc/AppData/Local/UnrealEngine/Common/DerivedDataCache/Buckets/LegacyNavCollision/58/56/8e47ce42f10677fb02af36d141772d05f78b.udd" 6299
"C:/Users/franc/AppData/Local/UnrealEngine/Common/DerivedDataCache/Buckets/StaticMesh/d3/39/975628b62b6f3180a946a26f0b17bd74a6bf.udd" 6300
"C:/Users/franc/AppData/Local/UnrealEngine/Common/DerivedDataCache/Buckets/LegacyDIST/c6/1d/f3ada988dc4bdbf4ec8746bd3fda0cd20889.udd" 6301
"C:/Users/franc/AppData/Local/UnrealEngine/Common/DerivedDataCache/Buckets/LegacyNavCollision/44/b0/933bef3706d8098557278d8a02d2098436b1.udd" 6302
"C:/Users/franc/AppData/Local/UnrealEngine/Common/DerivedDataCache/Buckets/LegacyCARD/d7/dc/5c586f38c45cb44c019cb7143ea74532dfe0.udd" 6303
"C:/Users/franc/AppData/Local/UnrealEngine/Common/DerivedDataCache/Buckets/StaticMesh/b1/3f/d7ddfaa549f30a0af9d1f27bf2525f6344a9.udd" 6304
"C:/Users/franc/AppData/Local/UnrealEngine/Common/DerivedDataCache/Buckets/LegacyDIST/5d/40/c3f07fdfdae6a77cf283b6f188fd70821cd5.udd" 6305
"C:/Users/franc/AppData/Local/UnrealEngine/Common/DerivedDataCache/Buckets/LegacyNavCollision/04/ef/c829e85214d503fa040c36aa8c42f56cbb7a.udd" 6306
"C:/Users/franc/AppData/Local/UnrealEngine/Common/DerivedDataCache/Buckets/LegacyCARD/eb/9c/b9d37afdbeb255bb3f0273af328f967aca11.udd" 6307
"C:/Users/franc/AppData/Local/UnrealEngine/Common/DerivedDataCache/Buckets/StaticMesh/64/83/fbca610193b7283d17ec815acc89009b2ee4.udd" 6308
"C:/Users/franc/AppData/Local/UnrealEngine/Common/DerivedDataCache/Buckets/LegacyNavCollision/f3/da/0c75439a0f7b7fb835e90d0645396d6d0513.udd" 6309
"C:/Users/franc/AppData/Local/UnrealEngine/Common/DerivedDataCache/Buckets/LegacyDIST/fe/f9/66fede8b9a7283e46b1ceb30f5be531c063f.udd" 6310
"C:/Users/franc/AppData/Local/UnrealEngine/Common/DerivedDataCache/Buckets/StaticMesh/9c/bb/5705aae245d7bc1cc7ddedac1621f0f76ca0.udd" 6311
"C:/Users/franc/AppData/Local/UnrealEngine/Common/DerivedDataCache/Buckets/LegacyCARD/eb/26/a9770d113cecc6d208de8e0173eb64447143.udd" 6312
"C:/Users/franc/AppData/Local/UnrealEngine/Common/DerivedDataCache/Buckets/LegacyNavCollision/47/9d/4fd956f1ebd4ba6c9a1bf6a21d74f7d9af5b.udd" 6313
"C:/Users/franc/AppData/Local/UnrealEngine/Common/DerivedDataCache/Buckets/LegacyDIST/45/57/48f386635ed1fb1610b952a18ed093f6e40d.udd" 6314
"C:/Users/franc/AppData/Local/UnrealEngine/Common/DerivedDataCache/Buckets/LegacyCARD/ef/f3/c1e4c012bd347bd177c8197093a6406e27da.udd" 6315
"C:/Users/franc/AppData/Local/UnrealEngine/Common/DerivedDataCache/Buckets/StaticMesh/b5/37/abdb65c1c7ae6dff72ee8a12e408c981a16b.udd" 6316
"C:/Users/franc/AppData/Local/UnrealEngine/Common/DerivedDataCache/Buckets/LegacyDIST/9e/d5/39f1e43e745946cbb7f9ce3b4ca097dfb4a8.udd" 6317
"C:/Users/franc/AppData/Local/UnrealEngine/Common/DerivedDataCache/Buckets/LegacyCARD/b3/58/6cf9789bdf81516b42ad9f13baa68c5be491.udd" 6318
"C:/Users/franc/AppData/Local/UnrealEngine/Common/DerivedDataCache/Buckets/LegacyChaosGeometryData/6f/f5/8a6804e70ab0418b75afdeb20c2420b0b1a7.udd" 6319
"C:/Users/franc/AppData/Local/UnrealEngine/Common/DerivedDataCache/Buckets/LegacyNavCollision/77/d3/fc9f80ee5981f0973940853e3446476c6c17.udd" 6320
"C:/Users/franc/AppData/Local/UnrealEngine/Common/DerivedDataCache/Buckets/StaticMesh/2f/a9/87153d8abdd86f5455998b534d21a397a9c8.udd" 6321
"C:/Users/franc/AppData/Local/UnrealEngine/Common/DerivedDataCache/Buckets/LegacyNavCollision/99/2b/cc4ea09bc982a8b14ef635dcfe8048b54010.udd" 6322
"C:/Users/franc/AppData/Local/UnrealEngine/Common/DerivedDataCache/Buckets/StaticMesh/3f/d4/8ea122eff20f6050a7c3c46080641ba109b6.udd" 6323
"C:/Users/franc/AppData/Local/UnrealEngine/Common/DerivedDataCache/Buckets/LegacyDIST/0f/ba/1b30c98325e4921954424cdccae3f6e863c9.udd" 6324
"C:/Users/franc/AppData/Local/UnrealEngine/Common/DerivedDataCache/Buckets/LegacyDIST/00/80/89a52d7fc3aab38dd965c9d714041ca69d1b.udd" 6325
"C:/Users/franc/AppData/Local/UnrealEngine/Common/DerivedDataCache/Buckets/LegacyCARD/b4/e4/1f2bebcf0e63e0195523b7758dc526f6d5b1.udd" 6326
"C:/Users/franc/AppData/Local/UnrealEngine/Common/DerivedDataCache/Buckets/LegacyCARD/06/72/fdcda1b6e05a13c840cd2625c8763af0c667.udd" 6327
"C:/Users/franc/AppData/Local/UnrealEngine/Common/DerivedDataCache/Buckets/LegacyNavCollision/16/e7/7201605cd46d3deb6ae9fb8348bd364b88e7.udd" 6328
"C:/Users/franc/AppData/Local/UnrealEngine/Common/DerivedDataCache/Buckets/StaticMesh/eb/7a/fa16bd3a2e8ed2570d69815b9fbd3b10cae3.udd" 6329
"C:/Users/franc/AppData/Local/UnrealEngine/Common/DerivedDataCache/Buckets/LegacyDIST/f1/8c/3ec4e117f80b7bb6f1bf1a460c0044eda219.udd" 6330
"C:/Users/franc/AppData/Local/UnrealEngine/Common/DerivedDataCache/Buckets/LegacyCARD/5e/f2/89acfa7ed24f89238833ff25a1fe5a853b2e.udd" 6331
"C:/Users/franc/AppData/Local/UnrealEngine/Common/DerivedDataCache/Buckets/LegacyNavCollision/e0/a4/cae5f3305595d0f4382771486cb1b4fb1fa0.udd" 6332
"C:/Users/franc/AppData/Local/UnrealEngine/Common/DerivedDataCache/Buckets/LegacyNavCollision/70/4e/02e0b6bd692bc7ef014b0d581ece2c666ee7.udd" 6333
"C:/Users/franc/AppData/Local/UnrealEngine/Common/DerivedDataCache/Buckets/StaticMesh/bf/88/8989db2ebf81cd75e30b755d89d32ac6a552.udd" 6334
"C:/Users/franc/AppData/Local/UnrealEngine/Common/DerivedDataCache/Buckets/StaticMesh/fc/5e/3041e57c21155b9652e02ab9de928188d813.udd" 6335
"C:/Users/franc/AppData/Local/UnrealEngine/Common/DerivedDataCache/Buckets/LegacyDIST/39/c8/fb68530652414ae8868debaee12a772183e6.udd" 6336
"C:/Users/franc/AppData/Local/UnrealEngine/Common/DerivedDataCache/Buckets/LegacyDIST/d8/fa/480e66816d165222e4214f4f9932ea4d53ae.udd" 6337
"C:/Users/franc/AppData/Local/UnrealEngine/Common/DerivedDataCache/Buckets/LegacyCARD/c3/1a/8f04712bec22d6e7cba6e4662875d61f809b.udd" 6338
"C:/Users/franc/AppData/Local/UnrealEngine/Common/DerivedDataCache/Buckets/LegacyCARD/ed/e7/88ab32fd8b962cc06fb9f78dcf3f8e55c6ba.udd" 6339
"C:/Users/franc/AppData/Local/UnrealEngine/Common/DerivedDataCache/Buckets/LegacyNavCollision/66/f7/5bf214d8aa560d508e52365481656cf9382b.udd" 6340
"C:/Users/franc/AppData/Local/UnrealEngine/Common/DerivedDataCache/Buckets/LegacyNavCollision/c5/24/0241950b75b5a5d24f7aa50c30e9f6133dfc.udd" 6341
"C:/Users/franc/AppData/Local/UnrealEngine/Common/DerivedDataCache/Buckets/StaticMesh/d5/12/905262220e5bc1f96830c2326d82ce41b39b.udd" 6342
"C:/Users/franc/AppData/Local/UnrealEngine/Common/DerivedDataCache/Buckets/StaticMesh/26/fa/d992d3f1a37009ca3d9ea21ad34891a16d00.udd" 6343
"C:/Users/franc/AppData/Local/UnrealEngine/Common/DerivedDataCache/Buckets/LegacyDIST/c9/66/9d1f83f2af6c832bd6ec7c3133e3d62eff2e.udd" 6344
"C:/Users/franc/AppData/Local/UnrealEngine/Common/DerivedDataCache/Buckets/LegacyDIST/5c/64/d621d46ea453cdc3adbccc185c0e78043aaf.udd" 6345
"C:/Users/franc/AppData/Local/UnrealEngine/Common/DerivedDataCache/Buckets/LegacyCARD/86/42/9ecab46d315703143f3c895e84289a9c12c1.udd" 6346
"C:/Users/franc/AppData/Local/UnrealEngine/Common/DerivedDataCache/Buckets/LegacyCARD/65/35/e9f71cb6ca39a40daab3fced75bf4618ad5f.udd" 6347
"C:/Users/franc/AppData/Local/UnrealEngine/Common/DerivedDataCache/Buckets/LegacyNavCollision/ca/f4/a6e020f1345e2370400500d6330beda1d77a.udd" 6348
"C:/Users/franc/AppData/Local/UnrealEngine/Common/DerivedDataCache/Buckets/StaticMesh/30/f2/2d2168e4e8a48da36e9786c43bae0e1496a9.udd" 6349
"C:/Users/franc/AppData/Local/UnrealEngine/Common/DerivedDataCache/Buckets/LegacyDIST/be/9f/a6cc7e5dcee562c5c4cd81fabc6dc2393a5e.udd" 6350
"C:/Users/franc/AppData/Local/UnrealEngine/Common/DerivedDataCache/Buckets/LegacyCARD/24/f0/e41a49c0e1fad2008af6688d3a451b6b6464.udd" 6351
"C:/Users/franc/AppData/Local/UnrealEngine/Common/DerivedDataCache/Buckets/LegacyNavCollision/a2/9f/a5c360c6b07b7c6ba17dfe3d4c06afda3a33.udd" 6352
"C:/Users/franc/AppData/Local/UnrealEngine/Common/DerivedDataCache/Buckets/LegacyNavCollision/d0/54/3cca836c1721a16e08571fe9d6178ea7d156.udd" 6353
"C:/Users/franc/AppData/Local/UnrealEngine/Common/DerivedDataCache/Buckets/StaticMesh/b3/69/c5ff21b1d3f7c5a7bde1dcfdead12f64c904.udd" 6354
"C:/Users/franc/AppData/Local/UnrealEngine/Common/DerivedDataCache/Buckets/LegacyDIST/c9/ce/8497a63f6735446fb88b9ac4f733545a33c3.udd" 6355
"C:/Users/franc/AppData/Local/UnrealEngine/Common/DerivedDataCache/Buckets/LegacyCARD/f6/2c/0a0ab4e290cdf9fa2d49d2068d628dbeb276.udd" 6356
"C:/Users/franc/AppData/Local/UnrealEngine/Common/DerivedDataCache/Buckets/StaticMesh/ff/e2/ed9206a6c351cd7ed3338b56c4b86bfe6966.udd" 6357
"C:/Users/franc/AppData/Local/UnrealEngine/Common/DerivedDataCache/Buckets/LegacyChaosGeometryData/a0/90/f86114c7c7d4eb4d5d7a1c31344a651f8985.udd" 6358
"C:/Users/franc/AppData/Local/UnrealEngine/Common/DerivedDataCache/Buckets/LegacyDIST/da/83/09bbddc1312376fa66b7a32d7124805fea7b.udd" 6359
"C:/Users/franc/AppData/Local/UnrealEngine/Common/DerivedDataCache/Buckets/LegacyNavCollision/b0/fe/60c24289c7497d5d105ef3e926579e537046.udd" 6360
"C:/Users/franc/AppData/Local/UnrealEngine/Common/DerivedDataCache/Buckets/LegacyCARD/59/ad/3b30ff6a7e3c7e9703fca5f8f9578573dc44.udd" 6361
"C:/Users/franc/AppData/Local/UnrealEngine/Common/DerivedDataCache/Buckets/StaticMesh/2f/26/ca8e852b4bf8118e4b49de3adb56faaf3ee5.udd" 6362
"C:/Users/franc/AppData/Local/UnrealEngine/Common/DerivedDataCache/Buckets/LegacyDIST/97/7d/7a3b2ce7c0da73ffa07644866ab2fc6b5415.udd" 6363
"C:/Users/franc/AppData/Local/UnrealEngine/Common/DerivedDataCache/Buckets/LegacyCARD/0a/5e/e8c4d66bdcb88292362f6acb6a36c7eac891.udd" 6364
"C:/Users/franc/AppData/Local/UnrealEngine/Common/DerivedDataCache/Buckets/LegacyNavCollision/00/95/e9408c6f9b1921ff372d80219a9d8ffaf4b2.udd" 6365
"C:/Users/franc/AppData/Local/UnrealEngine/Common/DerivedDataCache/Buckets/StaticMesh/6f/26/b2f4a1bbc36997a143367c3274f6acaf0a8a.udd" 6366
"C:/Users/franc/AppData/Local/UnrealEngine/Common/DerivedDataCache/Buckets/LegacyNavCollision/a8/74/02add3c2f4769849c3dd2e61d69e4ef344a4.udd" 6367
"C:/Users/franc/AppData/Local/UnrealEngine/Common/DerivedDataCache/Buckets/StaticMesh/ac/aa/d38ea4028d8e15b6d997d55b0e630d63bd52.udd" 6368
"C:/Users/franc/AppData/Local/UnrealEngine/Common/DerivedDataCache/Content/c2/2f/530e2127ed8dd52712a0f2d687f99e4caa9d.udd" 6369
"C:/Users/franc/AppData/Local/UnrealEngine/Common/DerivedDataCache/Buckets/LegacyDIST/6e/d3/301d0e316e6cb0ef5d0f4671537afa7fffc8.udd" 6370
"C:/Users/franc/AppData/Local/UnrealEngine/Common/DerivedDataCache/Buckets/LegacyCARD/b0/22/0319c0287812b36701a291b9867db878a89a.udd" 6371
"C:/Users/franc/AppData/Local/UnrealEngine/Common/DerivedDataCache/Buckets/LegacyDIST/02/5b/b007d3996365e6affe0c133ef8c7fc9fef1e.udd" 6372
"C:/Users/franc/AppData/Local/UnrealEngine/Common/DerivedDataCache/Buckets/LegacyCARD/00/23/e03826c9f6f582d9c2bc42b64b64e60d609d.udd" 6373
"C:/Users/franc/AppData/Local/UnrealEngine/Common/DerivedDataCache/Buckets/LegacyChaosGeometryData/20/79/b65ebe74fa98ef37448a160d4685030bc04f.udd" 6374
"C:/Users/franc/AppData/Local/UnrealEngine/Common/DerivedDataCache/Buckets/LegacyNavCollision/ac/6f/6559d0d621cf5b525ff27278051a1e5ddcce.udd" 6375
"C:/Users/franc/AppData/Local/UnrealEngine/Common/DerivedDataCache/Buckets/StaticMesh/e6/f6/f3f0a6eb828b844ef2f166104831ae738480.udd" 6376
"C:/Users/franc/AppData/Local/UnrealEngine/Common/DerivedDataCache/Buckets/LegacyDIST/12/5b/d4ca00304a4ea9cbd8492c5a62c8e088d303.udd" 6377
"C:/Users/franc/AppData/Local/UnrealEngine/Common/DerivedDataCache/Buckets/LegacyCARD/7c/9c/44928d54963fea85d2bd1e5cadb5028b49f9.udd" 6378
"C:/Users/franc/AppData/Local/UnrealEngine/Common/DerivedDataCache/Buckets/LegacyChaosGeometryData/f6/fe/0881bc8b80bfb881cfc803c38ab39bbfddf0.udd" 6379
"C:/Users/franc/AppData/Local/UnrealEngine/Common/DerivedDataCache/Buckets/LegacyNavCollision/2f/47/38a2c1a10791f3b088b6b516bd643c2c7de2.udd" 6380
"C:/Users/franc/AppData/Local/UnrealEngine/Common/DerivedDataCache/Buckets/StaticMesh/f7/8a/5135db9e1cace78ccd72b7a05e75898b93b6.udd" 6381
"C:/Users/franc/AppData/Local/UnrealEngine/Common/DerivedDataCache/Content/35/46/96d980c65cc27652db604b20b4b82c959a56.udd" 6382
"C:/Users/franc/AppData/Local/UnrealEngine/Common/DerivedDataCache/Buckets/LegacyNavCollision/b8/ce/cf06b0d8dc17fe1e027faf9d7a3376fa231c.udd" 6383
"C:/Users/franc/AppData/Local/UnrealEngine/Common/DerivedDataCache/Buckets/StaticMesh/4b/c3/b7a3faf72c68f1a9c63fec19d27197a52326.udd" 6384
"C:/Users/franc/AppData/Local/UnrealEngine/Common/DerivedDataCache/Buckets/LegacyDIST/f3/aa/2d006ffc671dd3101093496125d2c2becb2e.udd" 6385
"C:/Users/franc/AppData/Local/UnrealEngine/Common/DerivedDataCache/Content/63/ab/86aeeb694f05e57a6160f13f5ee04055b542.udd" 6386
"C:/Users/franc/AppData/Local/UnrealEngine/Common/DerivedDataCache/Buckets/LegacyCARD/b5/1a/eb23c4088df7fc91770402ce4b90a32bc366.udd" 6387
"C:/Users/franc/AppData/Local/UnrealEngine/Common/DerivedDataCache/Buckets/LegacyChaosGeometryData/a6/1a/5dd90f90d3fab42bd7626d17ee7ea0900eaa.udd" 6388
"C:/Users/franc/AppData/Local/UnrealEngine/Common/DerivedDataCache/Buckets/LegacyNavCollision/fa/82/02ec5939ca5aac0cd2e35008e8f035e95f7f.udd" 6389
"C:/Users/franc/AppData/Local/UnrealEngine/Common/DerivedDataCache/Buckets/StaticMesh/eb/16/cb4b36d26959438c74a609bebd10bf89e730.udd" 6390
"C:/Users/franc/AppData/Local/UnrealEngine/Common/DerivedDataCache/Buckets/LegacyDIST/55/41/e9ac32b3e7b9f90994e0ec39b7c8417cc294.udd" 6391
"C:/Users/franc/AppData/Local/UnrealEngine/Common/DerivedDataCache/Buckets/LegacyCARD/88/47/fc0c246229987c1ec02d44d350d72b78b0b2.udd" 6392
"C:/Users/franc/AppData/Local/UnrealEngine/Common/DerivedDataCache/Buckets/LegacyChaosGeometryData/29/1e/89f373fc10a85b13924d4e8393f9283c6ca3.udd" 6393
"C:/Users/franc/AppData/Local/UnrealEngine/Common/DerivedDataCache/Buckets/LegacyNavCollision/a6/dd/f62aec481449021728f07fe4c83491f91b15.udd" 6394
"C:/Users/franc/AppData/Local/UnrealEngine/Common/DerivedDataCache/Buckets/StaticMesh/0f/67/fbedf544c6a1c81c88ec1b3ff683fea18d69.udd" 6395
"C:/Users/franc/AppData/Local/UnrealEngine/Common/DerivedDataCache/Buckets/LegacyDIST/21/5d/356b7684eb300f71cf8af095aab040c37211.udd" 6396
"C:/Users/franc/AppData/Local/UnrealEngine/Common/DerivedDataCache/Buckets/LegacyCARD/02/02/b7ed2e88f24ebf535b7ac6436acea3e0835b.udd" 6397
"C:/Users/franc/AppData/Local/UnrealEngine/Common/DerivedDataCache/Buckets/LegacyChaosGeometryData/d3/4d/feb8230da0a1ca46f476e9eee2111df66a00.udd" 6398
"C:/Users/franc/AppData/Local/UnrealEngine/Common/DerivedDataCache/Buckets/LegacyNavCollision/f1/3c/4df8f488d5f7738fe885f2cc6c03c0a320ea.udd" 6399
"C:/Users/franc/AppData/Local/UnrealEngine/Common/DerivedDataCache/Buckets/StaticMesh/ab/5a/066c20db0e334ed1f146fde79274a7936038.udd" 6400
"C:/Users/franc/AppData/Local/UnrealEngine/Common/DerivedDataCache/Buckets/LegacyDIST/a6/68/2e68455d0b53276b8e76f8c1ec66b424e977.udd" 6401
"C:/Users/franc/AppData/Local/UnrealEngine/Common/DerivedDataCache/Buckets/LegacyDIST/3b/e1/8d4da95c19411d545e2057f7abafdf6bbd6f.udd" 6402
"C:/Users/franc/AppData/Local/UnrealEngine/Common/DerivedDataCache/Buckets/LegacyCARD/dd/8a/9cdd48490d2b36ad97042868bf6d654c7b27.udd" 6403
"C:/Users/franc/AppData/Local/UnrealEngine/Common/DerivedDataCache/Buckets/LegacyCARD/c2/10/e30dc2d5cee8ca52bd89d98bcf90422a28ee.udd" 6404
"C:/Users/franc/AppData/Local/UnrealEngine/Common/DerivedDataCache/Buckets/LegacyChaosGeometryData/4f/51/e93de4d6dd7988762a5eba296902ae6f587d.udd" 6405
"C:/Users/franc/AppData/Local/UnrealEngine/Common/DerivedDataCache/Buckets/LegacyNavCollision/62/d1/279375809a9ba83b6c355e6fca5dd0e12b49.udd" 6406
"C:/Users/franc/AppData/Local/UnrealEngine/Common/DerivedDataCache/Buckets/StaticMesh/4d/ea/c8f807bf24279afc9b4755dffabd93d1f781.udd" 6407
"C:/Users/franc/AppData/Local/UnrealEngine/Common/DerivedDataCache/Buckets/LegacyDIST/5d/a9/3c32899ec567a2af98a62cb76d97eef98987.udd" 6408
"C:/Users/franc/AppData/Local/UnrealEngine/Common/DerivedDataCache/Buckets/LegacyCARD/5c/c2/4de02a9a08b7833f6076e0c38887b8a466a2.udd" 6409
"C:/Users/franc/AppData/Local/UnrealEngine/Common/DerivedDataCache/Buckets/LegacyNavCollision/fd/fe/bea64b79e99d90d4f66b0b9d0a3e89c60dd0.udd" 6410
"C:/Users/franc/AppData/Local/UnrealEngine/Common/DerivedDataCache/Buckets/LegacyNavCollision/ab/28/3c054534ef72ec33401e8c4b1b82b5a0bf42.udd" 6411
"C:/Users/franc/AppData/Local/UnrealEngine/Common/DerivedDataCache/Buckets/StaticMesh/8b/20/2012bbe969ecd3c148bbe453b3c4327f505a.udd" 6412
"C:/Users/franc/AppData/Local/UnrealEngine/Common/DerivedDataCache/Buckets/StaticMesh/1b/b9/352771ffed218cad16477007c92b3a7d1d1b.udd" 6413
"C:/Users/franc/AppData/Local/UnrealEngine/Common/DerivedDataCache/Buckets/LegacyDIST/b0/37/f03598747c9f6c1d5fca922fb3ac6c98a7da.udd" 6414
"C:/Users/franc/AppData/Local/UnrealEngine/Common/DerivedDataCache/Buckets/LegacyCARD/b5/b8/5c9e7ca6ae65e34dede1f8441dff73b6fcfc.udd" 6415
"C:/Users/franc/AppData/Local/UnrealEngine/Common/DerivedDataCache/Buckets/LegacyDIST/02/01/e6a8c545d4b500c695bbad0087fe73eb60d3.udd" 6416
"C:/Users/franc/AppData/Local/UnrealEngine/Common/DerivedDataCache/Buckets/LegacyCARD/62/20/4cd9120464ca91693fdeac27067606d721da.udd" 6417
"C:/Users/franc/AppData/Local/UnrealEngine/Common/DerivedDataCache/Buckets/LegacyNavCollision/3c/d9/6713674ffdf0b9828771e48fd1a9cdd9b111.udd" 6418
"C:/Users/franc/AppData/Local/UnrealEngine/Common/DerivedDataCache/Buckets/LegacyNavCollision/7f/d4/a2d358998d634b417ff2c009ddad98dbf5b0.udd" 6419
"C:/Users/franc/AppData/Local/UnrealEngine/Common/DerivedDataCache/Buckets/StaticMesh/a9/9c/de2d3645fe19fd5e3379dd8ba63570e0953a.udd" 6420
"C:/Users/franc/AppData/Local/UnrealEngine/Common/DerivedDataCache/Buckets/StaticMesh/9d/20/5a8052f4798d25f38a5dc36b3ec7f242548b.udd" 6421
"C:/Users/franc/AppData/Local/UnrealEngine/Common/DerivedDataCache/Buckets/LegacyDIST/2c/d9/24c1020d0c59a6804506c3a9eb24a8ee8029.udd" 6422
"C:/Users/franc/AppData/Local/UnrealEngine/Common/DerivedDataCache/Buckets/LegacyCARD/ff/1f/73b2028a65b4da9c75bf134023ffb6ac7d67.udd" 6423
"C:/Users/franc/AppData/Local/UnrealEngine/Common/DerivedDataCache/Buckets/LegacyNavCollision/96/56/0f494a21e30647d5b741c1d3458eb290e60e.udd" 6424
"C:/Users/franc/AppData/Local/UnrealEngine/Common/DerivedDataCache/Buckets/LegacyDIST/22/ed/2dd482d4d86809360dbbd73bf9d866be72e8.udd" 6425
"C:/Users/franc/AppData/Local/UnrealEngine/Common/DerivedDataCache/Buckets/StaticMesh/9a/d7/ec54667056fd5c3b12bd6d063dc7bdbfa213.udd" 6426
"C:/Users/franc/AppData/Local/UnrealEngine/Common/DerivedDataCache/Buckets/LegacyDIST/50/11/bc21abd4761b7a408d235941e819c36b21cc.udd" 6427
"C:/Users/franc/AppData/Local/UnrealEngine/Common/DerivedDataCache/Buckets/LegacyCARD/6f/22/656b4e202bbdb3f710a34d9ac36ce13bec10.udd" 6428
"C:/Users/franc/AppData/Local/UnrealEngine/Common/DerivedDataCache/Buckets/LegacyCARD/d8/cf/bf6aa133c8f40287c4427ebe11ab4a021bad.udd" 6429
"C:/Users/franc/AppData/Local/UnrealEngine/Common/DerivedDataCache/Buckets/LegacyNavCollision/3c/7d/2d75335571d3d40cdd660b07430924768cc6.udd" 6430
"C:/Users/franc/AppData/Local/UnrealEngine/Common/DerivedDataCache/Buckets/StaticMesh/fa/3c/8fbc99b6aeb70c2746ce0e178e5481adc3e8.udd" 6431
"C:/Users/franc/AppData/Local/UnrealEngine/Common/DerivedDataCache/Buckets/LegacyNavCollision/05/2d/9315cb1e627a858554a4e892d8baae1f4bb6.udd" 6432
"C:/Users/franc/AppData/Local/UnrealEngine/Common/DerivedDataCache/Buckets/LegacyDIST/d6/81/2a3d9e1e7eb29e48bfa7dcdc584005f67f72.udd" 6433
"C:/Users/franc/AppData/Local/UnrealEngine/Common/DerivedDataCache/Buckets/LegacyCARD/53/17/c2b234e288643ee36dec06c82370f48d7e79.udd" 6434
"C:/Users/franc/AppData/Local/UnrealEngine/Common/DerivedDataCache/Buckets/StaticMesh/6c/14/13c781dcdf0288fb141f633d82c8c209fcc1.udd" 6435
"C:/Users/franc/AppData/Local/UnrealEngine/Common/DerivedDataCache/Buckets/LegacyNavCollision/44/59/d218a09a8218fb61cf9bf8fc08698417e9ee.udd" 6436
"C:/Users/franc/AppData/Local/UnrealEngine/Common/DerivedDataCache/Buckets/LegacyDIST/f1/fe/405f59c6becf111fa298fbfdc46ba3da16fd.udd" 6437
"C:/Users/franc/AppData/Local/UnrealEngine/Common/DerivedDataCache/Buckets/LegacyCARD/02/68/f9d183f575a432a18cb5568f469b3f163cfd.udd" 6438
"C:/Users/franc/AppData/Local/UnrealEngine/Common/DerivedDataCache/Buckets/StaticMesh/e5/8a/6a0a0f66568961e7645b0cdd43f6b4fea4c9.udd" 6439
"C:/Users/franc/AppData/Local/UnrealEngine/Common/DerivedDataCache/Buckets/LegacyDIST/10/3d/0a7ddfe224011e6d715a07b02d58db3748b3.udd" 6440
"C:/Users/franc/AppData/Local/UnrealEngine/Common/DerivedDataCache/Buckets/LegacyNavCollision/ab/70/b4e434d8e21f1329477009676df786b6bedc.udd" 6441
"C:/Users/franc/AppData/Local/UnrealEngine/Common/DerivedDataCache/Buckets/LegacyCARD/ac/1a/6ae13cf21a1350fc80b7d24e8cb6db53aed3.udd" 6442
"C:/Users/franc/AppData/Local/UnrealEngine/Common/DerivedDataCache/Buckets/StaticMesh/4e/d6/a12af0f3c22e5f591172450f780c8fac7102.udd" 6443
"C:/Users/franc/AppData/Local/UnrealEngine/Common/DerivedDataCache/Buckets/LegacyNavCollision/f3/e9/5d73d55a98649cc552cbd2389a96113f5aed.udd" 6444
"C:/Users/franc/AppData/Local/UnrealEngine/Common/DerivedDataCache/Buckets/StaticMesh/fd/09/f771c0dcd2851ab681a5e9433241aaed02d5.udd" 6445
"C:/Users/franc/AppData/Local/UnrealEngine/Common/DerivedDataCache/Content/be/22/38980b6b572d00c060a9b06f32686e84e823.udd" 6446
"C:/Users/franc/AppData/Local/UnrealEngine/Common/DerivedDataCache/Buckets/LegacyDIST/87/45/cd3cdc600f4b1ea9cd0cf7c7170a8381cf7a.udd" 6447
"C:/Users/franc/AppData/Local/UnrealEngine/Common/DerivedDataCache/Buckets/LegacyCARD/f8/3f/ed5c21f59a43239753f1d5ed8ee0adcf5dc8.udd" 6448
"C:/Users/franc/AppData/Local/UnrealEngine/Common/DerivedDataCache/Buckets/LegacyNavCollision/ab/5b/4c9db0def0df98ccf6419b33c2501ff00686.udd" 6449
"C:/Users/franc/AppData/Local/UnrealEngine/Common/DerivedDataCache/Buckets/StaticMesh/1d/b6/e04565e409f00a0f8a941a5bdd3382d38705.udd" 6450
"C:/Users/franc/AppData/Local/UnrealEngine/Common/DerivedDataCache/Content/ed/03/f3e769817e6bb24f9225fbe4e092edb7bad9.udd" 6451
"C:/Users/franc/AppData/Local/UnrealEngine/Common/DerivedDataCache/Buckets/LegacyDIST/0a/28/095dad1d57c4b84526e9e42d278a8200532a.udd" 6452
"C:/Users/franc/AppData/Local/UnrealEngine/Common/DerivedDataCache/Buckets/LegacyCARD/fa/7f/cbdd0432669e473929d9fdc83dbc8dbf65cb.udd" 6453
"C:/Users/franc/AppData/Local/UnrealEngine/Common/DerivedDataCache/Buckets/LegacyChaosGeometryData/50/66/5a61bb08d1d752ebc7038da760fe7b082482.udd" 6454
"C:/Users/franc/AppData/Local/UnrealEngine/Common/DerivedDataCache/Content/fe/c0/483a8d372a12c806b6c339e6968aba519707.udd" 6455
"C:/Users/franc/AppData/Local/UnrealEngine/Common/DerivedDataCache/Buckets/LegacyNavCollision/c0/f0/1bd76bdc768ffb9c6705f6b4179d165c28ba.udd" 6456
"C:/Users/franc/AppData/Local/UnrealEngine/Common/DerivedDataCache/Buckets/StaticMesh/77/a1/16ee69f2af95c9c0f621f20f397dbd5042ce.udd" 6457
"C:/Users/franc/AppData/Local/UnrealEngine/Common/DerivedDataCache/Content/6f/2d/fdebfdf091575e518e11dabeff3ced7ceac9.udd" 6458
"C:/Users/franc/AppData/Local/UnrealEngine/Common/DerivedDataCache/Buckets/LegacyDIST/df/b1/e28b784d61d13888dbf3a9e06e8db0401bfc.udd" 6459
"C:/Users/franc/AppData/Local/UnrealEngine/Common/DerivedDataCache/Buckets/LegacyCARD/b4/54/16765f9672b9fdee271daf2a52f087c80a94.udd" 6460
"C:/Users/franc/AppData/Local/UnrealEngine/Common/DerivedDataCache/Buckets/LegacyChaosGeometryData/1f/35/7a42b1e17b6b83e3017788c3cf240933ce3f.udd" 6461
"C:/Users/franc/AppData/Local/UnrealEngine/Common/DerivedDataCache/Content/00/05/fccf2474bd590e46c0447f555ea072b135a6.udd" 6462
"C:/Users/franc/AppData/Local/UnrealEngine/Common/DerivedDataCache/Buckets/LegacyNavCollision/99/1e/a9f92898fc4e57c57b36ae88de3292be78f0.udd" 6463
"C:/Users/franc/AppData/Local/UnrealEngine/Common/DerivedDataCache/Buckets/StaticMesh/62/40/20da1f7c1747a291ce8c06d625fff06b5725.udd" 6464
"C:/Users/franc/AppData/Local/UnrealEngine/Common/DerivedDataCache/Content/c5/b4/e9ddc6f5ec386ed486ccbca2586d818377db.udd" 6465
"C:/Users/franc/AppData/Local/UnrealEngine/Common/DerivedDataCache/Buckets/LegacyDIST/96/11/0eeb8d5781a0f3678e3b5733415b081e78dc.udd" 6466
"C:/Users/franc/AppData/Local/UnrealEngine/Common/DerivedDataCache/Buckets/LegacyCARD/26/36/b12ae5faac5d1fa81d7118a68bdf7e0673df.udd" 6467
"C:/Users/franc/AppData/Local/UnrealEngine/Common/DerivedDataCache/Buckets/LegacyChaosGeometryData/86/13/0731aa370b17653e2f9824fc35a77e163d0c.udd" 6468
"C:/Users/franc/AppData/Local/UnrealEngine/Common/DerivedDataCache/Content/ad/73/073a205f9384aee8a836e70cc170ac0ef43c.udd" 6469
"C:/Users/franc/AppData/Local/UnrealEngine/Common/DerivedDataCache/Buckets/LegacyDIST/94/db/5303e41f54eb9376e004c58cb3c03f3d911d.udd" 6470
"C:/Users/franc/AppData/Local/UnrealEngine/Common/DerivedDataCache/Buckets/LegacyCARD/c8/da/e1bb24bf6f6e177a15670d21f7bf88da5d70.udd" 6471
"C:/Users/franc/AppData/Local/UnrealEngine/Common/DerivedDataCache/Buckets/LegacyChaosGeometryData/5f/65/928b984fda33c5261b9cc2c517a9bbf96140.udd" 6472
"C:/Users/franc/AppData/Local/UnrealEngine/Common/DerivedDataCache/Content/65/26/3447c4b2943c23e36eb848919d872e6bd44c.udd" 6473
"C:/Users/franc/AppData/Local/UnrealEngine/Common/DerivedDataCache/Buckets/LegacyNavCollision/5e/a3/e3ad3049b1d625b2c480aed24d2fbc954038.udd" 6474
"C:/Users/franc/AppData/Local/UnrealEngine/Common/DerivedDataCache/Buckets/StaticMesh/26/09/3cabde2052c8ecd08b4e8c400275aace1d06.udd" 6475
"C:/Users/franc/AppData/Local/UnrealEngine/Common/DerivedDataCache/Content/5e/eb/fdb2ec915e7ed209d2c8f067d8920a35fa22.udd" 6476
"C:/Users/franc/AppData/Local/UnrealEngine/Common/DerivedDataCache/Buckets/LegacyNavCollision/13/3b/5435a56a7943d9515c929d4b54bab8bc7f61.udd" 6477
"C:/Users/franc/AppData/Local/UnrealEngine/Common/DerivedDataCache/Buckets/StaticMesh/3c/31/9d3c1c8b2ba5e83a8b2b483a923d11632d3a.udd" 6478
"C:/Users/franc/AppData/Local/UnrealEngine/Common/DerivedDataCache/Content/81/dc/733e76bd9941cb56cb8d379f5b4410162422.udd" 6479
"C:/Users/franc/AppData/Local/UnrealEngine/Common/DerivedDataCache/Buckets/LegacyDIST/43/8a/6c9304f41fae71a91789d1ebbe1484a39311.udd" 6480
"C:/Users/franc/AppData/Local/UnrealEngine/Common/DerivedDataCache/Buckets/LegacyCARD/45/df/692fde35e50e7d8844c3a2d24d54d322db3a.udd" 6481
"C:/Users/franc/AppData/Local/UnrealEngine/Common/DerivedDataCache/Buckets/LegacyChaosGeometryData/00/3b/f9a9782fb9ff46bb6e581c3df188b942d54b.udd" 6482
"C:/Users/franc/AppData/Local/UnrealEngine/Common/DerivedDataCache/Content/08/d2/0641aca05572e859468c44359f1a1e63d058.udd" 6483
"C:/Users/franc/AppData/Local/UnrealEngine/Common/DerivedDataCache/Buckets/LegacyNavCollision/a2/91/e1f7dd1709607c7fcfe1ec5a46635254a644.udd" 6484
"C:/Users/franc/AppData/Local/UnrealEngine/Common/DerivedDataCache/Buckets/StaticMesh/5e/3f/d7572cd4d00b5b14da55b5579ccb016c5459.udd" 6485
"C:/Users/franc/AppData/Local/UnrealEngine/Common/DerivedDataCache/Content/1f/84/5ceed16ff6bae53d37d127950899fc004f29.udd" 6486
"C:/Users/franc/AppData/Local/UnrealEngine/Common/DerivedDataCache/Buckets/LegacyDIST/6b/17/e75a6cf093c0c7ef118634f36b321f9517d5.udd" 6487
"C:/Users/franc/AppData/Local/UnrealEngine/Common/DerivedDataCache/Buckets/LegacyCARD/17/a9/4ed758f8b5d09e9919e71a5cb814057c0fc2.udd" 6488
"C:/Users/franc/AppData/Local/UnrealEngine/Common/DerivedDataCache/Buckets/LegacyChaosGeometryData/b4/f9/58560855ea4a400bb6940fbd670fa20c4c16.udd" 6489
"C:/Users/franc/AppData/Local/UnrealEngine/Common/DerivedDataCache/Content/95/91/cfaa82af3496fcb28a6726b0937da86c9bac.udd" 6490
"C:/Users/franc/AppData/Local/UnrealEngine/Common/DerivedDataCache/Buckets/LegacyNavCollision/65/42/8d45c90063361571e11348892b8925989444.udd" 6491
"C:/Users/franc/AppData/Local/UnrealEngine/Common/DerivedDataCache/Buckets/StaticMesh/bd/74/fe7f7ece26596746cce665c24f101dd5b531.udd" 6492
"C:/Users/franc/AppData/Local/UnrealEngine/Common/DerivedDataCache/Buckets/LegacyDIST/5f/81/166aa77f3072f199f77a29c188979958cced.udd" 6493
"C:/Users/franc/AppData/Local/UnrealEngine/Common/DerivedDataCache/Buckets/LegacyCARD/71/5c/55aeb7b85c0cf8b6a3fb3cc06b7e88443fbf.udd" 6494
"C:/Users/franc/AppData/Local/UnrealEngine/Common/DerivedDataCache/Buckets/LegacyChaosGeometryData/8d/3f/92b1899cefb2e8b71ff2f4b5a7bec87a276a.udd" 6495
"C:/Users/franc/AppData/Local/UnrealEngine/Common/DerivedDataCache/Buckets/LegacyNavCollision/a6/5e/08a4146ae3a2ace067e6207bd11ee1c77744.udd" 6496
"C:/Users/franc/AppData/Local/UnrealEngine/Common/DerivedDataCache/Buckets/StaticMesh/e2/7c/18ab2699718c486ba4e18c113c38ff40ee2d.udd" 6497
"C:/Users/franc/AppData/Local/UnrealEngine/Common/DerivedDataCache/Content/10/37/5f50b89b45016812bbc2ff18ce81dd4befbd.udd" 6498
"C:/Users/franc/AppData/Local/UnrealEngine/Common/DerivedDataCache/Buckets/LegacyDIST/db/8b/7e54e7390ec87f16ff9315900ab3a3842ec9.udd" 6499
"C:/Users/franc/AppData/Local/UnrealEngine/Common/DerivedDataCache/Buckets/LegacyCARD/23/2e/ba267305f07176e230143373299c17c35ce1.udd" 6500
"C:/Users/franc/AppData/Local/UnrealEngine/Common/DerivedDataCache/Buckets/LegacyChaosGeometryData/5e/46/aea181bc991fe52b3e3ad923d044e7e05ebe.udd" 6501
"C:/Users/franc/AppData/Local/UnrealEngine/Common/DerivedDataCache/Buckets/LegacyDIST/9b/2b/a5799381ee72b2904a333f032a5c2409e07e.udd" 6502
"C:/Users/franc/AppData/Local/UnrealEngine/Common/DerivedDataCache/Buckets/LegacyCARD/d0/c9/78e194391c338cf1a2d27e3a84226b34f33a.udd" 6503
"C:/Users/franc/AppData/Local/UnrealEngine/Common/DerivedDataCache/Buckets/LegacyNavCollision/25/f8/cbe2dcbdee2c2621e9c9f2664f8da78819bf.udd" 6504
"C:/Users/franc/AppData/Local/UnrealEngine/Common/DerivedDataCache/Buckets/LegacyChaosGeometryData/89/60/0d4ba94d81c73bd94a47f4c16c39da49cd0b.udd" 6505
"C:/Users/franc/AppData/Local/UnrealEngine/Common/DerivedDataCache/Content/67/ae/b5009fa146be59b01eb87905708fb08446c7.udd" 6506
"C:/Users/franc/AppData/Local/UnrealEngine/Common/DerivedDataCache/Buckets/StaticMesh/81/0b/5b40a9e67bf11efef6d43c2423c6e587c178.udd" 6507
"C:/Users/franc/AppData/Local/UnrealEngine/Common/DerivedDataCache/Content/cd/17/700d1f27002dd3a4c8957d907b8fa22c496b.udd" 6508
"C:/Users/franc/AppData/Local/UnrealEngine/Common/DerivedDataCache/Buckets/LegacyDIST/77/4b/dd6076e63b9b4e337a6eac85175449603802.udd" 6509
"C:/Users/franc/AppData/Local/UnrealEngine/Common/DerivedDataCache/Buckets/LegacyCARD/78/48/6b443cd68819401e999f23e377d6fa70bb2e.udd" 6510
"C:/Users/franc/AppData/Local/UnrealEngine/Common/DerivedDataCache/Buckets/LegacyChaosGeometryData/19/31/42f6842898d77e1ba0a13f144ed067d0646b.udd" 6511
"C:/Users/franc/AppData/Local/UnrealEngine/Common/DerivedDataCache/Content/41/e4/2f10f77300d6aa262f6274ff5f6bbf8d7401.udd" 6512
"C:/Users/franc/AppData/Local/UnrealEngine/Common/DerivedDataCache/Buckets/LegacyNavCollision/99/9e/b7c618f5583aa259e87eab9fb4616e5b842d.udd" 6513
"C:/Users/franc/AppData/Local/UnrealEngine/Common/DerivedDataCache/Buckets/StaticMesh/53/65/77ba87b39c35784751364f62f3a157ea28b9.udd" 6514
"C:/Users/franc/AppData/Local/UnrealEngine/Common/DerivedDataCache/Buckets/LegacyDIST/63/6c/92f4ae224a7df8b4b011cd9c2c585dcbcdc1.udd" 6515
"C:/Users/franc/AppData/Local/UnrealEngine/Common/DerivedDataCache/Buckets/LegacyCARD/b5/74/c6c67c20c48da978aa98dbbca7da6598b0ed.udd" 6516
"C:/Users/franc/AppData/Local/UnrealEngine/Common/DerivedDataCache/Buckets/LegacyNavCollision/00/d5/9f55e589b301d483f7b3962e0b6d85f2e271.udd" 6517
"C:/Users/franc/AppData/Local/UnrealEngine/Common/DerivedDataCache/Buckets/LegacySTREAMEDAUDIO/a5/88/4b1320fa478d23d370debc574ba25cc653a5.udd" 6518
"C:/Users/franc/AppData/Local/UnrealEngine/Common/DerivedDataCache/Buckets/LegacySTREAMEDAUDIO/db/09/dd59d6e04b0fcbbfbb3881bb03bae681789b.udd" 6519
"C:/Users/franc/AppData/Local/UnrealEngine/Common/DerivedDataCache/Buckets/LegacySTREAMEDAUDIO/ff/ff/0926040902ea35e0a932ac86b6535228b830.udd" 6520
"C:/Users/franc/AppData/Local/UnrealEngine/Common/DerivedDataCache/Buckets/LegacySTREAMEDAUDIO/0b/aa/28f4cad32ebde87a9372683c12fed3243f7b.udd" 6521
"C:/Users/franc/AppData/Local/UnrealEngine/Common/DerivedDataCache/Buckets/LegacySTREAMEDAUDIO/f0/55/9feea16225944098f401d85c27c1754c3eb3.udd" 6522
"C:/Users/franc/AppData/Local/UnrealEngine/Common/DerivedDataCache/Buckets/LegacySTREAMEDAUDIO/a8/bf/a77ea068dc616aef98598459b53708fecc5c.udd" 6523
"C:/Users/franc/AppData/Local/UnrealEngine/Common/DerivedDataCache/Buckets/LegacySTREAMEDAUDIO/95/96/e0ccf4e6951a7e3bac69a52db7c9cdfa5d74.udd" 6524
"C:/Users/franc/AppData/Local/UnrealEngine/Common/DerivedDataCache/Buckets/LegacySTREAMEDAUDIO/c9/28/d23209d18919d431cc4316505d3fe7ee0955.udd" 6525
"C:/Users/franc/AppData/Local/UnrealEngine/Common/DerivedDataCache/Buckets/LegacySTREAMEDAUDIO/f9/8c/10c214deeb6d5556343b0afbf72c961c7e21.udd" 6526
"C:/Users/franc/AppData/Local/UnrealEngine/Common/DerivedDataCache/Buckets/LegacySTREAMEDAUDIO/90/97/3863f3a0f943e182d19ec62f47299acc4639.udd" 6527
"C:/Users/franc/AppData/Local/UnrealEngine/Common/DerivedDataCache/Buckets/LegacySTREAMEDAUDIO/bf/6c/9d9df66f23c452c0c37968d1e79055c041fe.udd" 6528
"C:/Users/franc/AppData/Local/UnrealEngine/Common/DerivedDataCache/Buckets/LegacySTREAMEDAUDIO/71/f0/76b46499e9de91c09ef2639d30a0357fc0a9.udd" 6529
"C:/Users/franc/AppData/Local/UnrealEngine/Common/DerivedDataCache/Buckets/LegacySTREAMEDAUDIO/b3/35/5040fae37184f5b11ba709aa2111d72b3cfe.udd" 6530
"C:/Users/franc/AppData/Local/UnrealEngine/Common/DerivedDataCache/Buckets/LegacySTREAMEDAUDIO/73/80/0ff02a407e9baffb66445873d8a5caa30aee.udd" 6531
"C:/Users/franc/AppData/Local/UnrealEngine/Common/DerivedDataCache/Buckets/LegacySTREAMEDAUDIO/9d/07/27e5fe46b9e3619826ffcad84b8d63a27ded.udd" 6532
"C:/Users/franc/AppData/Local/UnrealEngine/Common/DerivedDataCache/Buckets/LegacySTREAMEDAUDIO/55/2f/c4223e786d8943c1a784397788786e3bc2c4.udd" 6533
"C:/Users/franc/AppData/Local/UnrealEngine/Common/DerivedDataCache/Buckets/LegacySTREAMEDAUDIO/37/f4/46e8fe5bc6fbf5ba2b885fdb94f7b6fe71be.udd" 6534
"C:/Users/franc/AppData/Local/UnrealEngine/Common/DerivedDataCache/Buckets/LegacySTREAMEDAUDIO/a9/b3/79b786b8910b3a3f0c61e8f2a3d2585ec40e.udd" 6535
"C:/Users/franc/AppData/Local/UnrealEngine/Common/DerivedDataCache/Buckets/LegacySTREAMEDAUDIO/49/bf/9e23458dd08be59e413a69946ae8f744b998.udd" 6536
"C:/Users/franc/AppData/Local/UnrealEngine/Common/DerivedDataCache/Buckets/LegacySTREAMEDAUDIO/b7/fc/a99b0b03cf037084d6112f8fa96be4360814.udd" 6537
"C:/Users/franc/AppData/Local/UnrealEngine/Common/DerivedDataCache/Buckets/LegacySTREAMEDAUDIO/d2/fc/a2e32dda36544420068b0f5d5c525535435a.udd" 6538
"C:/Users/franc/AppData/Local/UnrealEngine/Common/DerivedDataCache/Buckets/LegacySTREAMEDAUDIO/1c/c1/e5e682bb1518fdfac1ff35c9f531f42ca905.udd" 6539
"C:/Users/franc/AppData/Local/UnrealEngine/Common/DerivedDataCache/Buckets/LegacySTREAMEDAUDIO/69/8a/a16c853cc14553a26ce9b45bfbca64a45e63.udd" 6540
"C:/Users/franc/AppData/Local/UnrealEngine/Common/DerivedDataCache/Buckets/LegacySTREAMEDAUDIO/de/47/c1922b474b0caa3149320697cd9f2e4979c6.udd" 6541
"C:/Users/franc/AppData/Local/UnrealEngine/Common/DerivedDataCache/Buckets/LegacySTREAMEDAUDIO/5f/97/08f131e8e649e042513e757a0d41f50d7f87.udd" 6542
"C:/Users/franc/AppData/Local/UnrealEngine/Common/DerivedDataCache/Buckets/LegacySTREAMEDAUDIO/af/49/658f7439e2f5d4605714eb1d782c97b34f48.udd" 6543
"C:/Users/franc/AppData/Local/UnrealEngine/Common/DerivedDataCache/Buckets/LegacySTREAMEDAUDIO/33/c7/b46b81504cf6f2815bde91d5b544c701b772.udd" 6544
"C:/Users/franc/AppData/Local/UnrealEngine/Common/DerivedDataCache/Buckets/LegacySTREAMEDAUDIO/fb/1e/17c03eb18b6a9f6fe648ac5b53270947037e.udd" 6545
"C:/Users/franc/AppData/Local/UnrealEngine/Common/DerivedDataCache/Buckets/LegacySTREAMEDAUDIO/55/e3/9342797d96ab648b3986447cca06b2f6ab8e.udd" 6546
"C:/Users/franc/AppData/Local/UnrealEngine/Common/DerivedDataCache/Buckets/LegacySTREAMEDAUDIO/e5/97/41657764fdc83f44350e4ff4ed0ec04beb2a.udd" 6547
"C:/Users/franc/AppData/Local/UnrealEngine/Common/DerivedDataCache/Buckets/LegacySTREAMEDAUDIO/97/2b/c91f88f3e316b6f207327b86dc34a0d774fe.udd" 6548
"C:/Users/franc/AppData/Local/UnrealEngine/Common/DerivedDataCache/Buckets/LegacySTREAMEDAUDIO/c3/41/b4805088d9c2b5a1a05ea740bbbfb81f266b.udd" 6549
"C:/Users/franc/AppData/Local/UnrealEngine/Common/DerivedDataCache/Buckets/LegacySTREAMEDAUDIO/46/84/2327c90a60b3f39a2f91d8907a2552b8e7ae.udd" 6550
"C:/Users/franc/AppData/Local/UnrealEngine/Common/DerivedDataCache/Buckets/LegacySTREAMEDAUDIO/0a/3b/e219ed2bf47ff67c8b860929ae107fdbce2f.udd" 6551
"C:/Users/franc/AppData/Local/UnrealEngine/Common/DerivedDataCache/Buckets/LegacyTEXTURE/ae/bc/ff10672eaf739061a1b91880775e90c1aa9b.udd" 6552
"C:/Users/franc/AppData/Local/UnrealEngine/Common/DerivedDataCache/Buckets/LegacyTEXTURE/bc/ed/32bc4352ff14bb70ab496d559a616dd980dc.udd" 6553
"E:/Unreal Projects/LeagueJourney/DerivedDataCache/VT/TEXTURE_7C16439390E24F1F9468894FB4D4BC54_VTCHUNK02D4C3BCAD7DFA48AB32B8281FB06B8B83DB6275" 6554
"C:/Users/franc/AppData/Local/UnrealEngine/Common/DerivedDataCache/Buckets/LegacyTEXTURE/3c/88/b6ef1f18f924c7caba11523e8a980253e7e1.udd" 6555
"C:/Users/franc/AppData/Local/UnrealEngine/Common/DerivedDataCache/Buckets/LegacyTEXTURE/df/e9/efb683972cd713010a09a927bd790d832393.udd" 6556
"E:/Unreal Projects/LeagueJourney/DerivedDataCache/VT/TEXTURE_7C16439390E24F1F9468894FB4D4BC54_VTCHUNKADD97F8ADF814AE1541D0CBC3FB50485CE10BA12" 6557
"C:/Users/franc/AppData/Local/UnrealEngine/Common/DerivedDataCache/Buckets/LegacyTEXTURE/09/c6/f2687129ba64c79c3dd5595b5399df0a8fc6.udd" 6558
"C:/Users/franc/AppData/Local/UnrealEngine/Common/DerivedDataCache/Buckets/LegacyTEXTURE/4e/23/1ee94e41544666227070a2451835d9d6ece2.udd" 6559
"E:/Unreal Projects/LeagueJourney/DerivedDataCache/VT/TEXTURE_7C16439390E24F1F9468894FB4D4BC54_VTCHUNK2A5F9F60441DA258D18B46D59C64D5BAD50E8EE3" 6560
"C:/Users/franc/AppData/Local/UnrealEngine/Common/DerivedDataCache/Buckets/LegacySTREAMEDAUDIO/45/39/a5e7add32d718df46919f8bc588816d0f2ea.udd" 6561
"C:/Users/franc/AppData/Local/UnrealEngine/Common/DerivedDataCache/Buckets/LegacySTREAMEDAUDIO/85/22/39460644b74a895a2b4f1103eaa951ebfdc1.udd" 6562
"C:/Users/franc/AppData/Local/UnrealEngine/Common/DerivedDataCache/Buckets/LegacySTREAMEDAUDIO/c0/f7/50357d9e22122d8eae2558f4c76cf645e886.udd" 6563
"C:/Users/franc/AppData/Local/UnrealEngine/Common/DerivedDataCache/Buckets/LegacySTREAMEDAUDIO/a4/99/e43d7ee569619ae783b3c3b22d0d346725b5.udd" 6564
"C:/Users/franc/AppData/Local/UnrealEngine/Common/DerivedDataCache/Buckets/LegacySTREAMEDAUDIO/ac/af/004cf7fea909ba364fe19e87cbb51b01cb0e.udd" 6565
"C:/Users/franc/AppData/Local/UnrealEngine/Common/DerivedDataCache/Buckets/LegacySTREAMEDAUDIO/5d/c9/c71997dc8fe23f5c5825ff5d7c0190f77ef0.udd" 6566
"C:/Users/franc/AppData/Local/UnrealEngine/Common/DerivedDataCache/Buckets/LegacySTREAMEDAUDIO/1c/b2/b2421f989c2cdf4d235058e3f409b31139c3.udd" 6567
"C:/Users/franc/AppData/Local/UnrealEngine/Common/DerivedDataCache/Buckets/LegacySTREAMEDAUDIO/46/d2/211a598d6b4202e2cbc38e414e6b7ab8c09b.udd" 6568
"C:/Users/franc/AppData/Local/UnrealEngine/Common/DerivedDataCache/Buckets/LegacySTREAMEDAUDIO/39/ec/3f94075a73760f08e927cf0c6880d6cf7613.udd" 6569
"C:/Users/franc/AppData/Local/UnrealEngine/Common/DerivedDataCache/Buckets/LegacyTEXTURE/da/3a/437fb3d360936ffc4505cd467ffaafdc5984.udd" 6570
"C:/Users/franc/AppData/Local/UnrealEngine/Common/DerivedDataCache/Buckets/LegacyTEXTURE/fb/2e/4ff039fd90fd7ea6f5b32caa30082ad7bf7a.udd" 6571
"E:/Unreal Projects/LeagueJourney/DerivedDataCache/VT/TEXTURE_7C16439390E24F1F9468894FB4D4BC54_VTCHUNK967C747FFC357A828288FA05D93CD5DCECDA891B" 6572
"C:/Users/franc/AppData/Local/UnrealEngine/Common/DerivedDataCache/Buckets/LegacyTEXTURE/22/d2/cd97ef6f0fab5421e3617b6e96c7a8d03553.udd" 6573
"C:/Users/franc/AppData/Local/UnrealEngine/Common/DerivedDataCache/Buckets/LegacyTEXTURE/c1/3b/a35d2524ceb96cb4e07bc44bb8e2b12d7a4f.udd" 6574
"E:/Unreal Projects/LeagueJourney/DerivedDataCache/VT/TEXTURE_7C16439390E24F1F9468894FB4D4BC54_VTCHUNK44B429B40BB45A070EB17C1259C28734996A2F49" 6575
"C:/Users/franc/AppData/Local/UnrealEngine/Common/DerivedDataCache/Buckets/LegacySTREAMEDAUDIO/65/3d/32ccc36d77be040dde5a7a94ec9429f39265.udd" 6576
"C:/Users/franc/AppData/Local/UnrealEngine/Common/DerivedDataCache/Buckets/LegacySTREAMEDAUDIO/97/94/2a22eb0a1d3f11f4f9eee6667f98edfb883d.udd" 6577
"C:/Users/franc/AppData/Local/UnrealEngine/Common/DerivedDataCache/Buckets/LegacySTREAMEDAUDIO/d4/ba/f7413bd590a63e14af2adc3feed5386ba97b.udd" 6578
"C:/Users/franc/AppData/Local/UnrealEngine/Common/DerivedDataCache/Buckets/LegacySTREAMEDAUDIO/d1/a6/ee24df723b1506474f2f7ac44a6a7a295e24.udd" 6579
"C:/Users/franc/AppData/Local/UnrealEngine/Common/DerivedDataCache/Buckets/LegacySTREAMEDAUDIO/a8/bb/5ecfc4cf2e4193a7e9234cd48f463fd8ba72.udd" 6580
"C:/Users/franc/AppData/Local/UnrealEngine/Common/DerivedDataCache/Buckets/LegacySTREAMEDAUDIO/74/a7/84e20b2001e0db121c88aec2ccce03197fe6.udd" 6581
"C:/Users/franc/AppData/Local/UnrealEngine/Common/DerivedDataCache/Buckets/LegacySTREAMEDAUDIO/53/9e/32c23ab59d878188d42ba31043b751dc1a84.udd" 6582
"C:/Users/franc/AppData/Local/UnrealEngine/Common/DerivedDataCache/Buckets/LegacySTREAMEDAUDIO/8d/c6/6d00247d34ee44c97b5b0142b63a6d4cc84a.udd" 6583
"C:/Users/franc/AppData/Local/UnrealEngine/Common/DerivedDataCache/Buckets/LegacySTREAMEDAUDIO/7a/fb/58d869c773de68dd1cf247a31657241ae413.udd" 6584
"C:/Users/franc/AppData/Local/UnrealEngine/Common/DerivedDataCache/Buckets/LegacySTREAMEDAUDIO/f9/dd/9dea9ac7803063c3d990ca2cbfbb916efdfb.udd" 6585
"C:/Users/franc/AppData/Local/UnrealEngine/Common/DerivedDataCache/Buckets/LegacySTREAMEDAUDIO/fa/97/711c9c34ea900fe25cbe9126ce99dcbc1409.udd" 6586
"C:/Users/franc/AppData/Local/UnrealEngine/Common/DerivedDataCache/Buckets/LegacySTREAMEDAUDIO/70/4d/37afef9917432175f7ae3f38220e5fbe5648.udd" 6587
"C:/Users/franc/AppData/Local/UnrealEngine/Common/DerivedDataCache/Buckets/LegacySTREAMEDAUDIO/25/03/3a19c362f16e24c45ef9369908bee172ba61.udd" 6588
"C:/Users/franc/AppData/Local/UnrealEngine/Common/DerivedDataCache/Buckets/LegacySTREAMEDAUDIO/4b/ef/39bb8235fc1e75106394f79653ca5f3d439e.udd" 6589
"C:/Users/franc/AppData/Local/UnrealEngine/Common/DerivedDataCache/Buckets/LegacySTREAMEDAUDIO/c5/4b/e2a33a8f56535d824c97547357d9ec9998ff.udd" 6590
"C:/Users/franc/AppData/Local/UnrealEngine/Common/DerivedDataCache/Buckets/LegacySTREAMEDAUDIO/ed/3e/a27a81e8dec7ac8765d005e97d27f0b32951.udd" 6591
"C:/Users/franc/AppData/Local/UnrealEngine/Common/DerivedDataCache/Buckets/LegacySTREAMEDAUDIO/de/c5/c56f7bdb0b69fcf8e362e16c8e7102a6c419.udd" 6592
"C:/Users/franc/AppData/Local/UnrealEngine/Common/DerivedDataCache/Buckets/LegacySTREAMEDAUDIO/3c/c7/8e9e645311fe98305ddc769612ae45da9d64.udd" 6593
"C:/Users/franc/AppData/Local/UnrealEngine/Common/DerivedDataCache/Buckets/LegacySTREAMEDAUDIO/c7/06/24a23773e792273e3e59efc390301120f58b.udd" 6594
"C:/Users/franc/AppData/Local/UnrealEngine/Common/DerivedDataCache/Buckets/LegacySTREAMEDAUDIO/67/5f/98d5f6e96f92583d0535ca245dc608e587ac.udd" 6595
"C:/Users/franc/AppData/Local/UnrealEngine/Common/DerivedDataCache/Buckets/LegacySTREAMEDAUDIO/3e/fd/0903839a599063e2bad7db43640bf291d733.udd" 6596
"C:/Users/franc/AppData/Local/UnrealEngine/Common/DerivedDataCache/Buckets/LegacySTREAMEDAUDIO/6b/9c/8634cccc9f4282b3c371fafbb87ba1891078.udd" 6597
"C:/Users/franc/AppData/Local/UnrealEngine/Common/DerivedDataCache/Buckets/LegacySTREAMEDAUDIO/f7/1a/34d820617f4903c77be6a79c2e618fcda549.udd" 6598
"C:/Users/franc/AppData/Local/UnrealEngine/Common/DerivedDataCache/Buckets/LegacySTREAMEDAUDIO/fc/ab/923ca1a7ec2fda5f2b4fdaf597a19bf0149f.udd" 6599
"C:/Users/franc/AppData/Local/UnrealEngine/Common/DerivedDataCache/Buckets/LegacySTREAMEDAUDIO/25/41/4f5a67bed022fb38a4508312c3c05960a092.udd" 6600
"C:/Users/franc/AppData/Local/UnrealEngine/Common/DerivedDataCache/Buckets/LegacySTREAMEDAUDIO/f0/63/84bd53b333972782b234cf78fd2e74ffa8d0.udd" 6601
"C:/Users/franc/AppData/Local/UnrealEngine/Common/DerivedDataCache/Buckets/LegacySTREAMEDAUDIO/dd/2d/bd1d23d2323a94b9d452b6ae1ff6d634bbd3.udd" 6602
"C:/Users/franc/AppData/Local/UnrealEngine/Common/DerivedDataCache/Buckets/LegacySTREAMEDAUDIO/f6/36/5750b2bfa69b9ed84d3c8e4e005a9cbd4ea6.udd" 6603
"C:/Users/franc/AppData/Local/UnrealEngine/Common/DerivedDataCache/Buckets/LegacySTREAMEDAUDIO/a4/2d/81fe5598c7e7e54b771205c1cb6e29961ce4.udd" 6604
"C:/Users/franc/AppData/Local/UnrealEngine/Common/DerivedDataCache/Buckets/LegacySTREAMEDAUDIO/00/fe/7a79239a7b7ff2acc28c45f2198a3e777ca3.udd" 6605
"C:/Users/franc/AppData/Local/UnrealEngine/Common/DerivedDataCache/Buckets/LegacySTREAMEDAUDIO/3e/6f/7d17a73cba6220685ed322bdaf23d88bd058.udd" 6606
"C:/Users/franc/AppData/Local/UnrealEngine/Common/DerivedDataCache/Buckets/LegacySTREAMEDAUDIO/27/0d/39846cc05f1872eb7aa4d65192581e13690a.udd" 6607
"C:/Users/franc/AppData/Local/UnrealEngine/Common/DerivedDataCache/Buckets/LegacySTREAMEDAUDIO/ce/69/af1a127a5d65221e9532ca77315d3a70a799.udd" 6608
"C:/Users/franc/AppData/Local/UnrealEngine/Common/DerivedDataCache/Buckets/LegacySTREAMEDAUDIO/79/10/a435bcefabb99bf4a6ca25890621a0153d11.udd" 6609
"C:/Users/franc/AppData/Local/UnrealEngine/Common/DerivedDataCache/Buckets/LegacySTREAMEDAUDIO/51/d3/2b30154a3024e60ed357659d4fe8af6ebc38.udd" 6610
"C:/Users/franc/AppData/Local/UnrealEngine/Common/DerivedDataCache/Buckets/LegacySTREAMEDAUDIO/88/71/7ed5de0cb9376326641bc90bac70bfd5cd92.udd" 6611
"C:/Users/franc/AppData/Local/UnrealEngine/Common/DerivedDataCache/Buckets/LegacySTREAMEDAUDIO/82/ee/aa80e8461e3a0edee8729480eec3a2ed998b.udd" 6612
"C:/Users/franc/AppData/Local/UnrealEngine/Common/DerivedDataCache/Buckets/LegacySTREAMEDAUDIO/02/89/e6c882e597c9694b2bf5526eb0687c3b9d86.udd" 6613
"C:/Users/franc/AppData/Local/UnrealEngine/Common/DerivedDataCache/Buckets/LegacySTREAMEDAUDIO/30/0c/472c17a7687af6245b2aa9bca851d27c3722.udd" 6614
"C:/Users/franc/AppData/Local/UnrealEngine/Common/DerivedDataCache/Buckets/LegacySTREAMEDAUDIO/55/09/5690853b10725293ea54b623a69fec445a7a.udd" 6615
"C:/Users/franc/AppData/Local/UnrealEngine/Common/DerivedDataCache/Buckets/LegacySTREAMEDAUDIO/ca/c5/bd3e7724625801bc3bdfff322ac2c3ff1e4a.udd" 6616
"C:/Users/franc/AppData/Local/UnrealEngine/Common/DerivedDataCache/Buckets/LegacySTREAMEDAUDIO/2d/bd/8657371271f8e9adc9178b9d0d404eaa298a.udd" 6617
"C:/Users/franc/AppData/Local/UnrealEngine/Common/DerivedDataCache/Buckets/LegacySTREAMEDAUDIO/19/e5/b158a86bef33374858c8573799a4969af432.udd" 6618
"C:/Users/franc/AppData/Local/UnrealEngine/Common/DerivedDataCache/Buckets/LegacySTREAMEDAUDIO/e9/f2/fcec5692ae7d8d07598a21c7da980e317360.udd" 6619
"C:/Users/franc/AppData/Local/UnrealEngine/Common/DerivedDataCache/Buckets/LegacySTREAMEDAUDIO/08/68/59d393afd6e3ec0f88731f0a4afc0ae9122a.udd" 6620
"C:/Users/franc/AppData/Local/UnrealEngine/Common/DerivedDataCache/Buckets/LegacySTREAMEDAUDIO/e2/c9/b6daf42b07fc7bbaf3ac8ecb4593d58ead20.udd" 6621
"C:/Users/franc/AppData/Local/UnrealEngine/Common/DerivedDataCache/Buckets/LegacySTREAMEDAUDIO/9d/ee/13a205c1936929ad567d0ffb0bddff56acea.udd" 6622
"C:/Users/franc/AppData/Local/UnrealEngine/Common/DerivedDataCache/Buckets/LegacySTREAMEDAUDIO/b3/10/5b3b7e2b4f9533ba14c8e688d8c8af18c32c.udd" 6623
"C:/Users/franc/AppData/Local/UnrealEngine/Common/DerivedDataCache/Buckets/LegacySTREAMEDAUDIO/e7/19/0ba8f1eb655772eb2a9ca8cd6a09908c5b59.udd" 6624
"C:/Users/franc/AppData/Local/UnrealEngine/Common/DerivedDataCache/Buckets/LegacySTREAMEDAUDIO/08/bb/d02689c99e42c445d2f88b6db4baa9a418dc.udd" 6625
"C:/Users/franc/AppData/Local/UnrealEngine/Common/DerivedDataCache/Buckets/LegacySTREAMEDAUDIO/78/3e/4711a7d3657579d4ac335ba599cb18a4ddcb.udd" 6626
"C:/Users/franc/AppData/Local/UnrealEngine/Common/DerivedDataCache/Buckets/LegacySTREAMEDAUDIO/10/8b/fb84d6f9cc52d001bd0a3f03ac2c32bedc7c.udd" 6627
"C:/Users/franc/AppData/Local/UnrealEngine/Common/DerivedDataCache/Buckets/LegacySTREAMEDAUDIO/da/05/b05e64bf2e65b7167f8cf04db4c1318f9af2.udd" 6628
"C:/Users/franc/AppData/Local/UnrealEngine/Common/DerivedDataCache/Buckets/LegacySTREAMEDAUDIO/14/5e/75cb0c2d210e5e50d74fc19e482d22d24c00.udd" 6629
"C:/Users/franc/AppData/Local/UnrealEngine/Common/DerivedDataCache/Buckets/LegacySTREAMEDAUDIO/d7/5f/bdab39703bce26f70f64a7eab9d08750c65b.udd" 6630
"C:/Users/franc/AppData/Local/UnrealEngine/Common/DerivedDataCache/Buckets/LegacySTREAMEDAUDIO/67/28/551f3b5a2b077252a9e2cde74f36a6996a9d.udd" 6631
"C:/Users/franc/AppData/Local/UnrealEngine/Common/DerivedDataCache/Buckets/LegacySTREAMEDAUDIO/dc/ce/f881dfd5f512be55deb2dbc346b01cba8811.udd" 6632
"C:/Users/franc/AppData/Local/UnrealEngine/Common/DerivedDataCache/Buckets/LegacySTREAMEDAUDIO/39/8b/b2a50b89249be36e96837a29b11525dabeda.udd" 6633
"C:/Users/franc/AppData/Local/UnrealEngine/Common/DerivedDataCache/Buckets/LegacySTREAMEDAUDIO/03/77/bb75e974d7ff952acdd3300066c9e6c5fff3.udd" 6634
"C:/Users/franc/AppData/Local/UnrealEngine/Common/DerivedDataCache/Buckets/LegacySTREAMEDAUDIO/d8/4d/c937d2d3077f8fee9535f9613d40e2161671.udd" 6635
"C:/Users/franc/AppData/Local/UnrealEngine/Common/DerivedDataCache/Buckets/LegacySTREAMEDAUDIO/32/19/e38388c912f16211ef7c117a093f041ac5ee.udd" 6636
"C:/Users/franc/AppData/Local/UnrealEngine/Common/DerivedDataCache/Buckets/LegacySTREAMEDAUDIO/ed/3a/d64ff170e2f8ae8c4d63cdc08ec0995df028.udd" 6637
"C:/Users/franc/AppData/Local/UnrealEngine/Common/DerivedDataCache/Buckets/LegacySTREAMEDAUDIO/cf/9f/d64f21818ed6ed8795a605a3065074cb5000.udd" 6638
"C:/Users/franc/AppData/Local/UnrealEngine/Common/DerivedDataCache/Buckets/LegacySTREAMEDAUDIO/bc/3e/30ad128325817e6d87d1eacb5a4ad4ae751d.udd" 6639
"C:/Users/franc/AppData/Local/UnrealEngine/Common/DerivedDataCache/Buckets/LegacySTREAMEDAUDIO/e0/fd/c71a46225aa47594b334ca648e62c4f4361e.udd" 6640
"C:/Users/franc/AppData/Local/UnrealEngine/Common/DerivedDataCache/Buckets/LegacySTREAMEDAUDIO/c3/84/f4b78e7d7d9644f113cd23a644074fd4598f.udd" 6641
"C:/Users/franc/AppData/Local/UnrealEngine/Common/DerivedDataCache/Buckets/LegacySTREAMEDAUDIO/ed/ea/37ed0e5f9bd888fc96e913874ba550fbe2d8.udd" 6642
"C:/Users/franc/AppData/Local/UnrealEngine/Common/DerivedDataCache/Buckets/LegacySTREAMEDAUDIO/c0/34/282071efeb161c0e7ed0bf8cbe62e037862a.udd" 6643
"C:/Users/franc/AppData/Local/UnrealEngine/Common/DerivedDataCache/Buckets/LegacySTREAMEDAUDIO/6e/f8/bbf91829277c6236ad72717e6b2bb7fdb353.udd" 6644
"C:/Users/franc/AppData/Local/UnrealEngine/Common/DerivedDataCache/Buckets/LegacySTREAMEDAUDIO/79/33/7f95149a90b760c11ba5cde16ca37ea77b79.udd" 6645
"C:/Users/franc/AppData/Local/UnrealEngine/Common/DerivedDataCache/Buckets/LegacySTREAMEDAUDIO/33/be/5161d252c854809fd8e1950b16b950c4e9b9.udd" 6646
"C:/Users/franc/AppData/Local/UnrealEngine/Common/DerivedDataCache/Buckets/LegacySTREAMEDAUDIO/73/f2/814c762d9617c991d2f7354f006b9e8abf5c.udd" 6647
"C:/Users/franc/AppData/Local/UnrealEngine/Common/DerivedDataCache/Buckets/LegacySTREAMEDAUDIO/f7/60/75b535612b6db38f40bfdaa929cfa1d8a216.udd" 6648
"C:/Users/franc/AppData/Local/UnrealEngine/Common/DerivedDataCache/Buckets/LegacySTREAMEDAUDIO/79/16/70e93d84f11d17abaa3aa98926803f4fd618.udd" 6649
"C:/Users/franc/AppData/Local/UnrealEngine/Common/DerivedDataCache/Buckets/LegacySTREAMEDAUDIO/e1/4f/dfc30cab51117083a6d856d6ef966cc00cb9.udd" 6650
"C:/Users/franc/AppData/Local/UnrealEngine/Common/DerivedDataCache/Buckets/LegacySTREAMEDAUDIO/00/c5/97f536a8a9960e8de5b6f962eadbbe875091.udd" 6651
"C:/Users/franc/AppData/Local/UnrealEngine/Common/DerivedDataCache/Buckets/LegacySTREAMEDAUDIO/a4/51/4d5fede8fc340aae6ef948c5969618a8f687.udd" 6652
"C:/Users/franc/AppData/Local/UnrealEngine/Common/DerivedDataCache/Buckets/LegacySTREAMEDAUDIO/39/33/ccba5e287f77c6a56d974c1ad9e696997884.udd" 6653
"C:/Users/franc/AppData/Local/UnrealEngine/Common/DerivedDataCache/Buckets/LegacySTREAMEDAUDIO/39/bb/8a0a1d36ee5598357b3b0a7d8cdb4105a832.udd" 6654
"C:/Users/franc/AppData/Local/UnrealEngine/Common/DerivedDataCache/Buckets/LegacySTREAMEDAUDIO/a0/4e/efa0a6ed419a069be77e48d9cfed009b0a41.udd" 6655
"C:/Users/franc/AppData/Local/UnrealEngine/Common/DerivedDataCache/Buckets/LegacySTREAMEDAUDIO/05/ee/01f0213383d5e0c124e21b42623e73f24776.udd" 6656
"C:/Users/franc/AppData/Local/UnrealEngine/Common/DerivedDataCache/Buckets/LegacySTREAMEDAUDIO/6f/32/d0c8fcc8694f8082f3524b437e7db090fee0.udd" 6657
"C:/Users/franc/AppData/Local/UnrealEngine/Common/DerivedDataCache/Buckets/LegacySTREAMEDAUDIO/7c/6e/5056c93eab8c99b41f7bd5fbc0e546b882ae.udd" 6658
"C:/Users/franc/AppData/Local/UnrealEngine/Common/DerivedDataCache/Buckets/LegacySTREAMEDAUDIO/47/fe/c159ee749f293f46a03cdf5ff67b5983ba1c.udd" 6659
"C:/Users/franc/AppData/Local/UnrealEngine/Common/DerivedDataCache/Buckets/LegacySTREAMEDAUDIO/90/e7/45c85a12080325352de8dc2fb7912eb64760.udd" 6660
"C:/Users/franc/AppData/Local/UnrealEngine/Common/DerivedDataCache/Buckets/LegacySTREAMEDAUDIO/e7/bf/8ffbe2b99245ac2136e4bbd769a4ac9018c1.udd" 6661
"C:/Users/franc/AppData/Local/UnrealEngine/Common/DerivedDataCache/Buckets/LegacySTREAMEDAUDIO/95/eb/b8ed4777106a6b6739728eaf94bb335b426f.udd" 6662
"C:/Users/franc/AppData/Local/UnrealEngine/Common/DerivedDataCache/Buckets/LegacySTREAMEDAUDIO/27/d5/2e557fba9c3e7aba294f8258190f0c044689.udd" 6663
"C:/Users/franc/AppData/Local/UnrealEngine/Common/DerivedDataCache/Buckets/LegacySTREAMEDAUDIO/e4/77/51ba77dd0c84f73e8ec219dc96d5a344386f.udd" 6664
"C:/Users/franc/AppData/Local/UnrealEngine/Common/DerivedDataCache/Buckets/LegacySTREAMEDAUDIO/f1/bf/388b27214278f57592826ce2090bce487c7b.udd" 6665
"C:/Users/franc/AppData/Local/UnrealEngine/Common/DerivedDataCache/Buckets/LegacySTREAMEDAUDIO/9f/f1/49cd531ba4a35e9f1f04e173c8ac35bf9493.udd" 6666
"C:/Users/franc/AppData/Local/UnrealEngine/Common/DerivedDataCache/Buckets/LegacySTREAMEDAUDIO/0c/01/67d071b9d262955b795c35541b0061a3f8ef.udd" 6667
"C:/Users/franc/AppData/Local/UnrealEngine/Common/DerivedDataCache/Buckets/LegacySTREAMEDAUDIO/8e/1a/84e107934742dd10722bfd92902bc841d27f.udd" 6668
"C:/Users/franc/AppData/Local/UnrealEngine/Common/DerivedDataCache/Buckets/LegacySTREAMEDAUDIO/69/c8/66737c4588bf03350b3ed280b126618a6895.udd" 6669
"C:/Users/franc/AppData/Local/UnrealEngine/Common/DerivedDataCache/Buckets/LegacySTREAMEDAUDIO/ec/35/0d0ee78dc9cadbadf9c2212b05238288e3fc.udd" 6670
"C:/Users/franc/AppData/Local/UnrealEngine/Common/DerivedDataCache/Buckets/LegacySTREAMEDAUDIO/f9/76/cbe2710deee16a4296ec0729af0c37cb045e.udd" 6671
"C:/Users/franc/AppData/Local/UnrealEngine/Common/DerivedDataCache/Buckets/LegacySTREAMEDAUDIO/d3/c3/abb956e5c23cfef5b3a849c847a350114511.udd" 6672
"C:/Users/franc/AppData/Local/UnrealEngine/Common/DerivedDataCache/Buckets/LegacySTREAMEDAUDIO/3a/a9/56ec0cf29fc71c65f037fa04729435cfcfe3.udd" 6673
"C:/Users/franc/AppData/Local/UnrealEngine/Common/DerivedDataCache/Buckets/LegacyNavCollision/9f/97/9d8e65128ca29161914d1d3350fda148a5c3.udd" 6674
"C:/Users/franc/AppData/Local/UnrealEngine/Common/DerivedDataCache/Buckets/LegacyTEXTURE/7d/3b/2bb002719ab8cc0e65c005cb1bb96c1a0dd5.udd" 6675
"C:/Users/franc/AppData/Local/UnrealEngine/Common/DerivedDataCache/Buckets/LegacyTEXTURE/e6/b1/604322c83f3f16d438a4c68e42fdb976cf93.udd" 6676
"C:/Users/franc/AppData/Local/UnrealEngine/Common/DerivedDataCache/Buckets/LegacyTEXTURE/87/41/58d9fe0bf18d3bd9e902ee854ef45437328e.udd" 6677
"C:/Users/franc/AppData/Local/UnrealEngine/Common/DerivedDataCache/Buckets/LegacyTEXTURE/c4/8e/a47f359cd35969a8d6b7ec5245b59d1ebf34.udd" 6678
"C:/Users/franc/AppData/Local/UnrealEngine/Common/DerivedDataCache/Buckets/LegacyTEXTURE/ff/59/268c5c2af61a042bebc4925f9e3397f8bea6.udd" 6679
"C:/Users/franc/AppData/Local/UnrealEngine/Common/DerivedDataCache/Buckets/LegacyTEXTURE/c9/4c/9f5e0ab36c82db690214a78ace4136a8322d.udd" 6680
"C:/Users/franc/AppData/Local/UnrealEngine/Common/DerivedDataCache/Buckets/LegacyTEXTURE/5e/53/99f0ce34cb4254b291eeb6cb98460cadc4f7.udd" 6681
"C:/Users/franc/AppData/Local/UnrealEngine/Common/DerivedDataCache/Buckets/LegacyTEXTURE/ad/01/cd6892601e5e8c920471e7d4e2bf633ed4d3.udd" 6682
"C:/Users/franc/AppData/Local/UnrealEngine/Common/DerivedDataCache/Buckets/LegacyTEXTURE/3f/8b/bf5a08a058e9449c99bd303f6a31aaedcfd2.udd" 6683
"C:/Users/franc/AppData/Local/UnrealEngine/Common/DerivedDataCache/Buckets/LegacyTEXTURE/83/5b/b43a37b254b43e0142721af9df73d201f515.udd" 6684
"C:/Users/franc/AppData/Local/UnrealEngine/Common/DerivedDataCache/Buckets/LegacyTEXTURE/88/77/f75fb20e1e481aa4c7e5e69ada8f79e5b7d0.udd" 6685
"C:/Users/franc/AppData/Local/UnrealEngine/Common/DerivedDataCache/Buckets/LegacyTEXTURE/43/91/794b53145be077cc8d1bec6eed3f8369424e.udd" 6686
"C:/Users/franc/AppData/Local/UnrealEngine/Common/DerivedDataCache/Buckets/LegacyTEXTURE/a1/03/cafbd8fe1f7d7be03eaa921194ed4447bb5d.udd" 6687
"C:/Users/franc/AppData/Local/UnrealEngine/Common/DerivedDataCache/Buckets/LegacyTEXTURE/a4/c6/a63af1d49cdc94cd1608c25bc096d02c28f7.udd" 6688
"C:/Users/franc/AppData/Local/UnrealEngine/Common/DerivedDataCache/Buckets/LegacyTEXTURE/ac/17/e18f61e77cfd6e633ba8f1cc66bed69648d4.udd" 6689
"C:/Users/franc/AppData/Local/UnrealEngine/Common/DerivedDataCache/Buckets/LegacyTEXTURE/ac/e6/7f82ba71101e0c5bfd82b5872ad39588150d.udd" 6690
"C:/Users/franc/AppData/Local/UnrealEngine/Common/DerivedDataCache/Buckets/LegacyTEXTURE/2a/5d/31bc9f901807e27cb17e189b6eec992ec77f.udd" 6691
"C:/Users/franc/AppData/Local/UnrealEngine/Common/DerivedDataCache/Buckets/LegacyTEXTURE/23/d2/647203f1c7df753ae3cac2bd455f448cdf56.udd" 6692
"C:/Users/franc/AppData/Local/UnrealEngine/Common/DerivedDataCache/Buckets/LegacyTEXTURE/1d/c1/47cad476c16cb7e9c8acdd2f010be949ef4f.udd" 6693
"C:/Users/franc/AppData/Local/UnrealEngine/Common/DerivedDataCache/Buckets/LegacyTEXTURE/87/9f/551466a141950a4373e351dbfaecac4921cb.udd" 6694
"C:/Users/franc/AppData/Local/UnrealEngine/Common/DerivedDataCache/Buckets/LegacyTEXTURE/c5/57/0fef83036cc73b997de4453324880fc9ef9a.udd" 6695
"C:/Users/franc/AppData/Local/UnrealEngine/Common/DerivedDataCache/Buckets/LegacyTEXTURE/63/18/c21739e3faa02f68b843a1211a9c9a660f05.udd" 6696
"C:/Users/franc/AppData/Local/UnrealEngine/Common/DerivedDataCache/Buckets/LegacyTEXTURE/9b/cf/24a030c13cdbddcd14fe638844d17b8a72a9.udd" 6697
"C:/Users/franc/AppData/Local/UnrealEngine/Common/DerivedDataCache/Buckets/LegacyTEXTURE/cb/79/7d963ca1883c7619b050a825697c1cb29b05.udd" 6698
"C:/Users/franc/AppData/Local/UnrealEngine/Common/DerivedDataCache/Buckets/LegacyTEXTURE/b3/bd/71cdf782bfe8f7a783d848bf9da605f5ada7.udd" 6699
"C:/Users/franc/AppData/Local/UnrealEngine/Common/DerivedDataCache/Buckets/LegacyTEXTURE/ce/84/21cfde329a909130079a240b39ca847bf36c.udd" 6700
"C:/Users/franc/AppData/Local/UnrealEngine/Common/DerivedDataCache/Buckets/LegacyTEXTURE/5f/0e/a524e5696fc4aa13d53259c27fd4293a7d37.udd" 6701
"C:/Users/franc/AppData/Local/UnrealEngine/Common/DerivedDataCache/Buckets/LegacyTEXTURE/b3/bb/8a74650a421d425c48f44aed4a2bd6c680dd.udd" 6702
"C:/Users/franc/AppData/Local/UnrealEngine/Common/DerivedDataCache/Buckets/LegacyTEXTURE/36/c9/45daccd73062bcbb6a02b501d053667f8228.udd" 6703
"C:/Users/franc/AppData/Local/UnrealEngine/Common/DerivedDataCache/Buckets/LegacyTEXTURE/5b/72/c7b74b7daba5e4074f9c0b18e8d4e8d55ee5.udd" 6704
"C:/Users/franc/AppData/Local/UnrealEngine/Common/DerivedDataCache/Buckets/LegacyTEXTURE/21/3f/eb2349f917a958a7403063065ceda7f9e656.udd" 6705
"C:/Users/franc/AppData/Local/UnrealEngine/Common/DerivedDataCache/Buckets/LegacyTEXTURE/8e/23/5e231dd85691e415b7fb019b6b966f95d1b5.udd" 6706
"C:/Users/franc/AppData/Local/UnrealEngine/Common/DerivedDataCache/Buckets/LegacyTEXTURE/81/14/16ce80f8d630c067142d7a49c8fb6fd806f8.udd" 6707
"C:/Users/franc/AppData/Local/UnrealEngine/Common/DerivedDataCache/Buckets/LegacyTEXTURE/46/13/404a6c9c6b096ea7c75e79ff57f7f9a1cf6d.udd" 6708
"C:/Users/franc/AppData/Local/UnrealEngine/Common/DerivedDataCache/Buckets/LegacyTEXTURE/3d/c3/546e3a4a7867760b0f3a73f3ab6b51ac30c4.udd" 6709
"C:/Users/franc/AppData/Local/UnrealEngine/Common/DerivedDataCache/Buckets/LegacyTEXTURE/fb/bc/9199b8e2e3ebdda41fb2c5d285738dc36d5c.udd" 6710
"C:/Users/franc/AppData/Local/UnrealEngine/Common/DerivedDataCache/Buckets/LegacyTEXTURE/f8/f4/7dcb4be7cc2edb16d8858395523eb4ee8377.udd" 6711
"C:/Users/franc/AppData/Local/UnrealEngine/Common/DerivedDataCache/Buckets/LegacyTEXTURE/0b/82/9afa15eb3cfb919333420f71425abca419a9.udd" 6712
"C:/Users/franc/AppData/Local/UnrealEngine/Common/DerivedDataCache/Buckets/LegacyTEXTURE/2f/45/034f08aaebe3af285799fe86472584ee405b.udd" 6713
"C:/Users/franc/AppData/Local/UnrealEngine/Common/DerivedDataCache/Buckets/LegacyTEXTURE/3c/7c/dee86c29a62a64d99254e381fd3fd0a0ddeb.udd" 6714
"C:/Users/franc/AppData/Local/UnrealEngine/Common/DerivedDataCache/Buckets/LegacyTEXTURE/95/ad/febd837e26be8b37c7ccceb95388cc375756.udd" 6715
"C:/Users/franc/AppData/Local/UnrealEngine/Common/DerivedDataCache/Buckets/LegacyTEXTURE/03/9f/d4a5ab27afdf75c5870fc69eaf99b434465c.udd" 6716
"C:/Users/franc/AppData/Local/UnrealEngine/Common/DerivedDataCache/Buckets/LegacyTEXTURE/a7/8d/f09f55b8f5e5f0f6b69affdec08fe0d157a2.udd" 6717
"C:/Users/franc/AppData/Local/UnrealEngine/Common/DerivedDataCache/Buckets/LegacyTEXTURE/5a/2c/02fefab8e64f2cb2bbb3e6a7c021db0cfd04.udd" 6718
"C:/Users/franc/AppData/Local/UnrealEngine/Common/DerivedDataCache/Buckets/LegacyTEXTURE/00/d3/9f3be5f3e325505cbddde265fdf44df924b2.udd" 6719
"C:/Users/franc/AppData/Local/UnrealEngine/Common/DerivedDataCache/Buckets/LegacyTEXTURE/26/74/4a5b82d830928c560dd7344afc11c03d680a.udd" 6720
"C:/Users/franc/AppData/Local/UnrealEngine/Common/DerivedDataCache/Buckets/LegacyTEXTURE/14/fb/da9d27cf96543a37bb4b2952b0bdc8ab3389.udd" 6721
"C:/Users/franc/AppData/Local/UnrealEngine/Common/DerivedDataCache/Buckets/LegacyTEXTURE/1a/d5/b72b65509dc17b984d077add8f27ff44803f.udd" 6722
"C:/Users/franc/AppData/Local/UnrealEngine/Common/DerivedDataCache/Buckets/LegacyTEXTURE/a2/d0/79da136c271d88b732a64ab408ee034796b6.udd" 6723
"C:/Users/franc/AppData/Local/UnrealEngine/Common/DerivedDataCache/Buckets/LegacyTEXTURE/85/a5/258578c41bfe447a4c2b964e9eb192c8b56c.udd" 6724
"C:/Users/franc/AppData/Local/UnrealEngine/Common/DerivedDataCache/Buckets/LegacyTEXTURE/74/3b/963eed0c58261c0072181429580fad93c8d2.udd" 6725
"C:/Users/franc/AppData/Local/UnrealEngine/Common/DerivedDataCache/Buckets/LegacyTEXTURE/4e/7f/cb2ada0006111200c4be7b92f5778e6e150c.udd" 6726
"C:/Users/franc/AppData/Local/UnrealEngine/Common/DerivedDataCache/Buckets/LegacyTEXTURE/d4/97/7ae2b21df300936e4662aa7de3214b3e964e.udd" 6727
"C:/Users/franc/AppData/Local/UnrealEngine/Common/DerivedDataCache/Buckets/LegacyTEXTURE/a1/47/d05899fd84250c0db7c150371e0297499c12.udd" 6728
"C:/Users/franc/AppData/Local/UnrealEngine/Common/DerivedDataCache/Buckets/LegacyTEXTURE/47/f8/27a4518ad03cdc696a3bc8a178cc348aeddb.udd" 6729
"C:/Users/franc/AppData/Local/UnrealEngine/Common/DerivedDataCache/Buckets/LegacyTEXTURE/b2/43/830238dea8e76ffb9418d3d0b1916388b1dd.udd" 6730
"C:/Users/franc/AppData/Local/UnrealEngine/Common/DerivedDataCache/Buckets/LegacyTEXTURE/f3/6e/a9918eb4cc2a5264af5016ad0e1e83b7c36f.udd" 6731
"C:/Users/franc/AppData/Local/UnrealEngine/Common/DerivedDataCache/Buckets/LegacyTEXTURE/bb/32/2d6dcbad10df02172905242ea5f2f37f21b3.udd" 6732
"C:/Users/franc/AppData/Local/UnrealEngine/Common/DerivedDataCache/Buckets/LegacyTEXTURE/b9/ef/706f34718e7b57247e95012836c17fa37c87.udd" 6733
"C:/Users/franc/AppData/Local/UnrealEngine/Common/DerivedDataCache/Buckets/LegacyTEXTURE/1a/ec/0b8b767adf1aff7572a599a6e572578a0c76.udd" 6734
"C:/Users/franc/AppData/Local/UnrealEngine/Common/DerivedDataCache/Buckets/LegacyTEXTURE/14/b6/4d3139de7b0a364e8620f2b43df3752a3d67.udd" 6735
"C:/Users/franc/AppData/Local/UnrealEngine/Common/DerivedDataCache/Buckets/LegacyTEXTURE/57/6a/a1b7057802b76aeeece563a231cac3810e55.udd" 6736
"C:/Users/franc/AppData/Local/UnrealEngine/Common/DerivedDataCache/Buckets/LegacyTEXTURE/f8/0a/89f9ca1bc8166dc91e703ca600210e88d478.udd" 6737
"C:/Users/franc/AppData/Local/UnrealEngine/Common/DerivedDataCache/Buckets/LegacyTEXTURE/bc/5b/630159ef19b8df10515129f3a74257caecec.udd" 6738
"C:/Users/franc/AppData/Local/UnrealEngine/Common/DerivedDataCache/Buckets/LegacyTEXTURE/94/6e/fcbefc25ce452a27e585566cf13d91ebda2c.udd" 6739
"C:/Users/franc/AppData/Local/UnrealEngine/Common/DerivedDataCache/Buckets/LegacyTEXTURE/1a/a1/40288724f850d6c6679d6e4d68ca24080af0.udd" 6740
"C:/Users/franc/AppData/Local/UnrealEngine/Common/DerivedDataCache/Buckets/LegacyTEXTURE/41/b2/fd2fc839aa412d33507783bd7ba68919f57d.udd" 6741
"C:/Users/franc/AppData/Local/UnrealEngine/Common/DerivedDataCache/Buckets/LegacyTEXTURE/5c/3e/f9fd4ca13430c46ef78ffb29861a2e5c567f.udd" 6742
"C:/Users/franc/AppData/Local/UnrealEngine/Common/DerivedDataCache/Buckets/LegacyTEXTURE/29/90/013531aad1890ac739a7a06d7628e81abdaf.udd" 6743
"C:/Users/franc/AppData/Local/UnrealEngine/Common/DerivedDataCache/Buckets/LegacyTEXTURE/9a/7a/6fc353e412b08f10f1cb20aa9a20f6849546.udd" 6744
"C:/Users/franc/AppData/Local/UnrealEngine/Common/DerivedDataCache/Buckets/LegacyTEXTURE/a4/31/43f81d510413891472b64c369107a5e7bc3f.udd" 6745
"C:/Users/franc/AppData/Local/UnrealEngine/Common/DerivedDataCache/Buckets/LegacyTEXTURE/37/ca/4713bb81aa04962e9ea903128387950b9cef.udd" 6746
"C:/Users/franc/AppData/Local/UnrealEngine/Common/DerivedDataCache/Buckets/LegacyTEXTURE/d2/de/0cb4013b580dae9299c7678716e7a45aa3bc.udd" 6747
"C:/Users/franc/AppData/Local/UnrealEngine/Common/DerivedDataCache/Buckets/LegacyTEXTURE/96/d1/157ee0eb50ad510c4e7854de0cc7eeb3ba58.udd" 6748
"C:/Users/franc/AppData/Local/UnrealEngine/Common/DerivedDataCache/Buckets/LegacyTEXTURE/42/52/84bed7ab06298c19caf336ba84182f343815.udd" 6749
"C:/Users/franc/AppData/Local/UnrealEngine/Common/DerivedDataCache/Buckets/LegacyTEXTURE/e2/e9/239f0bd66e286b1e831baf6f6032b9cbe457.udd" 6750
"C:/Users/franc/AppData/Local/UnrealEngine/Common/DerivedDataCache/Buckets/LegacyTEXTURE/ef/6b/1ec3dfc550940cfc92269146e52c3565dd4f.udd" 6751
"C:/Users/franc/AppData/Local/UnrealEngine/Common/DerivedDataCache/Buckets/LegacyTEXTURE/6e/33/d83779f03ec8d5dc8f42aa4d5b40e4d885eb.udd" 6752
"C:/Users/franc/AppData/Local/UnrealEngine/Common/DerivedDataCache/Buckets/LegacyTEXTURE/c4/37/448dead601a76825b6cf79191a00cecb3d64.udd" 6753
"C:/Users/franc/AppData/Local/UnrealEngine/Common/DerivedDataCache/Buckets/LegacyTEXTURE/6d/03/a1e8568ece8f186eb5140d3438ac8ec14129.udd" 6754
"C:/Users/franc/AppData/Local/UnrealEngine/Common/DerivedDataCache/Buckets/LegacyTEXTURE/c0/74/9e9b96d344ea1f7ddbf5fd8af4d5e9c56ddb.udd" 6755
"C:/Users/franc/AppData/Local/UnrealEngine/Common/DerivedDataCache/Buckets/LegacyTEXTURE/2f/10/b9478743e1575485d21954cd1f1df66ca0d6.udd" 6756
"C:/Users/franc/AppData/Local/UnrealEngine/Common/DerivedDataCache/Buckets/LegacyTEXTURE/88/16/ee5c405d75bd53718a34ee15a3d8a8fea9ae.udd" 6757
"C:/Users/franc/AppData/Local/UnrealEngine/Common/DerivedDataCache/Buckets/LegacyTEXTURE/58/f7/06a2b6c4d0b46fdc85802630f0e48b104e00.udd" 6758
"C:/Users/franc/AppData/Local/UnrealEngine/Common/DerivedDataCache/Buckets/LegacyTEXTURE/b6/9a/ab062cee2ba7386d56100cd78a47a9e139fd.udd" 6759
"C:/Users/franc/AppData/Local/UnrealEngine/Common/DerivedDataCache/Buckets/LegacyTEXTURE/9a/f8/fa1e0a0cd120f846e3ff3a316ef9dfb654b1.udd" 6760
"C:/Users/franc/AppData/Local/UnrealEngine/Common/DerivedDataCache/Buckets/LegacyTEXTURE/7a/d1/3a5bd554a46788356356e3680a9665ec6c9d.udd" 6761
"C:/Users/franc/AppData/Local/UnrealEngine/Common/DerivedDataCache/Buckets/LegacyTEXTURE/06/61/0bef05cce15ed64b64dc79f886728f0976ff.udd" 6762
"C:/Users/franc/AppData/Local/UnrealEngine/Common/DerivedDataCache/Buckets/LegacyTEXTURE/68/3f/5db59a7221c3fc0689f29ee5e571384e8d2a.udd" 6763
"C:/Users/franc/AppData/Local/UnrealEngine/Common/DerivedDataCache/Buckets/LegacyTEXTURE/a5/dd/e257089b6d061a945f37de23687cc82f387e.udd" 6764
"C:/Users/franc/AppData/Local/UnrealEngine/Common/DerivedDataCache/Buckets/LegacyTEXTURE/d9/35/0123badb6f995e5b7a7fbf6677f346acb8fd.udd" 6765
"C:/Users/franc/AppData/Local/UnrealEngine/Common/DerivedDataCache/Buckets/LegacyTEXTURE/78/14/9ebdc12435ebd6c2f7017483f010d43c0991.udd" 6766
"C:/Users/franc/AppData/Local/UnrealEngine/Common/DerivedDataCache/Buckets/LegacyTEXTURE/d3/29/fae802a9752299179aa5e3fcb5289b7bf146.udd" 6767
"C:/Users/franc/AppData/Local/UnrealEngine/Common/DerivedDataCache/Buckets/LegacyTEXTURE/17/a9/1365991fa8e610f548f6b8aea6da1573bcab.udd" 6768
"C:/Users/franc/AppData/Local/UnrealEngine/Common/DerivedDataCache/Buckets/LegacyTEXTURE/61/61/83652496d89f813bd07ff2b1fc562f726325.udd" 6769
"C:/Users/franc/AppData/Local/Temp/UnrealShaderWorkingDir/3EAA620F4D90D977026D8FA8F6011FF6/2/WorkerOutputOnly.out" 6770
"C:/Users/franc/AppData/Local/Temp/UnrealShaderWorkingDir/3EAA620F4D90D977026D8FA8F6011FF6/0/WorkerOutputOnly.out" 6771
"C:/Users/franc/AppData/Local/Temp/UnrealShaderWorkingDir/3EAA620F4D90D977026D8FA8F6011FF6/1/WorkerOutputOnly.out" 6772
"../../../Engine/Content/EditorResources/EmptyActor.uasset" 6773
"C:/Users/franc/AppData/Local/UnrealEngine/Common/DerivedDataCache/Buckets/BulkDataList/c7/5d/8b47fd65b7581ad91e419282b682ef40b5d8.udd" 6774
"C:/Users/franc/AppData/Local/UnrealEngine/Common/DerivedDataCache/Buckets/LegacyAnimSeq/79/bd/75e0bba5fcc72247836cb9e094913824abf9.udd" 6775
"C:/Users/franc/AppData/Local/UnrealEngine/Common/DerivedDataCache/Buckets/LegacyAnimSeq/dd/48/4741cf1593669eea62e4d1ad6f42b1e15f19.udd" 6776
"C:/Users/franc/AppData/Local/UnrealEngine/Common/DerivedDataCache/Content/c7/d6/8f2f06b465fd7096c4a9cc0f682d3f7913ec.udd" 6777
"C:/Users/franc/AppData/Local/UnrealEngine/Common/DerivedDataCache/Buckets/LegacyAnimSeq/7a/fe/2105b81d278045d5df61c52c646cd1863709.udd" 6778
"C:/Users/franc/AppData/Local/UnrealEngine/Common/DerivedDataCache/Buckets/LegacyAnimSeq/c3/72/7259a503c996473878d57444701d9a1c8d2a.udd" 6779
"../../../Engine/Content/EditorResources/AudioIcons/S_AudioComponent_AutoActivate.uasset" 6780
"C:/Users/franc/AppData/Local/UnrealEngine/Common/DerivedDataCache/Buckets/BulkDataList/0d/49/b4ea52c1716ece5e341b7bef49f690688bd4.udd" 6781
"../../../Engine/Content/EditorResources/AudioIcons/S_AudioComponent.uasset" 6782
"C:/Users/franc/AppData/Local/UnrealEngine/Common/DerivedDataCache/Buckets/BulkDataList/6c/fc/5f5c3e4ab6004ebe8f577fcbd6769e967c7a.udd" 6783
"../../../Engine/Content/EditorResources/LightIcons/S_LightError.uasset" 6784
"C:/Users/franc/AppData/Local/UnrealEngine/Common/DerivedDataCache/Buckets/BulkDataList/a8/7e/e18adf06f7da273fd7c55f59403a7689f214.udd" 6785
"E:/Unreal Projects/LeagueJourney/Content/Debug/Gamemode/EUWGameModeStatistics.uasset" 6786
"E:/Unreal Projects/LeagueJourney/Content/Blueprints/DrawMatchStats.uasset" 6787
"E:/Unreal Projects/LeagueJourney/Content/Props/Environment/Interactive/Goals/BP_Goal.uasset" 6788
"E:/Unreal Projects/LeagueJourney/Content/Characters/Player/Animations/Defensive/wad.uasset" 6789
"E:/Unreal Projects/LeagueJourney/Content/Characters/Player/AI/Tasks/Goalkeeper/TaskGoalkeeperPickBall.uasset" 6790
"E:/Unreal Projects/LeagueJourney/Content/Characters/Player/AI/Tasks/Goalkeeper/BTTask_GoalkeeperTryCatchBall.uasset" 6791
"E:/Unreal Projects/LeagueJourney/Content/Characters/Player/AI/BT_Goalkeeper.uasset" 6792
"E:/Unreal Projects/LeagueJourney/Content/Characters/Player/AI/Goalkeeper.uasset" 6793
"E:/Unreal Projects/LeagueJourney/Content/Characters/Player/wdwad.uasset" 6794
"E:/Unreal Projects/LeagueJourney/Content/Characters/Player/AI/Tasks/BTT_GetCurrentPosition.uasset" 6795
"E:/Unreal Projects/LeagueJourney/Content/Blueprints/FootballMode.uasset" 6796
"E:/Unreal Projects/LeagueJourney/Content/Blueprints/FootballMoce.uasset" 6797
"E:/Unreal Projects/LeagueJourney/Content/UserInteface/Menu/PlayScreen/LineUp/UMGMovablePlayer_2.uasset" 6798
"E:/Unreal Projects/LeagueJourney/Content/UserInteface/Menu/PlayScreen/LineUp/UMGmovablePlayerIcon.uasset" 6799
"E:/Unreal Projects/LeagueJourney/Content/UserInteface/Menu/PlayScreen/LineUp/UMGMovablePlayer.uasset" 6800
"E:/Unreal Projects/LeagueJourney/Content/UserInteface/Menu/PlayScreen/LineUp/DropOperation.uasset" 6801
"E:/Unreal Projects/LeagueJourney/Content/UserInteface/Menu/PlayScreen/LineUp/UMGPlayerReceiver.uasset" 6802
"E:/Unreal Projects/LeagueJourney/Content/UserInteface/Menu/PlayScreen/LineUp/UMGTacticScreen_2.uasset" 6803
"E:/Unreal Projects/LeagueJourney/Content/UserInteface/Menu/PlayScreen/LineUp/UMGTacticScreen.uasset" 6804
"E:/Unreal Projects/LeagueJourney/Content/UserInteface/Menu/Window/UMGTeamSelectionScreen.uasset" 6805
"E:/Unreal Projects/LeagueJourney/Content/UserInteface/Menu/PlayScreen/UMGTeamButton_3.uasset" 6806
"E:/Unreal Projects/LeagueJourney/Content/UserInteface/Menu/PlayScreen/UMGPlayScreen_2.uasset" 6807
"E:/Unreal Projects/LeagueJourney/Content/UserInteface/Menu/PlayScreen/UMGTeamButton.uasset" 6808
"E:/Unreal Projects/LeagueJourney/Content/UserInteface/Menu/PlayScreen/UMGMainMenu.uasset" 6809
"E:/Unreal Projects/LeagueJourney/Content/Levels/MainMenu.umap" 6810
"C:/Users/franc/AppData/Local/UnrealEngine/Common/DerivedDataCache/Buckets/LegacyAnimSeq/04/12/5e773e343235933d1840aa4048d493f1482d.udd" 6811
"C:/Users/franc/AppData/Local/UnrealEngine/Common/DerivedDataCache/Buckets/LegacyAnimSeq/a8/c2/5f54f85d3b7f61d94d02dcbac5e1684307f7.udd" 6812
"E:/Unreal Projects/LeagueJourney/Content/UserInteface/DuringMatch/UMG_WhilePlaying.uasset" 6813
"E:/Unreal Projects/LeagueJourney/Content/GameModes/MyMatchState.uasset" 6814
"E:/Unreal Projects/LeagueJourney/Content/Blueprints/CommonMatchSettings.uasset" 6815
"C:/Users/franc/AppData/Local/UnrealEngine/Common/DerivedDataCache/Buckets/LegacyAnimSeq/2b/cd/b1c1fd5719b993db3078c5f8c11984b16f79.udd" 6816
"C:/Users/franc/AppData/Local/UnrealEngine/Common/DerivedDataCache/Buckets/LegacyAnimSeq/10/67/587c8b0d5b3b7d1a4b3517f28e658207c4ca.udd" 6817
"C:/Users/franc/AppData/Local/UnrealEngine/Common/DerivedDataCache/Buckets/LegacyAnimSeq/ee/f1/b8741ef8f3ac58bfe3be1b7e43fe23c19b88.udd" 6818
"C:/Users/franc/AppData/Local/UnrealEngine/Common/DerivedDataCache/Buckets/LegacyAnimSeq/6b/a7/0d53fd49b6c1e1e562d086e08d20d6eb6270.udd" 6819
"C:/Users/franc/AppData/Local/UnrealEngine/Common/DerivedDataCache/Buckets/LegacyTEXTURE/2a/fe/bd9ca1b3c788a7a3a9cadac6ca25a461e4a9.udd" 6820
"C:/Users/franc/AppData/Local/UnrealEngine/Common/DerivedDataCache/Buckets/LegacyTEXTURE/55/85/94623bb34ffe15e25fd772a097bb445a9e8e.udd" 6821
"E:/Unreal Projects/LeagueJourney/DerivedDataCache/VT/TEXTURE_7C16439390E24F1F9468894FB4D4BC54_VTCHUNK8FAA8FC9BD70E4B042A3F1AB1E484CE350F5F26C" 6822
"C:/Users/franc/AppData/Local/UnrealEngine/Common/DerivedDataCache/Buckets/LegacyTEXTURE/9c/df/4f8c78266be2fa28d71cfd131583f466f012.udd" 6823
"C:/Users/franc/AppData/Local/UnrealEngine/Common/DerivedDataCache/Buckets/LegacyTEXTURE/c6/fb/20679a5d48259c82439fc6f8b8e5c6c3c014.udd" 6824
"C:/Users/franc/AppData/Local/UnrealEngine/Common/DerivedDataCache/Buckets/LegacyTEXTURE/7b/d7/09d20071812c80098430169fecbe7989b0b2.udd" 6825
"C:/Users/franc/AppData/Local/UnrealEngine/Common/DerivedDataCache/Buckets/LegacyTEXTURE/49/ee/fbc26732862006640b9e568360111e5ef51f.udd" 6826
"C:/Users/franc/AppData/Local/UnrealEngine/Common/DerivedDataCache/Buckets/LegacyTEXTURE/d3/78/3c718cd6a40708911193d39a5f79d4951677.udd" 6827
"C:/Users/franc/AppData/Local/UnrealEngine/Common/DerivedDataCache/Buckets/LegacyTEXTURE/0a/da/d24e8801483d03b46e20c0df859bc6e3efdc.udd" 6828
"C:/Users/franc/AppData/Local/UnrealEngine/Common/DerivedDataCache/Content/e1/0d/bff998e27f7d06bf2bbcf051ca2200d6be3e.udd" 6829
"C:/Users/franc/AppData/Local/UnrealEngine/Common/DerivedDataCache/Buckets/LegacyTEXTURE/16/e6/f258a2d276b4759c75ba4df9ae43bb45da55.udd" 6830
"C:/Users/franc/AppData/Local/UnrealEngine/Common/DerivedDataCache/Buckets/LegacyTEXTURE/60/fb/2bbefa60612ac3abdeb5a141d60d40696388.udd" 6831
"C:/Users/franc/AppData/Local/UnrealEngine/Common/DerivedDataCache/Content/b1/92/212fb5b843983bc331a0afa76448fc6f0c72.udd" 6832
"C:/Users/franc/AppData/Local/UnrealEngine/Common/DerivedDataCache/Buckets/LegacyTEXTURE/b1/30/9d768dfc39f0d1537ca9cfe8771e109dcd32.udd" 6833
"C:/Users/franc/AppData/Local/UnrealEngine/Common/DerivedDataCache/Buckets/LegacyTEXTURE/eb/cf/1f95b12cea60287448176a667b67c3a514c1.udd" 6834
"C:/Users/franc/AppData/Local/UnrealEngine/Common/DerivedDataCache/Buckets/LegacyTEXTURE/27/b3/58fb482e31c7bcfaec81da16e0f276e3c643.udd" 6835
"C:/Users/franc/AppData/Local/UnrealEngine/Common/DerivedDataCache/Buckets/LegacyTEXTURE/ce/37/f2dc685715c2204236dc01083f55df684f5b.udd" 6836
"C:/Users/franc/AppData/Local/UnrealEngine/Common/DerivedDataCache/Buckets/LegacyTEXTURE/50/28/664b000e498df6acd7a470a4ecd1b2b450a0.udd" 6837
"C:/Users/franc/AppData/Local/UnrealEngine/Common/DerivedDataCache/Buckets/LegacyTEXTURE/98/34/cd1228ad6e44c5141a37e4583d8b08bd8a89.udd" 6838
"C:/Users/franc/AppData/Local/UnrealEngine/Common/DerivedDataCache/Buckets/LegacyAnimSeq/fe/18/0ab5f7a6be2bde23b0e37bb4a5b718b229ad.udd" 6839
"C:/Users/franc/AppData/Local/UnrealEngine/Common/DerivedDataCache/Buckets/LegacyAnimSeq/4b/f3/e29d0aaddc9a51e73c8a4b8634205c96248b.udd" 6840
"C:/Users/franc/AppData/Local/UnrealEngine/Common/DerivedDataCache/Buckets/LegacyTEXTURE/bd/39/2f6397f35ba0c9a1f0d0b79abc3d3b4e100e.udd" 6841
"C:/Users/franc/AppData/Local/UnrealEngine/Common/DerivedDataCache/Buckets/LegacyTEXTURE/c7/86/88f48b9ce7596848339ca84809d5589e6ff9.udd" 6842
"C:/Users/franc/AppData/Local/UnrealEngine/Common/DerivedDataCache/Buckets/LegacyTEXTURE/47/60/56fc0c970f70938b686b9f64577fba308e5f.udd" 6843
"C:/Users/franc/AppData/Local/UnrealEngine/Common/DerivedDataCache/Content/9b/e0/7b11a21a3991a9527b28e07c8a9bd2fc82e4.udd" 6844
"C:/Users/franc/AppData/Local/UnrealEngine/Common/DerivedDataCache/Buckets/LegacyTEXTURE/2c/2c/2d52864d62e037ca24941ca57af67b64eddb.udd" 6845
"C:/Users/franc/AppData/Local/UnrealEngine/Common/DerivedDataCache/Buckets/LegacyTEXTURE/02/99/8461ef9769cc9fc8cb47055df02a9b69394a.udd" 6846
"C:/Users/franc/AppData/Local/UnrealEngine/Common/DerivedDataCache/Buckets/LegacyTEXTURE/9a/0c/52ee2b3ea70f204c72a6780f8707699bdfc9.udd" 6847
"C:/Users/franc/AppData/Local/UnrealEngine/Common/DerivedDataCache/Buckets/LegacyTEXTURE/8b/39/d78c14a028beeaa04bb18cf76bc16792b61e.udd" 6848
"C:/Users/franc/AppData/Local/UnrealEngine/Common/DerivedDataCache/Buckets/LegacyTEXTURE/3e/5c/fdad891415c9177ae85109f13db787c59780.udd" 6849
"C:/Users/franc/AppData/Local/UnrealEngine/Common/DerivedDataCache/Content/9a/5d/1a3f2367337320e2b2dd9053dd15a3181f26.udd" 6850
"C:/Users/franc/AppData/Local/UnrealEngine/Common/DerivedDataCache/Buckets/LegacyTEXTURE/af/77/33c694cb844a35c760e4e332445f864c6ceb.udd" 6851
"C:/Users/franc/AppData/Local/UnrealEngine/Common/DerivedDataCache/Buckets/LegacyTEXTURE/9f/05/830fdc7f002abde41c20a96b374dad65b00e.udd" 6852
"C:/Users/franc/AppData/Local/UnrealEngine/Common/DerivedDataCache/Buckets/LegacyTEXTURE/3f/5d/18cbd21f0d724b6ccc0f06d1289e2090757c.udd" 6853
"C:/Users/franc/AppData/Local/UnrealEngine/Common/DerivedDataCache/Buckets/LegacyTEXTURE/53/d3/9bf5eb99f03441bb5c867eda918d8d0c6d22.udd" 6854
"C:/Users/franc/AppData/Local/UnrealEngine/Common/DerivedDataCache/Buckets/LegacyTEXTURE/a0/a7/a0c8b861c264fec82ed3a1f2a25b4a06b4e0.udd" 6855
"C:/Users/franc/AppData/Local/UnrealEngine/Common/DerivedDataCache/Buckets/LegacyTEXTURE/80/d8/e5df281d2bbb020d03f634e4cefca3b915fb.udd" 6856
"C:/Users/franc/AppData/Local/UnrealEngine/Common/DerivedDataCache/Buckets/LegacyTEXTURE/65/9b/65b269aef4fac377c8d8fa3ceb5f37539949.udd" 6857
"C:/Users/franc/AppData/Local/UnrealEngine/Common/DerivedDataCache/Buckets/LegacyTEXTURE/54/e0/898a05ed9b54c5396117195d21b525f2c15a.udd" 6858
"C:/Users/franc/AppData/Local/UnrealEngine/Common/DerivedDataCache/Buckets/LegacyAnimSeq/a2/0a/8f4c1e40b3a10ad88741724bb3761ce3feb3.udd" 6859
"C:/Users/franc/AppData/Local/UnrealEngine/Common/DerivedDataCache/Buckets/LegacyAnimSeq/cc/75/3e53c83d3afd562a4a2f6edf71d7b79abd47.udd" 6860
"C:/Users/franc/AppData/Local/UnrealEngine/Common/DerivedDataCache/Buckets/LegacyAnimSeq/13/9b/105b219356a5ffeb7ff290065b6d064be35d.udd" 6861
"C:/Users/franc/AppData/Local/UnrealEngine/Common/DerivedDataCache/Buckets/LegacyAnimSeq/72/91/89284a0bcdc6f7c7fca040f2887c60473458.udd" 6862
"C:/Users/franc/AppData/Local/UnrealEngine/Common/DerivedDataCache/Buckets/LegacyTEXTURE/3f/6a/71da74834a1ed889dbbf10222345e330b29b.udd" 6863
"C:/Users/franc/AppData/Local/UnrealEngine/Common/DerivedDataCache/Buckets/LegacyTEXTURE/75/1c/03c0a858f78cf22fdf2a6bc8039c886a483c.udd" 6864
"C:/Users/franc/AppData/Local/UnrealEngine/Common/DerivedDataCache/Buckets/LegacyAnimSeq/14/ec/27e5f8977fce7094861e08b684b672b69426.udd" 6865
"C:/Users/franc/AppData/Local/UnrealEngine/Common/DerivedDataCache/Buckets/LegacyAnimSeq/98/b2/9c1a19963b3923853161b570cd343381b318.udd" 6866
"C:/Users/franc/AppData/Local/UnrealEngine/Common/DerivedDataCache/Buckets/LegacyAnimSeq/58/b5/4bc95c66788d4f9d89791ffd0452f6f92f48.udd" 6867
"C:/Users/franc/AppData/Local/UnrealEngine/Common/DerivedDataCache/Buckets/LegacyAnimSeq/f0/91/9848b909be7e1e792e9015ca248b20e4d7ed.udd" 6868
"C:/Users/franc/AppData/Local/UnrealEngine/Common/DerivedDataCache/Buckets/LegacyAnimSeq/2f/c5/797f48067be7d8a8165302f7430164079e59.udd" 6869
"C:/Users/franc/AppData/Local/UnrealEngine/Common/DerivedDataCache/Buckets/LegacyAnimSeq/37/98/607146f79a96673ab1fcbb256007ed6ebdb2.udd" 6870
"C:/Users/franc/AppData/Local/UnrealEngine/Common/DerivedDataCache/Buckets/LegacyAnimSeq/f3/b8/e2a73e35e54cafa2af1d05235829defb77cd.udd" 6871
"C:/Users/franc/AppData/Local/UnrealEngine/Common/DerivedDataCache/Buckets/LegacyAnimSeq/c3/02/7231e52928536996acb032b81c801a255929.udd" 6872
"C:/Users/franc/AppData/Local/UnrealEngine/Common/DerivedDataCache/Buckets/LegacyTEXTURE/30/85/c650ddb376f83543510cd555e6d535946a7f.udd" 6873
"C:/Users/franc/AppData/Local/UnrealEngine/Common/DerivedDataCache/Buckets/LegacyTEXTURE/c1/40/2bfd6ca76d92805f5ddc41db1f6e2db1c2ab.udd" 6874
"C:/Users/franc/AppData/Local/UnrealEngine/Common/DerivedDataCache/Buckets/LegacyTEXTURE/fa/de/a2df80cd184378ef6d06cd801eb8f6deaf2f.udd" 6875
"C:/Users/franc/AppData/Local/UnrealEngine/Common/DerivedDataCache/Buckets/LegacyTEXTURE/0f/99/d62880acfde99e9f701f712060516f7f94d7.udd" 6876
"C:/Users/franc/AppData/Local/UnrealEngine/Common/DerivedDataCache/Buckets/LegacyTEXTURE/5f/4a/1012b28f187abd2082aac17990ca2603e29f.udd" 6877
"C:/Users/franc/AppData/Local/UnrealEngine/Common/DerivedDataCache/Buckets/LegacyTEXTURE/d2/bb/5866a3180e8c624520feff9319782354fb0c.udd" 6878
"C:/Users/franc/AppData/Local/UnrealEngine/Common/DerivedDataCache/Buckets/LegacyTEXTURE/a0/4a/5163afcfd237fe84eaa95b01faeec72dc567.udd" 6879
"C:/Users/franc/AppData/Local/UnrealEngine/Common/DerivedDataCache/Buckets/LegacyTEXTURE/12/89/c5565bafefdfd29ebe8eea4aab011fe8b415.udd" 6880
"C:/Users/franc/AppData/Local/UnrealEngine/Common/DerivedDataCache/Buckets/LegacyTEXTURE/8f/53/0abf97222e7eead9a9bdf807f42dad890bd2.udd" 6881
"C:/Users/franc/AppData/Local/UnrealEngine/Common/DerivedDataCache/Buckets/LegacyTEXTURE/ff/82/1937759e62018631358244204ecdcea2751f.udd" 6882
"C:/Users/franc/AppData/Local/UnrealEngine/Common/DerivedDataCache/Buckets/LegacyTEXTURE/8f/90/6f3d3adab4494e976a0db4190059602c0e80.udd" 6883
"C:/Users/franc/AppData/Local/UnrealEngine/Common/DerivedDataCache/Buckets/LegacyTEXTURE/cb/4f/51249200e1ea2e227dae1313aaac8c974b8f.udd" 6884
"C:/Users/franc/AppData/Local/UnrealEngine/Common/DerivedDataCache/Buckets/LegacyTEXTURE/7a/97/94f333f9991fb7a8d34249f4203dbde9094b.udd" 6885
"C:/Users/franc/AppData/Local/UnrealEngine/Common/DerivedDataCache/Buckets/LegacyTEXTURE/2c/ee/ed19934e24ee2bd9f5a75288b8074e1cb0dd.udd" 6886
"C:/Users/franc/AppData/Local/UnrealEngine/Common/DerivedDataCache/Buckets/LegacyTEXTURE/a3/d2/34fe6ec50fdf4ee6c6a1361a86f33ce94144.udd" 6887
"C:/Users/franc/AppData/Local/UnrealEngine/Common/DerivedDataCache/Buckets/LegacyTEXTURE/d4/49/b3190e34721063d5e807511016a4e7430d51.udd" 6888
"C:/Users/franc/AppData/Local/UnrealEngine/Common/DerivedDataCache/Buckets/LegacyTEXTURE/15/e3/6e6a585346906886c4bdce10a9e43b1c252c.udd" 6889
"C:/Users/franc/AppData/Local/UnrealEngine/Common/DerivedDataCache/Buckets/LegacyTEXTURE/4b/2b/2bed482b9cf349a547b34f8da97dafc6640a.udd" 6890
"C:/Users/franc/AppData/Local/UnrealEngine/Common/DerivedDataCache/Buckets/LegacyTEXTURE/6b/66/a993d3067c6a5b00ca7d27b6d6c99745ba19.udd" 6891
"C:/Users/franc/AppData/Local/UnrealEngine/Common/DerivedDataCache/Buckets/LegacyTEXTURE/74/69/cdbad5a7108e6f11250e7e32ef860fc33930.udd" 6892
"C:/Users/franc/AppData/Local/UnrealEngine/Common/DerivedDataCache/Buckets/LegacyTEXTURE/c3/62/6dafa85c3574b20af870906e6852a9e85736.udd" 6893
"C:/Users/franc/AppData/Local/UnrealEngine/Common/DerivedDataCache/Buckets/LegacyTEXTURE/36/9f/e037a0c512e84b22fb269e9b8b2a95dc0778.udd" 6894
"C:/Users/franc/AppData/Local/UnrealEngine/Common/DerivedDataCache/Buckets/LegacyTEXTURE/12/3d/b24186532da81dab329fa38e1d23fc2cc83a.udd" 6895
"C:/Users/franc/AppData/Local/UnrealEngine/Common/DerivedDataCache/Buckets/LegacyTEXTURE/3b/db/d678251c037a1c5a4e9fe79d2da6acd5f01b.udd" 6896
"C:/Users/franc/AppData/Local/UnrealEngine/Common/DerivedDataCache/Buckets/LegacyTEXTURE/04/d7/b93d3570cba79085179d6082f7197d6c4139.udd" 6897
"C:/Users/franc/AppData/Local/UnrealEngine/Common/DerivedDataCache/Content/9a/c3/f131affb293986df47729cbf10ac0b39d06c.udd" 6898
"C:/Users/franc/AppData/Local/UnrealEngine/Common/DerivedDataCache/Buckets/LegacyTEXTURE/51/9c/26cb96048ec7ec858621e35650919fb456b5.udd" 6899
"C:/Users/franc/AppData/Local/UnrealEngine/Common/DerivedDataCache/Buckets/LegacyTEXTURE/9a/d4/bce34280c9b3e41b5f57dd96acbe091a4b37.udd" 6900
"C:/Users/franc/AppData/Local/UnrealEngine/Common/DerivedDataCache/Buckets/LegacyTEXTURE/6b/3f/4b529e9b4a89011a6bde740117c59109f630.udd" 6901
"C:/Users/franc/AppData/Local/UnrealEngine/Common/DerivedDataCache/Buckets/LegacyTEXTURE/2e/5b/d3f70fa11106ebc10ebd7e7c19dbe3b8cc71.udd" 6902
"C:/Users/franc/AppData/Local/UnrealEngine/Common/DerivedDataCache/Buckets/LegacyTEXTURE/f3/27/363f1c5612037e2f0d436397632475c3a0dd.udd" 6903
"C:/Users/franc/AppData/Local/UnrealEngine/Common/DerivedDataCache/Buckets/LegacyAnimSeq/62/19/635a9154cb3264b0da9a0d6cd0f75778ae5a.udd" 6904
"C:/Users/franc/AppData/Local/UnrealEngine/Common/DerivedDataCache/Buckets/LegacyAnimSeq/33/68/31ef3f6de36479622a2149b818b1b40754a7.udd" 6905
"C:/Users/franc/AppData/Local/UnrealEngine/Common/DerivedDataCache/Buckets/LegacyTEXTURE/a9/df/381a4ad0c596de98c247ad1bebef3a2f7e3e.udd" 6906
"C:/Users/franc/AppData/Local/UnrealEngine/Common/DerivedDataCache/Buckets/LegacyTEXTURE/5a/20/a4c1e9040447a0b64779064048135d0cc695.udd" 6907
"C:/Users/franc/AppData/Local/UnrealEngine/Common/DerivedDataCache/Buckets/LegacyTEXTURE/b6/0c/cefc80ec81d1f73ca9cc73625b181e5fcd2c.udd" 6908
"C:/Users/franc/AppData/Local/UnrealEngine/Common/DerivedDataCache/Buckets/LegacyAnimSeq/21/f1/9b11d879ad18cb5fcb705dab2171277cb20b.udd" 6909
"C:/Users/franc/AppData/Local/UnrealEngine/Common/DerivedDataCache/Buckets/LegacyAnimSeq/a8/b0/cd01c720c375c3626cbc1edcb8de9456b36d.udd" 6910
"C:/Users/franc/AppData/Local/UnrealEngine/Common/DerivedDataCache/Buckets/LegacyAnimSeq/32/3d/786136b74ee7adfbe0b4435a856130691065.udd" 6911
"C:/Users/franc/AppData/Local/UnrealEngine/Common/DerivedDataCache/Buckets/LegacyAnimSeq/95/60/ea9dd44a8df06af6f77539c4dfed256dfffe.udd" 6912
"C:/Users/franc/AppData/Local/UnrealEngine/Common/DerivedDataCache/Buckets/LegacyAnimSeq/7e/cf/eaf79d2135ad3826f9bb47b2a7e03962a59b.udd" 6913
"C:/Users/franc/AppData/Local/UnrealEngine/Common/DerivedDataCache/Buckets/LegacyTEXTURE/a8/40/fc2ac5db4fb3c432eaec58b775f96501c21f.udd" 6914
"C:/Users/franc/AppData/Local/UnrealEngine/Common/DerivedDataCache/Buckets/LegacyTEXTURE/a0/2a/8d26b6d18ead85cc9d618d9bbef23a29a287.udd" 6915
"C:/Users/franc/AppData/Local/UnrealEngine/Common/DerivedDataCache/Buckets/LegacyTEXTURE/22/61/2106ff94652da5e82569381e71315e782251.udd" 6916
"C:/Users/franc/AppData/Local/UnrealEngine/Common/DerivedDataCache/Buckets/LegacyTEXTURE/d9/55/be59b4c9af5e751d882685870b352895f50b.udd" 6917
"C:/Users/franc/AppData/Local/UnrealEngine/Common/DerivedDataCache/Buckets/LegacyTEXTURE/44/ac/3cad67d0ad913b675b63fed3225d45b753b0.udd" 6918
"C:/Users/franc/AppData/Local/UnrealEngine/Common/DerivedDataCache/Buckets/LegacyTEXTURE/e8/d0/afc3170ac0b99bffc7d4bde37419adfe8409.udd" 6919
"C:/Users/franc/AppData/Local/UnrealEngine/Common/DerivedDataCache/Buckets/LegacyTEXTURE/86/28/f628b8648fd4043e42848cd92f5b7149b117.udd" 6920
"C:/Users/franc/AppData/Local/UnrealEngine/Common/DerivedDataCache/Buckets/LegacyTEXTURE/72/ac/befa17010dfcebcde0b95f8a64461f443e13.udd" 6921
"C:/Users/franc/AppData/Local/UnrealEngine/Common/DerivedDataCache/Content/ea/59/d7e1078010e49a1a9a0159b834f8d04fdad1.udd" 6922
"C:/Users/franc/AppData/Local/UnrealEngine/Common/DerivedDataCache/Buckets/LegacyTEXTURE/8e/7f/af184dbec798eb40a824635d6825d3b68e07.udd" 6923
"C:/Users/franc/AppData/Local/UnrealEngine/Common/DerivedDataCache/Buckets/LegacyTEXTURE/37/b5/8955da57759bb0d09ea0dc05c7c2cc9bfdab.udd" 6924
"C:/Users/franc/AppData/Local/UnrealEngine/Common/DerivedDataCache/Buckets/LegacyTEXTURE/b2/20/39050eacadf32a876c3817e250de5c17fa2c.udd" 6925
"C:/Users/franc/AppData/Local/UnrealEngine/Common/DerivedDataCache/Buckets/LegacyTEXTURE/bc/1a/d3a88a5f349aa3da9f31d6925891c8c4c05d.udd" 6926
"C:/Users/franc/AppData/Local/UnrealEngine/Common/DerivedDataCache/Buckets/LegacyTEXTURE/37/df/e21ed5caf45d9f46529c4bb14aeed0e50a74.udd" 6927
"C:/Users/franc/AppData/Local/UnrealEngine/Common/DerivedDataCache/Buckets/LegacyTEXTURE/10/d1/c07a47ed93e1eb23dcb71abe0304bc68dd4a.udd" 6928
"C:/Users/franc/AppData/Local/UnrealEngine/Common/DerivedDataCache/Buckets/LegacyTEXTURE/bf/87/f5b12cf15d437592215142b7b9e552b2502a.udd" 6929
"C:/Users/franc/AppData/Local/UnrealEngine/Common/DerivedDataCache/Buckets/LegacyTEXTURE/28/a0/beb6366e1a57b9abc4200d2dbc533bf8001b.udd" 6930
"C:/Users/franc/AppData/Local/UnrealEngine/Common/DerivedDataCache/Buckets/LegacyTEXTURE/e4/59/a22dcda8ef6335c75048f112dffe6e72e81a.udd" 6931
"C:/Users/franc/AppData/Local/UnrealEngine/Common/DerivedDataCache/Buckets/LegacyTEXTURE/70/a5/53f16fdc9cab2a35cd5a056abd7f60946e1d.udd" 6932
"C:/Users/franc/AppData/Local/UnrealEngine/Common/DerivedDataCache/Buckets/LegacyTEXTURE/d3/ed/3dd0d6a0c44b6c4e0c5424f5f53116911981.udd" 6933
"C:/Users/franc/AppData/Local/UnrealEngine/Common/DerivedDataCache/Buckets/LegacyTEXTURE/69/4a/0bbbd9af6f7411a401c41b606358df6fa6ad.udd" 6934
"C:/Users/franc/AppData/Local/UnrealEngine/Common/DerivedDataCache/Buckets/LegacyTEXTURE/29/6c/bce5c0f974dcab7d8b620ec981cd0b1b22e7.udd" 6935
"C:/Users/franc/AppData/Local/UnrealEngine/Common/DerivedDataCache/Buckets/LegacyTEXTURE/0e/d4/d80a58630439a9d410cda45718149e317d1d.udd" 6936
"C:/Users/franc/AppData/Local/UnrealEngine/Common/DerivedDataCache/Buckets/LegacyTEXTURE/e7/79/e0531240d5c73e94fecaed492764de0893fb.udd" 6937
"C:/Users/franc/AppData/Local/UnrealEngine/Common/DerivedDataCache/Buckets/LegacyTEXTURE/4d/f0/8c3b748a43be780e16d8a8b77f68e9ce550a.udd" 6938
"C:/Users/franc/AppData/Local/UnrealEngine/Common/DerivedDataCache/Buckets/LegacyAnimSeq/13/7e/b35ad56bfc302ae19b2673eac0bcc606d044.udd" 6939
"C:/Users/franc/AppData/Local/UnrealEngine/Common/DerivedDataCache/Buckets/LegacyAnimSeq/dc/02/0805b4ecec901893e08ea833688238613d89.udd" 6940
"C:/Users/franc/AppData/Local/UnrealEngine/Common/DerivedDataCache/Buckets/LegacyTEXTURE/2a/ec/6db6db7d91cc3378b64529a081cba216e6a3.udd" 6941
"C:/Users/franc/AppData/Local/UnrealEngine/Common/DerivedDataCache/Buckets/LegacyTEXTURE/07/47/a78f5f4495f6a9aad838f3d5cfcd448a6b51.udd" 6942
"C:/Users/franc/AppData/Local/UnrealEngine/Common/DerivedDataCache/Buckets/LegacyTEXTURE/44/3c/127525d2758390bf022d8205fd716ad24ebc.udd" 6943
"C:/Users/franc/AppData/Local/UnrealEngine/Common/DerivedDataCache/Buckets/LegacyTEXTURE/d6/c2/64a03c03b90f41dcd2634e562e7518e5fd43.udd" 6944
"C:/Users/franc/AppData/Local/UnrealEngine/Common/DerivedDataCache/Buckets/LegacyTEXTURE/fc/cb/e32a427502e15bdf69e49ffe1fc9515da3cf.udd" 6945
"C:/Users/franc/AppData/Local/UnrealEngine/Common/DerivedDataCache/Buckets/LegacyTEXTURE/03/27/4caa81226ef16b6338e85754ef2ba9f5793e.udd" 6946
"C:/Users/franc/AppData/Local/UnrealEngine/Common/DerivedDataCache/Buckets/LegacyTEXTURE/2c/23/997c6087635fd018f69b693c8d563b0a91a5.udd" 6947
"C:/Users/franc/AppData/Local/UnrealEngine/Common/DerivedDataCache/Buckets/LegacyTEXTURE/98/7b/517e1cbd642a1954d49074d521d4f524e37a.udd" 6948
"C:/Users/franc/AppData/Local/UnrealEngine/Common/DerivedDataCache/Buckets/LegacyAnimSeq/4c/57/233bc360e85a69ecfd25a2f5f5567ea26f25.udd" 6949
"C:/Users/franc/AppData/Local/UnrealEngine/Common/DerivedDataCache/Buckets/LegacyAnimSeq/7e/c0/327b10003730606f5780e1e4f3dd14be4a53.udd" 6950
"C:/Users/franc/AppData/Local/UnrealEngine/Common/DerivedDataCache/Buckets/LegacyAnimSeq/9e/6d/c6e72cf80ce3d16ccae2d00668e7f6237702.udd" 6951
"C:/Users/franc/AppData/Local/UnrealEngine/Common/DerivedDataCache/Buckets/LegacyAnimSeq/7d/5e/5b36de3265628f2c7142214e627b35cfa240.udd" 6952
"C:/Users/franc/AppData/Local/UnrealEngine/Common/DerivedDataCache/Buckets/LegacyAnimSeq/92/7f/8adc902d277c0fb72186d2bac536b56c2104.udd" 6953
"C:/Users/franc/AppData/Local/UnrealEngine/Common/DerivedDataCache/Buckets/LegacyTEXTURE/45/ea/e2389bfb86920b33eb072dc3d5d21e03933d.udd" 6954
"C:/Users/franc/AppData/Local/UnrealEngine/Common/DerivedDataCache/Buckets/LegacyTEXTURE/dc/91/ad5f87dbd8d5d391e778b78db8b9bbfd7fff.udd" 6955
"C:/Users/franc/AppData/Local/UnrealEngine/Common/DerivedDataCache/Buckets/LegacyTEXTURE/9a/c6/a8b031ee13e67e367bac052e31707028439d.udd" 6956
"C:/Users/franc/AppData/Local/UnrealEngine/Common/DerivedDataCache/Buckets/LegacyTEXTURE/ea/46/e4f7cc2d034fa00790510d995b80fdb04526.udd" 6957
"C:/Users/franc/AppData/Local/UnrealEngine/Common/DerivedDataCache/Buckets/LegacyTEXTURE/4b/5b/d765e2dc0d4387587de3deba47d16c1857f5.udd" 6958
"C:/Users/franc/AppData/Local/UnrealEngine/Common/DerivedDataCache/Buckets/LegacyTEXTURE/8c/b2/99d07914b76ccb4f3ae94b2fec830408281a.udd" 6959
"C:/Users/franc/AppData/Local/UnrealEngine/Common/DerivedDataCache/Buckets/LegacyTEXTURE/3c/48/38f01704b05c87e550502ff339b67363b621.udd" 6960
"C:/Users/franc/AppData/Local/UnrealEngine/Common/DerivedDataCache/Buckets/LegacyTEXTURE/95/5f/769aa4d7c0a67f7f8a24cca02164d8068f6a.udd" 6961
"C:/Users/franc/AppData/Local/UnrealEngine/Common/DerivedDataCache/Buckets/LegacyTEXTURE/bf/c0/540ee6ce898484bccbfd1023d90481928687.udd" 6962
"C:/Users/franc/AppData/Local/UnrealEngine/Common/DerivedDataCache/Buckets/LegacyTEXTURE/e4/a8/f1fa67331a33913a367033c57d7c251d8d6a.udd" 6963
"C:/Users/franc/AppData/Local/UnrealEngine/Common/DerivedDataCache/Buckets/LegacyTEXTURE/39/61/a358dbbff0a35e42a2e020d3685cd2eb9bb0.udd" 6964
"C:/Users/franc/AppData/Local/UnrealEngine/Common/DerivedDataCache/Buckets/LegacyTEXTURE/00/3e/007720291e403dc24b34b0d813f1fd992772.udd" 6965
"C:/Users/franc/AppData/Local/UnrealEngine/Common/DerivedDataCache/Buckets/LegacyTEXTURE/83/cb/facad007731293806e19c1758e62e7d25b88.udd" 6966
"C:/Users/franc/AppData/Local/UnrealEngine/Common/DerivedDataCache/Buckets/LegacyTEXTURE/48/43/e4cb0739e9c0eefd30c9060a92c37b392da5.udd" 6967
"C:/Users/franc/AppData/Local/UnrealEngine/Common/DerivedDataCache/Buckets/LegacyTEXTURE/b7/db/5a642cb96a2ba698f8f00a8555368dc48a38.udd" 6968
"C:/Users/franc/AppData/Local/UnrealEngine/Common/DerivedDataCache/Buckets/LegacyTEXTURE/c0/9c/74d66b413069dea9769ac34b38a26b7a4d4f.udd" 6969
"C:/Users/franc/AppData/Local/UnrealEngine/Common/DerivedDataCache/Buckets/LegacyTEXTURE/1c/dd/5024d383cf54d9e5201a938de114b4cb4aac.udd" 6970
"C:/Users/franc/AppData/Local/UnrealEngine/Common/DerivedDataCache/Buckets/LegacyTEXTURE/a4/ec/86d4a0bc4b978287e7460644b371c91383bb.udd" 6971
"C:/Users/franc/AppData/Local/UnrealEngine/Common/DerivedDataCache/Buckets/LegacyTEXTURE/52/af/ba72513791cb0fdf2e0c891cd65a9ec6cca9.udd" 6972
"C:/Users/franc/AppData/Local/UnrealEngine/Common/DerivedDataCache/Buckets/LegacyTEXTURE/39/64/89e91ff6ba85fb27315792f8740d7a33415f.udd" 6973
"C:/Users/franc/AppData/Local/UnrealEngine/Common/DerivedDataCache/Buckets/LegacyTEXTURE/37/2c/29dc7eb50ae6ffe4e31dd6fe8e4fb03eecec.udd" 6974
"C:/Users/franc/AppData/Local/UnrealEngine/Common/DerivedDataCache/Buckets/LegacyTEXTURE/2f/5c/2e4938c9daa790b7f8bb8c3c257ae539c4b8.udd" 6975
"C:/Users/franc/AppData/Local/UnrealEngine/Common/DerivedDataCache/Buckets/LegacyTEXTURE/58/c1/35fcacc234ad26b6e10260354ef226238ed6.udd" 6976
"C:/Users/franc/AppData/Local/UnrealEngine/Common/DerivedDataCache/Buckets/LegacyTEXTURE/e2/7a/952c7b5c65da062a2733ef226aca11e05402.udd" 6977
"C:/Users/franc/AppData/Local/UnrealEngine/Common/DerivedDataCache/Buckets/LegacyTEXTURE/3b/15/1efa4bbc488469e081d82b76888d0641be0a.udd" 6978
"C:/Users/franc/AppData/Local/UnrealEngine/Common/DerivedDataCache/Buckets/LegacyTEXTURE/98/e0/091e9a882e0b45500d8bb1625ff35c99b6ce.udd" 6979
"C:/Users/franc/AppData/Local/UnrealEngine/Common/DerivedDataCache/Buckets/LegacyTEXTURE/39/55/4603267f27ac40cd99909756c551a7d9218b.udd" 6980
"C:/Users/franc/AppData/Local/UnrealEngine/Common/DerivedDataCache/Buckets/LegacyTEXTURE/f7/c0/5f2cb4ccb976de2ebbb081a7e03f4c4f13e1.udd" 6981
"C:/Users/franc/AppData/Local/UnrealEngine/Common/DerivedDataCache/Buckets/LegacyTEXTURE/04/02/bce6427656c1b983ef7aedaeb03f31fbcb71.udd" 6982
"C:/Users/franc/AppData/Local/UnrealEngine/Common/DerivedDataCache/Buckets/LegacyTEXTURE/9b/9a/ae1dc03a8ad60cfc3542bd2c73637a7d4623.udd" 6983
"C:/Users/franc/AppData/Local/UnrealEngine/Common/DerivedDataCache/Buckets/LegacyTEXTURE/b2/b4/62cf20ea7846439726518b8719a0bc8a78e2.udd" 6984
"C:/Users/franc/AppData/Local/UnrealEngine/Common/DerivedDataCache/Buckets/LegacyTEXTURE/3a/ae/2d4410df682c91e6bc9fd2faaf0887a99d7d.udd" 6985
"C:/Users/franc/AppData/Local/UnrealEngine/Common/DerivedDataCache/Buckets/LegacyTEXTURE/18/88/70fdea9c0840d110d0fe5b5a44ec8e7169bb.udd" 6986
"C:/Users/franc/AppData/Local/UnrealEngine/Common/DerivedDataCache/Buckets/LegacyTEXTURE/fc/2b/4acb335138032eae9786656c8eb0eff9498c.udd" 6987
"C:/Users/franc/AppData/Local/UnrealEngine/Common/DerivedDataCache/Buckets/LegacyTEXTURE/30/28/fac360c028ec8d8efce145a1264b3a7de0a6.udd" 6988
"C:/Users/franc/AppData/Local/UnrealEngine/Common/DerivedDataCache/Buckets/LegacyTEXTURE/74/bb/a9d9248c39b3e9423a7163bc9634e5b0dcf7.udd" 6989
"C:/Users/franc/AppData/Local/UnrealEngine/Common/DerivedDataCache/Buckets/LegacyTEXTURE/b4/2a/a0fcb11a3f638bc8df7e9a5530a0a22c75e1.udd" 6990
"C:/Users/franc/AppData/Local/UnrealEngine/Common/DerivedDataCache/Content/6b/d4/2b8894198249201678feecba475db0f87f19.udd" 6991
"C:/Users/franc/AppData/Local/UnrealEngine/Common/DerivedDataCache/Buckets/LegacyTEXTURE/a1/5d/7f036395a3954562e8b3c5aab5a5d6c0ccc7.udd" 6992
"C:/Users/franc/AppData/Local/UnrealEngine/Common/DerivedDataCache/Buckets/LegacyTEXTURE/3d/ba/cd809785ae934bac368da1b5bc540b807db4.udd" 6993
"C:/Users/franc/AppData/Local/UnrealEngine/Common/DerivedDataCache/Buckets/LegacyTEXTURE/c2/39/3b995738eb0d8bda220f9d3cab40407d19fb.udd" 6994
"C:/Users/franc/AppData/Local/UnrealEngine/Common/DerivedDataCache/Buckets/LegacyTEXTURE/9d/10/bdf32646a28ec9cd81d57cfee5e5b3ae841c.udd" 6995
"C:/Users/franc/AppData/Local/UnrealEngine/Common/DerivedDataCache/Buckets/LegacyTEXTURE/2a/c1/52afafb379b723f28cf37dd751bcccdf30d5.udd" 6996
"C:/Users/franc/AppData/Local/UnrealEngine/Common/DerivedDataCache/Buckets/LegacyTEXTURE/d5/8b/9155c4dc25ad034f7d7b671f98f9a777cab6.udd" 6997
"C:/Users/franc/AppData/Local/UnrealEngine/Common/DerivedDataCache/Buckets/LegacyTEXTURE/60/54/fc1bbe0d3ecd528f6c82802365791f28b6bd.udd" 6998
"C:/Users/franc/AppData/Local/UnrealEngine/Common/DerivedDataCache/Buckets/LegacyTEXTURE/a1/f3/0a069bf26806e31c15e4fe0c0479d4aab3c6.udd" 6999
"C:/Users/franc/AppData/Local/UnrealEngine/Common/DerivedDataCache/Buckets/LegacyTEXTURE/b6/e7/1ff1346fa061529eb05bafa96164e4296c94.udd" 7000
"C:/Users/franc/AppData/Local/UnrealEngine/Common/DerivedDataCache/Buckets/LegacyTEXTURE/71/3e/03d4991c903b299b84ff648d6773f0b44d3a.udd" 7001
"C:/Users/franc/AppData/Local/UnrealEngine/Common/DerivedDataCache/Buckets/LegacyAnimSeq/28/c2/b77568595f90ab2843fa39a4f9996b16ff2a.udd" 7002
"C:/Users/franc/AppData/Local/UnrealEngine/Common/DerivedDataCache/Buckets/LegacyAnimSeq/95/13/e94871d82c3fb88cd94ce6d8daf07415f315.udd" 7003
"C:/Users/franc/AppData/Local/UnrealEngine/Common/DerivedDataCache/Buckets/LegacyAnimSeq/0b/74/c99369a594cfaa8a455fdf1a2a1062255451.udd" 7004
"C:/Users/franc/AppData/Local/UnrealEngine/Common/DerivedDataCache/Buckets/LegacyAnimSeq/cb/4a/081e9b1c07205b6f4616f94e1e1d1da78df5.udd" 7005
"C:/Users/franc/AppData/Local/UnrealEngine/Common/DerivedDataCache/Buckets/LegacyAnimSeq/17/f1/cb61ce23d0c72a4703f3a2697e09c9a449af.udd" 7006
"C:/Users/franc/AppData/Local/UnrealEngine/Common/DerivedDataCache/Buckets/LegacyAnimSeq/8b/e1/5d64bee029d0420c9ff1c69654b6c9997ce0.udd" 7007
"C:/Users/franc/AppData/Local/UnrealEngine/Common/DerivedDataCache/Buckets/LegacyTEXTURE/ee/a0/1c89d1df419b36073e1f580e847a02910d38.udd" 7008
"C:/Users/franc/AppData/Local/UnrealEngine/Common/DerivedDataCache/Buckets/LegacyTEXTURE/58/75/4a24b8fd0de47011f2797dec83fc743341a2.udd" 7009
"C:/Users/franc/AppData/Local/UnrealEngine/Common/DerivedDataCache/Content/04/3d/7d9d95cb367676571e31672ca95d6c0528c8.udd" 7010
"C:/Users/franc/AppData/Local/UnrealEngine/Common/DerivedDataCache/Buckets/LegacyTEXTURE/b8/01/2fc45588c405df10041f4aa456603d81018d.udd" 7011
"C:/Users/franc/AppData/Local/UnrealEngine/Common/DerivedDataCache/Buckets/LegacyTEXTURE/e4/17/a4e8389dc13e43be55669e30adb3dde90bfe.udd" 7012
"C:/Users/franc/AppData/Local/UnrealEngine/Common/DerivedDataCache/Buckets/LegacyTEXTURE/db/d2/822051e8af3e237cf843b403f2b6ff1bc28b.udd" 7013
"C:/Users/franc/AppData/Local/UnrealEngine/Common/DerivedDataCache/Buckets/LegacyTEXTURE/d7/76/ce67dbef72c07ef47f2cd899ab7ebb336174.udd" 7014
"C:/Users/franc/AppData/Local/UnrealEngine/Common/DerivedDataCache/Buckets/LegacyTEXTURE/73/8c/90bd8926395604c0a74dd8602bb03998fe34.udd" 7015
"C:/Users/franc/AppData/Local/UnrealEngine/Common/DerivedDataCache/Buckets/LegacyTEXTURE/8d/3b/ceed5bbb39149dcf4557d13b82a74ff05e96.udd" 7016
"C:/Users/franc/AppData/Local/UnrealEngine/Common/DerivedDataCache/Buckets/LegacyTEXTURE/19/74/908c6246f09aa9a0acc0e10c1b99bd8415ae.udd" 7017
"C:/Users/franc/AppData/Local/UnrealEngine/Common/DerivedDataCache/Buckets/LegacyTEXTURE/f5/ef/fdd311639ff9a6fc34d3e507b2bebf77de66.udd" 7018
"C:/Users/franc/AppData/Local/UnrealEngine/Common/DerivedDataCache/Buckets/LegacyTEXTURE/e8/26/0f6fd335197560830d50df927673df55bfa5.udd" 7019
"C:/Users/franc/AppData/Local/UnrealEngine/Common/DerivedDataCache/Buckets/LegacyAnimSeq/46/2b/4a05309636f24948d007505e992b4f43863f.udd" 7020
"C:/Users/franc/AppData/Local/UnrealEngine/Common/DerivedDataCache/Buckets/LegacyAnimSeq/a5/a8/d4ff87d744b58c432288e5b5c52e245a04a9.udd" 7021
"C:/Users/franc/AppData/Local/UnrealEngine/Common/DerivedDataCache/Buckets/LegacyAnimSeq/9f/1d/340e059bbaa30ce502854af892a42aad6a91.udd" 7022
"C:/Users/franc/AppData/Local/UnrealEngine/Common/DerivedDataCache/Buckets/LegacyAnimSeq/b8/56/b5a0e9f82f45247dedd3756d197fb2281cc8.udd" 7023
"C:/Users/franc/AppData/Local/UnrealEngine/Common/DerivedDataCache/Buckets/LegacyAnimSeq/80/ff/a6eaada1582f19826bcb45e1f84f458cbb92.udd" 7024
"C:/Users/franc/AppData/Local/UnrealEngine/Common/DerivedDataCache/Buckets/LegacyAnimSeq/2c/c8/4c2afb2c9b86146354df75e842eca03a323f.udd" 7025
"C:/Users/franc/AppData/Local/UnrealEngine/Common/DerivedDataCache/Buckets/LegacyTEXTURE/a5/c4/7fbcb9f51fd95c604686a48ac240fcd35ba9.udd" 7026
"C:/Users/franc/AppData/Local/UnrealEngine/Common/DerivedDataCache/Buckets/LegacyTEXTURE/63/04/49bc5d898c0f3a289436966e80817589571e.udd" 7027
"C:/Users/franc/AppData/Local/UnrealEngine/Common/DerivedDataCache/Content/85/d8/7d6b28b56eaafe754a4d60e667e47f0be6ed.udd" 7028
"C:/Users/franc/AppData/Local/UnrealEngine/Common/DerivedDataCache/Buckets/LegacyTEXTURE/27/21/7040a68bd1b1691247ee99018c8468c8d16f.udd" 7029
"C:/Users/franc/AppData/Local/UnrealEngine/Common/DerivedDataCache/Buckets/LegacyTEXTURE/6a/3d/50431429a04e70f0968d4a6b2b47890645a9.udd" 7030
"C:/Users/franc/AppData/Local/UnrealEngine/Common/DerivedDataCache/Buckets/LegacyTEXTURE/63/92/95fd1d20fae9eddc0789e23196c5a9a8ed9d.udd" 7031
"C:/Users/franc/AppData/Local/UnrealEngine/Common/DerivedDataCache/Content/32/34/7a17f8a9ac0d9da6d13b390cbd8abdf3ba7a.udd" 7032
"C:/Users/franc/AppData/Local/UnrealEngine/Common/DerivedDataCache/Content/51/a8/25633f5164edba4c7cfbd3594b58dd77cdfa.udd" 7033
"C:/Users/franc/AppData/Local/UnrealEngine/Common/DerivedDataCache/Buckets/LegacyTEXTURE/7a/52/ea2d9395a0b2c73ef6746becd9170a010c47.udd" 7034
"C:/Users/franc/AppData/Local/UnrealEngine/Common/DerivedDataCache/Buckets/LegacyTEXTURE/0e/70/aafda7c163e3105a62224bad9d41d87d7f1f.udd" 7035
"C:/Users/franc/AppData/Local/UnrealEngine/Common/DerivedDataCache/Buckets/LegacyTEXTURE/27/07/8b11eddfd193ae3a311f80bfd562909af4d1.udd" 7036
"C:/Users/franc/AppData/Local/UnrealEngine/Common/DerivedDataCache/Buckets/LegacyTEXTURE/2c/dc/3fa73872d0f4c7ff52ebecc1603c74e46c01.udd" 7037
"C:/Users/franc/AppData/Local/UnrealEngine/Common/DerivedDataCache/Buckets/LegacyAnimSeq/d0/5e/50bfc8d6c006fd9c3e3b19bd80c7b12fe77b.udd" 7038
"C:/Users/franc/AppData/Local/UnrealEngine/Common/DerivedDataCache/Buckets/LegacyAnimSeq/19/02/db736c670f6f9eabfe8defc4cb72b7441f1b.udd" 7039
"C:/Users/franc/AppData/Local/UnrealEngine/Common/DerivedDataCache/Buckets/LegacyTEXTURE/97/13/8ff3c9110d3bcab0bfa815c4af81344c4229.udd" 7040
"C:/Users/franc/AppData/Local/UnrealEngine/Common/DerivedDataCache/Buckets/LegacyTEXTURE/9e/59/ac4e8791a06b41b54a55857954c26b3c833c.udd" 7041
"C:/Users/franc/AppData/Local/UnrealEngine/Common/DerivedDataCache/Content/60/e9/47adceb2fde30fcd5149ca593bb5fe643af6.udd" 7042
"C:/Users/franc/AppData/Local/UnrealEngine/Common/DerivedDataCache/Buckets/LegacyTEXTURE/2a/9f/47c7ddad56677fc88ce57d61d58ee06f9459.udd" 7043
"C:/Users/franc/AppData/Local/UnrealEngine/Common/DerivedDataCache/Buckets/LegacyTEXTURE/b0/73/48f1c91c72190d4f8956d7aa7e4e4e2a0298.udd" 7044
"C:/Users/franc/AppData/Local/UnrealEngine/Common/DerivedDataCache/Buckets/LegacyTEXTURE/e1/20/8d40b02487fa556b4f999e82733fd7dc4f5e.udd" 7045
"C:/Users/franc/AppData/Local/UnrealEngine/Common/DerivedDataCache/Buckets/LegacyTEXTURE/f0/df/60d947c8ac85907352432dc3d2a452b074ed.udd" 7046
"C:/Users/franc/AppData/Local/UnrealEngine/Common/DerivedDataCache/Buckets/LegacyTEXTURE/09/b1/b056b6f96a4e1d31f25c022b082ab1a1da03.udd" 7047
"C:/Users/franc/AppData/Local/UnrealEngine/Common/DerivedDataCache/Content/d0/38/d77c8184b5804dc62e5869cc3322d5a80e83.udd" 7048
"C:/Users/franc/AppData/Local/UnrealEngine/Common/DerivedDataCache/Buckets/LegacyTEXTURE/93/07/12de94f4c69fb89c7dc397a863c4f5df7209.udd" 7049
"C:/Users/franc/AppData/Local/UnrealEngine/Common/DerivedDataCache/Buckets/LegacyTEXTURE/59/4f/9665821d18d5e6487db76c49897afe97e88a.udd" 7050
"C:/Users/franc/AppData/Local/UnrealEngine/Common/DerivedDataCache/Buckets/LegacyTEXTURE/59/b5/c8a95f072cbacf6b776e5dd9347cebfb7f4c.udd" 7051
"C:/Users/franc/AppData/Local/UnrealEngine/Common/DerivedDataCache/Buckets/LegacyAnimSeq/5d/b8/3e3c33263dbe8402a9156036d348ce054ee1.udd" 7052
"C:/Users/franc/AppData/Local/UnrealEngine/Common/DerivedDataCache/Buckets/LegacyAnimSeq/4b/8a/e493dad811204380788be41612be85c871cc.udd" 7053
"C:/Users/franc/AppData/Local/UnrealEngine/Common/DerivedDataCache/Buckets/LegacyAnimSeq/e0/c3/f807a6d0131e015b72b3d1a7f1bccab48e30.udd" 7054
"C:/Users/franc/AppData/Local/UnrealEngine/Common/DerivedDataCache/Buckets/LegacyAnimSeq/01/29/a9cd40f4c6074e66970400826a124183ea06.udd" 7055
"C:/Users/franc/AppData/Local/UnrealEngine/Common/DerivedDataCache/Buckets/LegacyAnimSeq/b0/60/295c8ed6b9f034829c2745785bc933ecea81.udd" 7056
"C:/Users/franc/AppData/Local/UnrealEngine/Common/DerivedDataCache/Buckets/LegacyAnimSeq/09/ff/620d587bd179c35a24f9bad6bc0763df9584.udd" 7057
"C:/Users/franc/AppData/Local/UnrealEngine/Common/DerivedDataCache/Buckets/LegacyTEXTURE/4c/a9/c471ff90c0c0db4f6c806e74f5721ac89073.udd" 7058
"C:/Users/franc/AppData/Local/UnrealEngine/Common/DerivedDataCache/Buckets/LegacyTEXTURE/d8/e5/d1284935e18bbc1deead5d6ab1a7e13ab1cd.udd" 7059
"C:/Users/franc/AppData/Local/UnrealEngine/Common/DerivedDataCache/Content/b3/73/034e1a9aeda3259a75d9cf1e13dc1c2af648.udd" 7060
"C:/Users/franc/AppData/Local/UnrealEngine/Common/DerivedDataCache/Buckets/LegacyTEXTURE/04/0a/32f39aa91805e39bc765c3a9d35209359ff5.udd" 7061
"C:/Users/franc/AppData/Local/UnrealEngine/Common/DerivedDataCache/Buckets/LegacyTEXTURE/36/5f/56f8c0d0e49ada46c8c6b5b79e6e38e72ac2.udd" 7062
"C:/Users/franc/AppData/Local/UnrealEngine/Common/DerivedDataCache/Content/a3/92/d1a9c8d49af3cdf5f106954f63e8d92c8fec.udd" 7063
"C:/Users/franc/AppData/Local/UnrealEngine/Common/DerivedDataCache/Buckets/LegacyTEXTURE/8f/59/5f39f7c93a4eee7d44965477bc2468f92e1d.udd" 7064
"C:/Users/franc/AppData/Local/UnrealEngine/Common/DerivedDataCache/Buckets/LegacyTEXTURE/36/b4/bd0ab74cec6cc79a24b08aa2293bffc5f393.udd" 7065
"C:/Users/franc/AppData/Local/UnrealEngine/Common/DerivedDataCache/Buckets/LegacyTEXTURE/bb/18/62e3828c5ecf238b29ee920d4771f9cbd75f.udd" 7066
"C:/Users/franc/AppData/Local/UnrealEngine/Common/DerivedDataCache/Buckets/LegacyTEXTURE/8d/db/b82cd1bb01c9c0ea86addcd4349e94c1eb15.udd" 7067
"C:/Users/franc/AppData/Local/UnrealEngine/Common/DerivedDataCache/Buckets/LegacyTEXTURE/b8/06/41daf0b6b9504e08845a5b7b0dbf21d54b9f.udd" 7068
"C:/Users/franc/AppData/Local/UnrealEngine/Common/DerivedDataCache/Content/0f/4b/9365308649cf6924e4fe82a86a433bab5610.udd" 7069
"C:/Users/franc/AppData/Local/UnrealEngine/Common/DerivedDataCache/Buckets/LegacyTEXTURE/33/ed/9375dbbef828a41426516fbc9f17eaf48d9e.udd" 7070
"C:/Users/franc/AppData/Local/UnrealEngine/Common/DerivedDataCache/Buckets/LegacyTEXTURE/2b/06/2b35c87e77c2e8e395b341f72a1a5d662014.udd" 7071
"C:/Users/franc/AppData/Local/UnrealEngine/Common/DerivedDataCache/Buckets/LegacyTEXTURE/55/d5/5c56a292a29cccb0b09b13ba4b946c1fa674.udd" 7072
"C:/Users/franc/AppData/Local/UnrealEngine/Common/DerivedDataCache/Buckets/LegacyTEXTURE/3f/34/985bcd6c07a4693f3b497d9895f9f5570cb3.udd" 7073
"C:/Users/franc/AppData/Local/UnrealEngine/Common/DerivedDataCache/Buckets/LegacyTEXTURE/ad/d0/2d9b2cfbde5992aa693648041a01cb554bd3.udd" 7074
"C:/Users/franc/AppData/Local/UnrealEngine/Common/DerivedDataCache/Buckets/LegacyTEXTURE/27/0a/1faf30345fda149593cfa7d04026c558468e.udd" 7075
"C:/Users/franc/AppData/Local/UnrealEngine/Common/DerivedDataCache/Buckets/LegacyTEXTURE/9a/4a/dd21d24632b4e7ab1a2d34a39ea443cf3eff.udd" 7076
"C:/Users/franc/AppData/Local/UnrealEngine/Common/DerivedDataCache/Buckets/LegacyTEXTURE/ef/96/88f21c7ae9795e28002012d35c815fee9a6e.udd" 7077
"C:/Users/franc/AppData/Local/UnrealEngine/Common/DerivedDataCache/Content/ed/49/886d000d2525243ab5ca17d0e610ed859ba8.udd" 7078
"C:/Users/franc/AppData/Local/UnrealEngine/Common/DerivedDataCache/Buckets/LegacyTEXTURE/45/88/8c6d88c9dfcec970818378ff628c805dc4f3.udd" 7079
"C:/Users/franc/AppData/Local/UnrealEngine/Common/DerivedDataCache/Buckets/LegacyTEXTURE/ac/af/06e4b7ec6a080c9554108af35ca7933c1c30.udd" 7080
"C:/Users/franc/AppData/Local/UnrealEngine/Common/DerivedDataCache/Buckets/LegacyTEXTURE/5e/aa/67b0792dd0c3ab280c8326d06e47c1f825f2.udd" 7081
"C:/Users/franc/AppData/Local/UnrealEngine/Common/DerivedDataCache/Buckets/LegacyTEXTURE/2a/c9/4e97ba3a0c35ca8955af0607bdf5dc08d557.udd" 7082
"C:/Users/franc/AppData/Local/UnrealEngine/Common/DerivedDataCache/Buckets/LegacyTEXTURE/40/32/7395616ef393bccbba4241c5745990c25c5b.udd" 7083
"C:/Users/franc/AppData/Local/UnrealEngine/Common/DerivedDataCache/Buckets/LegacyTEXTURE/d8/f2/71772cca2b4a32ebd19ee8548b6f79ed2a18.udd" 7084
"C:/Users/franc/AppData/Local/UnrealEngine/Common/DerivedDataCache/Buckets/LegacyTEXTURE/7e/05/812b90535498ec4dd5acbe6ce47e59ed255a.udd" 7085
"C:/Users/franc/AppData/Local/UnrealEngine/Common/DerivedDataCache/Buckets/LegacyTEXTURE/58/08/c0169c85c6ab5cb76390f8b19cfba70fa243.udd" 7086
"C:/Users/franc/AppData/Local/UnrealEngine/Common/DerivedDataCache/Buckets/LegacyTEXTURE/35/71/0ffebb7c51a7673fbce886e1dfe078f1982f.udd" 7087
"C:/Users/franc/AppData/Local/UnrealEngine/Common/DerivedDataCache/Buckets/LegacyTEXTURE/73/de/b4ad98d11c70d49d8377fb3abf3d639074cd.udd" 7088
"C:/Users/franc/AppData/Local/UnrealEngine/Common/DerivedDataCache/Buckets/LegacyTEXTURE/61/a7/5282547142e7914e6095602728e790141636.udd" 7089
"C:/Users/franc/AppData/Local/UnrealEngine/Common/DerivedDataCache/Buckets/LegacyTEXTURE/16/85/da52c1a8949f1ad87bfc554f9b1aa1d2e7dd.udd" 7090
"C:/Users/franc/AppData/Local/UnrealEngine/Common/DerivedDataCache/Buckets/LegacyTEXTURE/a0/20/ca4750b9a6baa492186783bcb78c0cbaaa24.udd" 7091
"C:/Users/franc/AppData/Local/UnrealEngine/Common/DerivedDataCache/Buckets/LegacyTEXTURE/cf/51/3ebb14ddb1724f5d78a6e84d4e692a83204b.udd" 7092
"C:/Users/franc/AppData/Local/UnrealEngine/Common/DerivedDataCache/Buckets/LegacyTEXTURE/6a/8d/c3a0b4e19e056a2be5ff86a65db3d4147a22.udd" 7093
"C:/Users/franc/AppData/Local/UnrealEngine/Common/DerivedDataCache/Buckets/LegacyTEXTURE/98/23/b8cc87003028858ec92f2daa52b8f1cbcfee.udd" 7094
"C:/Users/franc/AppData/Local/UnrealEngine/Common/DerivedDataCache/Content/77/3c/e253f653c271a4e0ec1d53674eb6c4e74050.udd" 7095
"C:/Users/franc/AppData/Local/UnrealEngine/Common/DerivedDataCache/Buckets/LegacyTEXTURE/7a/6b/3ee19e64b70a922aab3de7a2c321d5635b25.udd" 7096
"C:/Users/franc/AppData/Local/UnrealEngine/Common/DerivedDataCache/Content/ee/68/974319d715817b6ad021d6f0ec74f40d34d1.udd" 7097
"C:/Users/franc/AppData/Local/UnrealEngine/Common/DerivedDataCache/Buckets/LegacyTEXTURE/48/57/469e36c47aa395f0245f6f18ed8059eb666a.udd" 7098
"C:/Users/franc/AppData/Local/UnrealEngine/Common/DerivedDataCache/Buckets/LegacyTEXTURE/8c/8e/44c88c7b42d2a384cf213be1777a74b4b43c.udd" 7099
"C:/Users/franc/AppData/Local/UnrealEngine/Common/DerivedDataCache/Buckets/LegacyTEXTURE/ec/29/f331586abc9ab420d6e748b93115143ffb63.udd" 7100
"C:/Users/franc/AppData/Local/UnrealEngine/Common/DerivedDataCache/Buckets/LegacyTEXTURE/95/59/938ece2b405085d31ce947768cafb521b90d.udd" 7101
"C:/Users/franc/AppData/Local/UnrealEngine/Common/DerivedDataCache/Buckets/LegacyTEXTURE/4e/1b/347208bb8e3792ae305c6d440a93d383959d.udd" 7102
"C:/Users/franc/AppData/Local/UnrealEngine/Common/DerivedDataCache/Content/05/40/15baab2ac3da01994a64c82edc859ba350a2.udd" 7103
"C:/Users/franc/AppData/Local/UnrealEngine/Common/DerivedDataCache/Buckets/LegacyTEXTURE/8f/b6/7cc4397c2eb33dcebd04c893bb5e77fcc155.udd" 7104
"C:/Users/franc/AppData/Local/UnrealEngine/Common/DerivedDataCache/Buckets/LegacyTEXTURE/59/d3/4b704c3dd1ce79a2b17d0843e1ab039178b3.udd" 7105
"C:/Users/franc/AppData/Local/UnrealEngine/Common/DerivedDataCache/Buckets/LegacyTEXTURE/79/43/19137ec16e2d92400bd7a554bf7561aa767a.udd" 7106
"C:/Users/franc/AppData/Local/UnrealEngine/Common/DerivedDataCache/Buckets/LegacyTEXTURE/49/a5/5dcb77b785db434e39d3f1cddfefc86f717d.udd" 7107
"C:/Users/franc/AppData/Local/UnrealEngine/Common/DerivedDataCache/Buckets/LegacyTEXTURE/67/dc/d771175904f4cafa10d64265e8904880b3e5.udd" 7108
"C:/Users/franc/AppData/Local/UnrealEngine/Common/DerivedDataCache/Buckets/LegacyTEXTURE/9f/24/17a0deae8b65bc9a29280ed6057e8827ae57.udd" 7109
"C:/Users/franc/AppData/Local/UnrealEngine/Common/DerivedDataCache/Content/e7/86/9a36b0b708634097494afbfdff1601322cc5.udd" 7110
"C:/Users/franc/AppData/Local/UnrealEngine/Common/DerivedDataCache/Buckets/LegacyTEXTURE/46/df/eb20dde82231bda3952b3b3ad5879b0b488f.udd" 7111
"C:/Users/franc/AppData/Local/UnrealEngine/Common/DerivedDataCache/Buckets/LegacyTEXTURE/aa/c8/a6c3ead2a50369bc1423cf1c1fad52658792.udd" 7112
"C:/Users/franc/AppData/Local/UnrealEngine/Common/DerivedDataCache/Buckets/LegacyTEXTURE/0d/e2/28d9a4247e01eb651ff0e43674b3cd5af112.udd" 7113
"C:/Users/franc/AppData/Local/UnrealEngine/Common/DerivedDataCache/Buckets/LegacyTEXTURE/8b/58/9324eeb1db9a5a16cd16171c86f67615d1c0.udd" 7114
"C:/Users/franc/AppData/Local/UnrealEngine/Common/DerivedDataCache/Buckets/LegacyTEXTURE/81/9a/a89abecb0e6e758b1c40a21a0dfffcd851ea.udd" 7115
"C:/Users/franc/AppData/Local/UnrealEngine/Common/DerivedDataCache/Buckets/LegacyTEXTURE/f5/cd/5f7e4bea353dc23c8dda96c2c780ddf9977b.udd" 7116
"C:/Users/franc/AppData/Local/UnrealEngine/Common/DerivedDataCache/Buckets/LegacyTEXTURE/ca/97/b614cc391823398ec5162752316621493dd8.udd" 7117
"C:/Users/franc/AppData/Local/UnrealEngine/Common/DerivedDataCache/Buckets/LegacyTEXTURE/f5/34/b225ea751cb5972b0d28233277d9713f77d7.udd" 7118
"C:/Users/franc/AppData/Local/UnrealEngine/Common/DerivedDataCache/Buckets/LegacyTEXTURE/05/7e/7a9d084821d50721726ab92e0ca73fcbde1d.udd" 7119
"C:/Users/franc/AppData/Local/UnrealEngine/Common/DerivedDataCache/Buckets/LegacyTEXTURE/7f/60/b86da64fe97e5819448bacd3a1b7f55e50ad.udd" 7120
"C:/Users/franc/AppData/Local/UnrealEngine/Common/DerivedDataCache/Buckets/LegacyTEXTURE/10/4d/428a31c725fddd13481caa9705054e43919d.udd" 7121
"C:/Users/franc/AppData/Local/UnrealEngine/Common/DerivedDataCache/Buckets/LegacyTEXTURE/df/59/44c6a411aa802c14d32e15bef9e6f0878f63.udd" 7122
"C:/Users/franc/AppData/Local/UnrealEngine/Common/DerivedDataCache/Buckets/LegacyTEXTURE/98/dc/75fbffa681c99ffc8450716dbe747f2db8cf.udd" 7123
"C:/Users/franc/AppData/Local/UnrealEngine/Common/DerivedDataCache/Buckets/LegacyTEXTURE/7e/9b/4652c90404667712b203acf6ba534960a63a.udd" 7124
"C:/Users/franc/AppData/Local/UnrealEngine/Common/DerivedDataCache/Buckets/LegacyTEXTURE/7f/d7/500ff2c7d24172987fe7d3508a33dedcfe0d.udd" 7125
"C:/Users/franc/AppData/Local/UnrealEngine/Common/DerivedDataCache/Buckets/LegacyTEXTURE/5b/ab/cda6b31cb4140689b8b53223f1c70af4ff88.udd" 7126
"C:/Users/franc/AppData/Local/UnrealEngine/Common/DerivedDataCache/Buckets/LegacyTEXTURE/4a/ae/af1fc4a602b8f5674ccd6af05690c6b92ff1.udd" 7127
"C:/Users/franc/AppData/Local/UnrealEngine/Common/DerivedDataCache/Content/10/1f/0c5036b703352ae2a9f6bc89da1d51a6e42f.udd" 7128
"C:/Users/franc/AppData/Local/UnrealEngine/Common/DerivedDataCache/Buckets/LegacyTEXTURE/ba/2c/9faeccebb9d9e99f2ea91194a7d6f707f08b.udd" 7129
"C:/Users/franc/AppData/Local/UnrealEngine/Common/DerivedDataCache/Buckets/LegacyTEXTURE/2f/49/23a348fb4612bd6a85d4fea11fbbde23d4a8.udd" 7130
"C:/Users/franc/AppData/Local/UnrealEngine/Common/DerivedDataCache/Buckets/LegacyTEXTURE/f0/77/26c7d2fb4fe90c0418e0e4f47a5d36eab6bb.udd" 7131
"C:/Users/franc/AppData/Local/UnrealEngine/Common/DerivedDataCache/Buckets/LegacyTEXTURE/a7/3e/b2b7600c286b402727ddf632592e884a7d09.udd" 7132
"C:/Users/franc/AppData/Local/UnrealEngine/Common/DerivedDataCache/Buckets/LegacyTEXTURE/e8/19/67f29f06c6d3f05d41a066e423559e9c9cf7.udd" 7133
"C:/Users/franc/AppData/Local/UnrealEngine/Common/DerivedDataCache/Buckets/LegacyTEXTURE/46/2c/b65df8de45f241fec67f6ecf2a6c783e73fc.udd" 7134
"C:/Users/franc/AppData/Local/UnrealEngine/Common/DerivedDataCache/Buckets/LegacyTEXTURE/d0/48/21596905212a502e426d8b6d73bb177734ec.udd" 7135
"C:/Users/franc/AppData/Local/UnrealEngine/Common/DerivedDataCache/Buckets/LegacyTEXTURE/47/23/7e750ed55ec4223d890cab132abcfab04881.udd" 7136
"C:/Users/franc/AppData/Local/UnrealEngine/Common/DerivedDataCache/Buckets/LegacyTEXTURE/f0/64/9ef8b3e383b1803a6729652a93c2ce4d4626.udd" 7137
"C:/Users/franc/AppData/Local/UnrealEngine/Common/DerivedDataCache/Buckets/LegacyTEXTURE/c7/9d/b3d12b3d4310eff3104ce2b46f17a9b3c8c0.udd" 7138
"C:/Users/franc/AppData/Local/UnrealEngine/Common/DerivedDataCache/Buckets/LegacyTEXTURE/c6/c0/93280014dbfd8d27753dd0ba583228ab631e.udd" 7139
"C:/Users/franc/AppData/Local/UnrealEngine/Common/DerivedDataCache/Buckets/LegacyTEXTURE/a8/cc/ac6a720612537a35979bf825fbccf0060036.udd" 7140
"C:/Users/franc/AppData/Local/UnrealEngine/Common/DerivedDataCache/Content/32/db/24968fe264183961b11a46df23620f5b910b.udd" 7141
"C:/Users/franc/AppData/Local/UnrealEngine/Common/DerivedDataCache/Buckets/LegacyTEXTURE/c7/a7/b709298401cc178e70cf8a2ed38ef483487e.udd" 7142
"C:/Users/franc/AppData/Local/UnrealEngine/Common/DerivedDataCache/Buckets/LegacyTEXTURE/5b/80/e1d36f761cdb55538086661fafc3a4d61133.udd" 7143
"C:/Users/franc/AppData/Local/UnrealEngine/Common/DerivedDataCache/Buckets/LegacyTEXTURE/79/a2/9c060f117294537b85ad0bc717865011a996.udd" 7144
"C:/Users/franc/AppData/Local/UnrealEngine/Common/DerivedDataCache/Buckets/LegacyTEXTURE/1b/2d/9072b23c951550bbadcea09a79650bf0c73d.udd" 7145
"C:/Users/franc/AppData/Local/UnrealEngine/Common/DerivedDataCache/Buckets/LegacyTEXTURE/ef/d9/2eae6c701c5e0233f8035b7f2d5228d262c0.udd" 7146
"C:/Users/franc/AppData/Local/UnrealEngine/Common/DerivedDataCache/Buckets/LegacyTEXTURE/7b/27/8ecfcda218d125fb080e9134077a9c5d734a.udd" 7147
"C:/Users/franc/AppData/Local/UnrealEngine/Common/DerivedDataCache/Buckets/LegacyTEXTURE/b0/99/bb288627af1fd0f15e03b7a80de04c110fd0.udd" 7148
"C:/Users/franc/AppData/Local/UnrealEngine/Common/DerivedDataCache/Buckets/LegacyTEXTURE/05/d0/223836261a029df92fa9e26f26109fe2ee4a.udd" 7149
"C:/Users/franc/AppData/Local/UnrealEngine/Common/DerivedDataCache/Buckets/LegacyTEXTURE/b8/c1/c3ab23222187c94cf68623e6506d76c664ec.udd" 7150
"C:/Users/franc/AppData/Local/UnrealEngine/Common/DerivedDataCache/Buckets/LegacyTEXTURE/87/14/30f286185ddf81aeaf49d7e74a45ea12e6ad.udd" 7151
"C:/Users/franc/AppData/Local/UnrealEngine/Common/DerivedDataCache/Buckets/LegacyTEXTURE/d2/84/2d3076a48653504c65476beb0a1c6e10be51.udd" 7152
"C:/Users/franc/AppData/Local/UnrealEngine/Common/DerivedDataCache/Buckets/LegacyTEXTURE/83/d5/6a7c06a28b2a60e5de9e9dd8954adbb2e967.udd" 7153
"C:/Users/franc/AppData/Local/UnrealEngine/Common/DerivedDataCache/Buckets/LegacyTEXTURE/20/15/07dcf3e2079ba8fa2395ae3ec4ed07bfa659.udd" 7154
"C:/Users/franc/AppData/Local/UnrealEngine/Common/DerivedDataCache/Buckets/LegacyTEXTURE/d1/90/11bb105be9f1f8841ed7929c29f770d36099.udd" 7155
"C:/Users/franc/AppData/Local/UnrealEngine/Common/DerivedDataCache/Buckets/LegacyTEXTURE/e4/2e/cb46034cc0a5a79469f48462c025851b776c.udd" 7156
"C:/Users/franc/AppData/Local/UnrealEngine/Common/DerivedDataCache/Buckets/LegacyTEXTURE/28/10/44693346304edb765185feadd6f13507e468.udd" 7157
"C:/Users/franc/AppData/Local/UnrealEngine/Common/DerivedDataCache/Buckets/LegacyTEXTURE/a9/b7/3cb7ccfb002e623296cae0c73ccf7c7564b9.udd" 7158
"C:/Users/franc/AppData/Local/UnrealEngine/Common/DerivedDataCache/Buckets/LegacyTEXTURE/14/69/dd33f77a6306fc39112869568dadccc04180.udd" 7159
"C:/Users/franc/AppData/Local/UnrealEngine/Common/DerivedDataCache/Buckets/LegacyTEXTURE/70/76/d22b6c0623a9e5951c1dea43d1413454f83e.udd" 7160
"C:/Users/franc/AppData/Local/UnrealEngine/Common/DerivedDataCache/Buckets/LegacyTEXTURE/29/33/8f43cd60122e96e599296a6425af582ad5a2.udd" 7161
"C:/Users/franc/AppData/Local/UnrealEngine/Common/DerivedDataCache/Buckets/LegacyTEXTURE/b7/24/2e0aebc6553b6b35dae17bb8e888e7d9ba1b.udd" 7162
"C:/Users/franc/AppData/Local/UnrealEngine/Common/DerivedDataCache/Buckets/LegacyTEXTURE/ab/d1/0af01f03d40cddfeeab121ebc2e157310ed1.udd" 7163
"C:/Users/franc/AppData/Local/UnrealEngine/Common/DerivedDataCache/Buckets/LegacyTEXTURE/5a/d3/2bf346ee91934981a57859f085ae0ebc3595.udd" 7164
"C:/Users/franc/AppData/Local/UnrealEngine/Common/DerivedDataCache/Buckets/LegacyTEXTURE/6a/ba/88d962dd4dfecbbadd8081b1fb62e799f40e.udd" 7165
"C:/Users/franc/AppData/Local/UnrealEngine/Common/DerivedDataCache/Content/06/72/0688532d47a69457928ff79f7a03d5628efb.udd" 7166
"C:/Users/franc/AppData/Local/UnrealEngine/Common/DerivedDataCache/Buckets/LegacyTEXTURE/d1/d9/8ed6efaddd2c7917b3bcaec3531913f8832e.udd" 7167
"C:/Users/franc/AppData/Local/UnrealEngine/Common/DerivedDataCache/Buckets/LegacyTEXTURE/62/2b/6caa5cb846417bb6be3653fdfa8715d4074b.udd" 7168
"C:/Users/franc/AppData/Local/UnrealEngine/Common/DerivedDataCache/Buckets/LegacyTEXTURE/32/db/8516810f08ff3f3d7470b103b837e1d8412a.udd" 7169
"C:/Users/franc/AppData/Local/UnrealEngine/Common/DerivedDataCache/Buckets/LegacyTEXTURE/c5/28/803d1d4234ab231f4c86e95694b7a2f8c8c6.udd" 7170
"C:/Users/franc/AppData/Local/UnrealEngine/Common/DerivedDataCache/Buckets/LegacyTEXTURE/45/e8/2fe51cc2ca4d49aa205da662009a4da280a3.udd" 7171
"C:/Users/franc/AppData/Local/UnrealEngine/Common/DerivedDataCache/Buckets/LegacyTEXTURE/47/8c/c12a8c13f4369e881cf9f32b132e067ee787.udd" 7172
"C:/Users/franc/AppData/Local/UnrealEngine/Common/DerivedDataCache/Buckets/LegacyTEXTURE/7b/55/54d0f46972ad14f2198731952d67825ee423.udd" 7173
"C:/Users/franc/AppData/Local/UnrealEngine/Common/DerivedDataCache/Buckets/LegacyTEXTURE/de/16/c6192b0c779f771d439347b6038f8508d557.udd" 7174
"C:/Users/franc/AppData/Local/UnrealEngine/Common/DerivedDataCache/Buckets/LegacyTEXTURE/aa/fe/c394ea1356ce107654892c5f81a46457057f.udd" 7175
"C:/Users/franc/AppData/Local/UnrealEngine/Common/DerivedDataCache/Buckets/LegacyTEXTURE/2c/9b/656c29659c93d993474ec48808353288974d.udd" 7176
"C:/Users/franc/AppData/Local/UnrealEngine/Common/DerivedDataCache/Content/f8/c6/a3d978db6cacf5c60f216e7523003fe991d1.udd" 7177
"C:/Users/franc/AppData/Local/UnrealEngine/Common/DerivedDataCache/Buckets/LegacyTEXTURE/8a/e2/32d1820b6deb7052e2a479b0b96158280221.udd" 7178
"C:/Users/franc/AppData/Local/UnrealEngine/Common/DerivedDataCache/Buckets/LegacyTEXTURE/0b/68/1cf77fa12e3237b3667c9ab48a1c0b0876fb.udd" 7179
"C:/Users/franc/AppData/Local/UnrealEngine/Common/DerivedDataCache/Buckets/LegacyTEXTURE/33/c7/95359a99b4f4f0e7f7e0d362451082d00345.udd" 7180
"C:/Users/franc/AppData/Local/UnrealEngine/Common/DerivedDataCache/Buckets/LegacyTEXTURE/76/bb/b2a13463812b5f73fe2422e13e19d84865f4.udd" 7181
"C:/Users/franc/AppData/Local/UnrealEngine/Common/DerivedDataCache/Buckets/LegacyTEXTURE/e2/8c/b81d593180cb59b6b04a828763f3a1bc913f.udd" 7182
"E:/Unreal Projects/LeagueJourney/DerivedDataCache/VT/TEXTURE_7C16439390E24F1F9468894FB4D4BC54_VTCHUNKE081B47E58E5632407BD4CD26B798894700E51DB" 7183
"C:/Users/franc/AppData/Local/UnrealEngine/Common/DerivedDataCache/Buckets/LegacyTEXTURE/89/88/e6dc6ca9069adaaa009abf68b6430a648beb.udd" 7184
"C:/Users/franc/AppData/Local/UnrealEngine/Common/DerivedDataCache/Buckets/LegacyTEXTURE/0d/50/757da5911210d8504a1bd0a0a739de856c4b.udd" 7185
"C:/Users/franc/AppData/Local/UnrealEngine/Common/DerivedDataCache/Buckets/LegacyTEXTURE/9e/2d/52353f4507f3e01e59f7511bba8254e2e99f.udd" 7186
"C:/Users/franc/AppData/Local/UnrealEngine/Common/DerivedDataCache/Buckets/LegacyTEXTURE/a1/9d/cd18c6ae421685750c1b6742fd5aafc0e52d.udd" 7187
"C:/Users/franc/AppData/Local/UnrealEngine/Common/DerivedDataCache/Buckets/LegacyTEXTURE/bd/e7/168a3542d725ef944ca138b0093c345873ea.udd" 7188
"C:/Users/franc/AppData/Local/UnrealEngine/Common/DerivedDataCache/Buckets/LegacyTEXTURE/ce/67/6402911eb3a8193b20b7bbcc70ff8b8ec8ba.udd" 7189
"C:/Users/franc/AppData/Local/UnrealEngine/Common/DerivedDataCache/Buckets/LegacyTEXTURE/35/99/b8125bad3202c8a8b2bbc6f6ee2526ef5e4f.udd" 7190
"C:/Users/franc/AppData/Local/UnrealEngine/Common/DerivedDataCache/Buckets/LegacyTEXTURE/1b/1d/90e02ffb4f77b0167acb60c00dab666013d6.udd" 7191
"C:/Users/franc/AppData/Local/UnrealEngine/Common/DerivedDataCache/Buckets/LegacyTEXTURE/c8/7a/683b22d2667ff54c7f11f11db7a1c37037fb.udd" 7192
"C:/Users/franc/AppData/Local/UnrealEngine/Common/DerivedDataCache/Content/e8/80/4c5acd4022e394f8e51c712fe93a4321fe17.udd" 7193
"C:/Users/franc/AppData/Local/UnrealEngine/Common/DerivedDataCache/Buckets/LegacyTEXTURE/e8/86/ae5c70f26af28ed9a5aa0183038cc1475c45.udd" 7194
"C:/Users/franc/AppData/Local/UnrealEngine/Common/DerivedDataCache/Buckets/LegacyTEXTURE/34/90/01a66f2c35a28b60cdcd1de3aa89a7fb3455.udd" 7195
"C:/Users/franc/AppData/Local/UnrealEngine/Common/DerivedDataCache/Buckets/LegacyTEXTURE/a9/c8/6a9ccbbd63eb698c836c3f1aad578c67f491.udd" 7196
"E:/Unreal Projects/LeagueJourney/DerivedDataCache/VT/TEXTURE_7C16439390E24F1F9468894FB4D4BC54_VTCHUNK10E1B98B1E74BDF3379546D89A1E8463CAAB1656" 7197
"C:/Users/franc/AppData/Local/UnrealEngine/Common/DerivedDataCache/Buckets/LegacyTEXTURE/43/47/8364a2aacacdd937b2cb4a4185ab871d73aa.udd" 7198
"C:/Users/franc/AppData/Local/UnrealEngine/Common/DerivedDataCache/Buckets/LegacyTEXTURE/45/98/eae03d9560d46f06041d8c1820f0299504b0.udd" 7199
"C:/Users/franc/AppData/Local/UnrealEngine/Common/DerivedDataCache/Buckets/LegacyTEXTURE/1c/26/a79145941246137a9b10d4af5cdb78e7c6f8.udd" 7200
"C:/Users/franc/AppData/Local/UnrealEngine/Common/DerivedDataCache/Buckets/LegacyTEXTURE/3e/ab/8e09ef3a4732aeb95e30995e5e7e5b30febc.udd" 7201
"C:/Users/franc/AppData/Local/UnrealEngine/Common/DerivedDataCache/Buckets/LegacyTEXTURE/a4/b3/4b4f80a154da6f3cc4e52ace12e0c3ef3cdc.udd" 7202
"C:/Users/franc/AppData/Local/UnrealEngine/Common/DerivedDataCache/Buckets/LegacyTEXTURE/93/ed/c9d1db76979cfec4e0adabadd5ef160cfda3.udd" 7203
"C:/Users/franc/AppData/Local/UnrealEngine/Common/DerivedDataCache/Buckets/LegacyTEXTURE/d3/1a/e4bf47feabdec8bde1710cd767c7b6249770.udd" 7204
"C:/Users/franc/AppData/Local/UnrealEngine/Common/DerivedDataCache/Buckets/LegacyTEXTURE/c7/d5/d148f67a31a0eb68983d57f8e45112ceed19.udd" 7205
"C:/Users/franc/AppData/Local/UnrealEngine/Common/DerivedDataCache/Buckets/LegacyTEXTURE/55/ba/7fe5fc668701095a4104f1cac969676be77d.udd" 7206
"C:/Users/franc/AppData/Local/UnrealEngine/Common/DerivedDataCache/Buckets/LegacyTEXTURE/95/71/afed5d069e5e4f86b3f0e1890a22a81ca6c7.udd" 7207
"C:/Users/franc/AppData/Local/UnrealEngine/Common/DerivedDataCache/Buckets/LegacyTEXTURE/4d/00/ac34dba66239f40593fc3f602ca174fb9b53.udd" 7208
"C:/Users/franc/AppData/Local/UnrealEngine/Common/DerivedDataCache/Buckets/LegacyTEXTURE/09/95/9670a10578962a6d9aa774d0c9328d1af2fd.udd" 7209
"C:/Users/franc/AppData/Local/UnrealEngine/Common/DerivedDataCache/Buckets/LegacyTEXTURE/3f/ff/6b1606b0efedd4684c2cd4443693c296dad9.udd" 7210
"C:/Users/franc/AppData/Local/UnrealEngine/Common/DerivedDataCache/Buckets/LegacyTEXTURE/7c/70/bd5c6618d9886941514f9a30b66a54efc135.udd" 7211
"C:/Users/franc/AppData/Local/UnrealEngine/Common/DerivedDataCache/Buckets/LegacyTEXTURE/05/26/b6c4119c627aae4c46acd6f4ae951f9c79b2.udd" 7212
"C:/Users/franc/AppData/Local/UnrealEngine/Common/DerivedDataCache/Buckets/LegacyTEXTURE/56/e4/5b07814580852a13ee2a397d84779d2dc722.udd" 7213
"C:/Users/franc/AppData/Local/UnrealEngine/Common/DerivedDataCache/Buckets/LegacyTEXTURE/f3/a9/5bcb62c6834c83c70044ffdaf43918993c20.udd" 7214
"C:/Users/franc/AppData/Local/UnrealEngine/Common/DerivedDataCache/Buckets/LegacyTEXTURE/bd/70/db0bc2f34b2197760bf30c31032767cc765a.udd" 7215
"C:/Users/franc/AppData/Local/UnrealEngine/Common/DerivedDataCache/Buckets/LegacyTEXTURE/1e/25/a76ee3359214c7c06336b0a244bce9bb0659.udd" 7216
"C:/Users/franc/AppData/Local/UnrealEngine/Common/DerivedDataCache/Buckets/LegacyTEXTURE/6f/4a/58831790252f61b45550908cc1205c7d1a14.udd" 7217
"C:/Users/franc/AppData/Local/UnrealEngine/Common/DerivedDataCache/Buckets/LegacyTEXTURE/79/1c/f08252fd49176126f7f603ddaf751967e9ff.udd" 7218
"C:/Users/franc/AppData/Local/UnrealEngine/Common/DerivedDataCache/Buckets/LegacyTEXTURE/7a/65/66800b6db886265d3b95b3ca9f6956faef9b.udd" 7219
"C:/Users/franc/AppData/Local/UnrealEngine/Common/DerivedDataCache/Buckets/LegacyTEXTURE/8e/97/bdddec63f7e4c4379a60a51d3ac4d864d6fb.udd" 7220
"C:/Users/franc/AppData/Local/UnrealEngine/Common/DerivedDataCache/Buckets/LegacyTEXTURE/2b/80/2a9bc2deb86248b1958d1df0344616b44a8e.udd" 7221
"C:/Users/franc/AppData/Local/UnrealEngine/Common/DerivedDataCache/Buckets/LegacyTEXTURE/9e/63/0d3265c5ab897f1137e6ed940ea4d5a72b7d.udd" 7222
"C:/Users/franc/AppData/Local/UnrealEngine/Common/DerivedDataCache/Buckets/LegacyTEXTURE/51/a1/4c5343ab703fffc13b53634672c68c6f1216.udd" 7223
"C:/Users/franc/AppData/Local/UnrealEngine/Common/DerivedDataCache/Buckets/LegacyTEXTURE/d1/54/cc556746e4614b54b1e1dd60a29842229f16.udd" 7224
"C:/Users/franc/AppData/Local/UnrealEngine/Common/DerivedDataCache/Buckets/LegacyTEXTURE/89/16/34adc32751ff572a4cf048b76e22cc646009.udd" 7225
"C:/Users/franc/AppData/Local/UnrealEngine/Common/DerivedDataCache/Buckets/LegacyTEXTURE/38/be/8e893c3a3cea6a813ad69d052ae5bb80d22b.udd" 7226
"C:/Users/franc/AppData/Local/UnrealEngine/Common/DerivedDataCache/Buckets/LegacyTEXTURE/d3/a1/560ba0eaf877520bc3fbb0431db13750f058.udd" 7227
"C:/Users/franc/AppData/Local/UnrealEngine/Common/DerivedDataCache/Buckets/LegacyTEXTURE/e0/da/01caf621edc8dd19a0306bbcb256b22114f9.udd" 7228
"C:/Users/franc/AppData/Local/UnrealEngine/Common/DerivedDataCache/Buckets/LegacyTEXTURE/cc/d0/787c71720d08026807c84840f4b0c3df3ced.udd" 7229
"C:/Users/franc/AppData/Local/UnrealEngine/Common/DerivedDataCache/Buckets/LegacyTEXTURE/ef/29/eb48a4f014934f5b116d28c6c172c03a324a.udd" 7230
"C:/Users/franc/AppData/Local/UnrealEngine/Common/DerivedDataCache/Buckets/LegacyTEXTURE/00/79/9f82547b89355349d3b640366c4044bf5ce5.udd" 7231
"E:/Unreal Projects/LeagueJourney/DerivedDataCache/VT/TEXTURE_7C16439390E24F1F9468894FB4D4BC54_VTCHUNKF94450C3456307216D4F9DDD16112DC1B7510CD9" 7232
"C:/Users/franc/AppData/Local/UnrealEngine/Common/DerivedDataCache/Buckets/LegacyTEXTURE/75/65/b1ebfc3474a00aebf446961c210e8a5fbcd2.udd" 7233
"C:/Users/franc/AppData/Local/UnrealEngine/Common/DerivedDataCache/Buckets/LegacyTEXTURE/33/20/632c4997ab9fcbb27b188712c2a237902144.udd" 7234
"C:/Users/franc/AppData/Local/UnrealEngine/Common/DerivedDataCache/Buckets/LegacyTEXTURE/5c/c7/c3acf535082b0a6ae2a8205741aebd112f2e.udd" 7235
"C:/Users/franc/AppData/Local/UnrealEngine/Common/DerivedDataCache/Buckets/LegacyTEXTURE/70/57/e6ed2eab44505a04391c60676e08ff30a1cc.udd" 7236
"C:/Users/franc/AppData/Local/UnrealEngine/Common/DerivedDataCache/Buckets/LegacyTEXTURE/02/48/85ecb873d373a1c668f335a416505345345d.udd" 7237
"C:/Users/franc/AppData/Local/UnrealEngine/Common/DerivedDataCache/Buckets/LegacyTEXTURE/49/e7/81a510b187531e319679c3524ed102f845ca.udd" 7238
"C:/Users/franc/AppData/Local/UnrealEngine/Common/DerivedDataCache/Buckets/LegacyTEXTURE/9b/91/759c3c8b16de590668fa6312a2192df4e3fe.udd" 7239
"C:/Users/franc/AppData/Local/UnrealEngine/Common/DerivedDataCache/Buckets/LegacyTEXTURE/fe/ac/d6c4f66b873426bc5677b4f44c891dfcd009.udd" 7240
"C:/Users/franc/AppData/Local/UnrealEngine/Common/DerivedDataCache/Buckets/LegacyTEXTURE/43/b8/9b390c482c4403ae416d5b91a100e8ebf866.udd" 7241
"C:/Users/franc/AppData/Local/UnrealEngine/Common/DerivedDataCache/Buckets/LegacyTEXTURE/62/16/983beb5e36ae708562cf7a29f42e7ea2a780.udd" 7242
"C:/Users/franc/AppData/Local/UnrealEngine/Common/DerivedDataCache/Buckets/LegacyTEXTURE/00/19/23d03ccb795660c0889ec8ea119816cdc91b.udd" 7243
"C:/Users/franc/AppData/Local/UnrealEngine/Common/DerivedDataCache/Buckets/LegacyTEXTURE/31/f0/a63cdd00247ba75d43ba69953b33c433bf06.udd" 7244
"C:/Users/franc/AppData/Local/UnrealEngine/Common/DerivedDataCache/Buckets/LegacyTEXTURE/7d/76/6f7a5e66e007d20acdb7ee706d40eca9e6ca.udd" 7245
"C:/Users/franc/AppData/Local/UnrealEngine/Common/DerivedDataCache/Buckets/LegacyTEXTURE/e0/b0/9eef5a8820e6bc6b40547e229ac5fee7f94a.udd" 7246
"C:/Users/franc/AppData/Local/UnrealEngine/Common/DerivedDataCache/Buckets/LegacyTEXTURE/2a/85/46298840b0ac0e4c311c77dce0dbc188c132.udd" 7247
"C:/Users/franc/AppData/Local/UnrealEngine/Common/DerivedDataCache/Buckets/LegacyTEXTURE/08/c5/951dd8fe72e4d3e9d3b8ee44d47110e9a36f.udd" 7248
"C:/Users/franc/AppData/Local/UnrealEngine/Common/DerivedDataCache/Buckets/LegacyTEXTURE/92/82/4f66841904dcfc1098278a597b4c0c849ec0.udd" 7249
"C:/Users/franc/AppData/Local/UnrealEngine/Common/DerivedDataCache/Buckets/LegacyTEXTURE/7c/83/3bc3563856aa4e5263167bae2a38fb213121.udd" 7250
"C:/Users/franc/AppData/Local/UnrealEngine/Common/DerivedDataCache/Buckets/LegacyTEXTURE/8d/5d/89094d8fb6756f378c0dafc1e9d2ca4ec324.udd" 7251
"C:/Users/franc/AppData/Local/UnrealEngine/Common/DerivedDataCache/Buckets/LegacyTEXTURE/38/f1/2cd0af33227f99a0fc8c5c5188cc203926ef.udd" 7252
"C:/Users/franc/AppData/Local/UnrealEngine/Common/DerivedDataCache/Buckets/LegacyTEXTURE/30/7a/d8a947310daf69e7d8175253a86a1032634e.udd" 7253
"C:/Users/franc/AppData/Local/UnrealEngine/Common/DerivedDataCache/Buckets/LegacyTEXTURE/10/98/49cd0967a4cdb7b685ccb3e9098da2a56c05.udd" 7254
"C:/Users/franc/AppData/Local/UnrealEngine/Common/DerivedDataCache/Buckets/LegacyTEXTURE/62/a6/c2b2acc19698a7fbb117d1de5bc5cf43a4f8.udd" 7255
"C:/Users/franc/AppData/Local/UnrealEngine/Common/DerivedDataCache/Buckets/LegacyTEXTURE/b8/86/bbaa0a60f31f44dedb29caba61390a6e2647.udd" 7256
"C:/Users/franc/AppData/Local/UnrealEngine/Common/DerivedDataCache/Buckets/LegacyTEXTURE/87/04/2a6bd00a096b90b63844b564282f24a5bfa2.udd" 7257
"C:/Users/franc/AppData/Local/UnrealEngine/Common/DerivedDataCache/Buckets/LegacyTEXTURE/de/d0/1ed32e926336c12986ce3ff07d90d838a2cc.udd" 7258
"C:/Users/franc/AppData/Local/UnrealEngine/Common/DerivedDataCache/Buckets/LegacyTEXTURE/3d/95/9a5760ff54510cc10a24f07bce03fb6d856b.udd" 7259
"C:/Users/franc/AppData/Local/UnrealEngine/Common/DerivedDataCache/Buckets/LegacyTEXTURE/84/fd/285f3302b1c220d8ff4736b01c1982ea419d.udd" 7260
"C:/Users/franc/AppData/Local/UnrealEngine/Common/DerivedDataCache/Buckets/LegacyTEXTURE/6f/56/43fa8d261ae37edb444f37156a581bd297f7.udd" 7261
"C:/Users/franc/AppData/Local/UnrealEngine/Common/DerivedDataCache/Buckets/LegacyTEXTURE/ae/05/a846e2a1e85718883850a58e9dc23301dd63.udd" 7262
"C:/Users/franc/AppData/Local/UnrealEngine/Common/DerivedDataCache/Buckets/LegacyTEXTURE/06/2a/9de6e2e86f852571d0cb0e09c750b4d5098e.udd" 7263
"C:/Users/franc/AppData/Local/UnrealEngine/Common/DerivedDataCache/Buckets/LegacyTEXTURE/61/19/16c1b0f2723d54752c8699f8dc31510df9bf.udd" 7264
"C:/Users/franc/AppData/Local/UnrealEngine/Common/DerivedDataCache/Buckets/LegacyTEXTURE/ec/b6/51804f8396f51ebdfb6664121cc96a7a679f.udd" 7265
"C:/Users/franc/AppData/Local/UnrealEngine/Common/DerivedDataCache/Buckets/LegacyTEXTURE/db/d4/0e78d9b4d783ad54f8f451102ea6776f901c.udd" 7266
"C:/Users/franc/AppData/Local/UnrealEngine/Common/DerivedDataCache/Buckets/LegacyTEXTURE/83/6c/e2c9441a1bff2f460ec9aba351cbafc189c7.udd" 7267
"C:/Users/franc/AppData/Local/UnrealEngine/Common/DerivedDataCache/Buckets/LegacyTEXTURE/ca/68/7fe5fd259330679757cf945d21ca27c32628.udd" 7268
"C:/Users/franc/AppData/Local/UnrealEngine/Common/DerivedDataCache/Buckets/LegacyTEXTURE/21/73/8b362957998e19064b13b0d58d2b6f8b7925.udd" 7269
"C:/Users/franc/AppData/Local/UnrealEngine/Common/DerivedDataCache/Buckets/LegacyTEXTURE/f7/ce/746c18a99c62b81f2e2d56ab5cd8d70f2765.udd" 7270
"C:/Users/franc/AppData/Local/UnrealEngine/Common/DerivedDataCache/Buckets/LegacyTEXTURE/78/92/420af4c53dd64558dd04cb7cab6a77c39ef4.udd" 7271
"C:/Users/franc/AppData/Local/UnrealEngine/Common/DerivedDataCache/Buckets/LegacyTEXTURE/19/4f/441ccd2dc41ec202a00bb4f08eaa2909f586.udd" 7272
"C:/Users/franc/AppData/Local/UnrealEngine/Common/DerivedDataCache/Buckets/LegacyTEXTURE/2a/cf/3e8a594e518d4f7259a9eda2f2085e1e200c.udd" 7273
"C:/Users/franc/AppData/Local/UnrealEngine/Common/DerivedDataCache/Buckets/LegacyTEXTURE/56/22/6e7528c19ce168573ed9d7e3ce4ded0832b7.udd" 7274
"C:/Users/franc/AppData/Local/UnrealEngine/Common/DerivedDataCache/Buckets/LegacyTEXTURE/7e/02/4c64fb64178e8bb76180112dc961bef1e86b.udd" 7275
"C:/Users/franc/AppData/Local/UnrealEngine/Common/DerivedDataCache/Buckets/LegacyTEXTURE/72/22/3cf86c7db2b9117f07fc765b46b06ccf95a3.udd" 7276
"C:/Users/franc/AppData/Local/UnrealEngine/Common/DerivedDataCache/Buckets/LegacyTEXTURE/3a/4a/3a3eb4f09f69cbc6472d410cbee3689415aa.udd" 7277
"E:/Unreal Projects/LeagueJourney/DerivedDataCache/VT/TEXTURE_7C16439390E24F1F9468894FB4D4BC54_VTCHUNKC0393DE8C5B4673D99D1BECB92AA8C1F72FEB491" 7278
"C:/Users/franc/AppData/Local/UnrealEngine/Common/DerivedDataCache/Buckets/LegacyTEXTURE/ee/28/0eb7a0a7dda7bce6721660bf2012b81c8876.udd" 7279
"C:/Users/franc/AppData/Local/UnrealEngine/Common/DerivedDataCache/Buckets/LegacyTEXTURE/73/ba/18959ed259bbf41969d67d7bae868a4541f7.udd" 7280
"C:/Users/franc/AppData/Local/UnrealEngine/Common/DerivedDataCache/Buckets/LegacyTEXTURE/a3/34/8d21e71b1edd8202ca0723448f5ea451b3d9.udd" 7281
"C:/Users/franc/AppData/Local/UnrealEngine/Common/DerivedDataCache/Buckets/LegacyTEXTURE/18/e6/a243449daf381c1318b3d4b1c932cbf5166d.udd" 7282
"C:/Users/franc/AppData/Local/UnrealEngine/Common/DerivedDataCache/Buckets/LegacyTEXTURE/a0/a4/e92813ec4d3e287c6204ed61d998d8f97507.udd" 7283
"C:/Users/franc/AppData/Local/UnrealEngine/Common/DerivedDataCache/Buckets/LegacyTEXTURE/23/64/1d608a07bbc4358ba1acf6726b74afa7e489.udd" 7284
"C:/Users/franc/AppData/Local/UnrealEngine/Common/DerivedDataCache/Buckets/LegacyTEXTURE/13/b9/0961539db02225a3e3a6545f9c555d9e9372.udd" 7285
"C:/Users/franc/AppData/Local/UnrealEngine/Common/DerivedDataCache/Buckets/LegacyTEXTURE/45/34/d47c1e01920aabe5d11a2299b96017ac786f.udd" 7286
"C:/Users/franc/AppData/Local/UnrealEngine/Common/DerivedDataCache/Buckets/LegacyTEXTURE/3c/b4/850b434b145f6e57e3c7c4042e9f55d058ff.udd" 7287
"C:/Users/franc/AppData/Local/UnrealEngine/Common/DerivedDataCache/Buckets/LegacyTEXTURE/e7/42/2ab159f45e09a90d5f07cd630acca90c8ab4.udd" 7288
"C:/Users/franc/AppData/Local/UnrealEngine/Common/DerivedDataCache/Buckets/LegacyTEXTURE/9f/6b/e4254ed68b04b679879ccb88f3166779d96b.udd" 7289
"C:/Users/franc/AppData/Local/UnrealEngine/Common/DerivedDataCache/Buckets/LegacyTEXTURE/c3/be/e6c09d495d2129310470787921d93b344484.udd" 7290
"C:/Users/franc/AppData/Local/UnrealEngine/Common/DerivedDataCache/Buckets/LegacyTEXTURE/71/0c/1584bc54c168b2cb0e17a329c0765fbeb50a.udd" 7291
"C:/Users/franc/AppData/Local/UnrealEngine/Common/DerivedDataCache/Buckets/LegacyTEXTURE/cd/7a/256b746623ec5144fcd7afbacb9887e23602.udd" 7292
"C:/Users/franc/AppData/Local/UnrealEngine/Common/DerivedDataCache/Buckets/LegacyTEXTURE/a1/40/85a7747f754c42ab11b258009f1727ed4223.udd" 7293
"C:/Users/franc/AppData/Local/UnrealEngine/Common/DerivedDataCache/Buckets/LegacyTEXTURE/be/33/a68e4a34edf70d8f9a437c4b1929c96f11d9.udd" 7294
"C:/Users/franc/AppData/Local/UnrealEngine/Common/DerivedDataCache/Buckets/LegacyTEXTURE/02/8c/79291dc9c3aa2fce6e1ccc1a058c9bd45e4e.udd" 7295
"C:/Users/franc/AppData/Local/UnrealEngine/Common/DerivedDataCache/Buckets/LegacyTEXTURE/d1/5a/7e941a91964dac303406def941ed923b0187.udd" 7296
"C:/Users/franc/AppData/Local/UnrealEngine/Common/DerivedDataCache/Content/2d/2f/b970674eb5e04e2b17149c373227b59fd769.udd" 7297
"C:/Users/franc/AppData/Local/UnrealEngine/Common/DerivedDataCache/Buckets/LegacyTEXTURE/e4/c8/1028479f550b9b66275fd39ca3957e5709a5.udd" 7298
"C:/Users/franc/AppData/Local/UnrealEngine/Common/DerivedDataCache/Buckets/LegacyTEXTURE/13/ae/8bb222b6529a6e3cd2fedaca2d418a1bb13c.udd" 7299
"C:/Users/franc/AppData/Local/UnrealEngine/Common/DerivedDataCache/Content/72/28/aaa6cae0fba7f46e3dc624e307695973baef.udd" 7300
"C:/Users/franc/AppData/Local/UnrealEngine/Common/DerivedDataCache/Buckets/LegacyTEXTURE/73/c5/f3a5b370e3c4e3a23c704521f4fb994f19c5.udd" 7301
"C:/Users/franc/AppData/Local/UnrealEngine/Common/DerivedDataCache/Content/34/9a/724feef9ab395ab7c3357cbf3244be3a6e47.udd" 7302
"C:/Users/franc/AppData/Local/UnrealEngine/Common/DerivedDataCache/Buckets/LegacyTEXTURE/60/99/2fb912f568b6001cced395c3ef72652455f3.udd" 7303
"C:/Users/franc/AppData/Local/UnrealEngine/Common/DerivedDataCache/Content/e4/99/18a51159770c8b60232d38d3e02005162f40.udd" 7304
"C:/Users/franc/AppData/Local/UnrealEngine/Common/DerivedDataCache/Buckets/LegacyTEXTURE/d2/a8/3778cd76dc467904bfa7b0fdea4a03c3f5ca.udd" 7305
"C:/Users/franc/AppData/Local/UnrealEngine/Common/DerivedDataCache/Buckets/LegacyTEXTURE/24/c3/6c0a94b06162602b0b7851d47ea41e897022.udd" 7306
"C:/Users/franc/AppData/Local/UnrealEngine/Common/DerivedDataCache/Buckets/LegacyTEXTURE/9b/14/4b77322e0df9ac18d27330954a0ce3600668.udd" 7307
"C:/Users/franc/AppData/Local/UnrealEngine/Common/DerivedDataCache/Buckets/LegacyTEXTURE/a0/5a/3e9311434a38e3a02ad43ba6f2e8465e8bd5.udd" 7308
"C:/Users/franc/AppData/Local/UnrealEngine/Common/DerivedDataCache/Content/a0/55/c5e93dfb050c93c623e73dfbd303a0618f4d.udd" 7309
"C:/Users/franc/AppData/Local/UnrealEngine/Common/DerivedDataCache/Buckets/LegacyTEXTURE/ce/52/8b498295443316860bef8a74a536098251c4.udd" 7310
"C:/Users/franc/AppData/Local/UnrealEngine/Common/DerivedDataCache/Buckets/LegacyTEXTURE/83/36/a5fe17840d4a039eb4b4fdd70ae9d3383ca5.udd" 7311
"C:/Users/franc/AppData/Local/UnrealEngine/Common/DerivedDataCache/Buckets/LegacyTEXTURE/94/71/f3cf7fc13a23df20c8414cb62c1ec332c754.udd" 7312
"C:/Users/franc/AppData/Local/UnrealEngine/Common/DerivedDataCache/Buckets/LegacyTEXTURE/e2/b2/b5299fe40c65245f4d11cd7de64159967979.udd" 7313
"C:/Users/franc/AppData/Local/UnrealEngine/Common/DerivedDataCache/Buckets/LegacyTEXTURE/44/27/6123c9758db28efcd826590ff640a976f15c.udd" 7314
"C:/Users/franc/AppData/Local/UnrealEngine/Common/DerivedDataCache/Buckets/LegacyTEXTURE/55/94/eea41087cafd031e1e708d22af45f0933e8b.udd" 7315
"C:/Users/franc/AppData/Local/UnrealEngine/Common/DerivedDataCache/Buckets/LegacyTEXTURE/2b/87/83c23bffd24c0013afce1bc43153b72f3f7d.udd" 7316
"C:/Users/franc/AppData/Local/UnrealEngine/Common/DerivedDataCache/Buckets/LegacyTEXTURE/f8/a9/911c184b05ccd221da33859cba534529a874.udd" 7317
"C:/Users/franc/AppData/Local/UnrealEngine/Common/DerivedDataCache/Buckets/LegacyTEXTURE/54/11/7017538c2cfc3291a0d18b974eacf719111a.udd" 7318
"C:/Users/franc/AppData/Local/UnrealEngine/Common/DerivedDataCache/Buckets/LegacyTEXTURE/06/bc/1a36e9083c23e1ed7e41f70ff744206b0db5.udd" 7319
"C:/Users/franc/AppData/Local/UnrealEngine/Common/DerivedDataCache/Buckets/LegacyTEXTURE/1d/1c/c26da9f0967c0ed851ea3b37dff2e1736929.udd" 7320
"C:/Users/franc/AppData/Local/UnrealEngine/Common/DerivedDataCache/Buckets/LegacyTEXTURE/d3/1c/f7527af3ef24046d22958264cc956da504db.udd" 7321
"C:/Users/franc/AppData/Local/UnrealEngine/Common/DerivedDataCache/Buckets/LegacyTEXTURE/1b/eb/4fe2eaf610dfe913e5fec465c49c71eaa301.udd" 7322
"C:/Users/franc/AppData/Local/UnrealEngine/Common/DerivedDataCache/Buckets/LegacyTEXTURE/0f/6d/848b4b7ff67c228421da54fdf9b7ce98b0b8.udd" 7323
"C:/Users/franc/AppData/Local/UnrealEngine/Common/DerivedDataCache/Buckets/LegacyTEXTURE/ee/8d/12b24ba5c4d36dab1e31401f698b62aa047e.udd" 7324
"C:/Users/franc/AppData/Local/UnrealEngine/Common/DerivedDataCache/Buckets/LegacyTEXTURE/80/89/7ae961cc957a0899c6afd174cc2eb47feae2.udd" 7325
"C:/Users/franc/AppData/Local/UnrealEngine/Common/DerivedDataCache/Content/15/0b/72d426e20cc59fbb3e32ea061e0e0d9fd397.udd" 7326
"C:/Users/franc/AppData/Local/UnrealEngine/Common/DerivedDataCache/Buckets/LegacyTEXTURE/7c/14/45e827545029672d92cc33354ce7fb92ca0d.udd" 7327
"C:/Users/franc/AppData/Local/UnrealEngine/Common/DerivedDataCache/Buckets/LegacyTEXTURE/80/2c/ec0c1b4b89d08f8b8b3e4f0cf954e7f96f21.udd" 7328
"C:/Users/franc/AppData/Local/UnrealEngine/Common/DerivedDataCache/Buckets/LegacyTEXTURE/ed/32/1e4a3d782d62c5374efb7afd9d49e56261c4.udd" 7329
"C:/Users/franc/AppData/Local/UnrealEngine/Common/DerivedDataCache/Buckets/LegacyTEXTURE/e5/fc/7eceabe7b0a41bf2f65ef039d88419e63b32.udd" 7330
"C:/Users/franc/AppData/Local/UnrealEngine/Common/DerivedDataCache/Buckets/LegacyTEXTURE/ec/ee/85867d0b4e39d1c01f3ebd4ec7e46c5820fd.udd" 7331
"C:/Users/franc/AppData/Local/UnrealEngine/Common/DerivedDataCache/Buckets/LegacyTEXTURE/a1/e9/f6b1c119abc43d67a185dc5cf911d3b7c182.udd" 7332
"C:/Users/franc/AppData/Local/UnrealEngine/Common/DerivedDataCache/Buckets/LegacyTEXTURE/9c/5e/9ac171690f8f21a6514370de5e22eb2fbe7c.udd" 7333
"C:/Users/franc/AppData/Local/UnrealEngine/Common/DerivedDataCache/Buckets/LegacyTEXTURE/06/3f/9afcc5353ea8e3bdc0da16b69d38abd34ad4.udd" 7334
"C:/Users/franc/AppData/Local/UnrealEngine/Common/DerivedDataCache/Buckets/LegacyTEXTURE/a1/f7/0ec5a1fedbba58b2d66d9f544d125b5dca2c.udd" 7335
"C:/Users/franc/AppData/Local/UnrealEngine/Common/DerivedDataCache/Buckets/LegacyTEXTURE/1f/e8/13a8f2d4d42508b4c222644f8ad5492f3bd5.udd" 7336
"C:/Users/franc/AppData/Local/UnrealEngine/Common/DerivedDataCache/Buckets/LegacyTEXTURE/61/5e/37352e82c420a9063abfb17c421130f19013.udd" 7337
"C:/Users/franc/AppData/Local/UnrealEngine/Common/DerivedDataCache/Buckets/LegacyTEXTURE/17/e5/63df615ac4601e3166a22ae2938fb356700d.udd" 7338
"C:/Users/franc/AppData/Local/UnrealEngine/Common/DerivedDataCache/Buckets/LegacyTEXTURE/f3/2e/90aa0c39d0bd572312a4a3ed4ebd7889dab8.udd" 7339
"C:/Users/franc/AppData/Local/UnrealEngine/Common/DerivedDataCache/Buckets/LegacyTEXTURE/63/1d/ca0e836fd9d0af0c349329172eeb4a33faaf.udd" 7340
"C:/Users/franc/AppData/Local/UnrealEngine/Common/DerivedDataCache/Buckets/LegacyTEXTURE/bf/1f/89bbe905243f84119a7b9aab13d4e02656fb.udd" 7341
"C:/Users/franc/AppData/Local/UnrealEngine/Common/DerivedDataCache/Buckets/LegacyTEXTURE/6e/4d/08000d569dc6787d10d70cbdefe1227700be.udd" 7342
"C:/Users/franc/AppData/Local/UnrealEngine/Common/DerivedDataCache/Buckets/LegacyTEXTURE/d7/47/8f89c4fa7e4a18a81974b4f185495859f41c.udd" 7343
"C:/Users/franc/AppData/Local/UnrealEngine/Common/DerivedDataCache/Buckets/LegacyTEXTURE/f9/fa/4f6c3185b332c01e71186a9455fb9fb2f24b.udd" 7344
"C:/Users/franc/AppData/Local/UnrealEngine/Common/DerivedDataCache/Buckets/LegacyTEXTURE/08/17/49cfc0ce3272b888e7bb3d6a7d455cdc1a17.udd" 7345
"C:/Users/franc/AppData/Local/UnrealEngine/Common/DerivedDataCache/Buckets/LegacyTEXTURE/10/38/022c465641627bc2b49d69f75637ef5aaa85.udd" 7346
"C:/Users/franc/AppData/Local/UnrealEngine/Common/DerivedDataCache/Buckets/LegacyTEXTURE/b3/8c/cbe3ffc46d6c1a4418321723ea7fa78fbc1a.udd" 7347
"C:/Users/franc/AppData/Local/UnrealEngine/Common/DerivedDataCache/Buckets/LegacyTEXTURE/71/3f/37098a5115352f29c7f533b09334a6b21dfd.udd" 7348
"C:/Users/franc/AppData/Local/UnrealEngine/Common/DerivedDataCache/Buckets/LegacyTEXTURE/2a/13/f44617d063b240f052aad841ec233ca1cdcf.udd" 7349
"C:/Users/franc/AppData/Local/UnrealEngine/Common/DerivedDataCache/Buckets/LegacyTEXTURE/61/24/567042a130a9b94522f59e3c06704fc19972.udd" 7350
"C:/Users/franc/AppData/Local/UnrealEngine/Common/DerivedDataCache/Buckets/LegacyTEXTURE/16/7d/968d0db00812916d0cd58a9b66e4e69e41e1.udd" 7351
"C:/Users/franc/AppData/Local/UnrealEngine/Common/DerivedDataCache/Buckets/LegacyTEXTURE/f2/ce/f0e378a1d964194837833655e0034bd60731.udd" 7352
"C:/Users/franc/AppData/Local/UnrealEngine/Common/DerivedDataCache/Buckets/LegacyTEXTURE/ac/93/5604bf2b759deb8b47b2be3a844c964704bf.udd" 7353
"C:/Users/franc/AppData/Local/UnrealEngine/Common/DerivedDataCache/Buckets/LegacyTEXTURE/4e/ac/439bedb450d13886fa6a5cfbe5db760a4c54.udd" 7354
"C:/Users/franc/AppData/Local/UnrealEngine/Common/DerivedDataCache/Buckets/LegacyTEXTURE/88/42/b7cf144dd3596fb92461f17e763d93318cc6.udd" 7355
"C:/Users/franc/AppData/Local/UnrealEngine/Common/DerivedDataCache/Buckets/LegacyTEXTURE/9f/be/83ec6c181847a6f4c03be1e8be17cdd25cfb.udd" 7356
"C:/Users/franc/AppData/Local/UnrealEngine/Common/DerivedDataCache/Buckets/LegacyTEXTURE/1b/1c/baaf6fec5baee8d64e95fa1e4093bfcf72ae.udd" 7357
"C:/Users/franc/AppData/Local/UnrealEngine/Common/DerivedDataCache/Buckets/LegacyTEXTURE/95/ff/cce7b6e8ae23fa373e37d4346261069cabf1.udd" 7358
"C:/Users/franc/AppData/Local/UnrealEngine/Common/DerivedDataCache/Buckets/LegacyTEXTURE/46/6c/473b54df1b857237235c84307c36abaac0cc.udd" 7359
"C:/Users/franc/AppData/Local/UnrealEngine/Common/DerivedDataCache/Buckets/LegacyTEXTURE/26/7e/0d32955cfad9512f991a992c33f865a80a29.udd" 7360
"C:/Users/franc/AppData/Local/UnrealEngine/Common/DerivedDataCache/Buckets/LegacyTEXTURE/a4/e5/49e42fd55197e316bdaadcd83e6bf9d17212.udd" 7361
"C:/Users/franc/AppData/Local/UnrealEngine/Common/DerivedDataCache/Buckets/LegacyTEXTURE/b2/00/c3282eb2b6a992bee53f6c1ef7f471b3e25b.udd" 7362
"C:/Users/franc/AppData/Local/UnrealEngine/Common/DerivedDataCache/Buckets/LegacyTEXTURE/e5/30/c003f0b8f0aa82adbd2c0422189a3178a9c5.udd" 7363
"C:/Users/franc/AppData/Local/UnrealEngine/Common/DerivedDataCache/Buckets/LegacyTEXTURE/bd/fe/5c1bed7f16e0416d42661985c9e1bcd0b3fe.udd" 7364
"C:/Users/franc/AppData/Local/UnrealEngine/Common/DerivedDataCache/Buckets/LegacyTEXTURE/36/ca/4c7ba443dd3db000e52e6f5ea67dcf000f3b.udd" 7365
"C:/Users/franc/AppData/Local/UnrealEngine/Common/DerivedDataCache/Buckets/LegacyTEXTURE/3c/7b/54f419aaebda073c8bb090436453e08c9bc0.udd" 7366
"C:/Users/franc/AppData/Local/UnrealEngine/Common/DerivedDataCache/Buckets/LegacyTEXTURE/29/2b/192afa9b1295411f5a721e35da0f5cfa26f2.udd" 7367
"C:/Users/franc/AppData/Local/UnrealEngine/Common/DerivedDataCache/Buckets/LegacyTEXTURE/a3/09/ce4c4dafdf1c6c73f1504269aab40374e8f2.udd" 7368
"C:/Users/franc/AppData/Local/UnrealEngine/Common/DerivedDataCache/Buckets/LegacyTEXTURE/34/86/78460fbbafe582c80b7274f75a7c9da9aad9.udd" 7369
"C:/Users/franc/AppData/Local/UnrealEngine/Common/DerivedDataCache/Buckets/LegacyTEXTURE/89/1f/6af6e99a348266ecba0debd8b80f6b64ea65.udd" 7370
"C:/Users/franc/AppData/Local/UnrealEngine/Common/DerivedDataCache/Buckets/LegacyTEXTURE/0e/e5/60bd9bbb4dd6efd587bd4be41a419bc5c9b4.udd" 7371
"C:/Users/franc/AppData/Local/UnrealEngine/Common/DerivedDataCache/Buckets/LegacyTEXTURE/ac/0b/6d5a4891de72c1db0ba841593674c4717a1e.udd" 7372
"C:/Users/franc/AppData/Local/UnrealEngine/Common/DerivedDataCache/Buckets/LegacyTEXTURE/89/1d/8462e51c077f413a7cf87f3c023eae406c5c.udd" 7373
"C:/Users/franc/AppData/Local/UnrealEngine/Common/DerivedDataCache/Buckets/LegacyTEXTURE/3f/e4/54ea3b1bf9f7f4456d9e7d20eda141638ec1.udd" 7374
"C:/Users/franc/AppData/Local/UnrealEngine/Common/DerivedDataCache/Content/73/80/03c61f2d5c5f93aa097bc07fc23043f9cdc7.udd" 7375
"C:/Users/franc/AppData/Local/UnrealEngine/Common/DerivedDataCache/Buckets/LegacyTEXTURE/0f/ff/88427ea7c21a4a356ab4a24ca8844ea61fc3.udd" 7376
"C:/Users/franc/AppData/Local/UnrealEngine/Common/DerivedDataCache/Buckets/LegacyTEXTURE/63/9d/97af93393f480ee573096d5c1db93068f03e.udd" 7377
"C:/Users/franc/AppData/Local/UnrealEngine/Common/DerivedDataCache/Buckets/LegacyTEXTURE/bd/9c/fb0df4cc399846f8cb60d9f51bcc412a86ff.udd" 7378
"C:/Users/franc/AppData/Local/UnrealEngine/Common/DerivedDataCache/Buckets/LegacyTEXTURE/c4/7e/9dc5e88a9c39549c737202f838f0d4803408.udd" 7379
"C:/Users/franc/AppData/Local/UnrealEngine/Common/DerivedDataCache/Buckets/LegacyTEXTURE/81/06/b96c79c719150144beffe5812319a2007cc8.udd" 7380
"C:/Users/franc/AppData/Local/UnrealEngine/Common/DerivedDataCache/Content/5a/78/150d9669e493154304b9093c5af4b0ea9d46.udd" 7381
"C:/Users/franc/AppData/Local/UnrealEngine/Common/DerivedDataCache/Buckets/LegacyTEXTURE/a9/89/baa2bc7b96cbd15330fe0eef2b891c4a0960.udd" 7382
"C:/Users/franc/AppData/Local/UnrealEngine/Common/DerivedDataCache/Buckets/LegacyTEXTURE/66/8b/c2de31ed7a86109b768e0192c93fb5d4a339.udd" 7383
"C:/Users/franc/AppData/Local/UnrealEngine/Common/DerivedDataCache/Buckets/LegacyTEXTURE/1e/50/b4ffbc0065ea39cdd5bdc52a1a155985df01.udd" 7384
"C:/Users/franc/AppData/Local/UnrealEngine/Common/DerivedDataCache/Buckets/LegacyTEXTURE/82/ee/c8abdecd3ab6b2b85e1cd3f2b616baf1c1b0.udd" 7385
"C:/Users/franc/AppData/Local/UnrealEngine/Common/DerivedDataCache/Buckets/LegacyTEXTURE/17/25/48a61acb35fcb47a9de56127a802a1bd2103.udd" 7386
"C:/Users/franc/AppData/Local/UnrealEngine/Common/DerivedDataCache/Buckets/LegacyTEXTURE/fa/66/f3abe627f2d667782f94a6696f5366ed19e3.udd" 7387
"C:/Users/franc/AppData/Local/UnrealEngine/Common/DerivedDataCache/Buckets/LegacyTEXTURE/37/d9/bef304f061761845106a70078da43bd38759.udd" 7388
"C:/Users/franc/AppData/Local/UnrealEngine/Common/DerivedDataCache/Buckets/LegacyTEXTURE/e2/4f/3d5a4d2a3960ed70bf7951fadd7c7507f024.udd" 7389
"C:/Users/franc/AppData/Local/UnrealEngine/Common/DerivedDataCache/Buckets/LegacyTEXTURE/64/39/c6a1aba19e91bec25c9aa5ac1b2476fdb561.udd" 7390
"C:/Users/franc/AppData/Local/UnrealEngine/Common/DerivedDataCache/Buckets/LegacyTEXTURE/bd/88/eee8cfd27470814a74548de8541ac7756ec5.udd" 7391
"C:/Users/franc/AppData/Local/UnrealEngine/Common/DerivedDataCache/Buckets/LegacyTEXTURE/52/cb/fa1b6e3a112a9d1f6a56fffc2a9365beb58d.udd" 7392
"C:/Users/franc/AppData/Local/UnrealEngine/Common/DerivedDataCache/Buckets/LegacyTEXTURE/33/f8/682323ee126654f09c4a456552788264b26c.udd" 7393
"C:/Users/franc/AppData/Local/UnrealEngine/Common/DerivedDataCache/Content/82/7f/142565d0e3fa9dfb289deacb151e1d4e85f5.udd" 7394
"C:/Users/franc/AppData/Local/UnrealEngine/Common/DerivedDataCache/Buckets/LegacyTEXTURE/d4/92/9db4f281d9ad7e66cfa3ae89b59f64a18e69.udd" 7395
"C:/Users/franc/AppData/Local/UnrealEngine/Common/DerivedDataCache/Buckets/LegacyTEXTURE/a2/d5/2cc6c42894530a93d372618ec947e3a6ef2e.udd" 7396
"C:/Users/franc/AppData/Local/UnrealEngine/Common/DerivedDataCache/Buckets/LegacyTEXTURE/f5/12/3ae09ba56bae5a4a6c0551995482f79f6941.udd" 7397
"C:/Users/franc/AppData/Local/UnrealEngine/Common/DerivedDataCache/Buckets/LegacyTEXTURE/7c/9d/fc22fdd87bbd1e19396c152f5a9c30db74b3.udd" 7398
"C:/Users/franc/AppData/Local/UnrealEngine/Common/DerivedDataCache/Buckets/LegacyTEXTURE/4b/a5/892fd4f1e00c0e872b0f7fd2c66664cad8bb.udd" 7399
"C:/Users/franc/AppData/Local/UnrealEngine/Common/DerivedDataCache/Buckets/LegacyTEXTURE/fc/6f/e55bdbe699684e1761001ba99566a2642b3e.udd" 7400
"C:/Users/franc/AppData/Local/UnrealEngine/Common/DerivedDataCache/Content/7d/08/a4e206843688fa72ee099680b75f00eae982.udd" 7401
"C:/Users/franc/AppData/Local/UnrealEngine/Common/DerivedDataCache/Buckets/LegacyTEXTURE/5f/13/f4e88b404cd378cf8595425966549a5258a8.udd" 7402
"C:/Users/franc/AppData/Local/UnrealEngine/Common/DerivedDataCache/Buckets/LegacyTEXTURE/7f/45/31483866d931d1e91981295c10d2a75d7f52.udd" 7403
"C:/Users/franc/AppData/Local/UnrealEngine/Common/DerivedDataCache/Buckets/LegacyTEXTURE/a1/77/3656d52b4ec299ffeb0887d33c31416a1060.udd" 7404
"C:/Users/franc/AppData/Local/UnrealEngine/Common/DerivedDataCache/Buckets/LegacyTEXTURE/fc/1e/607f184bc716f0af9c133f016ed87fd0f6bd.udd" 7405
"C:/Users/franc/AppData/Local/UnrealEngine/Common/DerivedDataCache/Buckets/LegacyTEXTURE/11/4b/39e3715323b77bf70e636758e3618b3b83dd.udd" 7406
"C:/Users/franc/AppData/Local/UnrealEngine/Common/DerivedDataCache/Buckets/LegacyTEXTURE/06/1c/295613db442e5d1a810e6f2844f9a8c742dd.udd" 7407
"C:/Users/franc/AppData/Local/UnrealEngine/Common/DerivedDataCache/Buckets/LegacyTEXTURE/d7/a4/432a07b1b09f0a8ac122a30875d5dcc6c773.udd" 7408
"C:/Users/franc/AppData/Local/UnrealEngine/Common/DerivedDataCache/Buckets/LegacyTEXTURE/4e/bd/95311f36297de6ecba7c04f95beaa2be7434.udd" 7409
"C:/Users/franc/AppData/Local/UnrealEngine/Common/DerivedDataCache/Buckets/LegacyTEXTURE/89/f9/afcd2f4510810df60696e60ca409259dde83.udd" 7410
"C:/Users/franc/AppData/Local/UnrealEngine/Common/DerivedDataCache/Buckets/LegacyTEXTURE/09/c2/3c8f7442196693cdd4c9b71b44fc765758f2.udd" 7411
"C:/Users/franc/AppData/Local/UnrealEngine/Common/DerivedDataCache/Buckets/LegacyTEXTURE/6b/dc/17e1f2c5ddb0ea3c9394414ea3084a47c506.udd" 7412
"C:/Users/franc/AppData/Local/UnrealEngine/Common/DerivedDataCache/Buckets/LegacyTEXTURE/df/1d/1015e5cb99c86104d03d2e3d683376b8d9f4.udd" 7413
"C:/Users/franc/AppData/Local/UnrealEngine/Common/DerivedDataCache/Buckets/LegacyTEXTURE/d8/71/a35f7ca3dafa543d44c25f092956c6f93c2a.udd" 7414
"C:/Users/franc/AppData/Local/UnrealEngine/Common/DerivedDataCache/Buckets/LegacyTEXTURE/18/7b/44b0a26b509eaf36059d50025ad0b2d5aa66.udd" 7415
"C:/Users/franc/AppData/Local/UnrealEngine/Common/DerivedDataCache/Content/ca/f4/18a3f0ab20ed72ffc54703531187ab380c69.udd" 7416
"C:/Users/franc/AppData/Local/UnrealEngine/Common/DerivedDataCache/Buckets/LegacyTEXTURE/39/80/e81eb6f00a5f89c25f20513658c6b28fd19b.udd" 7417
"C:/Users/franc/AppData/Local/UnrealEngine/Common/DerivedDataCache/Buckets/LegacyTEXTURE/01/0c/e911d5149d5b6d4317b115a20cf4b569fbf3.udd" 7418
"C:/Users/franc/AppData/Local/UnrealEngine/Common/DerivedDataCache/Buckets/LegacyTEXTURE/9d/e8/9b3fde3abcbc321a20e57e3b71322e4e2c38.udd" 7419
"C:/Users/franc/AppData/Local/UnrealEngine/Common/DerivedDataCache/Buckets/LegacyTEXTURE/ca/68/9a1d8be8446cc4cbd2a3aac81508ffb6eb3c.udd" 7420
"C:/Users/franc/AppData/Local/UnrealEngine/Common/DerivedDataCache/Buckets/LegacyTEXTURE/f8/ee/646a025cc2134e68e6a437e69dac23c664b1.udd" 7421
"C:/Users/franc/AppData/Local/UnrealEngine/Common/DerivedDataCache/Buckets/LegacyTEXTURE/7c/52/f34c2466bf67ad1a33ea4b623e503d9dc7aa.udd" 7422
"C:/Users/franc/AppData/Local/UnrealEngine/Common/DerivedDataCache/Buckets/LegacyTEXTURE/24/dc/c3eea1e686a536d0934de9f9854a9a0402e7.udd" 7423
"C:/Users/franc/AppData/Local/UnrealEngine/Common/DerivedDataCache/Buckets/LegacyTEXTURE/8e/4b/3bd9b2d077d2c731cdbb791bbbe145dfe8e3.udd" 7424
"C:/Users/franc/AppData/Local/UnrealEngine/Common/DerivedDataCache/Buckets/LegacyTEXTURE/52/78/694cccc7c25824c749745228b90cf0261f75.udd" 7425
"C:/Users/franc/AppData/Local/UnrealEngine/Common/DerivedDataCache/Buckets/LegacyTEXTURE/b7/ae/98848089c0146eea25a5e5295df2356b455f.udd" 7426
"C:/Users/franc/AppData/Local/UnrealEngine/Common/DerivedDataCache/Buckets/LegacyTEXTURE/08/8b/eb8097d2d1a7c6a54fe410a3dcb3fbac89be.udd" 7427
"C:/Users/franc/AppData/Local/UnrealEngine/Common/DerivedDataCache/Buckets/LegacyTEXTURE/ba/05/7fd246e9f889fc84520f43e754525ab751b1.udd" 7428
"C:/Users/franc/AppData/Local/UnrealEngine/Common/DerivedDataCache/Buckets/LegacyTEXTURE/1e/89/455bccaa6862bb24932ad0064f30a289c6aa.udd" 7429
"C:/Users/franc/AppData/Local/UnrealEngine/Common/DerivedDataCache/Buckets/LegacyTEXTURE/6c/77/dcee68536e1aaf886d866139132da651d738.udd" 7430
"C:/Users/franc/AppData/Local/UnrealEngine/Common/DerivedDataCache/Buckets/LegacyTEXTURE/52/10/85f8ec8b1fdaa3f2532f7413bfd6a5f3d29b.udd" 7431
"C:/Users/franc/AppData/Local/UnrealEngine/Common/DerivedDataCache/Buckets/LegacyTEXTURE/ef/75/ebd65b272bdec69b27a13f59f88905520746.udd" 7432
"C:/Users/franc/AppData/Local/UnrealEngine/Common/DerivedDataCache/Buckets/LegacyTEXTURE/91/2f/fb82b1935e74a8254e78eedebf449264479a.udd" 7433
"C:/Users/franc/AppData/Local/UnrealEngine/Common/DerivedDataCache/Buckets/LegacyTEXTURE/c6/8b/d065e937a472dd44ded34de095fdee3a6082.udd" 7434
"C:/Users/franc/AppData/Local/UnrealEngine/Common/DerivedDataCache/Buckets/LegacyTEXTURE/78/3e/0f0284829aa36f588c53ae01e43269e84fcd.udd" 7435
"C:/Users/franc/AppData/Local/UnrealEngine/Common/DerivedDataCache/Buckets/LegacyTEXTURE/dd/cf/cdb0d456172033aaae748c476f5d78871a98.udd" 7436
"C:/Users/franc/AppData/Local/UnrealEngine/Common/DerivedDataCache/Buckets/LegacyTEXTURE/06/e7/97df23854d647195ff6dd0634e30f5687fd7.udd" 7437
